[2025-07-06T00:06:15.690+0000] {processor.py:186} INFO - Started process (PID=804) to work on /opt/airflow/dags/driven_data_pipeline.py
[2025-07-06T00:06:15.704+0000] {processor.py:914} INFO - Processing file /opt/airflow/dags/driven_data_pipeline.py for tasks to queue
[2025-07-06T00:06:15.726+0000] {logging_mixin.py:190} INFO - [2025-07-06T00:06:15.724+0000] {dagbag.py:588} INFO - Filling up the DagBag from /opt/airflow/dags/driven_data_pipeline.py
[2025-07-06T00:06:17.146+0000] {processor.py:925} INFO - DAG(s) 'extract_raw_data_pipeline' retrieved from /opt/airflow/dags/driven_data_pipeline.py
[2025-07-06T00:06:17.401+0000] {logging_mixin.py:190} INFO - [2025-07-06T00:06:17.401+0000] {dag.py:3239} INFO - Sync 1 DAGs
[2025-07-06T00:06:17.586+0000] {logging_mixin.py:190} INFO - [2025-07-06T00:06:17.585+0000] {dag.py:4180} INFO - Setting next_dagrun for extract_raw_data_pipeline to 2025-07-05 07:59:00+00:00, run_after=2025-07-06 07:00:00+00:00
[2025-07-06T00:06:17.740+0000] {processor.py:208} INFO - Processing /opt/airflow/dags/driven_data_pipeline.py took 2.103 seconds
[2025-07-06T00:06:54.504+0000] {processor.py:186} INFO - Started process (PID=812) to work on /opt/airflow/dags/driven_data_pipeline.py
[2025-07-06T00:06:54.507+0000] {processor.py:914} INFO - Processing file /opt/airflow/dags/driven_data_pipeline.py for tasks to queue
[2025-07-06T00:06:54.511+0000] {logging_mixin.py:190} INFO - [2025-07-06T00:06:54.511+0000] {dagbag.py:588} INFO - Filling up the DagBag from /opt/airflow/dags/driven_data_pipeline.py
[2025-07-06T00:06:54.407+0000] {processor.py:925} INFO - DAG(s) 'extract_raw_data_pipeline' retrieved from /opt/airflow/dags/driven_data_pipeline.py
[2025-07-06T00:06:54.469+0000] {logging_mixin.py:190} INFO - [2025-07-06T00:06:54.469+0000] {dag.py:3239} INFO - Sync 1 DAGs
[2025-07-06T00:06:54.514+0000] {logging_mixin.py:190} INFO - [2025-07-06T00:06:54.514+0000] {dag.py:4180} INFO - Setting next_dagrun for extract_raw_data_pipeline to 2025-07-05 07:59:00+00:00, run_after=2025-07-06 07:00:00+00:00
[2025-07-06T00:06:57.037+0000] {processor.py:208} INFO - Processing /opt/airflow/dags/driven_data_pipeline.py took 5.718 seconds
[2025-07-06T00:07:28.117+0000] {processor.py:186} INFO - Started process (PID=820) to work on /opt/airflow/dags/driven_data_pipeline.py
[2025-07-06T00:07:28.118+0000] {processor.py:914} INFO - Processing file /opt/airflow/dags/driven_data_pipeline.py for tasks to queue
[2025-07-06T00:07:33.343+0000] {logging_mixin.py:190} INFO - [2025-07-06T00:07:33.340+0000] {dagbag.py:588} INFO - Filling up the DagBag from /opt/airflow/dags/driven_data_pipeline.py
[2025-07-06T00:07:33.788+0000] {processor.py:925} INFO - DAG(s) 'extract_raw_data_pipeline' retrieved from /opt/airflow/dags/driven_data_pipeline.py
[2025-07-06T00:07:34.120+0000] {logging_mixin.py:190} INFO - [2025-07-06T00:07:34.120+0000] {dag.py:3239} INFO - Sync 1 DAGs
[2025-07-06T00:07:34.162+0000] {logging_mixin.py:190} INFO - [2025-07-06T00:07:34.162+0000] {dag.py:4180} INFO - Setting next_dagrun for extract_raw_data_pipeline to 2025-07-05 07:59:00+00:00, run_after=2025-07-06 07:00:00+00:00
[2025-07-06T00:07:35.121+0000] {processor.py:208} INFO - Processing /opt/airflow/dags/driven_data_pipeline.py took 7.013 seconds
[2025-07-06T00:08:05.234+0000] {processor.py:186} INFO - Started process (PID=829) to work on /opt/airflow/dags/driven_data_pipeline.py
[2025-07-06T00:08:05.236+0000] {processor.py:914} INFO - Processing file /opt/airflow/dags/driven_data_pipeline.py for tasks to queue
[2025-07-06T00:08:05.240+0000] {logging_mixin.py:190} INFO - [2025-07-06T00:08:05.240+0000] {dagbag.py:588} INFO - Filling up the DagBag from /opt/airflow/dags/driven_data_pipeline.py
[2025-07-06T00:08:05.482+0000] {processor.py:925} INFO - DAG(s) 'extract_raw_data_pipeline' retrieved from /opt/airflow/dags/driven_data_pipeline.py
[2025-07-06T00:08:05.514+0000] {logging_mixin.py:190} INFO - [2025-07-06T00:08:05.514+0000] {dag.py:3239} INFO - Sync 1 DAGs
[2025-07-06T00:08:05.546+0000] {logging_mixin.py:190} INFO - [2025-07-06T00:08:05.546+0000] {dag.py:4180} INFO - Setting next_dagrun for extract_raw_data_pipeline to 2025-07-05 07:59:00+00:00, run_after=2025-07-06 07:00:00+00:00
[2025-07-06T00:08:05.570+0000] {processor.py:208} INFO - Processing /opt/airflow/dags/driven_data_pipeline.py took 0.345 seconds
[2025-07-06T00:08:35.960+0000] {processor.py:186} INFO - Started process (PID=844) to work on /opt/airflow/dags/driven_data_pipeline.py
[2025-07-06T00:08:35.962+0000] {processor.py:914} INFO - Processing file /opt/airflow/dags/driven_data_pipeline.py for tasks to queue
[2025-07-06T00:08:35.966+0000] {logging_mixin.py:190} INFO - [2025-07-06T00:08:35.965+0000] {dagbag.py:588} INFO - Filling up the DagBag from /opt/airflow/dags/driven_data_pipeline.py
[2025-07-06T00:08:36.212+0000] {processor.py:925} INFO - DAG(s) 'extract_raw_data_pipeline' retrieved from /opt/airflow/dags/driven_data_pipeline.py
[2025-07-06T00:08:36.249+0000] {logging_mixin.py:190} INFO - [2025-07-06T00:08:36.249+0000] {dag.py:3239} INFO - Sync 1 DAGs
[2025-07-06T00:08:36.282+0000] {logging_mixin.py:190} INFO - [2025-07-06T00:08:36.282+0000] {dag.py:4180} INFO - Setting next_dagrun for extract_raw_data_pipeline to 2025-07-05 07:59:00+00:00, run_after=2025-07-06 07:00:00+00:00
[2025-07-06T00:08:36.310+0000] {processor.py:208} INFO - Processing /opt/airflow/dags/driven_data_pipeline.py took 0.359 seconds
[2025-07-06T00:09:06.987+0000] {processor.py:186} INFO - Started process (PID=853) to work on /opt/airflow/dags/driven_data_pipeline.py
[2025-07-06T00:09:06.988+0000] {processor.py:914} INFO - Processing file /opt/airflow/dags/driven_data_pipeline.py for tasks to queue
[2025-07-06T00:09:06.992+0000] {logging_mixin.py:190} INFO - [2025-07-06T00:09:06.991+0000] {dagbag.py:588} INFO - Filling up the DagBag from /opt/airflow/dags/driven_data_pipeline.py
[2025-07-06T00:09:07.224+0000] {processor.py:925} INFO - DAG(s) 'extract_raw_data_pipeline' retrieved from /opt/airflow/dags/driven_data_pipeline.py
[2025-07-06T00:09:07.256+0000] {logging_mixin.py:190} INFO - [2025-07-06T00:09:07.255+0000] {dag.py:3239} INFO - Sync 1 DAGs
[2025-07-06T00:09:07.288+0000] {logging_mixin.py:190} INFO - [2025-07-06T00:09:07.288+0000] {dag.py:4180} INFO - Setting next_dagrun for extract_raw_data_pipeline to 2025-07-05 07:59:00+00:00, run_after=2025-07-06 07:00:00+00:00
[2025-07-06T00:09:07.315+0000] {processor.py:208} INFO - Processing /opt/airflow/dags/driven_data_pipeline.py took 0.337 seconds
[2025-07-06T00:09:38.260+0000] {processor.py:186} INFO - Started process (PID=861) to work on /opt/airflow/dags/driven_data_pipeline.py
[2025-07-06T00:09:38.261+0000] {processor.py:914} INFO - Processing file /opt/airflow/dags/driven_data_pipeline.py for tasks to queue
[2025-07-06T00:09:38.265+0000] {logging_mixin.py:190} INFO - [2025-07-06T00:09:38.265+0000] {dagbag.py:588} INFO - Filling up the DagBag from /opt/airflow/dags/driven_data_pipeline.py
[2025-07-06T00:09:38.500+0000] {processor.py:925} INFO - DAG(s) 'extract_raw_data_pipeline' retrieved from /opt/airflow/dags/driven_data_pipeline.py
[2025-07-06T00:09:39.945+0000] {logging_mixin.py:190} INFO - [2025-07-06T00:09:39.945+0000] {dag.py:3239} INFO - Sync 1 DAGs
[2025-07-06T00:09:39.975+0000] {logging_mixin.py:190} INFO - [2025-07-06T00:09:39.974+0000] {dag.py:4180} INFO - Setting next_dagrun for extract_raw_data_pipeline to 2025-07-05 07:59:00+00:00, run_after=2025-07-06 07:00:00+00:00
[2025-07-06T00:09:39.996+0000] {processor.py:208} INFO - Processing /opt/airflow/dags/driven_data_pipeline.py took 0.340 seconds
[2025-07-06T00:10:10.494+0000] {processor.py:186} INFO - Started process (PID=869) to work on /opt/airflow/dags/driven_data_pipeline.py
[2025-07-06T00:10:10.496+0000] {processor.py:914} INFO - Processing file /opt/airflow/dags/driven_data_pipeline.py for tasks to queue
[2025-07-06T00:10:10.500+0000] {logging_mixin.py:190} INFO - [2025-07-06T00:10:10.499+0000] {dagbag.py:588} INFO - Filling up the DagBag from /opt/airflow/dags/driven_data_pipeline.py
[2025-07-06T00:10:10.754+0000] {processor.py:925} INFO - DAG(s) 'extract_raw_data_pipeline' retrieved from /opt/airflow/dags/driven_data_pipeline.py
[2025-07-06T00:10:10.787+0000] {logging_mixin.py:190} INFO - [2025-07-06T00:10:10.787+0000] {dag.py:3239} INFO - Sync 1 DAGs
[2025-07-06T00:10:10.816+0000] {logging_mixin.py:190} INFO - [2025-07-06T00:10:10.816+0000] {dag.py:4180} INFO - Setting next_dagrun for extract_raw_data_pipeline to 2025-07-05 07:59:00+00:00, run_after=2025-07-06 07:00:00+00:00
[2025-07-06T00:10:10.841+0000] {processor.py:208} INFO - Processing /opt/airflow/dags/driven_data_pipeline.py took 0.355 seconds
[2025-07-06T00:10:41.776+0000] {processor.py:186} INFO - Started process (PID=877) to work on /opt/airflow/dags/driven_data_pipeline.py
[2025-07-06T00:10:41.778+0000] {processor.py:914} INFO - Processing file /opt/airflow/dags/driven_data_pipeline.py for tasks to queue
[2025-07-06T00:10:41.782+0000] {logging_mixin.py:190} INFO - [2025-07-06T00:10:41.781+0000] {dagbag.py:588} INFO - Filling up the DagBag from /opt/airflow/dags/driven_data_pipeline.py
[2025-07-06T00:10:42.063+0000] {processor.py:925} INFO - DAG(s) 'extract_raw_data_pipeline' retrieved from /opt/airflow/dags/driven_data_pipeline.py
[2025-07-06T00:10:42.109+0000] {logging_mixin.py:190} INFO - [2025-07-06T00:10:42.109+0000] {dag.py:3239} INFO - Sync 1 DAGs
[2025-07-06T00:10:42.147+0000] {logging_mixin.py:190} INFO - [2025-07-06T00:10:42.147+0000] {dag.py:4180} INFO - Setting next_dagrun for extract_raw_data_pipeline to 2025-07-05 07:59:00+00:00, run_after=2025-07-06 07:00:00+00:00
[2025-07-06T00:10:42.180+0000] {processor.py:208} INFO - Processing /opt/airflow/dags/driven_data_pipeline.py took 0.412 seconds
[2025-07-06T00:11:12.689+0000] {processor.py:186} INFO - Started process (PID=885) to work on /opt/airflow/dags/driven_data_pipeline.py
[2025-07-06T00:11:12.691+0000] {processor.py:914} INFO - Processing file /opt/airflow/dags/driven_data_pipeline.py for tasks to queue
[2025-07-06T00:11:12.695+0000] {logging_mixin.py:190} INFO - [2025-07-06T00:11:12.695+0000] {dagbag.py:588} INFO - Filling up the DagBag from /opt/airflow/dags/driven_data_pipeline.py
[2025-07-06T00:11:12.926+0000] {processor.py:925} INFO - DAG(s) 'extract_raw_data_pipeline' retrieved from /opt/airflow/dags/driven_data_pipeline.py
[2025-07-06T00:11:12.963+0000] {logging_mixin.py:190} INFO - [2025-07-06T00:11:12.962+0000] {dag.py:3239} INFO - Sync 1 DAGs
[2025-07-06T00:11:12.995+0000] {logging_mixin.py:190} INFO - [2025-07-06T00:11:12.995+0000] {dag.py:4180} INFO - Setting next_dagrun for extract_raw_data_pipeline to 2025-07-05 07:59:00+00:00, run_after=2025-07-06 07:00:00+00:00
[2025-07-06T00:11:13.024+0000] {processor.py:208} INFO - Processing /opt/airflow/dags/driven_data_pipeline.py took 0.344 seconds
[2025-07-06T00:11:43.682+0000] {processor.py:186} INFO - Started process (PID=900) to work on /opt/airflow/dags/driven_data_pipeline.py
[2025-07-06T00:11:43.683+0000] {processor.py:914} INFO - Processing file /opt/airflow/dags/driven_data_pipeline.py for tasks to queue
[2025-07-06T00:11:43.687+0000] {logging_mixin.py:190} INFO - [2025-07-06T00:11:43.686+0000] {dagbag.py:588} INFO - Filling up the DagBag from /opt/airflow/dags/driven_data_pipeline.py
[2025-07-06T00:11:43.923+0000] {processor.py:925} INFO - DAG(s) 'extract_raw_data_pipeline' retrieved from /opt/airflow/dags/driven_data_pipeline.py
[2025-07-06T00:11:43.963+0000] {logging_mixin.py:190} INFO - [2025-07-06T00:11:43.963+0000] {dag.py:3239} INFO - Sync 1 DAGs
[2025-07-06T00:11:43.998+0000] {logging_mixin.py:190} INFO - [2025-07-06T00:11:43.997+0000] {dag.py:4180} INFO - Setting next_dagrun for extract_raw_data_pipeline to 2025-07-05 07:59:00+00:00, run_after=2025-07-06 07:00:00+00:00
[2025-07-06T00:11:44.022+0000] {processor.py:208} INFO - Processing /opt/airflow/dags/driven_data_pipeline.py took 0.349 seconds
[2025-07-06T00:12:15.076+0000] {processor.py:186} INFO - Started process (PID=908) to work on /opt/airflow/dags/driven_data_pipeline.py
[2025-07-06T00:12:15.077+0000] {processor.py:914} INFO - Processing file /opt/airflow/dags/driven_data_pipeline.py for tasks to queue
[2025-07-06T00:12:15.081+0000] {logging_mixin.py:190} INFO - [2025-07-06T00:12:15.080+0000] {dagbag.py:588} INFO - Filling up the DagBag from /opt/airflow/dags/driven_data_pipeline.py
[2025-07-06T00:12:15.296+0000] {processor.py:925} INFO - DAG(s) 'extract_raw_data_pipeline' retrieved from /opt/airflow/dags/driven_data_pipeline.py
[2025-07-06T00:12:15.326+0000] {logging_mixin.py:190} INFO - [2025-07-06T00:12:15.326+0000] {dag.py:3239} INFO - Sync 1 DAGs
[2025-07-06T00:12:15.356+0000] {logging_mixin.py:190} INFO - [2025-07-06T00:12:15.356+0000] {dag.py:4180} INFO - Setting next_dagrun for extract_raw_data_pipeline to 2025-07-05 07:59:00+00:00, run_after=2025-07-06 07:00:00+00:00
[2025-07-06T00:12:15.384+0000] {processor.py:208} INFO - Processing /opt/airflow/dags/driven_data_pipeline.py took 0.316 seconds
[2025-07-06T00:12:46.119+0000] {processor.py:186} INFO - Started process (PID=916) to work on /opt/airflow/dags/driven_data_pipeline.py
[2025-07-06T00:12:46.120+0000] {processor.py:914} INFO - Processing file /opt/airflow/dags/driven_data_pipeline.py for tasks to queue
[2025-07-06T00:12:46.125+0000] {logging_mixin.py:190} INFO - [2025-07-06T00:12:46.124+0000] {dagbag.py:588} INFO - Filling up the DagBag from /opt/airflow/dags/driven_data_pipeline.py
[2025-07-06T00:12:46.348+0000] {processor.py:925} INFO - DAG(s) 'extract_raw_data_pipeline' retrieved from /opt/airflow/dags/driven_data_pipeline.py
[2025-07-06T00:12:46.380+0000] {logging_mixin.py:190} INFO - [2025-07-06T00:12:46.379+0000] {dag.py:3239} INFO - Sync 1 DAGs
[2025-07-06T00:12:46.410+0000] {logging_mixin.py:190} INFO - [2025-07-06T00:12:46.410+0000] {dag.py:4180} INFO - Setting next_dagrun for extract_raw_data_pipeline to 2025-07-05 07:59:00+00:00, run_after=2025-07-06 07:00:00+00:00
[2025-07-06T00:12:46.438+0000] {processor.py:208} INFO - Processing /opt/airflow/dags/driven_data_pipeline.py took 0.329 seconds
[2025-07-06T00:13:16.593+0000] {processor.py:186} INFO - Started process (PID=924) to work on /opt/airflow/dags/driven_data_pipeline.py
[2025-07-06T00:13:16.595+0000] {processor.py:914} INFO - Processing file /opt/airflow/dags/driven_data_pipeline.py for tasks to queue
[2025-07-06T00:13:16.598+0000] {logging_mixin.py:190} INFO - [2025-07-06T00:13:16.598+0000] {dagbag.py:588} INFO - Filling up the DagBag from /opt/airflow/dags/driven_data_pipeline.py
[2025-07-06T00:13:16.812+0000] {processor.py:925} INFO - DAG(s) 'extract_raw_data_pipeline' retrieved from /opt/airflow/dags/driven_data_pipeline.py
[2025-07-06T00:13:16.847+0000] {logging_mixin.py:190} INFO - [2025-07-06T00:13:16.847+0000] {dag.py:3239} INFO - Sync 1 DAGs
[2025-07-06T00:13:16.880+0000] {logging_mixin.py:190} INFO - [2025-07-06T00:13:16.879+0000] {dag.py:4180} INFO - Setting next_dagrun for extract_raw_data_pipeline to 2025-07-05 07:59:00+00:00, run_after=2025-07-06 07:00:00+00:00
[2025-07-06T00:13:16.909+0000] {processor.py:208} INFO - Processing /opt/airflow/dags/driven_data_pipeline.py took 0.325 seconds
[2025-07-06T00:13:47.017+0000] {processor.py:186} INFO - Started process (PID=932) to work on /opt/airflow/dags/driven_data_pipeline.py
[2025-07-06T00:13:47.019+0000] {processor.py:914} INFO - Processing file /opt/airflow/dags/driven_data_pipeline.py for tasks to queue
[2025-07-06T00:13:47.023+0000] {logging_mixin.py:190} INFO - [2025-07-06T00:13:47.022+0000] {dagbag.py:588} INFO - Filling up the DagBag from /opt/airflow/dags/driven_data_pipeline.py
[2025-07-06T00:13:47.265+0000] {processor.py:925} INFO - DAG(s) 'extract_raw_data_pipeline' retrieved from /opt/airflow/dags/driven_data_pipeline.py
[2025-07-06T00:13:47.303+0000] {logging_mixin.py:190} INFO - [2025-07-06T00:13:47.303+0000] {dag.py:3239} INFO - Sync 1 DAGs
[2025-07-06T00:13:47.337+0000] {logging_mixin.py:190} INFO - [2025-07-06T00:13:47.337+0000] {dag.py:4180} INFO - Setting next_dagrun for extract_raw_data_pipeline to 2025-07-05 07:59:00+00:00, run_after=2025-07-06 07:00:00+00:00
[2025-07-06T00:13:47.374+0000] {processor.py:208} INFO - Processing /opt/airflow/dags/driven_data_pipeline.py took 0.367 seconds
[2025-07-06T00:14:18.028+0000] {processor.py:186} INFO - Started process (PID=940) to work on /opt/airflow/dags/driven_data_pipeline.py
[2025-07-06T00:14:18.029+0000] {processor.py:914} INFO - Processing file /opt/airflow/dags/driven_data_pipeline.py for tasks to queue
[2025-07-06T00:14:18.033+0000] {logging_mixin.py:190} INFO - [2025-07-06T00:14:18.032+0000] {dagbag.py:588} INFO - Filling up the DagBag from /opt/airflow/dags/driven_data_pipeline.py
[2025-07-06T00:14:18.250+0000] {processor.py:925} INFO - DAG(s) 'extract_raw_data_pipeline' retrieved from /opt/airflow/dags/driven_data_pipeline.py
[2025-07-06T00:14:18.284+0000] {logging_mixin.py:190} INFO - [2025-07-06T00:14:18.283+0000] {dag.py:3239} INFO - Sync 1 DAGs
[2025-07-06T00:14:18.314+0000] {logging_mixin.py:190} INFO - [2025-07-06T00:14:18.314+0000] {dag.py:4180} INFO - Setting next_dagrun for extract_raw_data_pipeline to 2025-07-05 07:59:00+00:00, run_after=2025-07-06 07:00:00+00:00
[2025-07-06T00:14:18.340+0000] {processor.py:208} INFO - Processing /opt/airflow/dags/driven_data_pipeline.py took 0.320 seconds
[2025-07-06T00:14:49.167+0000] {processor.py:186} INFO - Started process (PID=948) to work on /opt/airflow/dags/driven_data_pipeline.py
[2025-07-06T00:14:49.168+0000] {processor.py:914} INFO - Processing file /opt/airflow/dags/driven_data_pipeline.py for tasks to queue
[2025-07-06T00:14:49.173+0000] {logging_mixin.py:190} INFO - [2025-07-06T00:14:49.172+0000] {dagbag.py:588} INFO - Filling up the DagBag from /opt/airflow/dags/driven_data_pipeline.py
[2025-07-06T00:14:49.441+0000] {processor.py:925} INFO - DAG(s) 'extract_raw_data_pipeline' retrieved from /opt/airflow/dags/driven_data_pipeline.py
[2025-07-06T00:14:49.485+0000] {logging_mixin.py:190} INFO - [2025-07-06T00:14:49.485+0000] {dag.py:3239} INFO - Sync 1 DAGs
[2025-07-06T00:14:49.537+0000] {logging_mixin.py:190} INFO - [2025-07-06T00:14:49.537+0000] {dag.py:4180} INFO - Setting next_dagrun for extract_raw_data_pipeline to 2025-07-05 07:59:00+00:00, run_after=2025-07-06 07:00:00+00:00
[2025-07-06T00:14:49.574+0000] {processor.py:208} INFO - Processing /opt/airflow/dags/driven_data_pipeline.py took 0.417 seconds
[2025-07-06T00:15:20.345+0000] {processor.py:186} INFO - Started process (PID=956) to work on /opt/airflow/dags/driven_data_pipeline.py
[2025-07-06T00:15:20.347+0000] {processor.py:914} INFO - Processing file /opt/airflow/dags/driven_data_pipeline.py for tasks to queue
[2025-07-06T00:15:20.351+0000] {logging_mixin.py:190} INFO - [2025-07-06T00:15:20.350+0000] {dagbag.py:588} INFO - Filling up the DagBag from /opt/airflow/dags/driven_data_pipeline.py
[2025-07-06T00:15:20.602+0000] {processor.py:925} INFO - DAG(s) 'extract_raw_data_pipeline' retrieved from /opt/airflow/dags/driven_data_pipeline.py
[2025-07-06T00:15:20.636+0000] {logging_mixin.py:190} INFO - [2025-07-06T00:15:20.635+0000] {dag.py:3239} INFO - Sync 1 DAGs
[2025-07-06T00:15:20.676+0000] {logging_mixin.py:190} INFO - [2025-07-06T00:15:20.676+0000] {dag.py:4180} INFO - Setting next_dagrun for extract_raw_data_pipeline to 2025-07-05 07:59:00+00:00, run_after=2025-07-06 07:00:00+00:00
[2025-07-06T00:15:20.708+0000] {processor.py:208} INFO - Processing /opt/airflow/dags/driven_data_pipeline.py took 0.372 seconds
[2025-07-06T00:15:51.660+0000] {processor.py:186} INFO - Started process (PID=970) to work on /opt/airflow/dags/driven_data_pipeline.py
[2025-07-06T00:15:51.661+0000] {processor.py:914} INFO - Processing file /opt/airflow/dags/driven_data_pipeline.py for tasks to queue
[2025-07-06T00:15:51.665+0000] {logging_mixin.py:190} INFO - [2025-07-06T00:15:51.664+0000] {dagbag.py:588} INFO - Filling up the DagBag from /opt/airflow/dags/driven_data_pipeline.py
[2025-07-06T00:15:51.882+0000] {processor.py:925} INFO - DAG(s) 'extract_raw_data_pipeline' retrieved from /opt/airflow/dags/driven_data_pipeline.py
[2025-07-06T00:15:51.915+0000] {logging_mixin.py:190} INFO - [2025-07-06T00:15:51.915+0000] {dag.py:3239} INFO - Sync 1 DAGs
[2025-07-06T00:15:51.945+0000] {logging_mixin.py:190} INFO - [2025-07-06T00:15:51.945+0000] {dag.py:4180} INFO - Setting next_dagrun for extract_raw_data_pipeline to 2025-07-05 07:59:00+00:00, run_after=2025-07-06 07:00:00+00:00
[2025-07-06T00:15:51.972+0000] {processor.py:208} INFO - Processing /opt/airflow/dags/driven_data_pipeline.py took 0.320 seconds
[2025-07-06T00:16:22.590+0000] {processor.py:186} INFO - Started process (PID=986) to work on /opt/airflow/dags/driven_data_pipeline.py
[2025-07-06T00:16:22.593+0000] {processor.py:914} INFO - Processing file /opt/airflow/dags/driven_data_pipeline.py for tasks to queue
[2025-07-06T00:16:22.603+0000] {logging_mixin.py:190} INFO - [2025-07-06T00:16:22.602+0000] {dagbag.py:588} INFO - Filling up the DagBag from /opt/airflow/dags/driven_data_pipeline.py
[2025-07-06T00:16:23.979+0000] {processor.py:925} INFO - DAG(s) 'extract_raw_data_pipeline' retrieved from /opt/airflow/dags/driven_data_pipeline.py
[2025-07-06T00:16:24.221+0000] {logging_mixin.py:190} INFO - [2025-07-06T00:16:24.220+0000] {dag.py:3239} INFO - Sync 1 DAGs
[2025-07-06T00:16:24.382+0000] {logging_mixin.py:190} INFO - [2025-07-06T00:16:24.382+0000] {dag.py:4180} INFO - Setting next_dagrun for extract_raw_data_pipeline to 2025-07-05 07:59:00+00:00, run_after=2025-07-06 07:00:00+00:00
[2025-07-06T00:16:24.439+0000] {processor.py:208} INFO - Processing /opt/airflow/dags/driven_data_pipeline.py took 1.905 seconds
[2025-07-06T00:16:56.601+0000] {processor.py:186} INFO - Started process (PID=994) to work on /opt/airflow/dags/driven_data_pipeline.py
[2025-07-06T00:16:56.605+0000] {processor.py:914} INFO - Processing file /opt/airflow/dags/driven_data_pipeline.py for tasks to queue
[2025-07-06T00:16:56.611+0000] {logging_mixin.py:190} INFO - [2025-07-06T00:16:56.611+0000] {dagbag.py:588} INFO - Filling up the DagBag from /opt/airflow/dags/driven_data_pipeline.py
[2025-07-06T00:16:52.740+0000] {processor.py:925} INFO - DAG(s) 'extract_raw_data_pipeline' retrieved from /opt/airflow/dags/driven_data_pipeline.py
[2025-07-06T00:16:52.778+0000] {logging_mixin.py:190} INFO - [2025-07-06T00:16:52.777+0000] {dag.py:3239} INFO - Sync 1 DAGs
[2025-07-06T00:16:52.815+0000] {logging_mixin.py:190} INFO - [2025-07-06T00:16:52.814+0000] {dag.py:4180} INFO - Setting next_dagrun for extract_raw_data_pipeline to 2025-07-05 07:59:00+00:00, run_after=2025-07-06 07:00:00+00:00
[2025-07-06T00:16:52.847+0000] {processor.py:208} INFO - Processing /opt/airflow/dags/driven_data_pipeline.py took 0.387 seconds
[2025-07-06T00:17:19.817+0000] {processor.py:186} INFO - Started process (PID=1002) to work on /opt/airflow/dags/driven_data_pipeline.py
[2025-07-06T00:17:19.819+0000] {processor.py:914} INFO - Processing file /opt/airflow/dags/driven_data_pipeline.py for tasks to queue
[2025-07-06T00:17:19.823+0000] {logging_mixin.py:190} INFO - [2025-07-06T00:17:19.822+0000] {dagbag.py:588} INFO - Filling up the DagBag from /opt/airflow/dags/driven_data_pipeline.py
[2025-07-06T00:17:20.047+0000] {processor.py:925} INFO - DAG(s) 'extract_raw_data_pipeline' retrieved from /opt/airflow/dags/driven_data_pipeline.py
[2025-07-06T00:17:20.081+0000] {logging_mixin.py:190} INFO - [2025-07-06T00:17:20.081+0000] {dag.py:3239} INFO - Sync 1 DAGs
[2025-07-06T00:17:20.112+0000] {logging_mixin.py:190} INFO - [2025-07-06T00:17:20.112+0000] {dag.py:4180} INFO - Setting next_dagrun for extract_raw_data_pipeline to 2025-07-05 07:59:00+00:00, run_after=2025-07-06 07:00:00+00:00
[2025-07-06T00:17:20.139+0000] {processor.py:208} INFO - Processing /opt/airflow/dags/driven_data_pipeline.py took 0.331 seconds
[2025-07-06T00:17:51.126+0000] {processor.py:186} INFO - Started process (PID=1010) to work on /opt/airflow/dags/driven_data_pipeline.py
[2025-07-06T00:17:51.128+0000] {processor.py:914} INFO - Processing file /opt/airflow/dags/driven_data_pipeline.py for tasks to queue
[2025-07-06T00:17:51.132+0000] {logging_mixin.py:190} INFO - [2025-07-06T00:17:51.131+0000] {dagbag.py:588} INFO - Filling up the DagBag from /opt/airflow/dags/driven_data_pipeline.py
[2025-07-06T00:17:47.240+0000] {processor.py:925} INFO - DAG(s) 'extract_raw_data_pipeline' retrieved from /opt/airflow/dags/driven_data_pipeline.py
[2025-07-06T00:17:47.274+0000] {logging_mixin.py:190} INFO - [2025-07-06T00:17:47.274+0000] {dag.py:3239} INFO - Sync 1 DAGs
[2025-07-06T00:17:47.304+0000] {logging_mixin.py:190} INFO - [2025-07-06T00:17:47.304+0000] {dag.py:4180} INFO - Setting next_dagrun for extract_raw_data_pipeline to 2025-07-05 07:59:00+00:00, run_after=2025-07-06 07:00:00+00:00
[2025-07-06T00:17:47.332+0000] {processor.py:208} INFO - Processing /opt/airflow/dags/driven_data_pipeline.py took 0.338 seconds
[2025-07-06T00:18:18.419+0000] {processor.py:186} INFO - Started process (PID=1018) to work on /opt/airflow/dags/driven_data_pipeline.py
[2025-07-06T00:18:18.421+0000] {processor.py:914} INFO - Processing file /opt/airflow/dags/driven_data_pipeline.py for tasks to queue
[2025-07-06T00:18:18.427+0000] {logging_mixin.py:190} INFO - [2025-07-06T00:18:18.426+0000] {dagbag.py:588} INFO - Filling up the DagBag from /opt/airflow/dags/driven_data_pipeline.py
[2025-07-06T00:18:14.660+0000] {processor.py:925} INFO - DAG(s) 'extract_raw_data_pipeline' retrieved from /opt/airflow/dags/driven_data_pipeline.py
[2025-07-06T00:18:14.710+0000] {logging_mixin.py:190} INFO - [2025-07-06T00:18:14.709+0000] {dag.py:3239} INFO - Sync 1 DAGs
[2025-07-06T00:18:14.759+0000] {logging_mixin.py:190} INFO - [2025-07-06T00:18:14.759+0000] {dag.py:4180} INFO - Setting next_dagrun for extract_raw_data_pipeline to 2025-07-05 07:59:00+00:00, run_after=2025-07-06 07:00:00+00:00
[2025-07-06T00:18:14.798+0000] {processor.py:208} INFO - Processing /opt/airflow/dags/driven_data_pipeline.py took 0.518 seconds
[2025-07-06T00:18:45.732+0000] {processor.py:186} INFO - Started process (PID=1026) to work on /opt/airflow/dags/driven_data_pipeline.py
[2025-07-06T00:18:45.733+0000] {processor.py:914} INFO - Processing file /opt/airflow/dags/driven_data_pipeline.py for tasks to queue
[2025-07-06T00:18:45.736+0000] {logging_mixin.py:190} INFO - [2025-07-06T00:18:45.736+0000] {dagbag.py:588} INFO - Filling up the DagBag from /opt/airflow/dags/driven_data_pipeline.py
[2025-07-06T00:18:45.952+0000] {processor.py:925} INFO - DAG(s) 'extract_raw_data_pipeline' retrieved from /opt/airflow/dags/driven_data_pipeline.py
[2025-07-06T00:18:45.984+0000] {logging_mixin.py:190} INFO - [2025-07-06T00:18:45.984+0000] {dag.py:3239} INFO - Sync 1 DAGs
[2025-07-06T00:18:46.015+0000] {logging_mixin.py:190} INFO - [2025-07-06T00:18:46.014+0000] {dag.py:4180} INFO - Setting next_dagrun for extract_raw_data_pipeline to 2025-07-05 07:59:00+00:00, run_after=2025-07-06 07:00:00+00:00
[2025-07-06T00:18:46.043+0000] {processor.py:208} INFO - Processing /opt/airflow/dags/driven_data_pipeline.py took 0.319 seconds
[2025-07-06T00:19:10.611+0000] {processor.py:186} INFO - Started process (PID=1034) to work on /opt/airflow/dags/driven_data_pipeline.py
[2025-07-06T00:19:10.614+0000] {processor.py:914} INFO - Processing file /opt/airflow/dags/driven_data_pipeline.py for tasks to queue
[2025-07-06T00:19:10.621+0000] {logging_mixin.py:190} INFO - [2025-07-06T00:19:10.620+0000] {dagbag.py:588} INFO - Filling up the DagBag from /opt/airflow/dags/driven_data_pipeline.py
[2025-07-06T00:19:11.056+0000] {processor.py:925} INFO - DAG(s) 'extract_raw_data_pipeline' retrieved from /opt/airflow/dags/driven_data_pipeline.py
[2025-07-06T00:19:09.137+0000] {logging_mixin.py:190} INFO - [2025-07-06T00:19:09.137+0000] {dag.py:3239} INFO - Sync 1 DAGs
[2025-07-06T00:19:09.185+0000] {logging_mixin.py:190} INFO - [2025-07-06T00:19:09.185+0000] {dag.py:4180} INFO - Setting next_dagrun for extract_raw_data_pipeline to 2025-07-05 07:59:00+00:00, run_after=2025-07-06 07:00:00+00:00
[2025-07-06T00:19:09.249+0000] {processor.py:208} INFO - Processing /opt/airflow/dags/driven_data_pipeline.py took 1.382 seconds
[2025-07-06T00:19:09.424+0000] {processor.py:186} INFO - Started process (PID=1036) to work on /opt/airflow/dags/driven_data_pipeline.py
[2025-07-06T00:19:09.427+0000] {processor.py:914} INFO - Processing file /opt/airflow/dags/driven_data_pipeline.py for tasks to queue
[2025-07-06T00:19:09.439+0000] {logging_mixin.py:190} INFO - [2025-07-06T00:19:09.437+0000] {dagbag.py:588} INFO - Filling up the DagBag from /opt/airflow/dags/driven_data_pipeline.py
[2025-07-06T00:19:10.067+0000] {processor.py:925} INFO - DAG(s) 'extract_raw_data_pipeline' retrieved from /opt/airflow/dags/driven_data_pipeline.py
[2025-07-06T00:19:10.099+0000] {logging_mixin.py:190} INFO - [2025-07-06T00:19:10.098+0000] {dag.py:3239} INFO - Sync 1 DAGs
[2025-07-06T00:19:10.162+0000] {logging_mixin.py:190} INFO - [2025-07-06T00:19:10.161+0000] {dag.py:4180} INFO - Setting next_dagrun for extract_raw_data_pipeline to 2025-07-05 07:59:00+00:00, run_after=2025-07-06 07:00:00+00:00
[2025-07-06T00:19:10.209+0000] {processor.py:208} INFO - Processing /opt/airflow/dags/driven_data_pipeline.py took 0.813 seconds
[2025-07-06T00:19:10.321+0000] {processor.py:186} INFO - Started process (PID=1038) to work on /opt/airflow/dags/driven_data_pipeline.py
[2025-07-06T00:19:10.323+0000] {processor.py:914} INFO - Processing file /opt/airflow/dags/driven_data_pipeline.py for tasks to queue
[2025-07-06T00:19:10.330+0000] {logging_mixin.py:190} INFO - [2025-07-06T00:19:10.329+0000] {dagbag.py:588} INFO - Filling up the DagBag from /opt/airflow/dags/driven_data_pipeline.py
[2025-07-06T00:19:10.814+0000] {processor.py:925} INFO - DAG(s) 'extract_raw_data_pipeline' retrieved from /opt/airflow/dags/driven_data_pipeline.py
[2025-07-06T00:19:10.846+0000] {logging_mixin.py:190} INFO - [2025-07-06T00:19:10.845+0000] {dag.py:3239} INFO - Sync 1 DAGs
[2025-07-06T00:19:10.910+0000] {logging_mixin.py:190} INFO - [2025-07-06T00:19:10.909+0000] {dag.py:4180} INFO - Setting next_dagrun for extract_raw_data_pipeline to 2025-07-05 07:59:00+00:00, run_after=2025-07-06 07:00:00+00:00
[2025-07-06T00:19:10.952+0000] {processor.py:208} INFO - Processing /opt/airflow/dags/driven_data_pipeline.py took 0.649 seconds
[2025-07-06T00:19:11.059+0000] {processor.py:186} INFO - Started process (PID=1040) to work on /opt/airflow/dags/driven_data_pipeline.py
[2025-07-06T00:19:11.062+0000] {processor.py:914} INFO - Processing file /opt/airflow/dags/driven_data_pipeline.py for tasks to queue
[2025-07-06T00:19:11.068+0000] {logging_mixin.py:190} INFO - [2025-07-06T00:19:11.067+0000] {dagbag.py:588} INFO - Filling up the DagBag from /opt/airflow/dags/driven_data_pipeline.py
[2025-07-06T00:19:11.518+0000] {processor.py:925} INFO - DAG(s) 'extract_raw_data_pipeline' retrieved from /opt/airflow/dags/driven_data_pipeline.py
[2025-07-06T00:19:11.560+0000] {logging_mixin.py:190} INFO - [2025-07-06T00:19:11.560+0000] {dag.py:3239} INFO - Sync 1 DAGs
[2025-07-06T00:19:11.620+0000] {logging_mixin.py:190} INFO - [2025-07-06T00:19:11.619+0000] {dag.py:4180} INFO - Setting next_dagrun for extract_raw_data_pipeline to 2025-07-05 07:59:00+00:00, run_after=2025-07-06 07:00:00+00:00
[2025-07-06T00:19:11.666+0000] {processor.py:208} INFO - Processing /opt/airflow/dags/driven_data_pipeline.py took 0.623 seconds
[2025-07-06T00:19:11.762+0000] {processor.py:186} INFO - Started process (PID=1042) to work on /opt/airflow/dags/driven_data_pipeline.py
[2025-07-06T00:19:11.764+0000] {processor.py:914} INFO - Processing file /opt/airflow/dags/driven_data_pipeline.py for tasks to queue
[2025-07-06T00:19:11.770+0000] {logging_mixin.py:190} INFO - [2025-07-06T00:19:11.769+0000] {dagbag.py:588} INFO - Filling up the DagBag from /opt/airflow/dags/driven_data_pipeline.py
[2025-07-06T00:19:12.137+0000] {processor.py:925} INFO - DAG(s) 'extract_raw_data_pipeline' retrieved from /opt/airflow/dags/driven_data_pipeline.py
[2025-07-06T00:19:12.163+0000] {logging_mixin.py:190} INFO - [2025-07-06T00:19:12.162+0000] {dag.py:3239} INFO - Sync 1 DAGs
[2025-07-06T00:19:12.228+0000] {logging_mixin.py:190} INFO - [2025-07-06T00:19:12.227+0000] {dag.py:4180} INFO - Setting next_dagrun for extract_raw_data_pipeline to 2025-07-05 07:59:00+00:00, run_after=2025-07-06 07:00:00+00:00
[2025-07-06T00:19:12.272+0000] {processor.py:208} INFO - Processing /opt/airflow/dags/driven_data_pipeline.py took 0.523 seconds
[2025-07-06T00:19:43.041+0000] {processor.py:186} INFO - Started process (PID=1051) to work on /opt/airflow/dags/driven_data_pipeline.py
[2025-07-06T00:19:43.044+0000] {processor.py:914} INFO - Processing file /opt/airflow/dags/driven_data_pipeline.py for tasks to queue
[2025-07-06T00:19:43.049+0000] {logging_mixin.py:190} INFO - [2025-07-06T00:19:43.048+0000] {dagbag.py:588} INFO - Filling up the DagBag from /opt/airflow/dags/driven_data_pipeline.py
[2025-07-06T00:19:43.433+0000] {processor.py:925} INFO - DAG(s) 'extract_raw_data_pipeline' retrieved from /opt/airflow/dags/driven_data_pipeline.py
[2025-07-06T00:19:43.483+0000] {logging_mixin.py:190} INFO - [2025-07-06T00:19:43.482+0000] {dag.py:3239} INFO - Sync 1 DAGs
[2025-07-06T00:19:43.537+0000] {logging_mixin.py:190} INFO - [2025-07-06T00:19:43.536+0000] {dag.py:4180} INFO - Setting next_dagrun for extract_raw_data_pipeline to 2025-07-05 07:59:00+00:00, run_after=2025-07-06 07:00:00+00:00
[2025-07-06T00:19:43.578+0000] {processor.py:208} INFO - Processing /opt/airflow/dags/driven_data_pipeline.py took 0.549 seconds
[2025-07-06T00:20:14.167+0000] {processor.py:186} INFO - Started process (PID=1063) to work on /opt/airflow/dags/driven_data_pipeline.py
[2025-07-06T00:20:14.169+0000] {processor.py:914} INFO - Processing file /opt/airflow/dags/driven_data_pipeline.py for tasks to queue
[2025-07-06T00:20:14.173+0000] {logging_mixin.py:190} INFO - [2025-07-06T00:20:14.172+0000] {dagbag.py:588} INFO - Filling up the DagBag from /opt/airflow/dags/driven_data_pipeline.py
[2025-07-06T00:20:14.388+0000] {processor.py:925} INFO - DAG(s) 'extract_raw_data_pipeline' retrieved from /opt/airflow/dags/driven_data_pipeline.py
[2025-07-06T00:20:14.419+0000] {logging_mixin.py:190} INFO - [2025-07-06T00:20:14.418+0000] {dag.py:3239} INFO - Sync 1 DAGs
[2025-07-06T00:20:14.449+0000] {logging_mixin.py:190} INFO - [2025-07-06T00:20:14.449+0000] {dag.py:4180} INFO - Setting next_dagrun for extract_raw_data_pipeline to 2025-07-05 07:59:00+00:00, run_after=2025-07-06 07:00:00+00:00
[2025-07-06T00:20:14.477+0000] {processor.py:208} INFO - Processing /opt/airflow/dags/driven_data_pipeline.py took 0.319 seconds
[2025-07-06T00:22:24.494+0000] {processor.py:186} INFO - Started process (PID=75) to work on /opt/airflow/dags/driven_data_pipeline.py
[2025-07-06T00:22:24.500+0000] {processor.py:914} INFO - Processing file /opt/airflow/dags/driven_data_pipeline.py for tasks to queue
[2025-07-06T00:22:24.507+0000] {logging_mixin.py:190} INFO - [2025-07-06T00:22:24.505+0000] {dagbag.py:588} INFO - Filling up the DagBag from /opt/airflow/dags/driven_data_pipeline.py
[2025-07-06T00:22:23.468+0000] {processor.py:925} INFO - DAG(s) 'extract_raw_data_pipeline' retrieved from /opt/airflow/dags/driven_data_pipeline.py
[2025-07-06T00:22:23.645+0000] {logging_mixin.py:190} INFO - [2025-07-06T00:22:23.644+0000] {dag.py:3239} INFO - Sync 1 DAGs
[2025-07-06T00:22:23.783+0000] {logging_mixin.py:190} INFO - [2025-07-06T00:22:23.782+0000] {dag.py:4180} INFO - Setting next_dagrun for extract_raw_data_pipeline to 2025-07-05 07:59:00+00:00, run_after=2025-07-06 07:00:00+00:00
[2025-07-06T00:22:23.899+0000] {processor.py:208} INFO - Processing /opt/airflow/dags/driven_data_pipeline.py took 3.558 seconds
[2025-07-06T00:22:55.560+0000] {processor.py:186} INFO - Started process (PID=83) to work on /opt/airflow/dags/driven_data_pipeline.py
[2025-07-06T00:22:55.563+0000] {processor.py:914} INFO - Processing file /opt/airflow/dags/driven_data_pipeline.py for tasks to queue
[2025-07-06T00:22:56.843+0000] {logging_mixin.py:190} INFO - [2025-07-06T00:22:56.643+0000] {dagbag.py:588} INFO - Filling up the DagBag from /opt/airflow/dags/driven_data_pipeline.py
[2025-07-06T00:23:10.906+0000] {processor.py:925} INFO - DAG(s) 'extract_raw_data_pipeline' retrieved from /opt/airflow/dags/driven_data_pipeline.py
[2025-07-06T00:23:10.965+0000] {logging_mixin.py:190} INFO - [2025-07-06T00:23:10.965+0000] {dag.py:3239} INFO - Sync 1 DAGs
[2025-07-06T00:23:11.017+0000] {logging_mixin.py:190} INFO - [2025-07-06T00:23:11.017+0000] {dag.py:4180} INFO - Setting next_dagrun for extract_raw_data_pipeline to 2025-07-05 07:59:00+00:00, run_after=2025-07-06 07:00:00+00:00
[2025-07-06T00:23:11.060+0000] {processor.py:208} INFO - Processing /opt/airflow/dags/driven_data_pipeline.py took 17.504 seconds
[2025-07-06T00:23:43.374+0000] {processor.py:186} INFO - Started process (PID=91) to work on /opt/airflow/dags/driven_data_pipeline.py
[2025-07-06T00:23:43.375+0000] {processor.py:914} INFO - Processing file /opt/airflow/dags/driven_data_pipeline.py for tasks to queue
[2025-07-06T00:23:43.381+0000] {logging_mixin.py:190} INFO - [2025-07-06T00:23:43.380+0000] {dagbag.py:588} INFO - Filling up the DagBag from /opt/airflow/dags/driven_data_pipeline.py
[2025-07-06T00:23:44.786+0000] {processor.py:925} INFO - DAG(s) 'extract_raw_data_pipeline' retrieved from /opt/airflow/dags/driven_data_pipeline.py
[2025-07-06T00:23:44.879+0000] {logging_mixin.py:190} INFO - [2025-07-06T00:23:44.878+0000] {dag.py:3239} INFO - Sync 1 DAGs
[2025-07-06T00:23:44.947+0000] {logging_mixin.py:190} INFO - [2025-07-06T00:23:44.947+0000] {dag.py:4180} INFO - Setting next_dagrun for extract_raw_data_pipeline to 2025-07-05 07:59:00+00:00, run_after=2025-07-06 07:00:00+00:00
[2025-07-06T00:23:44.995+0000] {processor.py:208} INFO - Processing /opt/airflow/dags/driven_data_pipeline.py took 1.631 seconds
[2025-07-06T00:24:15.860+0000] {processor.py:186} INFO - Started process (PID=109) to work on /opt/airflow/dags/driven_data_pipeline.py
[2025-07-06T00:24:15.862+0000] {processor.py:914} INFO - Processing file /opt/airflow/dags/driven_data_pipeline.py for tasks to queue
[2025-07-06T00:24:15.868+0000] {logging_mixin.py:190} INFO - [2025-07-06T00:24:15.866+0000] {dagbag.py:588} INFO - Filling up the DagBag from /opt/airflow/dags/driven_data_pipeline.py
[2025-07-06T00:24:16.624+0000] {processor.py:925} INFO - DAG(s) 'extract_raw_data_pipeline' retrieved from /opt/airflow/dags/driven_data_pipeline.py
[2025-07-06T00:24:16.665+0000] {logging_mixin.py:190} INFO - [2025-07-06T00:24:16.664+0000] {dag.py:3239} INFO - Sync 1 DAGs
[2025-07-06T00:24:16.697+0000] {logging_mixin.py:190} INFO - [2025-07-06T00:24:16.697+0000] {dag.py:4180} INFO - Setting next_dagrun for extract_raw_data_pipeline to 2025-07-05 07:59:00+00:00, run_after=2025-07-06 07:00:00+00:00
[2025-07-06T00:24:16.726+0000] {processor.py:208} INFO - Processing /opt/airflow/dags/driven_data_pipeline.py took 0.878 seconds
[2025-07-06T00:24:46.842+0000] {processor.py:186} INFO - Started process (PID=117) to work on /opt/airflow/dags/driven_data_pipeline.py
[2025-07-06T00:24:46.844+0000] {processor.py:914} INFO - Processing file /opt/airflow/dags/driven_data_pipeline.py for tasks to queue
[2025-07-06T00:24:46.849+0000] {logging_mixin.py:190} INFO - [2025-07-06T00:24:46.848+0000] {dagbag.py:588} INFO - Filling up the DagBag from /opt/airflow/dags/driven_data_pipeline.py
[2025-07-06T00:24:47.396+0000] {processor.py:925} INFO - DAG(s) 'extract_raw_data_pipeline' retrieved from /opt/airflow/dags/driven_data_pipeline.py
[2025-07-06T00:24:47.426+0000] {logging_mixin.py:190} INFO - [2025-07-06T00:24:47.425+0000] {dag.py:3239} INFO - Sync 1 DAGs
[2025-07-06T00:24:47.452+0000] {logging_mixin.py:190} INFO - [2025-07-06T00:24:47.452+0000] {dag.py:4180} INFO - Setting next_dagrun for extract_raw_data_pipeline to 2025-07-05 07:59:00+00:00, run_after=2025-07-06 07:00:00+00:00
[2025-07-06T00:24:47.476+0000] {processor.py:208} INFO - Processing /opt/airflow/dags/driven_data_pipeline.py took 0.645 seconds
[2025-07-06T00:25:18.041+0000] {processor.py:186} INFO - Started process (PID=125) to work on /opt/airflow/dags/driven_data_pipeline.py
[2025-07-06T00:25:18.045+0000] {processor.py:914} INFO - Processing file /opt/airflow/dags/driven_data_pipeline.py for tasks to queue
[2025-07-06T00:25:18.052+0000] {logging_mixin.py:190} INFO - [2025-07-06T00:25:18.051+0000] {dagbag.py:588} INFO - Filling up the DagBag from /opt/airflow/dags/driven_data_pipeline.py
[2025-07-06T00:25:18.535+0000] {processor.py:925} INFO - DAG(s) 'extract_raw_data_pipeline' retrieved from /opt/airflow/dags/driven_data_pipeline.py
[2025-07-06T00:25:18.600+0000] {logging_mixin.py:190} INFO - [2025-07-06T00:25:18.600+0000] {dag.py:3239} INFO - Sync 1 DAGs
[2025-07-06T00:25:18.660+0000] {logging_mixin.py:190} INFO - [2025-07-06T00:25:18.660+0000] {dag.py:4180} INFO - Setting next_dagrun for extract_raw_data_pipeline to 2025-07-05 07:59:00+00:00, run_after=2025-07-06 07:00:00+00:00
[2025-07-06T00:25:18.704+0000] {processor.py:208} INFO - Processing /opt/airflow/dags/driven_data_pipeline.py took 0.700 seconds
[2025-07-06T00:25:49.559+0000] {processor.py:186} INFO - Started process (PID=133) to work on /opt/airflow/dags/driven_data_pipeline.py
[2025-07-06T00:25:49.560+0000] {processor.py:914} INFO - Processing file /opt/airflow/dags/driven_data_pipeline.py for tasks to queue
[2025-07-06T00:25:49.566+0000] {logging_mixin.py:190} INFO - [2025-07-06T00:25:49.565+0000] {dagbag.py:588} INFO - Filling up the DagBag from /opt/airflow/dags/driven_data_pipeline.py
[2025-07-06T00:25:49.831+0000] {processor.py:925} INFO - DAG(s) 'extract_raw_data_pipeline' retrieved from /opt/airflow/dags/driven_data_pipeline.py
[2025-07-06T00:25:49.868+0000] {logging_mixin.py:190} INFO - [2025-07-06T00:25:49.868+0000] {dag.py:3239} INFO - Sync 1 DAGs
[2025-07-06T00:25:49.900+0000] {logging_mixin.py:190} INFO - [2025-07-06T00:25:49.900+0000] {dag.py:4180} INFO - Setting next_dagrun for extract_raw_data_pipeline to 2025-07-05 07:59:00+00:00, run_after=2025-07-06 07:00:00+00:00
[2025-07-06T00:25:49.926+0000] {processor.py:208} INFO - Processing /opt/airflow/dags/driven_data_pipeline.py took 0.379 seconds
[2025-07-06T00:26:21.367+0000] {processor.py:186} INFO - Started process (PID=141) to work on /opt/airflow/dags/driven_data_pipeline.py
[2025-07-06T00:26:21.369+0000] {processor.py:914} INFO - Processing file /opt/airflow/dags/driven_data_pipeline.py for tasks to queue
[2025-07-06T00:26:21.381+0000] {logging_mixin.py:190} INFO - [2025-07-06T00:26:21.380+0000] {dagbag.py:588} INFO - Filling up the DagBag from /opt/airflow/dags/driven_data_pipeline.py
[2025-07-06T00:26:21.840+0000] {processor.py:925} INFO - DAG(s) 'extract_raw_data_pipeline' retrieved from /opt/airflow/dags/driven_data_pipeline.py
[2025-07-06T00:26:21.900+0000] {logging_mixin.py:190} INFO - [2025-07-06T00:26:21.899+0000] {dag.py:3239} INFO - Sync 1 DAGs
[2025-07-06T00:26:21.954+0000] {logging_mixin.py:190} INFO - [2025-07-06T00:26:21.954+0000] {dag.py:4180} INFO - Setting next_dagrun for extract_raw_data_pipeline to 2025-07-05 07:59:00+00:00, run_after=2025-07-06 07:00:00+00:00
[2025-07-06T00:26:21.995+0000] {processor.py:208} INFO - Processing /opt/airflow/dags/driven_data_pipeline.py took 0.648 seconds
[2025-07-06T00:26:52.580+0000] {processor.py:186} INFO - Started process (PID=149) to work on /opt/airflow/dags/driven_data_pipeline.py
[2025-07-06T00:26:52.582+0000] {processor.py:914} INFO - Processing file /opt/airflow/dags/driven_data_pipeline.py for tasks to queue
[2025-07-06T00:26:52.587+0000] {logging_mixin.py:190} INFO - [2025-07-06T00:26:52.586+0000] {dagbag.py:588} INFO - Filling up the DagBag from /opt/airflow/dags/driven_data_pipeline.py
[2025-07-06T00:26:53.251+0000] {processor.py:925} INFO - DAG(s) 'extract_raw_data_pipeline' retrieved from /opt/airflow/dags/driven_data_pipeline.py
[2025-07-06T00:26:53.287+0000] {logging_mixin.py:190} INFO - [2025-07-06T00:26:53.287+0000] {dag.py:3239} INFO - Sync 1 DAGs
[2025-07-06T00:26:53.320+0000] {logging_mixin.py:190} INFO - [2025-07-06T00:26:53.320+0000] {dag.py:4180} INFO - Setting next_dagrun for extract_raw_data_pipeline to 2025-07-05 07:59:00+00:00, run_after=2025-07-06 07:00:00+00:00
[2025-07-06T00:26:49.406+0000] {processor.py:208} INFO - Processing /opt/airflow/dags/driven_data_pipeline.py took 0.888 seconds
[2025-07-06T00:27:19.482+0000] {processor.py:186} INFO - Started process (PID=157) to work on /opt/airflow/dags/driven_data_pipeline.py
[2025-07-06T00:27:19.484+0000] {processor.py:914} INFO - Processing file /opt/airflow/dags/driven_data_pipeline.py for tasks to queue
[2025-07-06T00:27:19.490+0000] {logging_mixin.py:190} INFO - [2025-07-06T00:27:19.489+0000] {dagbag.py:588} INFO - Filling up the DagBag from /opt/airflow/dags/driven_data_pipeline.py
[2025-07-06T00:27:19.765+0000] {processor.py:925} INFO - DAG(s) 'extract_raw_data_pipeline' retrieved from /opt/airflow/dags/driven_data_pipeline.py
[2025-07-06T00:27:19.802+0000] {logging_mixin.py:190} INFO - [2025-07-06T00:27:19.802+0000] {dag.py:3239} INFO - Sync 1 DAGs
[2025-07-06T00:27:19.841+0000] {logging_mixin.py:190} INFO - [2025-07-06T00:27:19.841+0000] {dag.py:4180} INFO - Setting next_dagrun for extract_raw_data_pipeline to 2025-07-05 07:59:00+00:00, run_after=2025-07-06 07:00:00+00:00
[2025-07-06T00:27:19.873+0000] {processor.py:208} INFO - Processing /opt/airflow/dags/driven_data_pipeline.py took 0.403 seconds
[2025-07-06T00:27:50.354+0000] {processor.py:186} INFO - Started process (PID=165) to work on /opt/airflow/dags/driven_data_pipeline.py
[2025-07-06T00:27:50.356+0000] {processor.py:914} INFO - Processing file /opt/airflow/dags/driven_data_pipeline.py for tasks to queue
[2025-07-06T00:27:50.361+0000] {logging_mixin.py:190} INFO - [2025-07-06T00:27:50.360+0000] {dagbag.py:588} INFO - Filling up the DagBag from /opt/airflow/dags/driven_data_pipeline.py
[2025-07-06T00:27:50.718+0000] {processor.py:925} INFO - DAG(s) 'extract_raw_data_pipeline' retrieved from /opt/airflow/dags/driven_data_pipeline.py
[2025-07-06T00:27:50.781+0000] {logging_mixin.py:190} INFO - [2025-07-06T00:27:50.780+0000] {dag.py:3239} INFO - Sync 1 DAGs
[2025-07-06T00:27:50.829+0000] {logging_mixin.py:190} INFO - [2025-07-06T00:27:50.829+0000] {dag.py:4180} INFO - Setting next_dagrun for extract_raw_data_pipeline to 2025-07-05 07:59:00+00:00, run_after=2025-07-06 07:00:00+00:00
[2025-07-06T00:27:50.868+0000] {processor.py:208} INFO - Processing /opt/airflow/dags/driven_data_pipeline.py took 0.525 seconds
[2025-07-06T00:28:21.353+0000] {processor.py:186} INFO - Started process (PID=173) to work on /opt/airflow/dags/driven_data_pipeline.py
[2025-07-06T00:28:21.354+0000] {processor.py:914} INFO - Processing file /opt/airflow/dags/driven_data_pipeline.py for tasks to queue
[2025-07-06T00:28:21.358+0000] {logging_mixin.py:190} INFO - [2025-07-06T00:28:21.357+0000] {dagbag.py:588} INFO - Filling up the DagBag from /opt/airflow/dags/driven_data_pipeline.py
[2025-07-06T00:28:21.578+0000] {processor.py:925} INFO - DAG(s) 'extract_raw_data_pipeline' retrieved from /opt/airflow/dags/driven_data_pipeline.py
[2025-07-06T00:28:21.617+0000] {logging_mixin.py:190} INFO - [2025-07-06T00:28:21.617+0000] {dag.py:3239} INFO - Sync 1 DAGs
[2025-07-06T00:28:21.653+0000] {logging_mixin.py:190} INFO - [2025-07-06T00:28:21.653+0000] {dag.py:4180} INFO - Setting next_dagrun for extract_raw_data_pipeline to 2025-07-05 07:59:00+00:00, run_after=2025-07-06 07:00:00+00:00
[2025-07-06T00:28:21.679+0000] {processor.py:208} INFO - Processing /opt/airflow/dags/driven_data_pipeline.py took 0.335 seconds
[2025-07-06T00:28:52.250+0000] {processor.py:186} INFO - Started process (PID=187) to work on /opt/airflow/dags/driven_data_pipeline.py
[2025-07-06T00:28:52.252+0000] {processor.py:914} INFO - Processing file /opt/airflow/dags/driven_data_pipeline.py for tasks to queue
[2025-07-06T00:28:52.255+0000] {logging_mixin.py:190} INFO - [2025-07-06T00:28:52.254+0000] {dagbag.py:588} INFO - Filling up the DagBag from /opt/airflow/dags/driven_data_pipeline.py
[2025-07-06T00:28:52.568+0000] {processor.py:925} INFO - DAG(s) 'extract_raw_data_pipeline' retrieved from /opt/airflow/dags/driven_data_pipeline.py
[2025-07-06T00:28:52.607+0000] {logging_mixin.py:190} INFO - [2025-07-06T00:28:52.606+0000] {dag.py:3239} INFO - Sync 1 DAGs
[2025-07-06T00:28:52.637+0000] {logging_mixin.py:190} INFO - [2025-07-06T00:28:52.636+0000] {dag.py:4180} INFO - Setting next_dagrun for extract_raw_data_pipeline to 2025-07-05 07:59:00+00:00, run_after=2025-07-06 07:00:00+00:00
[2025-07-06T00:28:52.675+0000] {processor.py:208} INFO - Processing /opt/airflow/dags/driven_data_pipeline.py took 0.432 seconds
[2025-07-06T00:29:22.759+0000] {processor.py:186} INFO - Started process (PID=195) to work on /opt/airflow/dags/driven_data_pipeline.py
[2025-07-06T00:29:22.760+0000] {processor.py:914} INFO - Processing file /opt/airflow/dags/driven_data_pipeline.py for tasks to queue
[2025-07-06T00:29:22.763+0000] {logging_mixin.py:190} INFO - [2025-07-06T00:29:22.763+0000] {dagbag.py:588} INFO - Filling up the DagBag from /opt/airflow/dags/driven_data_pipeline.py
[2025-07-06T00:29:22.974+0000] {processor.py:925} INFO - DAG(s) 'extract_raw_data_pipeline' retrieved from /opt/airflow/dags/driven_data_pipeline.py
[2025-07-06T00:29:23.004+0000] {logging_mixin.py:190} INFO - [2025-07-06T00:29:23.003+0000] {dag.py:3239} INFO - Sync 1 DAGs
[2025-07-06T00:29:23.031+0000] {logging_mixin.py:190} INFO - [2025-07-06T00:29:23.031+0000] {dag.py:4180} INFO - Setting next_dagrun for extract_raw_data_pipeline to 2025-07-05 07:59:00+00:00, run_after=2025-07-06 07:00:00+00:00
[2025-07-06T00:29:23.059+0000] {processor.py:208} INFO - Processing /opt/airflow/dags/driven_data_pipeline.py took 0.307 seconds
[2025-07-06T00:29:53.785+0000] {processor.py:186} INFO - Started process (PID=203) to work on /opt/airflow/dags/driven_data_pipeline.py
[2025-07-06T00:29:53.787+0000] {processor.py:914} INFO - Processing file /opt/airflow/dags/driven_data_pipeline.py for tasks to queue
[2025-07-06T00:29:53.793+0000] {logging_mixin.py:190} INFO - [2025-07-06T00:29:53.793+0000] {dagbag.py:588} INFO - Filling up the DagBag from /opt/airflow/dags/driven_data_pipeline.py
[2025-07-06T00:29:54.055+0000] {processor.py:925} INFO - DAG(s) 'extract_raw_data_pipeline' retrieved from /opt/airflow/dags/driven_data_pipeline.py
[2025-07-06T00:29:54.090+0000] {logging_mixin.py:190} INFO - [2025-07-06T00:29:54.090+0000] {dag.py:3239} INFO - Sync 1 DAGs
[2025-07-06T00:29:54.120+0000] {logging_mixin.py:190} INFO - [2025-07-06T00:29:54.120+0000] {dag.py:4180} INFO - Setting next_dagrun for extract_raw_data_pipeline to 2025-07-05 07:59:00+00:00, run_after=2025-07-06 07:00:00+00:00
[2025-07-06T00:29:54.145+0000] {processor.py:208} INFO - Processing /opt/airflow/dags/driven_data_pipeline.py took 0.370 seconds
[2025-07-06T00:29:59.223+0000] {processor.py:186} INFO - Started process (PID=205) to work on /opt/airflow/dags/driven_data_pipeline.py
[2025-07-06T00:29:59.225+0000] {processor.py:914} INFO - Processing file /opt/airflow/dags/driven_data_pipeline.py for tasks to queue
[2025-07-06T00:29:59.230+0000] {logging_mixin.py:190} INFO - [2025-07-06T00:29:59.230+0000] {dagbag.py:588} INFO - Filling up the DagBag from /opt/airflow/dags/driven_data_pipeline.py
[2025-07-06T00:29:59.588+0000] {processor.py:925} INFO - DAG(s) 'extract_raw_data_pipeline' retrieved from /opt/airflow/dags/driven_data_pipeline.py
[2025-07-06T00:29:59.638+0000] {logging_mixin.py:190} INFO - [2025-07-06T00:29:59.638+0000] {dag.py:3239} INFO - Sync 1 DAGs
[2025-07-06T00:29:59.685+0000] {logging_mixin.py:190} INFO - [2025-07-06T00:29:59.684+0000] {dag.py:4180} INFO - Setting next_dagrun for extract_raw_data_pipeline to 2025-07-05 07:59:00+00:00, run_after=2025-07-06 07:00:00+00:00
[2025-07-06T00:29:59.736+0000] {processor.py:208} INFO - Processing /opt/airflow/dags/driven_data_pipeline.py took 0.526 seconds
[2025-07-06T00:29:59.830+0000] {processor.py:186} INFO - Started process (PID=207) to work on /opt/airflow/dags/driven_data_pipeline.py
[2025-07-06T00:29:59.832+0000] {processor.py:914} INFO - Processing file /opt/airflow/dags/driven_data_pipeline.py for tasks to queue
[2025-07-06T00:29:59.837+0000] {logging_mixin.py:190} INFO - [2025-07-06T00:29:59.836+0000] {dagbag.py:588} INFO - Filling up the DagBag from /opt/airflow/dags/driven_data_pipeline.py
[2025-07-06T00:30:00.370+0000] {processor.py:925} INFO - DAG(s) 'extract_raw_data_pipeline' retrieved from /opt/airflow/dags/driven_data_pipeline.py
[2025-07-06T00:30:00.429+0000] {logging_mixin.py:190} INFO - [2025-07-06T00:30:00.428+0000] {dag.py:3239} INFO - Sync 1 DAGs
[2025-07-06T00:30:00.480+0000] {logging_mixin.py:190} INFO - [2025-07-06T00:30:00.479+0000] {dag.py:4180} INFO - Setting next_dagrun for extract_raw_data_pipeline to 2025-07-05 07:59:00+00:00, run_after=2025-07-06 07:00:00+00:00
[2025-07-06T00:30:00.521+0000] {processor.py:208} INFO - Processing /opt/airflow/dags/driven_data_pipeline.py took 0.707 seconds
[2025-07-06T00:30:00.629+0000] {processor.py:186} INFO - Started process (PID=209) to work on /opt/airflow/dags/driven_data_pipeline.py
[2025-07-06T00:30:00.632+0000] {processor.py:914} INFO - Processing file /opt/airflow/dags/driven_data_pipeline.py for tasks to queue
[2025-07-06T00:30:00.639+0000] {logging_mixin.py:190} INFO - [2025-07-06T00:30:00.638+0000] {dagbag.py:588} INFO - Filling up the DagBag from /opt/airflow/dags/driven_data_pipeline.py
[2025-07-06T00:30:01.084+0000] {processor.py:925} INFO - DAG(s) 'extract_raw_data_pipeline' retrieved from /opt/airflow/dags/driven_data_pipeline.py
[2025-07-06T00:30:01.144+0000] {logging_mixin.py:190} INFO - [2025-07-06T00:30:01.144+0000] {dag.py:3239} INFO - Sync 1 DAGs
[2025-07-06T00:30:01.206+0000] {logging_mixin.py:190} INFO - [2025-07-06T00:30:01.205+0000] {dag.py:4180} INFO - Setting next_dagrun for extract_raw_data_pipeline to 2025-07-05 07:59:00+00:00, run_after=2025-07-06 07:00:00+00:00
[2025-07-06T00:30:01.248+0000] {processor.py:208} INFO - Processing /opt/airflow/dags/driven_data_pipeline.py took 0.638 seconds
[2025-07-06T00:30:32.912+0000] {processor.py:186} INFO - Started process (PID=217) to work on /opt/airflow/dags/driven_data_pipeline.py
[2025-07-06T00:30:32.913+0000] {processor.py:914} INFO - Processing file /opt/airflow/dags/driven_data_pipeline.py for tasks to queue
[2025-07-06T00:30:32.917+0000] {logging_mixin.py:190} INFO - [2025-07-06T00:30:32.916+0000] {dagbag.py:588} INFO - Filling up the DagBag from /opt/airflow/dags/driven_data_pipeline.py
[2025-07-06T00:30:33.137+0000] {processor.py:925} INFO - DAG(s) 'extract_raw_data_pipeline' retrieved from /opt/airflow/dags/driven_data_pipeline.py
[2025-07-06T00:30:33.170+0000] {logging_mixin.py:190} INFO - [2025-07-06T00:30:33.169+0000] {dag.py:3239} INFO - Sync 1 DAGs
[2025-07-06T00:30:33.200+0000] {logging_mixin.py:190} INFO - [2025-07-06T00:30:33.200+0000] {dag.py:4180} INFO - Setting next_dagrun for extract_raw_data_pipeline to 2025-07-05 07:59:00+00:00, run_after=2025-07-06 07:00:00+00:00
[2025-07-06T00:30:33.227+0000] {processor.py:208} INFO - Processing /opt/airflow/dags/driven_data_pipeline.py took 0.325 seconds
[2025-07-06T00:33:56.166+0000] {processor.py:186} INFO - Started process (PID=61) to work on /opt/airflow/dags/driven_data_pipeline.py
[2025-07-06T00:33:56.168+0000] {processor.py:914} INFO - Processing file /opt/airflow/dags/driven_data_pipeline.py for tasks to queue
[2025-07-06T00:33:56.170+0000] {logging_mixin.py:190} INFO - [2025-07-06T00:33:56.170+0000] {dagbag.py:588} INFO - Filling up the DagBag from /opt/airflow/dags/driven_data_pipeline.py
[2025-07-06T00:33:57.189+0000] {processor.py:925} INFO - DAG(s) 'extract_raw_data_pipeline' retrieved from /opt/airflow/dags/driven_data_pipeline.py
[2025-07-06T00:33:57.284+0000] {logging_mixin.py:190} INFO - [2025-07-06T00:33:57.283+0000] {dag.py:3239} INFO - Sync 1 DAGs
[2025-07-06T00:33:57.340+0000] {logging_mixin.py:190} INFO - [2025-07-06T00:33:57.339+0000] {dag.py:4180} INFO - Setting next_dagrun for extract_raw_data_pipeline to 2025-07-05 07:59:00+00:00, run_after=2025-07-06 07:00:00+00:00
[2025-07-06T00:33:57.403+0000] {processor.py:208} INFO - Processing /opt/airflow/dags/driven_data_pipeline.py took 1.248 seconds
[2025-07-06T00:34:27.919+0000] {processor.py:186} INFO - Started process (PID=69) to work on /opt/airflow/dags/driven_data_pipeline.py
[2025-07-06T00:34:27.925+0000] {processor.py:914} INFO - Processing file /opt/airflow/dags/driven_data_pipeline.py for tasks to queue
[2025-07-06T00:34:27.935+0000] {logging_mixin.py:190} INFO - [2025-07-06T00:34:27.933+0000] {dagbag.py:588} INFO - Filling up the DagBag from /opt/airflow/dags/driven_data_pipeline.py
[2025-07-06T00:34:29.174+0000] {processor.py:925} INFO - DAG(s) 'extract_raw_data_pipeline' retrieved from /opt/airflow/dags/driven_data_pipeline.py
[2025-07-06T00:34:29.230+0000] {logging_mixin.py:190} INFO - [2025-07-06T00:34:29.230+0000] {dag.py:3239} INFO - Sync 1 DAGs
[2025-07-06T00:34:29.272+0000] {logging_mixin.py:190} INFO - [2025-07-06T00:34:29.271+0000] {dag.py:4180} INFO - Setting next_dagrun for extract_raw_data_pipeline to 2025-07-05 07:59:00+00:00, run_after=2025-07-06 07:00:00+00:00
[2025-07-06T00:34:29.301+0000] {processor.py:208} INFO - Processing /opt/airflow/dags/driven_data_pipeline.py took 1.409 seconds
[2025-07-06T00:34:59.833+0000] {processor.py:186} INFO - Started process (PID=77) to work on /opt/airflow/dags/driven_data_pipeline.py
[2025-07-06T00:34:59.835+0000] {processor.py:914} INFO - Processing file /opt/airflow/dags/driven_data_pipeline.py for tasks to queue
[2025-07-06T00:34:59.840+0000] {logging_mixin.py:190} INFO - [2025-07-06T00:34:59.839+0000] {dagbag.py:588} INFO - Filling up the DagBag from /opt/airflow/dags/driven_data_pipeline.py
[2025-07-06T00:35:00.432+0000] {processor.py:925} INFO - DAG(s) 'extract_raw_data_pipeline' retrieved from /opt/airflow/dags/driven_data_pipeline.py
[2025-07-06T00:35:00.469+0000] {logging_mixin.py:190} INFO - [2025-07-06T00:35:00.469+0000] {dag.py:3239} INFO - Sync 1 DAGs
[2025-07-06T00:35:00.496+0000] {logging_mixin.py:190} INFO - [2025-07-06T00:35:00.495+0000] {dag.py:4180} INFO - Setting next_dagrun for extract_raw_data_pipeline to 2025-07-05 07:59:00+00:00, run_after=2025-07-06 07:00:00+00:00
[2025-07-06T00:35:00.519+0000] {processor.py:208} INFO - Processing /opt/airflow/dags/driven_data_pipeline.py took 0.695 seconds
[2025-07-06T00:35:31.229+0000] {processor.py:186} INFO - Started process (PID=90) to work on /opt/airflow/dags/driven_data_pipeline.py
[2025-07-06T00:35:31.236+0000] {processor.py:914} INFO - Processing file /opt/airflow/dags/driven_data_pipeline.py for tasks to queue
[2025-07-06T00:35:31.242+0000] {logging_mixin.py:190} INFO - [2025-07-06T00:35:31.239+0000] {dagbag.py:588} INFO - Filling up the DagBag from /opt/airflow/dags/driven_data_pipeline.py
[2025-07-06T00:35:59.008+0000] {logging_mixin.py:190} INFO - [2025-07-06T00:35:59.008+0000] {timeout.py:68} ERROR - Process timed out, PID: 90
[2025-07-06T00:35:59.228+0000] {logging_mixin.py:190} INFO - [2025-07-06T00:35:59.037+0000] {dagbag.py:387} ERROR - Failed to import: /opt/airflow/dags/driven_data_pipeline.py
Traceback (most recent call last):
  File "/home/airflow/.local/lib/python3.12/site-packages/airflow/models/dagbag.py", line 383, in parse
    loader.exec_module(new_module)
  File "<frozen importlib._bootstrap_external>", line 995, in exec_module
  File "<frozen importlib._bootstrap>", line 488, in _call_with_frames_removed
  File "/opt/airflow/dags/driven_data_pipeline.py", line 8, in <module>
    from faker import Faker
  File "/home/airflow/.local/lib/python3.12/site-packages/faker/__init__.py", line 1, in <module>
    from faker.factory import Factory
  File "/home/airflow/.local/lib/python3.12/site-packages/faker/factory.py", line 8, in <module>
    from .config import AVAILABLE_LOCALES, DEFAULT_LOCALE, PROVIDERS
  File "/home/airflow/.local/lib/python3.12/site-packages/faker/config.py", line 13, in <module>
    AVAILABLE_LOCALES = find_available_locales(PROVIDERS)
                        ^^^^^^^^^^^^^^^^^^^^^^^^^^^^^^^^^
  File "/home/airflow/.local/lib/python3.12/site-packages/faker/utils/loading.py", line 45, in find_available_locales
    provider_module = import_module(provider_path)
                      ^^^^^^^^^^^^^^^^^^^^^^^^^^^^
  File "/usr/local/lib/python3.12/importlib/__init__.py", line 90, in import_module
    return _bootstrap._gcd_import(name[level:], package, level)
           ^^^^^^^^^^^^^^^^^^^^^^^^^^^^^^^^^^^^^^^^^^^^^^^^^^^^
  File "<frozen importlib._bootstrap>", line 1387, in _gcd_import
  File "<frozen importlib._bootstrap>", line 1360, in _find_and_load
  File "<frozen importlib._bootstrap>", line 1331, in _find_and_load_unlocked
  File "<frozen importlib._bootstrap>", line 935, in _load_unlocked
  File "<frozen importlib._bootstrap_external>", line 991, in exec_module
  File "<frozen importlib._bootstrap_external>", line 1087, in get_code
  File "<frozen importlib._bootstrap_external>", line 1187, in get_data
  File "/home/airflow/.local/lib/python3.12/site-packages/airflow/utils/timeout.py", line 69, in handle_timeout
    raise AirflowTaskTimeout(self.error_message)
airflow.exceptions.AirflowTaskTimeout: DagBag import timeout for /opt/airflow/dags/driven_data_pipeline.py after 30.0s.
Please take a look at these docs to improve your DAG import time:
* https://airflow.apache.org/docs/apache-airflow/2.10.2/best-practices.html#top-level-python-code
* https://airflow.apache.org/docs/apache-airflow/2.10.2/best-practices.html#reducing-dag-complexity, PID: 90
[2025-07-06T00:35:59.231+0000] {processor.py:927} WARNING - No viable dags retrieved from /opt/airflow/dags/driven_data_pipeline.py
[2025-07-06T00:35:59.312+0000] {processor.py:208} INFO - Processing /opt/airflow/dags/driven_data_pipeline.py took 31.186 seconds
[2025-07-06T00:36:33.826+0000] {processor.py:186} INFO - Started process (PID=104) to work on /opt/airflow/dags/driven_data_pipeline.py
[2025-07-06T00:36:34.208+0000] {processor.py:914} INFO - Processing file /opt/airflow/dags/driven_data_pipeline.py for tasks to queue
[2025-07-06T00:36:34.230+0000] {logging_mixin.py:190} INFO - [2025-07-06T00:36:34.225+0000] {dagbag.py:588} INFO - Filling up the DagBag from /opt/airflow/dags/driven_data_pipeline.py
[2025-07-06T00:36:34.718+0000] {processor.py:925} INFO - DAG(s) 'extract_raw_data_pipeline' retrieved from /opt/airflow/dags/driven_data_pipeline.py
[2025-07-06T00:36:34.769+0000] {logging_mixin.py:190} INFO - [2025-07-06T00:36:34.769+0000] {dag.py:3239} INFO - Sync 1 DAGs
[2025-07-06T00:36:34.808+0000] {logging_mixin.py:190} INFO - [2025-07-06T00:36:34.808+0000] {dag.py:4180} INFO - Setting next_dagrun for extract_raw_data_pipeline to 2025-07-05 07:59:00+00:00, run_after=2025-07-06 07:00:00+00:00
[2025-07-06T00:36:34.838+0000] {processor.py:208} INFO - Processing /opt/airflow/dags/driven_data_pipeline.py took 3.206 seconds
[2025-07-06T00:37:05.627+0000] {processor.py:186} INFO - Started process (PID=113) to work on /opt/airflow/dags/driven_data_pipeline.py
[2025-07-06T00:37:05.628+0000] {processor.py:914} INFO - Processing file /opt/airflow/dags/driven_data_pipeline.py for tasks to queue
[2025-07-06T00:37:05.632+0000] {logging_mixin.py:190} INFO - [2025-07-06T00:37:05.631+0000] {dagbag.py:588} INFO - Filling up the DagBag from /opt/airflow/dags/driven_data_pipeline.py
[2025-07-06T00:37:06.112+0000] {processor.py:925} INFO - DAG(s) 'extract_raw_data_pipeline' retrieved from /opt/airflow/dags/driven_data_pipeline.py
[2025-07-06T00:37:06.150+0000] {logging_mixin.py:190} INFO - [2025-07-06T00:37:06.150+0000] {dag.py:3239} INFO - Sync 1 DAGs
[2025-07-06T00:37:06.175+0000] {logging_mixin.py:190} INFO - [2025-07-06T00:37:06.174+0000] {dag.py:4180} INFO - Setting next_dagrun for extract_raw_data_pipeline to 2025-07-05 07:59:00+00:00, run_after=2025-07-06 07:00:00+00:00
[2025-07-06T00:37:06.204+0000] {processor.py:208} INFO - Processing /opt/airflow/dags/driven_data_pipeline.py took 0.584 seconds
[2025-07-06T00:37:36.506+0000] {processor.py:186} INFO - Started process (PID=121) to work on /opt/airflow/dags/driven_data_pipeline.py
[2025-07-06T00:37:36.507+0000] {processor.py:914} INFO - Processing file /opt/airflow/dags/driven_data_pipeline.py for tasks to queue
[2025-07-06T00:37:36.511+0000] {logging_mixin.py:190} INFO - [2025-07-06T00:37:36.510+0000] {dagbag.py:588} INFO - Filling up the DagBag from /opt/airflow/dags/driven_data_pipeline.py
[2025-07-06T00:37:37.337+0000] {processor.py:925} INFO - DAG(s) 'extract_raw_data_pipeline' retrieved from /opt/airflow/dags/driven_data_pipeline.py
[2025-07-06T00:37:37.381+0000] {logging_mixin.py:190} INFO - [2025-07-06T00:37:37.381+0000] {dag.py:3239} INFO - Sync 1 DAGs
[2025-07-06T00:37:37.410+0000] {logging_mixin.py:190} INFO - [2025-07-06T00:37:37.410+0000] {dag.py:4180} INFO - Setting next_dagrun for extract_raw_data_pipeline to 2025-07-05 07:59:00+00:00, run_after=2025-07-06 07:00:00+00:00
[2025-07-06T00:37:37.433+0000] {processor.py:208} INFO - Processing /opt/airflow/dags/driven_data_pipeline.py took 0.937 seconds
[2025-07-06T00:38:08.361+0000] {processor.py:186} INFO - Started process (PID=135) to work on /opt/airflow/dags/driven_data_pipeline.py
[2025-07-06T00:38:08.362+0000] {processor.py:914} INFO - Processing file /opt/airflow/dags/driven_data_pipeline.py for tasks to queue
[2025-07-06T00:38:08.367+0000] {logging_mixin.py:190} INFO - [2025-07-06T00:38:08.366+0000] {dagbag.py:588} INFO - Filling up the DagBag from /opt/airflow/dags/driven_data_pipeline.py
[2025-07-06T00:38:08.867+0000] {processor.py:925} INFO - DAG(s) 'extract_raw_data_pipeline' retrieved from /opt/airflow/dags/driven_data_pipeline.py
[2025-07-06T00:38:08.895+0000] {logging_mixin.py:190} INFO - [2025-07-06T00:38:08.894+0000] {dag.py:3239} INFO - Sync 1 DAGs
[2025-07-06T00:38:08.920+0000] {logging_mixin.py:190} INFO - [2025-07-06T00:38:08.920+0000] {dag.py:4180} INFO - Setting next_dagrun for extract_raw_data_pipeline to 2025-07-05 07:59:00+00:00, run_after=2025-07-06 07:00:00+00:00
[2025-07-06T00:38:08.952+0000] {processor.py:208} INFO - Processing /opt/airflow/dags/driven_data_pipeline.py took 0.600 seconds
[2025-07-06T00:38:39.060+0000] {processor.py:186} INFO - Started process (PID=143) to work on /opt/airflow/dags/driven_data_pipeline.py
[2025-07-06T00:38:39.062+0000] {processor.py:914} INFO - Processing file /opt/airflow/dags/driven_data_pipeline.py for tasks to queue
[2025-07-06T00:38:39.066+0000] {logging_mixin.py:190} INFO - [2025-07-06T00:38:39.065+0000] {dagbag.py:588} INFO - Filling up the DagBag from /opt/airflow/dags/driven_data_pipeline.py
[2025-07-06T00:38:39.679+0000] {processor.py:925} INFO - DAG(s) 'extract_raw_data_pipeline' retrieved from /opt/airflow/dags/driven_data_pipeline.py
[2025-07-06T00:38:39.719+0000] {logging_mixin.py:190} INFO - [2025-07-06T00:38:39.719+0000] {dag.py:3239} INFO - Sync 1 DAGs
[2025-07-06T00:38:39.751+0000] {logging_mixin.py:190} INFO - [2025-07-06T00:38:39.750+0000] {dag.py:4180} INFO - Setting next_dagrun for extract_raw_data_pipeline to 2025-07-05 07:59:00+00:00, run_after=2025-07-06 07:00:00+00:00
[2025-07-06T00:38:39.780+0000] {processor.py:208} INFO - Processing /opt/airflow/dags/driven_data_pipeline.py took 0.729 seconds
[2025-07-06T00:39:10.152+0000] {processor.py:186} INFO - Started process (PID=151) to work on /opt/airflow/dags/driven_data_pipeline.py
[2025-07-06T00:39:10.154+0000] {processor.py:914} INFO - Processing file /opt/airflow/dags/driven_data_pipeline.py for tasks to queue
[2025-07-06T00:39:10.159+0000] {logging_mixin.py:190} INFO - [2025-07-06T00:39:10.158+0000] {dagbag.py:588} INFO - Filling up the DagBag from /opt/airflow/dags/driven_data_pipeline.py
[2025-07-06T00:39:10.893+0000] {processor.py:925} INFO - DAG(s) 'extract_raw_data_pipeline' retrieved from /opt/airflow/dags/driven_data_pipeline.py
[2025-07-06T00:39:10.920+0000] {logging_mixin.py:190} INFO - [2025-07-06T00:39:10.920+0000] {dag.py:3239} INFO - Sync 1 DAGs
[2025-07-06T00:39:10.946+0000] {logging_mixin.py:190} INFO - [2025-07-06T00:39:10.946+0000] {dag.py:4180} INFO - Setting next_dagrun for extract_raw_data_pipeline to 2025-07-05 07:59:00+00:00, run_after=2025-07-06 07:00:00+00:00
[2025-07-06T00:39:10.968+0000] {processor.py:208} INFO - Processing /opt/airflow/dags/driven_data_pipeline.py took 0.826 seconds
[2025-07-06T00:39:41.624+0000] {processor.py:186} INFO - Started process (PID=159) to work on /opt/airflow/dags/driven_data_pipeline.py
[2025-07-06T00:39:41.627+0000] {processor.py:914} INFO - Processing file /opt/airflow/dags/driven_data_pipeline.py for tasks to queue
[2025-07-06T00:39:41.637+0000] {logging_mixin.py:190} INFO - [2025-07-06T00:39:41.635+0000] {dagbag.py:588} INFO - Filling up the DagBag from /opt/airflow/dags/driven_data_pipeline.py
[2025-07-06T00:39:42.450+0000] {processor.py:925} INFO - DAG(s) 'extract_raw_data_pipeline' retrieved from /opt/airflow/dags/driven_data_pipeline.py
[2025-07-06T00:39:42.486+0000] {logging_mixin.py:190} INFO - [2025-07-06T00:39:42.486+0000] {dag.py:3239} INFO - Sync 1 DAGs
[2025-07-06T00:39:42.515+0000] {logging_mixin.py:190} INFO - [2025-07-06T00:39:42.515+0000] {dag.py:4180} INFO - Setting next_dagrun for extract_raw_data_pipeline to 2025-07-05 07:59:00+00:00, run_after=2025-07-06 07:00:00+00:00
[2025-07-06T00:39:42.543+0000] {processor.py:208} INFO - Processing /opt/airflow/dags/driven_data_pipeline.py took 0.932 seconds
[2025-07-06T00:39:46.817+0000] {processor.py:186} INFO - Started process (PID=161) to work on /opt/airflow/dags/driven_data_pipeline.py
[2025-07-06T00:39:46.819+0000] {processor.py:914} INFO - Processing file /opt/airflow/dags/driven_data_pipeline.py for tasks to queue
[2025-07-06T00:39:46.823+0000] {logging_mixin.py:190} INFO - [2025-07-06T00:39:46.822+0000] {dagbag.py:588} INFO - Filling up the DagBag from /opt/airflow/dags/driven_data_pipeline.py
[2025-07-06T00:39:48.661+0000] {processor.py:925} INFO - DAG(s) 'extract_raw_data_pipeline' retrieved from /opt/airflow/dags/driven_data_pipeline.py
[2025-07-06T00:39:48.687+0000] {logging_mixin.py:190} INFO - [2025-07-06T00:39:48.687+0000] {dag.py:3239} INFO - Sync 1 DAGs
[2025-07-06T00:39:48.714+0000] {logging_mixin.py:190} INFO - [2025-07-06T00:39:48.714+0000] {dag.py:4180} INFO - Setting next_dagrun for extract_raw_data_pipeline to 2025-07-05 07:59:00+00:00, run_after=2025-07-06 07:00:00+00:00
[2025-07-06T00:39:48.749+0000] {processor.py:208} INFO - Processing /opt/airflow/dags/driven_data_pipeline.py took 0.547 seconds
[2025-07-06T00:40:19.354+0000] {processor.py:186} INFO - Started process (PID=173) to work on /opt/airflow/dags/driven_data_pipeline.py
[2025-07-06T00:40:19.357+0000] {processor.py:914} INFO - Processing file /opt/airflow/dags/driven_data_pipeline.py for tasks to queue
[2025-07-06T00:40:19.363+0000] {logging_mixin.py:190} INFO - [2025-07-06T00:40:19.362+0000] {dagbag.py:588} INFO - Filling up the DagBag from /opt/airflow/dags/driven_data_pipeline.py
[2025-07-06T00:40:20.376+0000] {processor.py:925} INFO - DAG(s) 'extract_raw_data_pipeline' retrieved from /opt/airflow/dags/driven_data_pipeline.py
[2025-07-06T00:40:20.435+0000] {logging_mixin.py:190} INFO - [2025-07-06T00:40:20.434+0000] {dag.py:3239} INFO - Sync 1 DAGs
[2025-07-06T00:40:20.487+0000] {logging_mixin.py:190} INFO - [2025-07-06T00:40:20.486+0000] {dag.py:4180} INFO - Setting next_dagrun for extract_raw_data_pipeline to 2025-07-05 07:59:00+00:00, run_after=2025-07-06 07:00:00+00:00
[2025-07-06T00:40:20.548+0000] {processor.py:208} INFO - Processing /opt/airflow/dags/driven_data_pipeline.py took 1.212 seconds
[2025-07-06T00:40:51.568+0000] {processor.py:186} INFO - Started process (PID=181) to work on /opt/airflow/dags/driven_data_pipeline.py
[2025-07-06T00:40:51.569+0000] {processor.py:914} INFO - Processing file /opt/airflow/dags/driven_data_pipeline.py for tasks to queue
[2025-07-06T00:40:51.573+0000] {logging_mixin.py:190} INFO - [2025-07-06T00:40:51.573+0000] {dagbag.py:588} INFO - Filling up the DagBag from /opt/airflow/dags/driven_data_pipeline.py
[2025-07-06T00:40:56.515+0000] {processor.py:925} INFO - DAG(s) 'extract_raw_data_pipeline' retrieved from /opt/airflow/dags/driven_data_pipeline.py
[2025-07-06T00:40:56.555+0000] {logging_mixin.py:190} INFO - [2025-07-06T00:40:56.554+0000] {dag.py:3239} INFO - Sync 1 DAGs
[2025-07-06T00:40:56.606+0000] {logging_mixin.py:190} INFO - [2025-07-06T00:40:56.606+0000] {dag.py:4180} INFO - Setting next_dagrun for extract_raw_data_pipeline to 2025-07-05 07:59:00+00:00, run_after=2025-07-06 07:00:00+00:00
[2025-07-06T00:40:56.640+0000] {processor.py:208} INFO - Processing /opt/airflow/dags/driven_data_pipeline.py took 5.080 seconds
[2025-07-06T00:41:27.693+0000] {processor.py:186} INFO - Started process (PID=195) to work on /opt/airflow/dags/driven_data_pipeline.py
[2025-07-06T00:41:27.695+0000] {processor.py:914} INFO - Processing file /opt/airflow/dags/driven_data_pipeline.py for tasks to queue
[2025-07-06T00:41:27.701+0000] {logging_mixin.py:190} INFO - [2025-07-06T00:41:27.699+0000] {dagbag.py:588} INFO - Filling up the DagBag from /opt/airflow/dags/driven_data_pipeline.py
[2025-07-06T00:44:49.275+0000] {processor.py:186} INFO - Started process (PID=72) to work on /opt/airflow/dags/driven_data_pipeline.py
[2025-07-06T00:44:49.285+0000] {processor.py:914} INFO - Processing file /opt/airflow/dags/driven_data_pipeline.py for tasks to queue
[2025-07-06T00:44:49.293+0000] {logging_mixin.py:190} INFO - [2025-07-06T00:44:49.291+0000] {dagbag.py:588} INFO - Filling up the DagBag from /opt/airflow/dags/driven_data_pipeline.py
[2025-07-06T00:44:52.304+0000] {processor.py:925} INFO - DAG(s) 'extract_raw_data_pipeline' retrieved from /opt/airflow/dags/driven_data_pipeline.py
[2025-07-06T00:44:52.555+0000] {logging_mixin.py:190} INFO - [2025-07-06T00:44:52.554+0000] {dag.py:3239} INFO - Sync 1 DAGs
[2025-07-06T00:44:52.684+0000] {logging_mixin.py:190} INFO - [2025-07-06T00:44:52.683+0000] {dag.py:4180} INFO - Setting next_dagrun for extract_raw_data_pipeline to 2025-07-05 07:59:00+00:00, run_after=2025-07-06 07:00:00+00:00
[2025-07-06T00:44:52.774+0000] {processor.py:208} INFO - Processing /opt/airflow/dags/driven_data_pipeline.py took 3.529 seconds
[2025-07-06T00:45:23.260+0000] {processor.py:186} INFO - Started process (PID=79) to work on /opt/airflow/dags/driven_data_pipeline.py
[2025-07-06T00:45:23.265+0000] {processor.py:914} INFO - Processing file /opt/airflow/dags/driven_data_pipeline.py for tasks to queue
[2025-07-06T00:45:23.282+0000] {logging_mixin.py:190} INFO - [2025-07-06T00:45:23.279+0000] {dagbag.py:588} INFO - Filling up the DagBag from /opt/airflow/dags/driven_data_pipeline.py
[2025-07-06T00:45:26.038+0000] {processor.py:925} INFO - DAG(s) 'extract_raw_data_pipeline' retrieved from /opt/airflow/dags/driven_data_pipeline.py
[2025-07-06T00:45:26.132+0000] {logging_mixin.py:190} INFO - [2025-07-06T00:45:26.131+0000] {dag.py:3239} INFO - Sync 1 DAGs
[2025-07-06T00:45:26.264+0000] {logging_mixin.py:190} INFO - [2025-07-06T00:45:26.263+0000] {dag.py:4180} INFO - Setting next_dagrun for extract_raw_data_pipeline to 2025-07-05 07:59:00+00:00, run_after=2025-07-06 07:00:00+00:00
[2025-07-06T00:45:26.330+0000] {processor.py:208} INFO - Processing /opt/airflow/dags/driven_data_pipeline.py took 3.104 seconds
[2025-07-06T00:46:00.124+0000] {processor.py:186} INFO - Started process (PID=96) to work on /opt/airflow/dags/driven_data_pipeline.py
[2025-07-06T00:46:00.888+0000] {processor.py:914} INFO - Processing file /opt/airflow/dags/driven_data_pipeline.py for tasks to queue
[2025-07-06T00:46:03.004+0000] {logging_mixin.py:190} INFO - [2025-07-06T00:46:01.454+0000] {dagbag.py:588} INFO - Filling up the DagBag from /opt/airflow/dags/driven_data_pipeline.py
[2025-07-06T00:46:17.341+0000] {processor.py:925} INFO - DAG(s) 'extract_raw_data_pipeline' retrieved from /opt/airflow/dags/driven_data_pipeline.py
[2025-07-06T00:46:17.520+0000] {logging_mixin.py:190} INFO - [2025-07-06T00:46:17.519+0000] {dag.py:3239} INFO - Sync 1 DAGs
[2025-07-06T00:46:17.698+0000] {logging_mixin.py:190} INFO - [2025-07-06T00:46:17.697+0000] {dag.py:4180} INFO - Setting next_dagrun for extract_raw_data_pipeline to 2025-07-05 07:59:00+00:00, run_after=2025-07-06 07:00:00+00:00
[2025-07-06T00:46:17.825+0000] {processor.py:208} INFO - Processing /opt/airflow/dags/driven_data_pipeline.py took 20.922 seconds
[2025-07-06T00:46:53.426+0000] {processor.py:186} INFO - Started process (PID=110) to work on /opt/airflow/dags/driven_data_pipeline.py
[2025-07-06T00:46:53.428+0000] {processor.py:914} INFO - Processing file /opt/airflow/dags/driven_data_pipeline.py for tasks to queue
[2025-07-06T00:46:54.750+0000] {logging_mixin.py:190} INFO - [2025-07-06T00:46:54.745+0000] {dagbag.py:588} INFO - Filling up the DagBag from /opt/airflow/dags/driven_data_pipeline.py
[2025-07-06T00:46:57.835+0000] {processor.py:925} INFO - DAG(s) 'extract_raw_data_pipeline' retrieved from /opt/airflow/dags/driven_data_pipeline.py
[2025-07-06T00:46:58.004+0000] {logging_mixin.py:190} INFO - [2025-07-06T00:46:58.003+0000] {dag.py:3239} INFO - Sync 1 DAGs
[2025-07-06T00:46:58.102+0000] {logging_mixin.py:190} INFO - [2025-07-06T00:46:58.101+0000] {dag.py:4180} INFO - Setting next_dagrun for extract_raw_data_pipeline to 2025-07-05 07:59:00+00:00, run_after=2025-07-06 07:00:00+00:00
[2025-07-06T00:46:58.186+0000] {processor.py:208} INFO - Processing /opt/airflow/dags/driven_data_pipeline.py took 5.282 seconds
[2025-07-06T00:47:28.788+0000] {processor.py:186} INFO - Started process (PID=118) to work on /opt/airflow/dags/driven_data_pipeline.py
[2025-07-06T00:47:28.792+0000] {processor.py:914} INFO - Processing file /opt/airflow/dags/driven_data_pipeline.py for tasks to queue
[2025-07-06T00:47:28.798+0000] {logging_mixin.py:190} INFO - [2025-07-06T00:47:28.797+0000] {dagbag.py:588} INFO - Filling up the DagBag from /opt/airflow/dags/driven_data_pipeline.py
[2025-07-06T00:47:30.036+0000] {processor.py:925} INFO - DAG(s) 'extract_raw_data_pipeline' retrieved from /opt/airflow/dags/driven_data_pipeline.py
[2025-07-06T00:47:30.108+0000] {logging_mixin.py:190} INFO - [2025-07-06T00:47:30.108+0000] {dag.py:3239} INFO - Sync 1 DAGs
[2025-07-06T00:47:30.149+0000] {logging_mixin.py:190} INFO - [2025-07-06T00:47:30.149+0000] {dag.py:4180} INFO - Setting next_dagrun for extract_raw_data_pipeline to 2025-07-05 07:59:00+00:00, run_after=2025-07-06 07:00:00+00:00
[2025-07-06T00:47:30.195+0000] {processor.py:208} INFO - Processing /opt/airflow/dags/driven_data_pipeline.py took 1.423 seconds
[2025-07-06T00:48:00.391+0000] {processor.py:186} INFO - Started process (PID=126) to work on /opt/airflow/dags/driven_data_pipeline.py
[2025-07-06T00:48:00.394+0000] {processor.py:914} INFO - Processing file /opt/airflow/dags/driven_data_pipeline.py for tasks to queue
[2025-07-06T00:48:00.399+0000] {logging_mixin.py:190} INFO - [2025-07-06T00:48:00.398+0000] {dagbag.py:588} INFO - Filling up the DagBag from /opt/airflow/dags/driven_data_pipeline.py
[2025-07-06T00:48:02.652+0000] {processor.py:925} INFO - DAG(s) 'extract_raw_data_pipeline' retrieved from /opt/airflow/dags/driven_data_pipeline.py
[2025-07-06T00:48:02.829+0000] {logging_mixin.py:190} INFO - [2025-07-06T00:48:02.828+0000] {dag.py:3239} INFO - Sync 1 DAGs
[2025-07-06T00:48:02.884+0000] {logging_mixin.py:190} INFO - [2025-07-06T00:48:02.883+0000] {dag.py:4180} INFO - Setting next_dagrun for extract_raw_data_pipeline to 2025-07-05 07:59:00+00:00, run_after=2025-07-06 07:00:00+00:00
[2025-07-06T00:48:03.010+0000] {processor.py:208} INFO - Processing /opt/airflow/dags/driven_data_pipeline.py took 2.636 seconds
[2025-07-06T00:48:33.204+0000] {processor.py:186} INFO - Started process (PID=134) to work on /opt/airflow/dags/driven_data_pipeline.py
[2025-07-06T00:48:33.205+0000] {processor.py:914} INFO - Processing file /opt/airflow/dags/driven_data_pipeline.py for tasks to queue
[2025-07-06T00:48:33.209+0000] {logging_mixin.py:190} INFO - [2025-07-06T00:48:33.208+0000] {dagbag.py:588} INFO - Filling up the DagBag from /opt/airflow/dags/driven_data_pipeline.py
[2025-07-06T00:48:34.009+0000] {processor.py:925} INFO - DAG(s) 'extract_raw_data_pipeline' retrieved from /opt/airflow/dags/driven_data_pipeline.py
[2025-07-06T00:48:34.191+0000] {logging_mixin.py:190} INFO - [2025-07-06T00:48:34.190+0000] {dag.py:3239} INFO - Sync 1 DAGs
[2025-07-06T00:48:34.248+0000] {logging_mixin.py:190} INFO - [2025-07-06T00:48:34.248+0000] {dag.py:4180} INFO - Setting next_dagrun for extract_raw_data_pipeline to 2025-07-05 07:59:00+00:00, run_after=2025-07-06 07:00:00+00:00
[2025-07-06T00:48:34.300+0000] {processor.py:208} INFO - Processing /opt/airflow/dags/driven_data_pipeline.py took 1.104 seconds
[2025-07-06T00:49:05.100+0000] {processor.py:186} INFO - Started process (PID=142) to work on /opt/airflow/dags/driven_data_pipeline.py
[2025-07-06T00:49:05.104+0000] {processor.py:914} INFO - Processing file /opt/airflow/dags/driven_data_pipeline.py for tasks to queue
[2025-07-06T00:49:05.116+0000] {logging_mixin.py:190} INFO - [2025-07-06T00:49:05.114+0000] {dagbag.py:588} INFO - Filling up the DagBag from /opt/airflow/dags/driven_data_pipeline.py
[2025-07-06T00:49:06.449+0000] {processor.py:925} INFO - DAG(s) 'extract_raw_data_pipeline' retrieved from /opt/airflow/dags/driven_data_pipeline.py
[2025-07-06T00:49:06.506+0000] {logging_mixin.py:190} INFO - [2025-07-06T00:49:06.505+0000] {dag.py:3239} INFO - Sync 1 DAGs
[2025-07-06T00:49:06.548+0000] {logging_mixin.py:190} INFO - [2025-07-06T00:49:06.548+0000] {dag.py:4180} INFO - Setting next_dagrun for extract_raw_data_pipeline to 2025-07-05 07:59:00+00:00, run_after=2025-07-06 07:00:00+00:00
[2025-07-06T00:49:06.586+0000] {processor.py:208} INFO - Processing /opt/airflow/dags/driven_data_pipeline.py took 1.508 seconds
[2025-07-06T00:49:37.208+0000] {processor.py:186} INFO - Started process (PID=151) to work on /opt/airflow/dags/driven_data_pipeline.py
[2025-07-06T00:49:37.210+0000] {processor.py:914} INFO - Processing file /opt/airflow/dags/driven_data_pipeline.py for tasks to queue
[2025-07-06T00:49:37.214+0000] {logging_mixin.py:190} INFO - [2025-07-06T00:49:37.214+0000] {dagbag.py:588} INFO - Filling up the DagBag from /opt/airflow/dags/driven_data_pipeline.py
[2025-07-06T00:49:37.933+0000] {processor.py:925} INFO - DAG(s) 'extract_raw_data_pipeline' retrieved from /opt/airflow/dags/driven_data_pipeline.py
[2025-07-06T00:49:37.967+0000] {logging_mixin.py:190} INFO - [2025-07-06T00:49:37.967+0000] {dag.py:3239} INFO - Sync 1 DAGs
[2025-07-06T00:49:37.997+0000] {logging_mixin.py:190} INFO - [2025-07-06T00:49:37.997+0000] {dag.py:4180} INFO - Setting next_dagrun for extract_raw_data_pipeline to 2025-07-05 07:59:00+00:00, run_after=2025-07-06 07:00:00+00:00
[2025-07-06T00:49:38.026+0000] {processor.py:208} INFO - Processing /opt/airflow/dags/driven_data_pipeline.py took 0.830 seconds
[2025-07-06T00:50:08.510+0000] {processor.py:186} INFO - Started process (PID=165) to work on /opt/airflow/dags/driven_data_pipeline.py
[2025-07-06T00:50:08.512+0000] {processor.py:914} INFO - Processing file /opt/airflow/dags/driven_data_pipeline.py for tasks to queue
[2025-07-06T00:50:08.520+0000] {logging_mixin.py:190} INFO - [2025-07-06T00:50:08.520+0000] {dagbag.py:588} INFO - Filling up the DagBag from /opt/airflow/dags/driven_data_pipeline.py
[2025-07-06T00:50:09.082+0000] {processor.py:925} INFO - DAG(s) 'extract_raw_data_pipeline' retrieved from /opt/airflow/dags/driven_data_pipeline.py
[2025-07-06T00:50:09.115+0000] {logging_mixin.py:190} INFO - [2025-07-06T00:50:09.114+0000] {dag.py:3239} INFO - Sync 1 DAGs
[2025-07-06T00:50:09.144+0000] {logging_mixin.py:190} INFO - [2025-07-06T00:50:09.144+0000] {dag.py:4180} INFO - Setting next_dagrun for extract_raw_data_pipeline to 2025-07-05 07:59:00+00:00, run_after=2025-07-06 07:00:00+00:00
[2025-07-06T00:50:09.172+0000] {processor.py:208} INFO - Processing /opt/airflow/dags/driven_data_pipeline.py took 0.672 seconds
[2025-07-06T00:50:39.853+0000] {processor.py:186} INFO - Started process (PID=173) to work on /opt/airflow/dags/driven_data_pipeline.py
[2025-07-06T00:50:39.854+0000] {processor.py:914} INFO - Processing file /opt/airflow/dags/driven_data_pipeline.py for tasks to queue
[2025-07-06T00:50:39.859+0000] {logging_mixin.py:190} INFO - [2025-07-06T00:50:39.858+0000] {dagbag.py:588} INFO - Filling up the DagBag from /opt/airflow/dags/driven_data_pipeline.py
[2025-07-06T00:50:40.554+0000] {processor.py:925} INFO - DAG(s) 'extract_raw_data_pipeline' retrieved from /opt/airflow/dags/driven_data_pipeline.py
[2025-07-06T00:50:40.585+0000] {logging_mixin.py:190} INFO - [2025-07-06T00:50:40.584+0000] {dag.py:3239} INFO - Sync 1 DAGs
[2025-07-06T00:50:40.614+0000] {logging_mixin.py:190} INFO - [2025-07-06T00:50:40.614+0000] {dag.py:4180} INFO - Setting next_dagrun for extract_raw_data_pipeline to 2025-07-05 07:59:00+00:00, run_after=2025-07-06 07:00:00+00:00
[2025-07-06T00:50:40.640+0000] {processor.py:208} INFO - Processing /opt/airflow/dags/driven_data_pipeline.py took 0.797 seconds
[2025-07-06T00:50:59.620+0000] {processor.py:186} INFO - Started process (PID=175) to work on /opt/airflow/dags/driven_data_pipeline.py
[2025-07-06T00:50:59.621+0000] {processor.py:914} INFO - Processing file /opt/airflow/dags/driven_data_pipeline.py for tasks to queue
[2025-07-06T00:50:59.624+0000] {logging_mixin.py:190} INFO - [2025-07-06T00:50:59.624+0000] {dagbag.py:588} INFO - Filling up the DagBag from /opt/airflow/dags/driven_data_pipeline.py
[2025-07-06T00:51:00.217+0000] {processor.py:925} INFO - DAG(s) 'extract_raw_data_pipeline' retrieved from /opt/airflow/dags/driven_data_pipeline.py
[2025-07-06T00:51:00.248+0000] {logging_mixin.py:190} INFO - [2025-07-06T00:51:00.248+0000] {dag.py:3239} INFO - Sync 1 DAGs
[2025-07-06T00:51:00.276+0000] {logging_mixin.py:190} INFO - [2025-07-06T00:51:00.276+0000] {dag.py:4180} INFO - Setting next_dagrun for extract_raw_data_pipeline to 2025-07-05 07:59:00+00:00, run_after=2025-07-06 07:00:00+00:00
[2025-07-06T00:51:00.308+0000] {processor.py:208} INFO - Processing /opt/airflow/dags/driven_data_pipeline.py took 0.696 seconds
[2025-07-06T00:51:00.367+0000] {processor.py:186} INFO - Started process (PID=177) to work on /opt/airflow/dags/driven_data_pipeline.py
[2025-07-06T00:51:00.369+0000] {processor.py:914} INFO - Processing file /opt/airflow/dags/driven_data_pipeline.py for tasks to queue
[2025-07-06T00:51:00.372+0000] {logging_mixin.py:190} INFO - [2025-07-06T00:51:00.372+0000] {dagbag.py:588} INFO - Filling up the DagBag from /opt/airflow/dags/driven_data_pipeline.py
[2025-07-06T00:51:00.759+0000] {processor.py:925} INFO - DAG(s) 'extract_raw_data_pipeline' retrieved from /opt/airflow/dags/driven_data_pipeline.py
[2025-07-06T00:51:00.786+0000] {logging_mixin.py:190} INFO - [2025-07-06T00:51:00.786+0000] {dag.py:3239} INFO - Sync 1 DAGs
[2025-07-06T00:51:00.811+0000] {logging_mixin.py:190} INFO - [2025-07-06T00:51:00.811+0000] {dag.py:4180} INFO - Setting next_dagrun for extract_raw_data_pipeline to 2025-07-05 07:59:00+00:00, run_after=2025-07-06 07:00:00+00:00
[2025-07-06T00:51:00.837+0000] {processor.py:208} INFO - Processing /opt/airflow/dags/driven_data_pipeline.py took 0.479 seconds
[2025-07-06T00:51:00.898+0000] {processor.py:186} INFO - Started process (PID=179) to work on /opt/airflow/dags/driven_data_pipeline.py
[2025-07-06T00:51:00.900+0000] {processor.py:914} INFO - Processing file /opt/airflow/dags/driven_data_pipeline.py for tasks to queue
[2025-07-06T00:51:00.905+0000] {logging_mixin.py:190} INFO - [2025-07-06T00:51:00.904+0000] {dagbag.py:588} INFO - Filling up the DagBag from /opt/airflow/dags/driven_data_pipeline.py
[2025-07-06T00:51:01.333+0000] {processor.py:925} INFO - DAG(s) 'extract_raw_data_pipeline' retrieved from /opt/airflow/dags/driven_data_pipeline.py
[2025-07-06T00:51:01.361+0000] {logging_mixin.py:190} INFO - [2025-07-06T00:51:01.360+0000] {dag.py:3239} INFO - Sync 1 DAGs
[2025-07-06T00:51:01.388+0000] {logging_mixin.py:190} INFO - [2025-07-06T00:51:01.388+0000] {dag.py:4180} INFO - Setting next_dagrun for extract_raw_data_pipeline to 2025-07-05 07:59:00+00:00, run_after=2025-07-06 07:00:00+00:00
[2025-07-06T00:51:01.414+0000] {processor.py:208} INFO - Processing /opt/airflow/dags/driven_data_pipeline.py took 0.526 seconds
[2025-07-06T00:51:01.483+0000] {processor.py:186} INFO - Started process (PID=181) to work on /opt/airflow/dags/driven_data_pipeline.py
[2025-07-06T00:51:01.484+0000] {processor.py:914} INFO - Processing file /opt/airflow/dags/driven_data_pipeline.py for tasks to queue
[2025-07-06T00:51:01.488+0000] {logging_mixin.py:190} INFO - [2025-07-06T00:51:01.488+0000] {dagbag.py:588} INFO - Filling up the DagBag from /opt/airflow/dags/driven_data_pipeline.py
[2025-07-06T00:51:01.896+0000] {processor.py:925} INFO - DAG(s) 'extract_raw_data_pipeline' retrieved from /opt/airflow/dags/driven_data_pipeline.py
[2025-07-06T00:51:01.924+0000] {logging_mixin.py:190} INFO - [2025-07-06T00:51:01.924+0000] {dag.py:3239} INFO - Sync 1 DAGs
[2025-07-06T00:51:01.952+0000] {logging_mixin.py:190} INFO - [2025-07-06T00:51:01.951+0000] {dag.py:4180} INFO - Setting next_dagrun for extract_raw_data_pipeline to 2025-07-05 07:59:00+00:00, run_after=2025-07-06 07:00:00+00:00
[2025-07-06T00:51:01.974+0000] {processor.py:208} INFO - Processing /opt/airflow/dags/driven_data_pipeline.py took 0.500 seconds
[2025-07-06T00:51:02.224+0000] {processor.py:186} INFO - Started process (PID=183) to work on /opt/airflow/dags/driven_data_pipeline.py
[2025-07-06T00:51:02.226+0000] {processor.py:914} INFO - Processing file /opt/airflow/dags/driven_data_pipeline.py for tasks to queue
[2025-07-06T00:51:02.230+0000] {logging_mixin.py:190} INFO - [2025-07-06T00:51:02.229+0000] {dagbag.py:588} INFO - Filling up the DagBag from /opt/airflow/dags/driven_data_pipeline.py
[2025-07-06T00:51:02.513+0000] {processor.py:925} INFO - DAG(s) 'extract_raw_data_pipeline' retrieved from /opt/airflow/dags/driven_data_pipeline.py
[2025-07-06T00:51:02.552+0000] {logging_mixin.py:190} INFO - [2025-07-06T00:51:02.551+0000] {dag.py:3239} INFO - Sync 1 DAGs
[2025-07-06T00:51:02.586+0000] {logging_mixin.py:190} INFO - [2025-07-06T00:51:02.585+0000] {dag.py:4180} INFO - Setting next_dagrun for extract_raw_data_pipeline to 2025-07-05 07:59:00+00:00, run_after=2025-07-06 07:00:00+00:00
[2025-07-06T00:51:02.613+0000] {processor.py:208} INFO - Processing /opt/airflow/dags/driven_data_pipeline.py took 0.398 seconds
[2025-07-06T00:51:33.072+0000] {processor.py:186} INFO - Started process (PID=199) to work on /opt/airflow/dags/driven_data_pipeline.py
[2025-07-06T00:51:33.118+0000] {processor.py:914} INFO - Processing file /opt/airflow/dags/driven_data_pipeline.py for tasks to queue
[2025-07-06T00:51:33.157+0000] {logging_mixin.py:190} INFO - [2025-07-06T00:51:33.138+0000] {dagbag.py:588} INFO - Filling up the DagBag from /opt/airflow/dags/driven_data_pipeline.py
[2025-07-06T03:56:49.920+0000] {logging_mixin.py:190} INFO - [2025-07-06T03:56:49.796+0000] {timeout.py:68} ERROR - Process timed out, PID: 199
[2025-07-06T03:56:54.547+0000] {logging_mixin.py:190} INFO - [2025-07-06T03:56:49.925+0000] {dagbag.py:387} ERROR - Failed to import: /opt/airflow/dags/driven_data_pipeline.py
Traceback (most recent call last):
  File "/home/airflow/.local/lib/python3.12/site-packages/airflow/models/dagbag.py", line 383, in parse
    loader.exec_module(new_module)
  File "<frozen importlib._bootstrap_external>", line 995, in exec_module
  File "<frozen importlib._bootstrap>", line 488, in _call_with_frames_removed
  File "/opt/airflow/dags/driven_data_pipeline.py", line 6, in <module>
    import polars as pl
  File "/home/airflow/.local/lib/python3.12/site-packages/polars/__init__.py", line 15, in <module>
    from polars.polars import __register_startup_deps
  File "/home/airflow/.local/lib/python3.12/site-packages/airflow/utils/timeout.py", line 69, in handle_timeout
    raise AirflowTaskTimeout(self.error_message)
airflow.exceptions.AirflowTaskTimeout: DagBag import timeout for /opt/airflow/dags/driven_data_pipeline.py after 30.0s.
Please take a look at these docs to improve your DAG import time:
* https://airflow.apache.org/docs/apache-airflow/2.10.2/best-practices.html#top-level-python-code
* https://airflow.apache.org/docs/apache-airflow/2.10.2/best-practices.html#reducing-dag-complexity, PID: 199
[2025-07-06T03:56:54.850+0000] {processor.py:927} WARNING - No viable dags retrieved from /opt/airflow/dags/driven_data_pipeline.py
[2025-07-06T03:57:06.835+0000] {processor.py:211} ERROR - Got an exception! Propagating...
Traceback (most recent call last):
  File "/home/airflow/.local/lib/python3.12/site-packages/sqlalchemy/engine/base.py", line 3371, in _wrap_pool_connect
    return fn()
           ^^^^
  File "/home/airflow/.local/lib/python3.12/site-packages/sqlalchemy/pool/base.py", line 327, in connect
    return _ConnectionFairy._checkout(self)
           ^^^^^^^^^^^^^^^^^^^^^^^^^^^^^^^^
  File "/home/airflow/.local/lib/python3.12/site-packages/sqlalchemy/pool/base.py", line 894, in _checkout
    fairy = _ConnectionRecord.checkout(pool)
            ^^^^^^^^^^^^^^^^^^^^^^^^^^^^^^^^
  File "/home/airflow/.local/lib/python3.12/site-packages/sqlalchemy/pool/base.py", line 493, in checkout
    rec = pool._do_get()
          ^^^^^^^^^^^^^^
  File "/home/airflow/.local/lib/python3.12/site-packages/sqlalchemy/pool/impl.py", line 145, in _do_get
    with util.safe_reraise():
         ^^^^^^^^^^^^^^^^^^^
  File "/home/airflow/.local/lib/python3.12/site-packages/sqlalchemy/util/langhelpers.py", line 70, in __exit__
    compat.raise_(
  File "/home/airflow/.local/lib/python3.12/site-packages/sqlalchemy/util/compat.py", line 211, in raise_
    raise exception
  File "/home/airflow/.local/lib/python3.12/site-packages/sqlalchemy/pool/impl.py", line 143, in _do_get
    return self._create_connection()
           ^^^^^^^^^^^^^^^^^^^^^^^^^
  File "/home/airflow/.local/lib/python3.12/site-packages/sqlalchemy/pool/base.py", line 273, in _create_connection
    return _ConnectionRecord(self)
           ^^^^^^^^^^^^^^^^^^^^^^^
  File "/home/airflow/.local/lib/python3.12/site-packages/sqlalchemy/pool/base.py", line 388, in __init__
    self.__connect()
  File "/home/airflow/.local/lib/python3.12/site-packages/sqlalchemy/pool/base.py", line 690, in __connect
    with util.safe_reraise():
         ^^^^^^^^^^^^^^^^^^^
  File "/home/airflow/.local/lib/python3.12/site-packages/sqlalchemy/util/langhelpers.py", line 70, in __exit__
    compat.raise_(
  File "/home/airflow/.local/lib/python3.12/site-packages/sqlalchemy/util/compat.py", line 211, in raise_
    raise exception
  File "/home/airflow/.local/lib/python3.12/site-packages/sqlalchemy/pool/base.py", line 686, in __connect
    self.dbapi_connection = connection = pool._invoke_creator(self)
                                         ^^^^^^^^^^^^^^^^^^^^^^^^^^
  File "/home/airflow/.local/lib/python3.12/site-packages/sqlalchemy/engine/create.py", line 574, in connect
    return dialect.connect(*cargs, **cparams)
           ^^^^^^^^^^^^^^^^^^^^^^^^^^^^^^^^^^
  File "/home/airflow/.local/lib/python3.12/site-packages/sqlalchemy/engine/default.py", line 598, in connect
    return self.dbapi.connect(*cargs, **cparams)
           ^^^^^^^^^^^^^^^^^^^^^^^^^^^^^^^^^^^^^
  File "/home/airflow/.local/lib/python3.12/site-packages/psycopg2/__init__.py", line 122, in connect
    conn = _connect(dsn, connection_factory=connection_factory, **kwasync)
           ^^^^^^^^^^^^^^^^^^^^^^^^^^^^^^^^^^^^^^^^^^^^^^^^^^^^^^^^^^^^^^^
psycopg2.OperationalError: could not translate host name "postgres" to address: Temporary failure in name resolution


The above exception was the direct cause of the following exception:

Traceback (most recent call last):
  File "/home/airflow/.local/lib/python3.12/site-packages/airflow/dag_processing/processor.py", line 207, in _run_file_processor
    _handle_dag_file_processing()
  File "/home/airflow/.local/lib/python3.12/site-packages/airflow/dag_processing/processor.py", line 188, in _handle_dag_file_processing
    result: tuple[int, int, int] = dag_file_processor.process_file(
                                   ^^^^^^^^^^^^^^^^^^^^^^^^^^^^^^^^
  File "/home/airflow/.local/lib/python3.12/site-packages/airflow/utils/session.py", line 97, in wrapper
    return func(*args, session=session, **kwargs)
           ^^^^^^^^^^^^^^^^^^^^^^^^^^^^^^^^^^^^^^
  File "/home/airflow/.local/lib/python3.12/site-packages/airflow/dag_processing/processor.py", line 928, in process_file
    DagFileProcessor.update_import_errors(
  File "/home/airflow/.local/lib/python3.12/site-packages/airflow/api_internal/internal_api_call.py", line 139, in wrapper
    return func(*args, **kwargs)
           ^^^^^^^^^^^^^^^^^^^^^
  File "/home/airflow/.local/lib/python3.12/site-packages/airflow/utils/session.py", line 97, in wrapper
    return func(*args, session=session, **kwargs)
           ^^^^^^^^^^^^^^^^^^^^^^^^^^^^^^^^^^^^^^
  File "/home/airflow/.local/lib/python3.12/site-packages/airflow/dag_processing/processor.py", line 648, in update_import_errors
    existing_import_error_files = [x.filename for x in session.query(ParseImportError.filename).all()]
                                                       ^^^^^^^^^^^^^^^^^^^^^^^^^^^^^^^^^^^^^^^^^^^^^^
  File "/home/airflow/.local/lib/python3.12/site-packages/sqlalchemy/orm/query.py", line 2773, in all
    return self._iter().all()
           ^^^^^^^^^^^^
  File "/home/airflow/.local/lib/python3.12/site-packages/sqlalchemy/orm/query.py", line 2916, in _iter
    result = self.session.execute(
             ^^^^^^^^^^^^^^^^^^^^^
  File "/home/airflow/.local/lib/python3.12/site-packages/sqlalchemy/orm/session.py", line 1716, in execute
    conn = self._connection_for_bind(bind)
           ^^^^^^^^^^^^^^^^^^^^^^^^^^^^^^^
  File "/home/airflow/.local/lib/python3.12/site-packages/sqlalchemy/orm/session.py", line 1555, in _connection_for_bind
    return self._transaction._connection_for_bind(
           ^^^^^^^^^^^^^^^^^^^^^^^^^^^^^^^^^^^^^^^
  File "/home/airflow/.local/lib/python3.12/site-packages/sqlalchemy/orm/session.py", line 750, in _connection_for_bind
    conn = bind.connect()
           ^^^^^^^^^^^^^^
  File "/home/airflow/.local/lib/python3.12/site-packages/sqlalchemy/future/engine.py", line 412, in connect
    return super(Engine, self).connect()
           ^^^^^^^^^^^^^^^^^^^^^^^^^^^^^
  File "/home/airflow/.local/lib/python3.12/site-packages/sqlalchemy/engine/base.py", line 3325, in connect
    return self._connection_cls(self, close_with_result=close_with_result)
           ^^^^^^^^^^^^^^^^^^^^^^^^^^^^^^^^^^^^^^^^^^^^^^^^^^^^^^^^^^^^^^^
  File "/home/airflow/.local/lib/python3.12/site-packages/sqlalchemy/engine/base.py", line 96, in __init__
    else engine.raw_connection()
         ^^^^^^^^^^^^^^^^^^^^^^^
  File "/home/airflow/.local/lib/python3.12/site-packages/sqlalchemy/engine/base.py", line 3404, in raw_connection
    return self._wrap_pool_connect(self.pool.connect, _connection)
           ^^^^^^^^^^^^^^^^^^^^^^^^^^^^^^^^^^^^^^^^^^^^^^^^^^^^^^^
  File "/home/airflow/.local/lib/python3.12/site-packages/sqlalchemy/engine/base.py", line 3374, in _wrap_pool_connect
    Connection._handle_dbapi_exception_noconnection(
  File "/home/airflow/.local/lib/python3.12/site-packages/sqlalchemy/engine/base.py", line 2208, in _handle_dbapi_exception_noconnection
    util.raise_(
  File "/home/airflow/.local/lib/python3.12/site-packages/sqlalchemy/util/compat.py", line 211, in raise_
    raise exception
  File "/home/airflow/.local/lib/python3.12/site-packages/sqlalchemy/engine/base.py", line 3371, in _wrap_pool_connect
    return fn()
           ^^^^
  File "/home/airflow/.local/lib/python3.12/site-packages/sqlalchemy/pool/base.py", line 327, in connect
    return _ConnectionFairy._checkout(self)
           ^^^^^^^^^^^^^^^^^^^^^^^^^^^^^^^^
  File "/home/airflow/.local/lib/python3.12/site-packages/sqlalchemy/pool/base.py", line 894, in _checkout
    fairy = _ConnectionRecord.checkout(pool)
            ^^^^^^^^^^^^^^^^^^^^^^^^^^^^^^^^
  File "/home/airflow/.local/lib/python3.12/site-packages/sqlalchemy/pool/base.py", line 493, in checkout
    rec = pool._do_get()
          ^^^^^^^^^^^^^^
  File "/home/airflow/.local/lib/python3.12/site-packages/sqlalchemy/pool/impl.py", line 145, in _do_get
    with util.safe_reraise():
         ^^^^^^^^^^^^^^^^^^^
  File "/home/airflow/.local/lib/python3.12/site-packages/sqlalchemy/util/langhelpers.py", line 70, in __exit__
    compat.raise_(
  File "/home/airflow/.local/lib/python3.12/site-packages/sqlalchemy/util/compat.py", line 211, in raise_
    raise exception
  File "/home/airflow/.local/lib/python3.12/site-packages/sqlalchemy/pool/impl.py", line 143, in _do_get
    return self._create_connection()
           ^^^^^^^^^^^^^^^^^^^^^^^^^
  File "/home/airflow/.local/lib/python3.12/site-packages/sqlalchemy/pool/base.py", line 273, in _create_connection
    return _ConnectionRecord(self)
           ^^^^^^^^^^^^^^^^^^^^^^^
  File "/home/airflow/.local/lib/python3.12/site-packages/sqlalchemy/pool/base.py", line 388, in __init__
    self.__connect()
  File "/home/airflow/.local/lib/python3.12/site-packages/sqlalchemy/pool/base.py", line 690, in __connect
    with util.safe_reraise():
         ^^^^^^^^^^^^^^^^^^^
  File "/home/airflow/.local/lib/python3.12/site-packages/sqlalchemy/util/langhelpers.py", line 70, in __exit__
    compat.raise_(
  File "/home/airflow/.local/lib/python3.12/site-packages/sqlalchemy/util/compat.py", line 211, in raise_
    raise exception
  File "/home/airflow/.local/lib/python3.12/site-packages/sqlalchemy/pool/base.py", line 686, in __connect
    self.dbapi_connection = connection = pool._invoke_creator(self)
                                         ^^^^^^^^^^^^^^^^^^^^^^^^^^
  File "/home/airflow/.local/lib/python3.12/site-packages/sqlalchemy/engine/create.py", line 574, in connect
    return dialect.connect(*cargs, **cparams)
           ^^^^^^^^^^^^^^^^^^^^^^^^^^^^^^^^^^
  File "/home/airflow/.local/lib/python3.12/site-packages/sqlalchemy/engine/default.py", line 598, in connect
    return self.dbapi.connect(*cargs, **cparams)
           ^^^^^^^^^^^^^^^^^^^^^^^^^^^^^^^^^^^^^
  File "/home/airflow/.local/lib/python3.12/site-packages/psycopg2/__init__.py", line 122, in connect
    conn = _connect(dsn, connection_factory=connection_factory, **kwasync)
           ^^^^^^^^^^^^^^^^^^^^^^^^^^^^^^^^^^^^^^^^^^^^^^^^^^^^^^^^^^^^^^^
sqlalchemy.exc.OperationalError: (psycopg2.OperationalError) could not translate host name "postgres" to address: Temporary failure in name resolution

(Background on this error at: https://sqlalche.me/e/14/e3q8)
[2025-07-06T03:58:06.908+0000] {processor.py:186} INFO - Started process (PID=60) to work on /opt/airflow/dags/driven_data_pipeline.py
[2025-07-06T03:58:06.909+0000] {processor.py:914} INFO - Processing file /opt/airflow/dags/driven_data_pipeline.py for tasks to queue
[2025-07-06T03:58:06.913+0000] {logging_mixin.py:190} INFO - [2025-07-06T03:58:06.912+0000] {dagbag.py:588} INFO - Filling up the DagBag from /opt/airflow/dags/driven_data_pipeline.py
[2025-07-06T03:58:08.555+0000] {processor.py:925} INFO - DAG(s) 'extract_raw_data_pipeline' retrieved from /opt/airflow/dags/driven_data_pipeline.py
[2025-07-06T03:58:08.591+0000] {logging_mixin.py:190} INFO - [2025-07-06T03:58:08.591+0000] {dag.py:3239} INFO - Sync 1 DAGs
[2025-07-06T03:58:08.616+0000] {logging_mixin.py:190} INFO - [2025-07-06T03:58:08.616+0000] {dag.py:4180} INFO - Setting next_dagrun for extract_raw_data_pipeline to 2025-07-05 07:59:00+00:00, run_after=2025-07-06 07:00:00+00:00
[2025-07-06T03:58:08.641+0000] {processor.py:208} INFO - Processing /opt/airflow/dags/driven_data_pipeline.py took 1.740 seconds
[2025-07-06T03:58:14.328+0000] {processor.py:186} INFO - Started process (PID=62) to work on /opt/airflow/dags/driven_data_pipeline.py
[2025-07-06T03:58:14.329+0000] {processor.py:914} INFO - Processing file /opt/airflow/dags/driven_data_pipeline.py for tasks to queue
[2025-07-06T03:58:14.332+0000] {logging_mixin.py:190} INFO - [2025-07-06T03:58:14.332+0000] {dagbag.py:588} INFO - Filling up the DagBag from /opt/airflow/dags/driven_data_pipeline.py
[2025-07-06T03:58:14.684+0000] {processor.py:925} INFO - DAG(s) 'extract_raw_data_pipeline' retrieved from /opt/airflow/dags/driven_data_pipeline.py
[2025-07-06T03:58:14.702+0000] {logging_mixin.py:190} INFO - [2025-07-06T03:58:14.701+0000] {taskinstance.py:3312} ERROR - {'DAG Id': 'extract_raw_data_pipeline', 'Task Id': 'extract_raw_data', 'Run Id': 'manual__2025-07-06T00:51:17.216830+00:00', 'Hostname': '5fa0cbd20688', 'External Executor Id': 'ee003835-a00e-411a-9b9b-40bcec51e1ef'}
[2025-07-06T03:58:14.741+0000] {logging_mixin.py:190} INFO - [2025-07-06T03:58:14.740+0000] {taskinstance.py:1225} INFO - Marking task as FAILED. dag_id=extract_raw_data_pipeline, task_id=extract_raw_data, run_id=manual__2025-07-06T00:51:17.216830+00:00, execution_date=20250706T005117, start_date=20250706T005129, end_date=20250706T035814
[2025-07-06T03:58:14.761+0000] {logging_mixin.py:190} INFO - [2025-07-06T03:58:14.761+0000] {processor.py:876} INFO - Executed callback for <TaskInstance: extract_raw_data_pipeline.extract_raw_data manual__2025-07-06T00:51:17.216830+00:00 [failed]> in state failed
[2025-07-06T03:58:14.779+0000] {logging_mixin.py:190} INFO - [2025-07-06T03:58:14.779+0000] {dag.py:3239} INFO - Sync 1 DAGs
[2025-07-06T03:58:14.796+0000] {logging_mixin.py:190} INFO - [2025-07-06T03:58:14.796+0000] {dag.py:4180} INFO - Setting next_dagrun for extract_raw_data_pipeline to 2025-07-05 07:59:00+00:00, run_after=2025-07-06 07:00:00+00:00
[2025-07-06T03:58:14.821+0000] {processor.py:208} INFO - Processing /opt/airflow/dags/driven_data_pipeline.py took 0.500 seconds
[2025-07-06T03:58:24.410+0000] {processor.py:186} INFO - Started process (PID=70) to work on /opt/airflow/dags/driven_data_pipeline.py
[2025-07-06T03:58:24.412+0000] {processor.py:914} INFO - Processing file /opt/airflow/dags/driven_data_pipeline.py for tasks to queue
[2025-07-06T03:58:24.416+0000] {logging_mixin.py:190} INFO - [2025-07-06T03:58:24.416+0000] {dagbag.py:588} INFO - Filling up the DagBag from /opt/airflow/dags/driven_data_pipeline.py
[2025-07-06T03:58:24.799+0000] {processor.py:925} INFO - DAG(s) 'extract_raw_data_pipeline' retrieved from /opt/airflow/dags/driven_data_pipeline.py
[2025-07-06T03:58:24.818+0000] {logging_mixin.py:190} INFO - [2025-07-06T03:58:24.818+0000] {taskinstance.py:3312} ERROR - {'DAG Id': 'extract_raw_data_pipeline', 'Task Id': 'create_raw_schema', 'Run Id': 'manual__2025-07-06T00:51:17.216830+00:00', 'Hostname': '5fa0cbd20688', 'External Executor Id': 'ac6aa650-8dc3-4e11-afa5-4281c0337530'}
[2025-07-06T03:58:24.844+0000] {logging_mixin.py:190} INFO - [2025-07-06T03:58:24.844+0000] {taskinstance.py:1225} INFO - Marking task as FAILED. dag_id=extract_raw_data_pipeline, task_id=create_raw_schema, run_id=manual__2025-07-06T00:51:17.216830+00:00, execution_date=20250706T005117, start_date=20250706T005129, end_date=20250706T035824
[2025-07-06T03:58:24.856+0000] {logging_mixin.py:190} INFO - [2025-07-06T03:58:24.856+0000] {processor.py:876} INFO - Executed callback for <TaskInstance: extract_raw_data_pipeline.create_raw_schema manual__2025-07-06T00:51:17.216830+00:00 [failed]> in state failed
[2025-07-06T03:58:24.859+0000] {logging_mixin.py:190} INFO - [2025-07-06T03:58:24.859+0000] {taskinstance.py:3312} ERROR - {'DAG Id': 'extract_raw_data_pipeline', 'Task Id': 'create_raw_schema', 'Run Id': 'manual__2025-07-06T00:51:17.216830+00:00', 'Hostname': '5fa0cbd20688', 'External Executor Id': 'ac6aa650-8dc3-4e11-afa5-4281c0337530'}
[2025-07-06T03:58:24.869+0000] {logging_mixin.py:190} INFO - [2025-07-06T03:58:24.869+0000] {taskinstance.py:1225} INFO - Marking task as FAILED. dag_id=extract_raw_data_pipeline, task_id=create_raw_schema, run_id=manual__2025-07-06T00:51:17.216830+00:00, execution_date=20250706T005117, start_date=20250706T005129, end_date=20250706T035824
[2025-07-06T03:58:24.876+0000] {logging_mixin.py:190} INFO - [2025-07-06T03:58:24.876+0000] {processor.py:876} INFO - Executed callback for <TaskInstance: extract_raw_data_pipeline.create_raw_schema manual__2025-07-06T00:51:17.216830+00:00 [failed]> in state failed
[2025-07-06T03:58:24.892+0000] {logging_mixin.py:190} INFO - [2025-07-06T03:58:24.892+0000] {dag.py:3239} INFO - Sync 1 DAGs
[2025-07-06T03:58:24.913+0000] {logging_mixin.py:190} INFO - [2025-07-06T03:58:24.913+0000] {dag.py:4180} INFO - Setting next_dagrun for extract_raw_data_pipeline to 2025-07-05 07:59:00+00:00, run_after=2025-07-06 07:00:00+00:00
[2025-07-06T03:58:24.932+0000] {processor.py:208} INFO - Processing /opt/airflow/dags/driven_data_pipeline.py took 0.532 seconds
[2025-07-06T07:00:07.561+0000] {processor.py:186} INFO - Started process (PID=76) to work on /opt/airflow/dags/driven_data_pipeline.py
[2025-07-06T07:00:07.575+0000] {processor.py:914} INFO - Processing file /opt/airflow/dags/driven_data_pipeline.py for tasks to queue
[2025-07-06T07:00:07.601+0000] {logging_mixin.py:190} INFO - [2025-07-06T07:00:07.600+0000] {dagbag.py:588} INFO - Filling up the DagBag from /opt/airflow/dags/driven_data_pipeline.py
[2025-07-06T07:00:10.828+0000] {processor.py:925} INFO - DAG(s) 'extract_raw_data_pipeline' retrieved from /opt/airflow/dags/driven_data_pipeline.py
[2025-07-06T07:00:10.923+0000] {logging_mixin.py:190} INFO - [2025-07-06T07:00:10.919+0000] {dag.py:3239} INFO - Sync 1 DAGs
[2025-07-06T07:00:11.022+0000] {logging_mixin.py:190} INFO - [2025-07-06T07:00:11.022+0000] {dag.py:4180} INFO - Setting next_dagrun for extract_raw_data_pipeline to 2025-07-06 07:00:00+00:00, run_after=2025-07-06 07:01:00+00:00
[2025-07-06T07:00:10.604+0000] {processor.py:208} INFO - Processing /opt/airflow/dags/driven_data_pipeline.py took 3.580 seconds
[2025-07-06T07:00:41.227+0000] {processor.py:186} INFO - Started process (PID=84) to work on /opt/airflow/dags/driven_data_pipeline.py
[2025-07-06T07:00:41.229+0000] {processor.py:914} INFO - Processing file /opt/airflow/dags/driven_data_pipeline.py for tasks to queue
[2025-07-06T07:00:41.233+0000] {logging_mixin.py:190} INFO - [2025-07-06T07:00:41.233+0000] {dagbag.py:588} INFO - Filling up the DagBag from /opt/airflow/dags/driven_data_pipeline.py
[2025-07-06T07:00:42.030+0000] {processor.py:925} INFO - DAG(s) 'extract_raw_data_pipeline' retrieved from /opt/airflow/dags/driven_data_pipeline.py
[2025-07-06T07:00:42.071+0000] {logging_mixin.py:190} INFO - [2025-07-06T07:00:42.071+0000] {dag.py:3239} INFO - Sync 1 DAGs
[2025-07-06T07:00:42.097+0000] {logging_mixin.py:190} INFO - [2025-07-06T07:00:42.096+0000] {dag.py:4180} INFO - Setting next_dagrun for extract_raw_data_pipeline to 2025-07-06 07:00:00+00:00, run_after=2025-07-06 07:01:00+00:00
[2025-07-06T07:00:42.122+0000] {processor.py:208} INFO - Processing /opt/airflow/dags/driven_data_pipeline.py took 0.906 seconds
[2025-07-06T07:01:12.852+0000] {processor.py:186} INFO - Started process (PID=96) to work on /opt/airflow/dags/driven_data_pipeline.py
[2025-07-06T07:01:12.853+0000] {processor.py:914} INFO - Processing file /opt/airflow/dags/driven_data_pipeline.py for tasks to queue
[2025-07-06T07:01:12.857+0000] {logging_mixin.py:190} INFO - [2025-07-06T07:01:12.856+0000] {dagbag.py:588} INFO - Filling up the DagBag from /opt/airflow/dags/driven_data_pipeline.py
[2025-07-06T07:01:19.475+0000] {processor.py:925} INFO - DAG(s) 'extract_raw_data_pipeline' retrieved from /opt/airflow/dags/driven_data_pipeline.py
[2025-07-06T07:01:19.543+0000] {logging_mixin.py:190} INFO - [2025-07-06T07:01:19.542+0000] {dag.py:3239} INFO - Sync 1 DAGs
[2025-07-06T07:01:19.585+0000] {logging_mixin.py:190} INFO - [2025-07-06T07:01:19.585+0000] {dag.py:4180} INFO - Setting next_dagrun for extract_raw_data_pipeline to 2025-07-06 07:01:00+00:00, run_after=2025-07-06 07:02:00+00:00
[2025-07-06T07:01:20.292+0000] {processor.py:208} INFO - Processing /opt/airflow/dags/driven_data_pipeline.py took 8.249 seconds
[2025-07-06T07:01:51.037+0000] {processor.py:186} INFO - Started process (PID=104) to work on /opt/airflow/dags/driven_data_pipeline.py
[2025-07-06T07:01:51.038+0000] {processor.py:914} INFO - Processing file /opt/airflow/dags/driven_data_pipeline.py for tasks to queue
[2025-07-06T07:01:51.041+0000] {logging_mixin.py:190} INFO - [2025-07-06T07:01:51.041+0000] {dagbag.py:588} INFO - Filling up the DagBag from /opt/airflow/dags/driven_data_pipeline.py
[2025-07-06T07:01:51.673+0000] {processor.py:925} INFO - DAG(s) 'extract_raw_data_pipeline' retrieved from /opt/airflow/dags/driven_data_pipeline.py
[2025-07-06T07:01:51.698+0000] {logging_mixin.py:190} INFO - [2025-07-06T07:01:51.698+0000] {dag.py:3239} INFO - Sync 1 DAGs
[2025-07-06T07:01:51.719+0000] {logging_mixin.py:190} INFO - [2025-07-06T07:01:51.719+0000] {dag.py:4180} INFO - Setting next_dagrun for extract_raw_data_pipeline to 2025-07-06 07:01:00+00:00, run_after=2025-07-06 07:02:00+00:00
[2025-07-06T07:01:51.744+0000] {processor.py:208} INFO - Processing /opt/airflow/dags/driven_data_pipeline.py took 0.714 seconds
[2025-07-06T07:02:22.447+0000] {processor.py:186} INFO - Started process (PID=117) to work on /opt/airflow/dags/driven_data_pipeline.py
[2025-07-06T07:02:22.448+0000] {processor.py:914} INFO - Processing file /opt/airflow/dags/driven_data_pipeline.py for tasks to queue
[2025-07-06T07:02:22.451+0000] {logging_mixin.py:190} INFO - [2025-07-06T07:02:22.451+0000] {dagbag.py:588} INFO - Filling up the DagBag from /opt/airflow/dags/driven_data_pipeline.py
[2025-07-06T07:02:22.628+0000] {processor.py:925} INFO - DAG(s) 'extract_raw_data_pipeline' retrieved from /opt/airflow/dags/driven_data_pipeline.py
[2025-07-06T07:02:22.656+0000] {logging_mixin.py:190} INFO - [2025-07-06T07:02:22.656+0000] {dag.py:3239} INFO - Sync 1 DAGs
[2025-07-06T07:02:22.683+0000] {logging_mixin.py:190} INFO - [2025-07-06T07:02:22.682+0000] {dag.py:4180} INFO - Setting next_dagrun for extract_raw_data_pipeline to 2025-07-06 07:02:00+00:00, run_after=2025-07-06 07:03:00+00:00
[2025-07-06T07:02:22.708+0000] {processor.py:208} INFO - Processing /opt/airflow/dags/driven_data_pipeline.py took 0.270 seconds
[2025-07-06T10:04:03.768+0000] {processor.py:186} INFO - Started process (PID=125) to work on /opt/airflow/dags/driven_data_pipeline.py
[2025-07-06T10:04:03.806+0000] {processor.py:914} INFO - Processing file /opt/airflow/dags/driven_data_pipeline.py for tasks to queue
[2025-07-06T10:04:03.848+0000] {logging_mixin.py:190} INFO - [2025-07-06T10:04:03.847+0000] {dagbag.py:588} INFO - Filling up the DagBag from /opt/airflow/dags/driven_data_pipeline.py
[2025-07-06T10:04:07.843+0000] {processor.py:925} INFO - DAG(s) 'extract_raw_data_pipeline' retrieved from /opt/airflow/dags/driven_data_pipeline.py
[2025-07-06T10:04:08.371+0000] {logging_mixin.py:190} INFO - [2025-07-06T10:04:08.364+0000] {dag.py:3239} INFO - Sync 1 DAGs
[2025-07-06T10:04:08.514+0000] {logging_mixin.py:190} INFO - [2025-07-06T10:04:08.513+0000] {dag.py:4180} INFO - Setting next_dagrun for extract_raw_data_pipeline to 2025-07-06 07:59:00+00:00, run_after=2025-07-07 07:00:00+00:00
[2025-07-06T10:04:08.572+0000] {processor.py:208} INFO - Processing /opt/airflow/dags/driven_data_pipeline.py took 5.346 seconds
[2025-07-06T10:04:39.617+0000] {processor.py:186} INFO - Started process (PID=141) to work on /opt/airflow/dags/driven_data_pipeline.py
[2025-07-06T10:04:39.620+0000] {processor.py:914} INFO - Processing file /opt/airflow/dags/driven_data_pipeline.py for tasks to queue
[2025-07-06T10:04:39.624+0000] {logging_mixin.py:190} INFO - [2025-07-06T10:04:39.624+0000] {dagbag.py:588} INFO - Filling up the DagBag from /opt/airflow/dags/driven_data_pipeline.py
[2025-07-06T10:04:40.123+0000] {processor.py:925} INFO - DAG(s) 'extract_raw_data_pipeline' retrieved from /opt/airflow/dags/driven_data_pipeline.py
[2025-07-06T10:04:40.222+0000] {logging_mixin.py:190} INFO - [2025-07-06T10:04:40.222+0000] {dag.py:3239} INFO - Sync 1 DAGs
[2025-07-06T10:04:40.256+0000] {logging_mixin.py:190} INFO - [2025-07-06T10:04:40.255+0000] {dag.py:4180} INFO - Setting next_dagrun for extract_raw_data_pipeline to 2025-07-06 07:59:00+00:00, run_after=2025-07-07 07:00:00+00:00
[2025-07-06T10:04:40.283+0000] {processor.py:208} INFO - Processing /opt/airflow/dags/driven_data_pipeline.py took 0.677 seconds
[2025-07-06T10:05:10.839+0000] {processor.py:186} INFO - Started process (PID=149) to work on /opt/airflow/dags/driven_data_pipeline.py
[2025-07-06T10:05:10.841+0000] {processor.py:914} INFO - Processing file /opt/airflow/dags/driven_data_pipeline.py for tasks to queue
[2025-07-06T10:05:10.845+0000] {logging_mixin.py:190} INFO - [2025-07-06T10:05:10.844+0000] {dagbag.py:588} INFO - Filling up the DagBag from /opt/airflow/dags/driven_data_pipeline.py
[2025-07-06T10:05:11.152+0000] {processor.py:925} INFO - DAG(s) 'extract_raw_data_pipeline' retrieved from /opt/airflow/dags/driven_data_pipeline.py
[2025-07-06T10:05:11.188+0000] {logging_mixin.py:190} INFO - [2025-07-06T10:05:11.187+0000] {dag.py:3239} INFO - Sync 1 DAGs
[2025-07-06T10:05:11.217+0000] {logging_mixin.py:190} INFO - [2025-07-06T10:05:11.217+0000] {dag.py:4180} INFO - Setting next_dagrun for extract_raw_data_pipeline to 2025-07-06 07:59:00+00:00, run_after=2025-07-07 07:00:00+00:00
[2025-07-06T10:05:11.241+0000] {processor.py:208} INFO - Processing /opt/airflow/dags/driven_data_pipeline.py took 0.411 seconds
[2025-07-06T10:05:41.700+0000] {processor.py:186} INFO - Started process (PID=157) to work on /opt/airflow/dags/driven_data_pipeline.py
[2025-07-06T10:05:41.702+0000] {processor.py:914} INFO - Processing file /opt/airflow/dags/driven_data_pipeline.py for tasks to queue
[2025-07-06T10:05:41.705+0000] {logging_mixin.py:190} INFO - [2025-07-06T10:05:41.705+0000] {dagbag.py:588} INFO - Filling up the DagBag from /opt/airflow/dags/driven_data_pipeline.py
[2025-07-06T10:05:42.319+0000] {processor.py:925} INFO - DAG(s) 'extract_raw_data_pipeline' retrieved from /opt/airflow/dags/driven_data_pipeline.py
[2025-07-06T10:05:42.349+0000] {logging_mixin.py:190} INFO - [2025-07-06T10:05:42.348+0000] {dag.py:3239} INFO - Sync 1 DAGs
[2025-07-06T10:05:42.377+0000] {logging_mixin.py:190} INFO - [2025-07-06T10:05:42.377+0000] {dag.py:4180} INFO - Setting next_dagrun for extract_raw_data_pipeline to 2025-07-06 07:59:00+00:00, run_after=2025-07-07 07:00:00+00:00
[2025-07-06T10:05:42.401+0000] {processor.py:208} INFO - Processing /opt/airflow/dags/driven_data_pipeline.py took 0.710 seconds
[2025-07-06T10:06:12.596+0000] {processor.py:186} INFO - Started process (PID=165) to work on /opt/airflow/dags/driven_data_pipeline.py
[2025-07-06T10:06:12.597+0000] {processor.py:914} INFO - Processing file /opt/airflow/dags/driven_data_pipeline.py for tasks to queue
[2025-07-06T10:06:12.600+0000] {logging_mixin.py:190} INFO - [2025-07-06T10:06:12.600+0000] {dagbag.py:588} INFO - Filling up the DagBag from /opt/airflow/dags/driven_data_pipeline.py
[2025-07-06T10:06:12.865+0000] {processor.py:925} INFO - DAG(s) 'extract_raw_data_pipeline' retrieved from /opt/airflow/dags/driven_data_pipeline.py
[2025-07-06T10:06:12.895+0000] {logging_mixin.py:190} INFO - [2025-07-06T10:06:12.894+0000] {dag.py:3239} INFO - Sync 1 DAGs
[2025-07-06T10:06:12.918+0000] {logging_mixin.py:190} INFO - [2025-07-06T10:06:12.918+0000] {dag.py:4180} INFO - Setting next_dagrun for extract_raw_data_pipeline to 2025-07-06 07:59:00+00:00, run_after=2025-07-07 07:00:00+00:00
[2025-07-06T10:06:12.939+0000] {processor.py:208} INFO - Processing /opt/airflow/dags/driven_data_pipeline.py took 0.351 seconds
[2025-07-06T13:07:59.657+0000] {processor.py:186} INFO - Started process (PID=173) to work on /opt/airflow/dags/driven_data_pipeline.py
[2025-07-06T13:07:59.670+0000] {processor.py:914} INFO - Processing file /opt/airflow/dags/driven_data_pipeline.py for tasks to queue
[2025-07-06T13:07:59.685+0000] {logging_mixin.py:190} INFO - [2025-07-06T13:07:59.684+0000] {dagbag.py:588} INFO - Filling up the DagBag from /opt/airflow/dags/driven_data_pipeline.py
[2025-07-06T13:08:00.904+0000] {processor.py:925} INFO - DAG(s) 'extract_raw_data_pipeline' retrieved from /opt/airflow/dags/driven_data_pipeline.py
[2025-07-06T13:08:00.960+0000] {logging_mixin.py:190} INFO - [2025-07-06T13:08:00.960+0000] {dag.py:3239} INFO - Sync 1 DAGs
[2025-07-06T13:08:01.004+0000] {logging_mixin.py:190} INFO - [2025-07-06T13:08:01.004+0000] {dag.py:4180} INFO - Setting next_dagrun for extract_raw_data_pipeline to 2025-07-06 07:59:00+00:00, run_after=2025-07-07 07:00:00+00:00
[2025-07-06T13:08:01.056+0000] {processor.py:208} INFO - Processing /opt/airflow/dags/driven_data_pipeline.py took 1.426 seconds
[2025-07-06T13:08:31.336+0000] {processor.py:186} INFO - Started process (PID=181) to work on /opt/airflow/dags/driven_data_pipeline.py
[2025-07-06T13:08:31.337+0000] {processor.py:914} INFO - Processing file /opt/airflow/dags/driven_data_pipeline.py for tasks to queue
[2025-07-06T13:08:31.341+0000] {logging_mixin.py:190} INFO - [2025-07-06T13:08:31.341+0000] {dagbag.py:588} INFO - Filling up the DagBag from /opt/airflow/dags/driven_data_pipeline.py
[2025-07-06T13:08:31.829+0000] {processor.py:925} INFO - DAG(s) 'extract_raw_data_pipeline' retrieved from /opt/airflow/dags/driven_data_pipeline.py
[2025-07-06T13:08:31.863+0000] {logging_mixin.py:190} INFO - [2025-07-06T13:08:31.863+0000] {dag.py:3239} INFO - Sync 1 DAGs
[2025-07-06T13:08:31.892+0000] {logging_mixin.py:190} INFO - [2025-07-06T13:08:31.892+0000] {dag.py:4180} INFO - Setting next_dagrun for extract_raw_data_pipeline to 2025-07-06 07:59:00+00:00, run_after=2025-07-07 07:00:00+00:00
[2025-07-06T13:08:31.917+0000] {processor.py:208} INFO - Processing /opt/airflow/dags/driven_data_pipeline.py took 0.589 seconds
[2025-07-06T13:09:02.154+0000] {processor.py:186} INFO - Started process (PID=189) to work on /opt/airflow/dags/driven_data_pipeline.py
[2025-07-06T13:09:02.155+0000] {processor.py:914} INFO - Processing file /opt/airflow/dags/driven_data_pipeline.py for tasks to queue
[2025-07-06T13:09:02.159+0000] {logging_mixin.py:190} INFO - [2025-07-06T13:09:02.159+0000] {dagbag.py:588} INFO - Filling up the DagBag from /opt/airflow/dags/driven_data_pipeline.py
[2025-07-06T13:09:02.687+0000] {processor.py:925} INFO - DAG(s) 'extract_raw_data_pipeline' retrieved from /opt/airflow/dags/driven_data_pipeline.py
[2025-07-06T13:09:02.725+0000] {logging_mixin.py:190} INFO - [2025-07-06T13:09:02.725+0000] {dag.py:3239} INFO - Sync 1 DAGs
[2025-07-06T13:09:02.757+0000] {logging_mixin.py:190} INFO - [2025-07-06T13:09:02.756+0000] {dag.py:4180} INFO - Setting next_dagrun for extract_raw_data_pipeline to 2025-07-06 07:59:00+00:00, run_after=2025-07-07 07:00:00+00:00
[2025-07-06T13:09:02.788+0000] {processor.py:208} INFO - Processing /opt/airflow/dags/driven_data_pipeline.py took 0.643 seconds
[2025-07-06T13:09:33.139+0000] {processor.py:186} INFO - Started process (PID=197) to work on /opt/airflow/dags/driven_data_pipeline.py
[2025-07-06T13:09:33.141+0000] {processor.py:914} INFO - Processing file /opt/airflow/dags/driven_data_pipeline.py for tasks to queue
[2025-07-06T13:09:33.145+0000] {logging_mixin.py:190} INFO - [2025-07-06T13:09:33.144+0000] {dagbag.py:588} INFO - Filling up the DagBag from /opt/airflow/dags/driven_data_pipeline.py
[2025-07-06T13:09:33.614+0000] {processor.py:925} INFO - DAG(s) 'extract_raw_data_pipeline' retrieved from /opt/airflow/dags/driven_data_pipeline.py
[2025-07-06T13:09:33.688+0000] {logging_mixin.py:190} INFO - [2025-07-06T13:09:33.688+0000] {dag.py:3239} INFO - Sync 1 DAGs
[2025-07-06T13:09:33.717+0000] {logging_mixin.py:190} INFO - [2025-07-06T13:09:33.717+0000] {dag.py:4180} INFO - Setting next_dagrun for extract_raw_data_pipeline to 2025-07-06 07:59:00+00:00, run_after=2025-07-07 07:00:00+00:00
[2025-07-06T13:09:33.743+0000] {processor.py:208} INFO - Processing /opt/airflow/dags/driven_data_pipeline.py took 0.613 seconds
[2025-07-06T13:10:04.410+0000] {processor.py:186} INFO - Started process (PID=205) to work on /opt/airflow/dags/driven_data_pipeline.py
[2025-07-06T13:10:04.411+0000] {processor.py:914} INFO - Processing file /opt/airflow/dags/driven_data_pipeline.py for tasks to queue
[2025-07-06T13:10:04.415+0000] {logging_mixin.py:190} INFO - [2025-07-06T13:10:04.414+0000] {dagbag.py:588} INFO - Filling up the DagBag from /opt/airflow/dags/driven_data_pipeline.py
[2025-07-06T13:10:04.636+0000] {processor.py:925} INFO - DAG(s) 'extract_raw_data_pipeline' retrieved from /opt/airflow/dags/driven_data_pipeline.py
[2025-07-06T13:10:04.666+0000] {logging_mixin.py:190} INFO - [2025-07-06T13:10:04.665+0000] {dag.py:3239} INFO - Sync 1 DAGs
[2025-07-06T13:10:04.692+0000] {logging_mixin.py:190} INFO - [2025-07-06T13:10:04.691+0000] {dag.py:4180} INFO - Setting next_dagrun for extract_raw_data_pipeline to 2025-07-06 07:59:00+00:00, run_after=2025-07-07 07:00:00+00:00
[2025-07-06T13:10:04.714+0000] {processor.py:208} INFO - Processing /opt/airflow/dags/driven_data_pipeline.py took 0.311 seconds
[2025-07-06T16:11:56.569+0000] {processor.py:186} INFO - Started process (PID=213) to work on /opt/airflow/dags/driven_data_pipeline.py
[2025-07-06T16:11:56.572+0000] {processor.py:914} INFO - Processing file /opt/airflow/dags/driven_data_pipeline.py for tasks to queue
[2025-07-06T16:11:56.586+0000] {logging_mixin.py:190} INFO - [2025-07-06T16:11:56.585+0000] {dagbag.py:588} INFO - Filling up the DagBag from /opt/airflow/dags/driven_data_pipeline.py
[2025-07-06T16:11:58.479+0000] {processor.py:925} INFO - DAG(s) 'extract_raw_data_pipeline' retrieved from /opt/airflow/dags/driven_data_pipeline.py
[2025-07-06T16:11:58.574+0000] {logging_mixin.py:190} INFO - [2025-07-06T16:11:58.574+0000] {dag.py:3239} INFO - Sync 1 DAGs
[2025-07-06T16:11:58.660+0000] {logging_mixin.py:190} INFO - [2025-07-06T16:11:58.659+0000] {dag.py:4180} INFO - Setting next_dagrun for extract_raw_data_pipeline to 2025-07-06 07:59:00+00:00, run_after=2025-07-07 07:00:00+00:00
[2025-07-06T16:11:58.741+0000] {processor.py:208} INFO - Processing /opt/airflow/dags/driven_data_pipeline.py took 2.197 seconds
[2025-07-06T16:12:28.915+0000] {processor.py:186} INFO - Started process (PID=222) to work on /opt/airflow/dags/driven_data_pipeline.py
[2025-07-06T16:12:28.917+0000] {processor.py:914} INFO - Processing file /opt/airflow/dags/driven_data_pipeline.py for tasks to queue
[2025-07-06T16:12:28.921+0000] {logging_mixin.py:190} INFO - [2025-07-06T16:12:28.920+0000] {dagbag.py:588} INFO - Filling up the DagBag from /opt/airflow/dags/driven_data_pipeline.py
[2025-07-06T16:12:29.537+0000] {processor.py:925} INFO - DAG(s) 'extract_raw_data_pipeline' retrieved from /opt/airflow/dags/driven_data_pipeline.py
[2025-07-06T16:12:29.573+0000] {logging_mixin.py:190} INFO - [2025-07-06T16:12:29.572+0000] {dag.py:3239} INFO - Sync 1 DAGs
[2025-07-06T16:12:29.604+0000] {logging_mixin.py:190} INFO - [2025-07-06T16:12:29.604+0000] {dag.py:4180} INFO - Setting next_dagrun for extract_raw_data_pipeline to 2025-07-06 07:59:00+00:00, run_after=2025-07-07 07:00:00+00:00
[2025-07-06T16:12:29.634+0000] {processor.py:208} INFO - Processing /opt/airflow/dags/driven_data_pipeline.py took 0.728 seconds
[2025-07-06T16:13:00.043+0000] {processor.py:186} INFO - Started process (PID=230) to work on /opt/airflow/dags/driven_data_pipeline.py
[2025-07-06T16:13:00.045+0000] {processor.py:914} INFO - Processing file /opt/airflow/dags/driven_data_pipeline.py for tasks to queue
[2025-07-06T16:13:00.049+0000] {logging_mixin.py:190} INFO - [2025-07-06T16:13:00.048+0000] {dagbag.py:588} INFO - Filling up the DagBag from /opt/airflow/dags/driven_data_pipeline.py
[2025-07-06T16:13:00.733+0000] {processor.py:925} INFO - DAG(s) 'extract_raw_data_pipeline' retrieved from /opt/airflow/dags/driven_data_pipeline.py
[2025-07-06T16:13:00.775+0000] {logging_mixin.py:190} INFO - [2025-07-06T16:13:00.775+0000] {dag.py:3239} INFO - Sync 1 DAGs
[2025-07-06T16:13:00.808+0000] {logging_mixin.py:190} INFO - [2025-07-06T16:13:00.807+0000] {dag.py:4180} INFO - Setting next_dagrun for extract_raw_data_pipeline to 2025-07-06 07:59:00+00:00, run_after=2025-07-07 07:00:00+00:00
[2025-07-06T16:13:00.836+0000] {processor.py:208} INFO - Processing /opt/airflow/dags/driven_data_pipeline.py took 0.803 seconds
[2025-07-06T16:13:30.897+0000] {processor.py:186} INFO - Started process (PID=238) to work on /opt/airflow/dags/driven_data_pipeline.py
[2025-07-06T16:13:30.899+0000] {processor.py:914} INFO - Processing file /opt/airflow/dags/driven_data_pipeline.py for tasks to queue
[2025-07-06T16:13:30.902+0000] {logging_mixin.py:190} INFO - [2025-07-06T16:13:30.901+0000] {dagbag.py:588} INFO - Filling up the DagBag from /opt/airflow/dags/driven_data_pipeline.py
[2025-07-06T16:13:31.538+0000] {processor.py:925} INFO - DAG(s) 'extract_raw_data_pipeline' retrieved from /opt/airflow/dags/driven_data_pipeline.py
[2025-07-06T16:13:31.575+0000] {logging_mixin.py:190} INFO - [2025-07-06T16:13:31.575+0000] {dag.py:3239} INFO - Sync 1 DAGs
[2025-07-06T16:13:31.601+0000] {logging_mixin.py:190} INFO - [2025-07-06T16:13:31.601+0000] {dag.py:4180} INFO - Setting next_dagrun for extract_raw_data_pipeline to 2025-07-06 07:59:00+00:00, run_after=2025-07-07 07:00:00+00:00
[2025-07-06T16:13:31.627+0000] {processor.py:208} INFO - Processing /opt/airflow/dags/driven_data_pipeline.py took 0.737 seconds
[2025-07-06T16:14:02.355+0000] {processor.py:186} INFO - Started process (PID=246) to work on /opt/airflow/dags/driven_data_pipeline.py
[2025-07-06T16:14:02.357+0000] {processor.py:914} INFO - Processing file /opt/airflow/dags/driven_data_pipeline.py for tasks to queue
[2025-07-06T16:14:02.361+0000] {logging_mixin.py:190} INFO - [2025-07-06T16:14:02.360+0000] {dagbag.py:588} INFO - Filling up the DagBag from /opt/airflow/dags/driven_data_pipeline.py
[2025-07-06T16:14:02.978+0000] {processor.py:925} INFO - DAG(s) 'extract_raw_data_pipeline' retrieved from /opt/airflow/dags/driven_data_pipeline.py
[2025-07-06T16:14:03.016+0000] {logging_mixin.py:190} INFO - [2025-07-06T16:14:03.016+0000] {dag.py:3239} INFO - Sync 1 DAGs
[2025-07-06T16:14:03.043+0000] {logging_mixin.py:190} INFO - [2025-07-06T16:14:03.043+0000] {dag.py:4180} INFO - Setting next_dagrun for extract_raw_data_pipeline to 2025-07-06 07:59:00+00:00, run_after=2025-07-07 07:00:00+00:00
[2025-07-06T16:14:03.068+0000] {processor.py:208} INFO - Processing /opt/airflow/dags/driven_data_pipeline.py took 0.722 seconds
[2025-07-06T19:15:54.889+0000] {processor.py:186} INFO - Started process (PID=254) to work on /opt/airflow/dags/driven_data_pipeline.py
[2025-07-06T19:15:54.891+0000] {processor.py:914} INFO - Processing file /opt/airflow/dags/driven_data_pipeline.py for tasks to queue
[2025-07-06T19:15:54.908+0000] {logging_mixin.py:190} INFO - [2025-07-06T19:15:54.907+0000] {dagbag.py:588} INFO - Filling up the DagBag from /opt/airflow/dags/driven_data_pipeline.py
[2025-07-06T19:15:56.230+0000] {processor.py:925} INFO - DAG(s) 'extract_raw_data_pipeline' retrieved from /opt/airflow/dags/driven_data_pipeline.py
[2025-07-06T19:15:56.385+0000] {logging_mixin.py:190} INFO - [2025-07-06T19:15:56.384+0000] {dag.py:3239} INFO - Sync 1 DAGs
[2025-07-06T19:15:56.462+0000] {logging_mixin.py:190} INFO - [2025-07-06T19:15:56.461+0000] {dag.py:4180} INFO - Setting next_dagrun for extract_raw_data_pipeline to 2025-07-06 07:59:00+00:00, run_after=2025-07-07 07:00:00+00:00
[2025-07-06T19:15:56.559+0000] {processor.py:208} INFO - Processing /opt/airflow/dags/driven_data_pipeline.py took 1.721 seconds
[2025-07-06T19:16:27.304+0000] {processor.py:186} INFO - Started process (PID=263) to work on /opt/airflow/dags/driven_data_pipeline.py
[2025-07-06T19:16:27.305+0000] {processor.py:914} INFO - Processing file /opt/airflow/dags/driven_data_pipeline.py for tasks to queue
[2025-07-06T19:16:27.309+0000] {logging_mixin.py:190} INFO - [2025-07-06T19:16:27.308+0000] {dagbag.py:588} INFO - Filling up the DagBag from /opt/airflow/dags/driven_data_pipeline.py
[2025-07-06T19:16:27.913+0000] {processor.py:925} INFO - DAG(s) 'extract_raw_data_pipeline' retrieved from /opt/airflow/dags/driven_data_pipeline.py
[2025-07-06T19:16:27.958+0000] {logging_mixin.py:190} INFO - [2025-07-06T19:16:27.958+0000] {dag.py:3239} INFO - Sync 1 DAGs
[2025-07-06T19:16:27.993+0000] {logging_mixin.py:190} INFO - [2025-07-06T19:16:27.993+0000] {dag.py:4180} INFO - Setting next_dagrun for extract_raw_data_pipeline to 2025-07-06 07:59:00+00:00, run_after=2025-07-07 07:00:00+00:00
[2025-07-06T19:16:28.022+0000] {processor.py:208} INFO - Processing /opt/airflow/dags/driven_data_pipeline.py took 0.726 seconds
[2025-07-06T19:16:58.250+0000] {processor.py:186} INFO - Started process (PID=271) to work on /opt/airflow/dags/driven_data_pipeline.py
[2025-07-06T19:16:58.252+0000] {processor.py:914} INFO - Processing file /opt/airflow/dags/driven_data_pipeline.py for tasks to queue
[2025-07-06T19:16:58.256+0000] {logging_mixin.py:190} INFO - [2025-07-06T19:16:58.255+0000] {dagbag.py:588} INFO - Filling up the DagBag from /opt/airflow/dags/driven_data_pipeline.py
[2025-07-06T19:16:58.762+0000] {processor.py:925} INFO - DAG(s) 'extract_raw_data_pipeline' retrieved from /opt/airflow/dags/driven_data_pipeline.py
[2025-07-06T19:16:58.802+0000] {logging_mixin.py:190} INFO - [2025-07-06T19:16:58.802+0000] {dag.py:3239} INFO - Sync 1 DAGs
[2025-07-06T19:16:58.835+0000] {logging_mixin.py:190} INFO - [2025-07-06T19:16:58.835+0000] {dag.py:4180} INFO - Setting next_dagrun for extract_raw_data_pipeline to 2025-07-06 07:59:00+00:00, run_after=2025-07-07 07:00:00+00:00
[2025-07-06T19:16:58.864+0000] {processor.py:208} INFO - Processing /opt/airflow/dags/driven_data_pipeline.py took 0.623 seconds
[2025-07-06T19:17:29.024+0000] {processor.py:186} INFO - Started process (PID=279) to work on /opt/airflow/dags/driven_data_pipeline.py
[2025-07-06T19:17:29.025+0000] {processor.py:914} INFO - Processing file /opt/airflow/dags/driven_data_pipeline.py for tasks to queue
[2025-07-06T19:17:29.028+0000] {logging_mixin.py:190} INFO - [2025-07-06T19:17:29.027+0000] {dagbag.py:588} INFO - Filling up the DagBag from /opt/airflow/dags/driven_data_pipeline.py
[2025-07-06T19:17:29.456+0000] {processor.py:925} INFO - DAG(s) 'extract_raw_data_pipeline' retrieved from /opt/airflow/dags/driven_data_pipeline.py
[2025-07-06T19:17:29.482+0000] {logging_mixin.py:190} INFO - [2025-07-06T19:17:29.481+0000] {dag.py:3239} INFO - Sync 1 DAGs
[2025-07-06T19:17:29.506+0000] {logging_mixin.py:190} INFO - [2025-07-06T19:17:29.506+0000] {dag.py:4180} INFO - Setting next_dagrun for extract_raw_data_pipeline to 2025-07-06 07:59:00+00:00, run_after=2025-07-07 07:00:00+00:00
[2025-07-06T19:17:29.529+0000] {processor.py:208} INFO - Processing /opt/airflow/dags/driven_data_pipeline.py took 0.512 seconds
[2025-07-06T19:18:00.021+0000] {processor.py:186} INFO - Started process (PID=287) to work on /opt/airflow/dags/driven_data_pipeline.py
[2025-07-06T19:18:00.023+0000] {processor.py:914} INFO - Processing file /opt/airflow/dags/driven_data_pipeline.py for tasks to queue
[2025-07-06T19:18:00.026+0000] {logging_mixin.py:190} INFO - [2025-07-06T19:18:00.026+0000] {dagbag.py:588} INFO - Filling up the DagBag from /opt/airflow/dags/driven_data_pipeline.py
[2025-07-06T19:18:00.388+0000] {processor.py:925} INFO - DAG(s) 'extract_raw_data_pipeline' retrieved from /opt/airflow/dags/driven_data_pipeline.py
[2025-07-06T19:18:00.416+0000] {logging_mixin.py:190} INFO - [2025-07-06T19:18:00.416+0000] {dag.py:3239} INFO - Sync 1 DAGs
[2025-07-06T19:18:00.440+0000] {logging_mixin.py:190} INFO - [2025-07-06T19:18:00.440+0000] {dag.py:4180} INFO - Setting next_dagrun for extract_raw_data_pipeline to 2025-07-06 07:59:00+00:00, run_after=2025-07-07 07:00:00+00:00
[2025-07-06T19:18:00.464+0000] {processor.py:208} INFO - Processing /opt/airflow/dags/driven_data_pipeline.py took 0.449 seconds
[2025-07-06T22:19:51.843+0000] {processor.py:186} INFO - Started process (PID=295) to work on /opt/airflow/dags/driven_data_pipeline.py
[2025-07-06T22:19:51.853+0000] {processor.py:914} INFO - Processing file /opt/airflow/dags/driven_data_pipeline.py for tasks to queue
[2025-07-06T22:19:51.867+0000] {logging_mixin.py:190} INFO - [2025-07-06T22:19:51.866+0000] {dagbag.py:588} INFO - Filling up the DagBag from /opt/airflow/dags/driven_data_pipeline.py
[2025-07-06T22:19:53.146+0000] {processor.py:925} INFO - DAG(s) 'extract_raw_data_pipeline' retrieved from /opt/airflow/dags/driven_data_pipeline.py
[2025-07-06T22:19:53.299+0000] {logging_mixin.py:190} INFO - [2025-07-06T22:19:53.298+0000] {dag.py:3239} INFO - Sync 1 DAGs
[2025-07-06T22:19:53.487+0000] {logging_mixin.py:190} INFO - [2025-07-06T22:19:53.486+0000] {dag.py:4180} INFO - Setting next_dagrun for extract_raw_data_pipeline to 2025-07-06 07:59:00+00:00, run_after=2025-07-07 07:00:00+00:00
[2025-07-06T22:19:53.613+0000] {processor.py:208} INFO - Processing /opt/airflow/dags/driven_data_pipeline.py took 1.811 seconds
[2025-07-06T22:20:24.582+0000] {processor.py:186} INFO - Started process (PID=302) to work on /opt/airflow/dags/driven_data_pipeline.py
[2025-07-06T22:20:24.583+0000] {processor.py:914} INFO - Processing file /opt/airflow/dags/driven_data_pipeline.py for tasks to queue
[2025-07-06T22:20:24.587+0000] {logging_mixin.py:190} INFO - [2025-07-06T22:20:24.586+0000] {dagbag.py:588} INFO - Filling up the DagBag from /opt/airflow/dags/driven_data_pipeline.py
[2025-07-06T22:20:25.048+0000] {processor.py:925} INFO - DAG(s) 'extract_raw_data_pipeline' retrieved from /opt/airflow/dags/driven_data_pipeline.py
[2025-07-06T22:20:25.087+0000] {logging_mixin.py:190} INFO - [2025-07-06T22:20:25.087+0000] {dag.py:3239} INFO - Sync 1 DAGs
[2025-07-06T22:20:25.122+0000] {logging_mixin.py:190} INFO - [2025-07-06T22:20:25.122+0000] {dag.py:4180} INFO - Setting next_dagrun for extract_raw_data_pipeline to 2025-07-06 07:59:00+00:00, run_after=2025-07-07 07:00:00+00:00
[2025-07-06T22:20:25.144+0000] {processor.py:208} INFO - Processing /opt/airflow/dags/driven_data_pipeline.py took 0.570 seconds
[2025-07-06T22:20:55.454+0000] {processor.py:186} INFO - Started process (PID=310) to work on /opt/airflow/dags/driven_data_pipeline.py
[2025-07-06T22:20:55.456+0000] {processor.py:914} INFO - Processing file /opt/airflow/dags/driven_data_pipeline.py for tasks to queue
[2025-07-06T22:20:55.459+0000] {logging_mixin.py:190} INFO - [2025-07-06T22:20:55.459+0000] {dagbag.py:588} INFO - Filling up the DagBag from /opt/airflow/dags/driven_data_pipeline.py
[2025-07-06T22:20:55.908+0000] {processor.py:925} INFO - DAG(s) 'extract_raw_data_pipeline' retrieved from /opt/airflow/dags/driven_data_pipeline.py
[2025-07-06T22:20:55.942+0000] {logging_mixin.py:190} INFO - [2025-07-06T22:20:55.942+0000] {dag.py:3239} INFO - Sync 1 DAGs
[2025-07-06T22:20:55.973+0000] {logging_mixin.py:190} INFO - [2025-07-06T22:20:55.972+0000] {dag.py:4180} INFO - Setting next_dagrun for extract_raw_data_pipeline to 2025-07-06 07:59:00+00:00, run_after=2025-07-07 07:00:00+00:00
[2025-07-06T22:20:56.002+0000] {processor.py:208} INFO - Processing /opt/airflow/dags/driven_data_pipeline.py took 0.556 seconds
[2025-07-06T22:21:26.989+0000] {processor.py:186} INFO - Started process (PID=319) to work on /opt/airflow/dags/driven_data_pipeline.py
[2025-07-06T22:21:26.990+0000] {processor.py:914} INFO - Processing file /opt/airflow/dags/driven_data_pipeline.py for tasks to queue
[2025-07-06T22:21:26.993+0000] {logging_mixin.py:190} INFO - [2025-07-06T22:21:26.993+0000] {dagbag.py:588} INFO - Filling up the DagBag from /opt/airflow/dags/driven_data_pipeline.py
[2025-07-06T22:21:27.684+0000] {processor.py:925} INFO - DAG(s) 'extract_raw_data_pipeline' retrieved from /opt/airflow/dags/driven_data_pipeline.py
[2025-07-06T22:21:27.764+0000] {logging_mixin.py:190} INFO - [2025-07-06T22:21:27.764+0000] {dag.py:3239} INFO - Sync 1 DAGs
[2025-07-06T22:21:27.793+0000] {logging_mixin.py:190} INFO - [2025-07-06T22:21:27.792+0000] {dag.py:4180} INFO - Setting next_dagrun for extract_raw_data_pipeline to 2025-07-06 07:59:00+00:00, run_after=2025-07-07 07:00:00+00:00
[2025-07-06T22:21:27.853+0000] {processor.py:208} INFO - Processing /opt/airflow/dags/driven_data_pipeline.py took 0.871 seconds
[2025-07-06T22:21:58.253+0000] {processor.py:186} INFO - Started process (PID=327) to work on /opt/airflow/dags/driven_data_pipeline.py
[2025-07-06T22:21:58.255+0000] {processor.py:914} INFO - Processing file /opt/airflow/dags/driven_data_pipeline.py for tasks to queue
[2025-07-06T22:21:58.258+0000] {logging_mixin.py:190} INFO - [2025-07-06T22:21:58.258+0000] {dagbag.py:588} INFO - Filling up the DagBag from /opt/airflow/dags/driven_data_pipeline.py
[2025-07-06T22:21:58.511+0000] {processor.py:925} INFO - DAG(s) 'extract_raw_data_pipeline' retrieved from /opt/airflow/dags/driven_data_pipeline.py
[2025-07-06T22:21:58.539+0000] {logging_mixin.py:190} INFO - [2025-07-06T22:21:58.539+0000] {dag.py:3239} INFO - Sync 1 DAGs
[2025-07-06T22:21:58.570+0000] {logging_mixin.py:190} INFO - [2025-07-06T22:21:58.570+0000] {dag.py:4180} INFO - Setting next_dagrun for extract_raw_data_pipeline to 2025-07-06 07:59:00+00:00, run_after=2025-07-07 07:00:00+00:00
[2025-07-06T22:21:58.594+0000] {processor.py:208} INFO - Processing /opt/airflow/dags/driven_data_pipeline.py took 0.349 seconds
