[2025-07-01T21:03:06.694+0000] {processor.py:186} INFO - Started process (PID=72) to work on /opt/airflow/dags/driven_data_pipeline.py
[2025-07-01T21:03:06.718+0000] {processor.py:914} INFO - Processing file /opt/airflow/dags/driven_data_pipeline.py for tasks to queue
[2025-07-01T21:03:06.746+0000] {logging_mixin.py:190} INFO - [2025-07-01T21:03:06.742+0000] {dagbag.py:588} INFO - Filling up the DagBag from /opt/airflow/dags/driven_data_pipeline.py
[2025-07-01T21:03:07.035+0000] {processor.py:925} INFO - DAG(s) 'extract_raw_data_pipeline' retrieved from /opt/airflow/dags/driven_data_pipeline.py
[2025-07-01T21:03:07.367+0000] {logging_mixin.py:190} INFO - [2025-07-01T21:03:07.366+0000] {dag.py:3239} INFO - Sync 1 DAGs
[2025-07-01T21:03:07.595+0000] {logging_mixin.py:190} INFO - [2025-07-01T21:03:07.594+0000] {dag.py:4180} INFO - Setting next_dagrun for extract_raw_data_pipeline to 2025-07-01 07:59:00+00:00, run_after=2025-07-02 07:00:00+00:00
[2025-07-01T21:03:07.722+0000] {processor.py:208} INFO - Processing /opt/airflow/dags/driven_data_pipeline.py took 1.110 seconds
[2025-07-01T21:03:43.430+0000] {processor.py:186} INFO - Started process (PID=79) to work on /opt/airflow/dags/driven_data_pipeline.py
[2025-07-01T21:03:44.205+0000] {processor.py:914} INFO - Processing file /opt/airflow/dags/driven_data_pipeline.py for tasks to queue
[2025-07-01T21:03:45.006+0000] {logging_mixin.py:190} INFO - [2025-07-01T21:03:45.005+0000] {dagbag.py:588} INFO - Filling up the DagBag from /opt/airflow/dags/driven_data_pipeline.py
[2025-07-01T21:03:48.995+0000] {processor.py:925} INFO - DAG(s) 'extract_raw_data_pipeline' retrieved from /opt/airflow/dags/driven_data_pipeline.py
[2025-07-01T21:03:49.887+0000] {logging_mixin.py:190} INFO - [2025-07-01T21:03:49.886+0000] {dag.py:3239} INFO - Sync 1 DAGs
[2025-07-01T21:03:50.307+0000] {logging_mixin.py:190} INFO - [2025-07-01T21:03:50.306+0000] {dag.py:4180} INFO - Setting next_dagrun for extract_raw_data_pipeline to 2025-07-01 07:59:00+00:00, run_after=2025-07-02 07:00:00+00:00
[2025-07-01T21:03:50.380+0000] {processor.py:208} INFO - Processing /opt/airflow/dags/driven_data_pipeline.py took 6.976 seconds
[2025-07-01T21:04:22.006+0000] {processor.py:186} INFO - Started process (PID=81) to work on /opt/airflow/dags/driven_data_pipeline.py
[2025-07-01T21:04:22.369+0000] {processor.py:914} INFO - Processing file /opt/airflow/dags/driven_data_pipeline.py for tasks to queue
[2025-07-01T21:04:22.376+0000] {logging_mixin.py:190} INFO - [2025-07-01T21:04:22.375+0000] {dagbag.py:588} INFO - Filling up the DagBag from /opt/airflow/dags/driven_data_pipeline.py
[2025-07-01T21:04:25.295+0000] {processor.py:925} INFO - DAG(s) 'extract_raw_data_pipeline' retrieved from /opt/airflow/dags/driven_data_pipeline.py
[2025-07-01T21:04:25.443+0000] {logging_mixin.py:190} INFO - [2025-07-01T21:04:25.442+0000] {dag.py:3239} INFO - Sync 1 DAGs
[2025-07-01T21:04:25.734+0000] {logging_mixin.py:190} INFO - [2025-07-01T21:04:25.734+0000] {dag.py:4180} INFO - Setting next_dagrun for extract_raw_data_pipeline to 2025-07-01 07:59:00+00:00, run_after=2025-07-02 07:00:00+00:00
[2025-07-01T21:04:28.797+0000] {processor.py:208} INFO - Processing /opt/airflow/dags/driven_data_pipeline.py took 7.417 seconds
[2025-07-01T21:04:59.437+0000] {processor.py:186} INFO - Started process (PID=93) to work on /opt/airflow/dags/driven_data_pipeline.py
[2025-07-01T21:04:59.438+0000] {processor.py:914} INFO - Processing file /opt/airflow/dags/driven_data_pipeline.py for tasks to queue
[2025-07-01T21:04:59.442+0000] {logging_mixin.py:190} INFO - [2025-07-01T21:04:59.441+0000] {dagbag.py:588} INFO - Filling up the DagBag from /opt/airflow/dags/driven_data_pipeline.py
[2025-07-01T21:04:59.494+0000] {processor.py:925} INFO - DAG(s) 'extract_raw_data_pipeline' retrieved from /opt/airflow/dags/driven_data_pipeline.py
[2025-07-01T21:04:59.531+0000] {logging_mixin.py:190} INFO - [2025-07-01T21:04:59.530+0000] {dag.py:3239} INFO - Sync 1 DAGs
[2025-07-01T21:04:59.997+0000] {logging_mixin.py:190} INFO - [2025-07-01T21:04:59.997+0000] {dag.py:4180} INFO - Setting next_dagrun for extract_raw_data_pipeline to 2025-07-01 07:59:00+00:00, run_after=2025-07-02 07:00:00+00:00
[2025-07-01T21:05:00.020+0000] {processor.py:208} INFO - Processing /opt/airflow/dags/driven_data_pipeline.py took 0.592 seconds
[2025-07-01T21:05:30.336+0000] {processor.py:186} INFO - Started process (PID=100) to work on /opt/airflow/dags/driven_data_pipeline.py
[2025-07-01T21:05:30.337+0000] {processor.py:914} INFO - Processing file /opt/airflow/dags/driven_data_pipeline.py for tasks to queue
[2025-07-01T21:05:30.341+0000] {logging_mixin.py:190} INFO - [2025-07-01T21:05:30.340+0000] {dagbag.py:588} INFO - Filling up the DagBag from /opt/airflow/dags/driven_data_pipeline.py
[2025-07-01T21:05:30.396+0000] {processor.py:925} INFO - DAG(s) 'extract_raw_data_pipeline' retrieved from /opt/airflow/dags/driven_data_pipeline.py
[2025-07-01T21:05:30.427+0000] {logging_mixin.py:190} INFO - [2025-07-01T21:05:30.427+0000] {dag.py:3239} INFO - Sync 1 DAGs
[2025-07-01T21:05:30.661+0000] {logging_mixin.py:190} INFO - [2025-07-01T21:05:30.661+0000] {dag.py:4180} INFO - Setting next_dagrun for extract_raw_data_pipeline to 2025-07-01 07:59:00+00:00, run_after=2025-07-02 07:00:00+00:00
[2025-07-01T21:05:30.686+0000] {processor.py:208} INFO - Processing /opt/airflow/dags/driven_data_pipeline.py took 0.357 seconds
[2025-07-01T21:06:01.019+0000] {processor.py:186} INFO - Started process (PID=107) to work on /opt/airflow/dags/driven_data_pipeline.py
[2025-07-01T21:06:01.021+0000] {processor.py:914} INFO - Processing file /opt/airflow/dags/driven_data_pipeline.py for tasks to queue
[2025-07-01T21:06:01.025+0000] {logging_mixin.py:190} INFO - [2025-07-01T21:06:01.024+0000] {dagbag.py:588} INFO - Filling up the DagBag from /opt/airflow/dags/driven_data_pipeline.py
[2025-07-01T21:06:01.065+0000] {processor.py:925} INFO - DAG(s) 'extract_raw_data_pipeline' retrieved from /opt/airflow/dags/driven_data_pipeline.py
[2025-07-01T21:06:01.252+0000] {logging_mixin.py:190} INFO - [2025-07-01T21:06:01.252+0000] {dag.py:3239} INFO - Sync 1 DAGs
[2025-07-01T21:06:01.281+0000] {logging_mixin.py:190} INFO - [2025-07-01T21:06:01.281+0000] {dag.py:4180} INFO - Setting next_dagrun for extract_raw_data_pipeline to 2025-07-01 07:59:00+00:00, run_after=2025-07-02 07:00:00+00:00
[2025-07-01T21:06:01.305+0000] {processor.py:208} INFO - Processing /opt/airflow/dags/driven_data_pipeline.py took 0.295 seconds
[2025-07-01T21:06:31.473+0000] {processor.py:186} INFO - Started process (PID=114) to work on /opt/airflow/dags/driven_data_pipeline.py
[2025-07-01T21:06:31.477+0000] {processor.py:914} INFO - Processing file /opt/airflow/dags/driven_data_pipeline.py for tasks to queue
[2025-07-01T21:06:31.485+0000] {logging_mixin.py:190} INFO - [2025-07-01T21:06:31.484+0000] {dagbag.py:588} INFO - Filling up the DagBag from /opt/airflow/dags/driven_data_pipeline.py
[2025-07-01T21:06:31.660+0000] {processor.py:925} INFO - DAG(s) 'extract_raw_data_pipeline' retrieved from /opt/airflow/dags/driven_data_pipeline.py
[2025-07-01T21:06:32.067+0000] {logging_mixin.py:190} INFO - [2025-07-01T21:06:32.067+0000] {dag.py:3239} INFO - Sync 1 DAGs
[2025-07-01T21:06:32.113+0000] {logging_mixin.py:190} INFO - [2025-07-01T21:06:32.112+0000] {dag.py:4180} INFO - Setting next_dagrun for extract_raw_data_pipeline to 2025-07-01 07:59:00+00:00, run_after=2025-07-02 07:00:00+00:00
[2025-07-01T21:06:32.156+0000] {processor.py:208} INFO - Processing /opt/airflow/dags/driven_data_pipeline.py took 0.708 seconds
[2025-07-01T21:07:02.865+0000] {processor.py:186} INFO - Started process (PID=121) to work on /opt/airflow/dags/driven_data_pipeline.py
[2025-07-01T21:07:02.867+0000] {processor.py:914} INFO - Processing file /opt/airflow/dags/driven_data_pipeline.py for tasks to queue
[2025-07-01T21:07:02.871+0000] {logging_mixin.py:190} INFO - [2025-07-01T21:07:02.870+0000] {dagbag.py:588} INFO - Filling up the DagBag from /opt/airflow/dags/driven_data_pipeline.py
[2025-07-01T21:07:02.918+0000] {processor.py:925} INFO - DAG(s) 'extract_raw_data_pipeline' retrieved from /opt/airflow/dags/driven_data_pipeline.py
[2025-07-01T21:07:02.957+0000] {logging_mixin.py:190} INFO - [2025-07-01T21:07:02.957+0000] {dag.py:3239} INFO - Sync 1 DAGs
[2025-07-01T21:07:02.996+0000] {logging_mixin.py:190} INFO - [2025-07-01T21:07:02.996+0000] {dag.py:4180} INFO - Setting next_dagrun for extract_raw_data_pipeline to 2025-07-01 07:59:00+00:00, run_after=2025-07-02 07:00:00+00:00
[2025-07-01T21:07:03.025+0000] {processor.py:208} INFO - Processing /opt/airflow/dags/driven_data_pipeline.py took 0.170 seconds
[2025-07-01T21:07:33.270+0000] {processor.py:186} INFO - Started process (PID=128) to work on /opt/airflow/dags/driven_data_pipeline.py
[2025-07-01T21:07:33.272+0000] {processor.py:914} INFO - Processing file /opt/airflow/dags/driven_data_pipeline.py for tasks to queue
[2025-07-01T21:07:33.276+0000] {logging_mixin.py:190} INFO - [2025-07-01T21:07:33.276+0000] {dagbag.py:588} INFO - Filling up the DagBag from /opt/airflow/dags/driven_data_pipeline.py
[2025-07-01T21:07:33.317+0000] {processor.py:925} INFO - DAG(s) 'extract_raw_data_pipeline' retrieved from /opt/airflow/dags/driven_data_pipeline.py
[2025-07-01T21:07:33.363+0000] {logging_mixin.py:190} INFO - [2025-07-01T21:07:33.363+0000] {dag.py:3239} INFO - Sync 1 DAGs
[2025-07-01T21:07:33.392+0000] {logging_mixin.py:190} INFO - [2025-07-01T21:07:33.392+0000] {dag.py:4180} INFO - Setting next_dagrun for extract_raw_data_pipeline to 2025-07-01 07:59:00+00:00, run_after=2025-07-02 07:00:00+00:00
[2025-07-01T21:07:33.432+0000] {processor.py:208} INFO - Processing /opt/airflow/dags/driven_data_pipeline.py took 0.172 seconds
[2025-07-01T21:08:03.729+0000] {processor.py:186} INFO - Started process (PID=135) to work on /opt/airflow/dags/driven_data_pipeline.py
[2025-07-01T21:08:03.732+0000] {processor.py:914} INFO - Processing file /opt/airflow/dags/driven_data_pipeline.py for tasks to queue
[2025-07-01T21:08:03.744+0000] {logging_mixin.py:190} INFO - [2025-07-01T21:08:03.743+0000] {dagbag.py:588} INFO - Filling up the DagBag from /opt/airflow/dags/driven_data_pipeline.py
[2025-07-01T21:08:03.851+0000] {processor.py:925} INFO - DAG(s) 'extract_raw_data_pipeline' retrieved from /opt/airflow/dags/driven_data_pipeline.py
[2025-07-01T21:08:04.243+0000] {logging_mixin.py:190} INFO - [2025-07-01T21:08:04.243+0000] {dag.py:3239} INFO - Sync 1 DAGs
[2025-07-01T21:08:05.522+0000] {logging_mixin.py:190} INFO - [2025-07-01T21:08:05.522+0000] {dag.py:4180} INFO - Setting next_dagrun for extract_raw_data_pipeline to 2025-07-01 07:59:00+00:00, run_after=2025-07-02 07:00:00+00:00
[2025-07-01T21:08:05.597+0000] {processor.py:208} INFO - Processing /opt/airflow/dags/driven_data_pipeline.py took 1.910 seconds
[2025-07-01T21:08:35.768+0000] {processor.py:186} INFO - Started process (PID=142) to work on /opt/airflow/dags/driven_data_pipeline.py
[2025-07-01T21:08:35.769+0000] {processor.py:914} INFO - Processing file /opt/airflow/dags/driven_data_pipeline.py for tasks to queue
[2025-07-01T21:08:35.772+0000] {logging_mixin.py:190} INFO - [2025-07-01T21:08:35.772+0000] {dagbag.py:588} INFO - Filling up the DagBag from /opt/airflow/dags/driven_data_pipeline.py
[2025-07-01T21:08:35.810+0000] {processor.py:925} INFO - DAG(s) 'extract_raw_data_pipeline' retrieved from /opt/airflow/dags/driven_data_pipeline.py
[2025-07-01T21:08:35.848+0000] {logging_mixin.py:190} INFO - [2025-07-01T21:08:35.848+0000] {dag.py:3239} INFO - Sync 1 DAGs
[2025-07-01T21:08:35.882+0000] {logging_mixin.py:190} INFO - [2025-07-01T21:08:35.882+0000] {dag.py:4180} INFO - Setting next_dagrun for extract_raw_data_pipeline to 2025-07-01 07:59:00+00:00, run_after=2025-07-02 07:00:00+00:00
[2025-07-01T21:08:37.366+0000] {processor.py:208} INFO - Processing /opt/airflow/dags/driven_data_pipeline.py took 1.606 seconds
[2025-07-01T21:09:07.764+0000] {processor.py:186} INFO - Started process (PID=149) to work on /opt/airflow/dags/driven_data_pipeline.py
[2025-07-01T21:09:07.765+0000] {processor.py:914} INFO - Processing file /opt/airflow/dags/driven_data_pipeline.py for tasks to queue
[2025-07-01T21:09:07.769+0000] {logging_mixin.py:190} INFO - [2025-07-01T21:09:07.768+0000] {dagbag.py:588} INFO - Filling up the DagBag from /opt/airflow/dags/driven_data_pipeline.py
[2025-07-01T21:09:07.807+0000] {processor.py:925} INFO - DAG(s) 'extract_raw_data_pipeline' retrieved from /opt/airflow/dags/driven_data_pipeline.py
[2025-07-01T21:09:07.841+0000] {logging_mixin.py:190} INFO - [2025-07-01T21:09:07.840+0000] {dag.py:3239} INFO - Sync 1 DAGs
[2025-07-01T21:09:07.871+0000] {logging_mixin.py:190} INFO - [2025-07-01T21:09:07.871+0000] {dag.py:4180} INFO - Setting next_dagrun for extract_raw_data_pipeline to 2025-07-01 07:59:00+00:00, run_after=2025-07-02 07:00:00+00:00
[2025-07-01T21:09:07.915+0000] {processor.py:208} INFO - Processing /opt/airflow/dags/driven_data_pipeline.py took 0.160 seconds
[2025-07-01T21:09:38.006+0000] {processor.py:186} INFO - Started process (PID=156) to work on /opt/airflow/dags/driven_data_pipeline.py
[2025-07-01T21:09:38.007+0000] {processor.py:914} INFO - Processing file /opt/airflow/dags/driven_data_pipeline.py for tasks to queue
[2025-07-01T21:09:38.010+0000] {logging_mixin.py:190} INFO - [2025-07-01T21:09:38.010+0000] {dagbag.py:588} INFO - Filling up the DagBag from /opt/airflow/dags/driven_data_pipeline.py
[2025-07-01T21:09:38.045+0000] {processor.py:925} INFO - DAG(s) 'extract_raw_data_pipeline' retrieved from /opt/airflow/dags/driven_data_pipeline.py
[2025-07-01T21:09:38.087+0000] {logging_mixin.py:190} INFO - [2025-07-01T21:09:38.087+0000] {dag.py:3239} INFO - Sync 1 DAGs
[2025-07-01T21:09:38.120+0000] {logging_mixin.py:190} INFO - [2025-07-01T21:09:38.120+0000] {dag.py:4180} INFO - Setting next_dagrun for extract_raw_data_pipeline to 2025-07-01 07:59:00+00:00, run_after=2025-07-02 07:00:00+00:00
[2025-07-01T21:09:38.148+0000] {processor.py:208} INFO - Processing /opt/airflow/dags/driven_data_pipeline.py took 0.151 seconds
[2025-07-01T21:10:08.436+0000] {processor.py:186} INFO - Started process (PID=163) to work on /opt/airflow/dags/driven_data_pipeline.py
[2025-07-01T21:10:08.437+0000] {processor.py:914} INFO - Processing file /opt/airflow/dags/driven_data_pipeline.py for tasks to queue
[2025-07-01T21:10:08.440+0000] {logging_mixin.py:190} INFO - [2025-07-01T21:10:08.440+0000] {dagbag.py:588} INFO - Filling up the DagBag from /opt/airflow/dags/driven_data_pipeline.py
[2025-07-01T21:10:08.475+0000] {processor.py:925} INFO - DAG(s) 'extract_raw_data_pipeline' retrieved from /opt/airflow/dags/driven_data_pipeline.py
[2025-07-01T21:10:08.507+0000] {logging_mixin.py:190} INFO - [2025-07-01T21:10:08.506+0000] {dag.py:3239} INFO - Sync 1 DAGs
[2025-07-01T21:10:08.537+0000] {logging_mixin.py:190} INFO - [2025-07-01T21:10:08.537+0000] {dag.py:4180} INFO - Setting next_dagrun for extract_raw_data_pipeline to 2025-07-01 07:59:00+00:00, run_after=2025-07-02 07:00:00+00:00
[2025-07-01T21:10:08.563+0000] {processor.py:208} INFO - Processing /opt/airflow/dags/driven_data_pipeline.py took 0.135 seconds
[2025-07-01T21:10:38.749+0000] {processor.py:186} INFO - Started process (PID=170) to work on /opt/airflow/dags/driven_data_pipeline.py
[2025-07-01T21:10:38.751+0000] {processor.py:914} INFO - Processing file /opt/airflow/dags/driven_data_pipeline.py for tasks to queue
[2025-07-01T21:10:38.756+0000] {logging_mixin.py:190} INFO - [2025-07-01T21:10:38.755+0000] {dagbag.py:588} INFO - Filling up the DagBag from /opt/airflow/dags/driven_data_pipeline.py
[2025-07-01T21:10:38.822+0000] {processor.py:925} INFO - DAG(s) 'extract_raw_data_pipeline' retrieved from /opt/airflow/dags/driven_data_pipeline.py
[2025-07-01T21:10:38.864+0000] {logging_mixin.py:190} INFO - [2025-07-01T21:10:38.864+0000] {dag.py:3239} INFO - Sync 1 DAGs
[2025-07-01T21:10:38.903+0000] {logging_mixin.py:190} INFO - [2025-07-01T21:10:38.903+0000] {dag.py:4180} INFO - Setting next_dagrun for extract_raw_data_pipeline to 2025-07-01 07:59:00+00:00, run_after=2025-07-02 07:00:00+00:00
[2025-07-01T21:10:38.931+0000] {processor.py:208} INFO - Processing /opt/airflow/dags/driven_data_pipeline.py took 0.203 seconds
[2025-07-01T21:11:09.218+0000] {processor.py:186} INFO - Started process (PID=177) to work on /opt/airflow/dags/driven_data_pipeline.py
[2025-07-01T21:11:09.221+0000] {processor.py:914} INFO - Processing file /opt/airflow/dags/driven_data_pipeline.py for tasks to queue
[2025-07-01T21:11:09.229+0000] {logging_mixin.py:190} INFO - [2025-07-01T21:11:09.228+0000] {dagbag.py:588} INFO - Filling up the DagBag from /opt/airflow/dags/driven_data_pipeline.py
[2025-07-01T21:11:09.340+0000] {processor.py:925} INFO - DAG(s) 'extract_raw_data_pipeline' retrieved from /opt/airflow/dags/driven_data_pipeline.py
[2025-07-01T21:11:09.414+0000] {logging_mixin.py:190} INFO - [2025-07-01T21:11:09.413+0000] {dag.py:3239} INFO - Sync 1 DAGs
[2025-07-01T21:11:09.475+0000] {logging_mixin.py:190} INFO - [2025-07-01T21:11:09.474+0000] {dag.py:4180} INFO - Setting next_dagrun for extract_raw_data_pipeline to 2025-07-01 07:59:00+00:00, run_after=2025-07-02 07:00:00+00:00
[2025-07-01T21:11:09.522+0000] {processor.py:208} INFO - Processing /opt/airflow/dags/driven_data_pipeline.py took 0.324 seconds
[2025-07-01T21:11:39.876+0000] {processor.py:186} INFO - Started process (PID=184) to work on /opt/airflow/dags/driven_data_pipeline.py
[2025-07-01T21:11:39.878+0000] {processor.py:914} INFO - Processing file /opt/airflow/dags/driven_data_pipeline.py for tasks to queue
[2025-07-01T21:11:39.882+0000] {logging_mixin.py:190} INFO - [2025-07-01T21:11:39.882+0000] {dagbag.py:588} INFO - Filling up the DagBag from /opt/airflow/dags/driven_data_pipeline.py
[2025-07-01T21:11:39.939+0000] {processor.py:925} INFO - DAG(s) 'extract_raw_data_pipeline' retrieved from /opt/airflow/dags/driven_data_pipeline.py
[2025-07-01T21:11:40.000+0000] {logging_mixin.py:190} INFO - [2025-07-01T21:11:39.999+0000] {dag.py:3239} INFO - Sync 1 DAGs
[2025-07-01T21:11:40.047+0000] {logging_mixin.py:190} INFO - [2025-07-01T21:11:40.046+0000] {dag.py:4180} INFO - Setting next_dagrun for extract_raw_data_pipeline to 2025-07-01 07:59:00+00:00, run_after=2025-07-02 07:00:00+00:00
[2025-07-01T21:11:40.085+0000] {processor.py:208} INFO - Processing /opt/airflow/dags/driven_data_pipeline.py took 0.221 seconds
[2025-07-01T21:12:10.383+0000] {processor.py:186} INFO - Started process (PID=191) to work on /opt/airflow/dags/driven_data_pipeline.py
[2025-07-01T21:12:10.386+0000] {processor.py:914} INFO - Processing file /opt/airflow/dags/driven_data_pipeline.py for tasks to queue
[2025-07-01T21:12:10.391+0000] {logging_mixin.py:190} INFO - [2025-07-01T21:12:10.390+0000] {dagbag.py:588} INFO - Filling up the DagBag from /opt/airflow/dags/driven_data_pipeline.py
[2025-07-01T21:12:10.460+0000] {processor.py:925} INFO - DAG(s) 'extract_raw_data_pipeline' retrieved from /opt/airflow/dags/driven_data_pipeline.py
[2025-07-01T21:12:10.516+0000] {logging_mixin.py:190} INFO - [2025-07-01T21:12:10.515+0000] {dag.py:3239} INFO - Sync 1 DAGs
[2025-07-01T21:12:10.561+0000] {logging_mixin.py:190} INFO - [2025-07-01T21:12:10.561+0000] {dag.py:4180} INFO - Setting next_dagrun for extract_raw_data_pipeline to 2025-07-01 07:59:00+00:00, run_after=2025-07-02 07:00:00+00:00
[2025-07-01T21:12:10.595+0000] {processor.py:208} INFO - Processing /opt/airflow/dags/driven_data_pipeline.py took 0.225 seconds
[2025-07-01T21:12:40.925+0000] {processor.py:186} INFO - Started process (PID=198) to work on /opt/airflow/dags/driven_data_pipeline.py
[2025-07-01T21:12:40.927+0000] {processor.py:914} INFO - Processing file /opt/airflow/dags/driven_data_pipeline.py for tasks to queue
[2025-07-01T21:12:40.931+0000] {logging_mixin.py:190} INFO - [2025-07-01T21:12:40.930+0000] {dagbag.py:588} INFO - Filling up the DagBag from /opt/airflow/dags/driven_data_pipeline.py
[2025-07-01T21:12:40.970+0000] {processor.py:925} INFO - DAG(s) 'extract_raw_data_pipeline' retrieved from /opt/airflow/dags/driven_data_pipeline.py
[2025-07-01T21:12:41.003+0000] {logging_mixin.py:190} INFO - [2025-07-01T21:12:41.003+0000] {dag.py:3239} INFO - Sync 1 DAGs
[2025-07-01T21:12:41.033+0000] {logging_mixin.py:190} INFO - [2025-07-01T21:12:41.033+0000] {dag.py:4180} INFO - Setting next_dagrun for extract_raw_data_pipeline to 2025-07-01 07:59:00+00:00, run_after=2025-07-02 07:00:00+00:00
[2025-07-01T21:12:41.059+0000] {processor.py:208} INFO - Processing /opt/airflow/dags/driven_data_pipeline.py took 0.142 seconds
[2025-07-01T21:13:11.197+0000] {processor.py:186} INFO - Started process (PID=205) to work on /opt/airflow/dags/driven_data_pipeline.py
[2025-07-01T21:13:11.198+0000] {processor.py:914} INFO - Processing file /opt/airflow/dags/driven_data_pipeline.py for tasks to queue
[2025-07-01T21:13:11.201+0000] {logging_mixin.py:190} INFO - [2025-07-01T21:13:11.201+0000] {dagbag.py:588} INFO - Filling up the DagBag from /opt/airflow/dags/driven_data_pipeline.py
[2025-07-01T21:13:11.237+0000] {processor.py:925} INFO - DAG(s) 'extract_raw_data_pipeline' retrieved from /opt/airflow/dags/driven_data_pipeline.py
[2025-07-01T21:13:11.267+0000] {logging_mixin.py:190} INFO - [2025-07-01T21:13:11.267+0000] {dag.py:3239} INFO - Sync 1 DAGs
[2025-07-01T21:13:11.298+0000] {logging_mixin.py:190} INFO - [2025-07-01T21:13:11.297+0000] {dag.py:4180} INFO - Setting next_dagrun for extract_raw_data_pipeline to 2025-07-01 07:59:00+00:00, run_after=2025-07-02 07:00:00+00:00
[2025-07-01T21:13:11.322+0000] {processor.py:208} INFO - Processing /opt/airflow/dags/driven_data_pipeline.py took 0.132 seconds
[2025-07-01T21:13:41.485+0000] {processor.py:186} INFO - Started process (PID=212) to work on /opt/airflow/dags/driven_data_pipeline.py
[2025-07-01T21:13:41.487+0000] {processor.py:914} INFO - Processing file /opt/airflow/dags/driven_data_pipeline.py for tasks to queue
[2025-07-01T21:13:41.491+0000] {logging_mixin.py:190} INFO - [2025-07-01T21:13:41.490+0000] {dagbag.py:588} INFO - Filling up the DagBag from /opt/airflow/dags/driven_data_pipeline.py
[2025-07-01T21:13:41.544+0000] {processor.py:925} INFO - DAG(s) 'extract_raw_data_pipeline' retrieved from /opt/airflow/dags/driven_data_pipeline.py
[2025-07-01T21:13:41.623+0000] {logging_mixin.py:190} INFO - [2025-07-01T21:13:41.622+0000] {dag.py:3239} INFO - Sync 1 DAGs
[2025-07-01T21:13:41.671+0000] {logging_mixin.py:190} INFO - [2025-07-01T21:13:41.671+0000] {dag.py:4180} INFO - Setting next_dagrun for extract_raw_data_pipeline to 2025-07-01 07:59:00+00:00, run_after=2025-07-02 07:00:00+00:00
[2025-07-01T21:13:41.710+0000] {processor.py:208} INFO - Processing /opt/airflow/dags/driven_data_pipeline.py took 0.238 seconds
[2025-07-01T21:14:11.854+0000] {processor.py:186} INFO - Started process (PID=219) to work on /opt/airflow/dags/driven_data_pipeline.py
[2025-07-01T21:14:11.855+0000] {processor.py:914} INFO - Processing file /opt/airflow/dags/driven_data_pipeline.py for tasks to queue
[2025-07-01T21:14:11.858+0000] {logging_mixin.py:190} INFO - [2025-07-01T21:14:11.858+0000] {dagbag.py:588} INFO - Filling up the DagBag from /opt/airflow/dags/driven_data_pipeline.py
[2025-07-01T21:14:11.894+0000] {processor.py:925} INFO - DAG(s) 'extract_raw_data_pipeline' retrieved from /opt/airflow/dags/driven_data_pipeline.py
[2025-07-01T21:14:11.927+0000] {logging_mixin.py:190} INFO - [2025-07-01T21:14:11.927+0000] {dag.py:3239} INFO - Sync 1 DAGs
[2025-07-01T21:14:11.957+0000] {logging_mixin.py:190} INFO - [2025-07-01T21:14:11.957+0000] {dag.py:4180} INFO - Setting next_dagrun for extract_raw_data_pipeline to 2025-07-01 07:59:00+00:00, run_after=2025-07-02 07:00:00+00:00
[2025-07-01T21:14:11.981+0000] {processor.py:208} INFO - Processing /opt/airflow/dags/driven_data_pipeline.py took 0.134 seconds
[2025-07-01T21:14:42.245+0000] {processor.py:186} INFO - Started process (PID=226) to work on /opt/airflow/dags/driven_data_pipeline.py
[2025-07-01T21:14:42.245+0000] {processor.py:914} INFO - Processing file /opt/airflow/dags/driven_data_pipeline.py for tasks to queue
[2025-07-01T21:14:42.249+0000] {logging_mixin.py:190} INFO - [2025-07-01T21:14:42.248+0000] {dagbag.py:588} INFO - Filling up the DagBag from /opt/airflow/dags/driven_data_pipeline.py
[2025-07-01T21:14:42.285+0000] {processor.py:925} INFO - DAG(s) 'extract_raw_data_pipeline' retrieved from /opt/airflow/dags/driven_data_pipeline.py
[2025-07-01T21:14:42.317+0000] {logging_mixin.py:190} INFO - [2025-07-01T21:14:42.317+0000] {dag.py:3239} INFO - Sync 1 DAGs
[2025-07-01T21:14:42.347+0000] {logging_mixin.py:190} INFO - [2025-07-01T21:14:42.346+0000] {dag.py:4180} INFO - Setting next_dagrun for extract_raw_data_pipeline to 2025-07-01 07:59:00+00:00, run_after=2025-07-02 07:00:00+00:00
[2025-07-01T21:14:42.371+0000] {processor.py:208} INFO - Processing /opt/airflow/dags/driven_data_pipeline.py took 0.133 seconds
[2025-07-01T21:15:13.457+0000] {processor.py:186} INFO - Started process (PID=233) to work on /opt/airflow/dags/driven_data_pipeline.py
[2025-07-01T21:15:13.458+0000] {processor.py:914} INFO - Processing file /opt/airflow/dags/driven_data_pipeline.py for tasks to queue
[2025-07-01T21:15:13.465+0000] {logging_mixin.py:190} INFO - [2025-07-01T21:15:13.462+0000] {dagbag.py:588} INFO - Filling up the DagBag from /opt/airflow/dags/driven_data_pipeline.py
[2025-07-01T21:15:13.527+0000] {processor.py:925} INFO - DAG(s) 'extract_raw_data_pipeline' retrieved from /opt/airflow/dags/driven_data_pipeline.py
[2025-07-01T21:15:13.560+0000] {logging_mixin.py:190} INFO - [2025-07-01T21:15:13.560+0000] {dag.py:3239} INFO - Sync 1 DAGs
[2025-07-01T21:15:13.591+0000] {logging_mixin.py:190} INFO - [2025-07-01T21:15:13.591+0000] {dag.py:4180} INFO - Setting next_dagrun for extract_raw_data_pipeline to 2025-07-01 07:59:00+00:00, run_after=2025-07-02 07:00:00+00:00
[2025-07-01T21:15:13.616+0000] {processor.py:208} INFO - Processing /opt/airflow/dags/driven_data_pipeline.py took 0.168 seconds
[2025-07-01T21:15:43.770+0000] {processor.py:186} INFO - Started process (PID=240) to work on /opt/airflow/dags/driven_data_pipeline.py
[2025-07-01T21:15:43.771+0000] {processor.py:914} INFO - Processing file /opt/airflow/dags/driven_data_pipeline.py for tasks to queue
[2025-07-01T21:15:43.773+0000] {logging_mixin.py:190} INFO - [2025-07-01T21:15:43.773+0000] {dagbag.py:588} INFO - Filling up the DagBag from /opt/airflow/dags/driven_data_pipeline.py
[2025-07-01T21:15:43.807+0000] {processor.py:925} INFO - DAG(s) 'extract_raw_data_pipeline' retrieved from /opt/airflow/dags/driven_data_pipeline.py
[2025-07-01T21:15:43.838+0000] {logging_mixin.py:190} INFO - [2025-07-01T21:15:43.837+0000] {dag.py:3239} INFO - Sync 1 DAGs
[2025-07-01T21:15:43.867+0000] {logging_mixin.py:190} INFO - [2025-07-01T21:15:43.867+0000] {dag.py:4180} INFO - Setting next_dagrun for extract_raw_data_pipeline to 2025-07-01 07:59:00+00:00, run_after=2025-07-02 07:00:00+00:00
[2025-07-01T21:15:43.889+0000] {processor.py:208} INFO - Processing /opt/airflow/dags/driven_data_pipeline.py took 0.126 seconds
[2025-07-01T21:16:14.158+0000] {processor.py:186} INFO - Started process (PID=247) to work on /opt/airflow/dags/driven_data_pipeline.py
[2025-07-01T21:16:14.160+0000] {processor.py:914} INFO - Processing file /opt/airflow/dags/driven_data_pipeline.py for tasks to queue
[2025-07-01T21:16:14.163+0000] {logging_mixin.py:190} INFO - [2025-07-01T21:16:14.163+0000] {dagbag.py:588} INFO - Filling up the DagBag from /opt/airflow/dags/driven_data_pipeline.py
[2025-07-01T21:16:14.203+0000] {processor.py:925} INFO - DAG(s) 'extract_raw_data_pipeline' retrieved from /opt/airflow/dags/driven_data_pipeline.py
[2025-07-01T21:16:14.238+0000] {logging_mixin.py:190} INFO - [2025-07-01T21:16:14.238+0000] {dag.py:3239} INFO - Sync 1 DAGs
[2025-07-01T21:16:14.273+0000] {logging_mixin.py:190} INFO - [2025-07-01T21:16:14.272+0000] {dag.py:4180} INFO - Setting next_dagrun for extract_raw_data_pipeline to 2025-07-01 07:59:00+00:00, run_after=2025-07-02 07:00:00+00:00
[2025-07-01T21:16:14.300+0000] {processor.py:208} INFO - Processing /opt/airflow/dags/driven_data_pipeline.py took 0.150 seconds
[2025-07-01T21:16:44.454+0000] {processor.py:186} INFO - Started process (PID=254) to work on /opt/airflow/dags/driven_data_pipeline.py
[2025-07-01T21:16:44.456+0000] {processor.py:914} INFO - Processing file /opt/airflow/dags/driven_data_pipeline.py for tasks to queue
[2025-07-01T21:16:44.459+0000] {logging_mixin.py:190} INFO - [2025-07-01T21:16:44.458+0000] {dagbag.py:588} INFO - Filling up the DagBag from /opt/airflow/dags/driven_data_pipeline.py
[2025-07-01T21:16:44.494+0000] {processor.py:925} INFO - DAG(s) 'extract_raw_data_pipeline' retrieved from /opt/airflow/dags/driven_data_pipeline.py
[2025-07-01T21:16:44.528+0000] {logging_mixin.py:190} INFO - [2025-07-01T21:16:44.528+0000] {dag.py:3239} INFO - Sync 1 DAGs
[2025-07-01T21:16:44.557+0000] {logging_mixin.py:190} INFO - [2025-07-01T21:16:44.557+0000] {dag.py:4180} INFO - Setting next_dagrun for extract_raw_data_pipeline to 2025-07-01 07:59:00+00:00, run_after=2025-07-02 07:00:00+00:00
[2025-07-01T21:16:44.581+0000] {processor.py:208} INFO - Processing /opt/airflow/dags/driven_data_pipeline.py took 0.134 seconds
[2025-07-01T21:17:14.890+0000] {processor.py:186} INFO - Started process (PID=261) to work on /opt/airflow/dags/driven_data_pipeline.py
[2025-07-01T21:17:14.891+0000] {processor.py:914} INFO - Processing file /opt/airflow/dags/driven_data_pipeline.py for tasks to queue
[2025-07-01T21:17:14.894+0000] {logging_mixin.py:190} INFO - [2025-07-01T21:17:14.894+0000] {dagbag.py:588} INFO - Filling up the DagBag from /opt/airflow/dags/driven_data_pipeline.py
[2025-07-01T21:17:14.933+0000] {processor.py:925} INFO - DAG(s) 'extract_raw_data_pipeline' retrieved from /opt/airflow/dags/driven_data_pipeline.py
[2025-07-01T21:17:14.968+0000] {logging_mixin.py:190} INFO - [2025-07-01T21:17:14.968+0000] {dag.py:3239} INFO - Sync 1 DAGs
[2025-07-01T21:17:15.005+0000] {logging_mixin.py:190} INFO - [2025-07-01T21:17:15.005+0000] {dag.py:4180} INFO - Setting next_dagrun for extract_raw_data_pipeline to 2025-07-01 07:59:00+00:00, run_after=2025-07-02 07:00:00+00:00
[2025-07-01T21:17:15.032+0000] {processor.py:208} INFO - Processing /opt/airflow/dags/driven_data_pipeline.py took 0.150 seconds
[2025-07-01T21:17:45.126+0000] {processor.py:186} INFO - Started process (PID=268) to work on /opt/airflow/dags/driven_data_pipeline.py
[2025-07-01T21:17:45.127+0000] {processor.py:914} INFO - Processing file /opt/airflow/dags/driven_data_pipeline.py for tasks to queue
[2025-07-01T21:17:45.130+0000] {logging_mixin.py:190} INFO - [2025-07-01T21:17:45.130+0000] {dagbag.py:588} INFO - Filling up the DagBag from /opt/airflow/dags/driven_data_pipeline.py
[2025-07-01T21:17:45.166+0000] {processor.py:925} INFO - DAG(s) 'extract_raw_data_pipeline' retrieved from /opt/airflow/dags/driven_data_pipeline.py
[2025-07-01T21:17:45.200+0000] {logging_mixin.py:190} INFO - [2025-07-01T21:17:45.200+0000] {dag.py:3239} INFO - Sync 1 DAGs
[2025-07-01T21:17:45.231+0000] {logging_mixin.py:190} INFO - [2025-07-01T21:17:45.230+0000] {dag.py:4180} INFO - Setting next_dagrun for extract_raw_data_pipeline to 2025-07-01 07:59:00+00:00, run_after=2025-07-02 07:00:00+00:00
[2025-07-01T21:17:45.253+0000] {processor.py:208} INFO - Processing /opt/airflow/dags/driven_data_pipeline.py took 0.136 seconds
[2025-07-01T21:18:15.376+0000] {processor.py:186} INFO - Started process (PID=275) to work on /opt/airflow/dags/driven_data_pipeline.py
[2025-07-01T21:18:15.377+0000] {processor.py:914} INFO - Processing file /opt/airflow/dags/driven_data_pipeline.py for tasks to queue
[2025-07-01T21:18:15.380+0000] {logging_mixin.py:190} INFO - [2025-07-01T21:18:15.380+0000] {dagbag.py:588} INFO - Filling up the DagBag from /opt/airflow/dags/driven_data_pipeline.py
[2025-07-01T21:18:15.415+0000] {processor.py:925} INFO - DAG(s) 'extract_raw_data_pipeline' retrieved from /opt/airflow/dags/driven_data_pipeline.py
[2025-07-01T21:18:15.446+0000] {logging_mixin.py:190} INFO - [2025-07-01T21:18:15.446+0000] {dag.py:3239} INFO - Sync 1 DAGs
[2025-07-01T21:18:15.477+0000] {logging_mixin.py:190} INFO - [2025-07-01T21:18:15.477+0000] {dag.py:4180} INFO - Setting next_dagrun for extract_raw_data_pipeline to 2025-07-01 07:59:00+00:00, run_after=2025-07-02 07:00:00+00:00
[2025-07-01T21:18:15.499+0000] {processor.py:208} INFO - Processing /opt/airflow/dags/driven_data_pipeline.py took 0.130 seconds
[2025-07-01T21:18:45.765+0000] {processor.py:186} INFO - Started process (PID=282) to work on /opt/airflow/dags/driven_data_pipeline.py
[2025-07-01T21:18:45.766+0000] {processor.py:914} INFO - Processing file /opt/airflow/dags/driven_data_pipeline.py for tasks to queue
[2025-07-01T21:18:45.769+0000] {logging_mixin.py:190} INFO - [2025-07-01T21:18:45.769+0000] {dagbag.py:588} INFO - Filling up the DagBag from /opt/airflow/dags/driven_data_pipeline.py
[2025-07-01T21:18:45.803+0000] {processor.py:925} INFO - DAG(s) 'extract_raw_data_pipeline' retrieved from /opt/airflow/dags/driven_data_pipeline.py
[2025-07-01T21:18:45.838+0000] {logging_mixin.py:190} INFO - [2025-07-01T21:18:45.838+0000] {dag.py:3239} INFO - Sync 1 DAGs
[2025-07-01T21:18:45.866+0000] {logging_mixin.py:190} INFO - [2025-07-01T21:18:45.865+0000] {dag.py:4180} INFO - Setting next_dagrun for extract_raw_data_pipeline to 2025-07-01 07:59:00+00:00, run_after=2025-07-02 07:00:00+00:00
[2025-07-01T21:18:45.886+0000] {processor.py:208} INFO - Processing /opt/airflow/dags/driven_data_pipeline.py took 0.128 seconds
[2025-07-01T21:19:16.075+0000] {processor.py:186} INFO - Started process (PID=289) to work on /opt/airflow/dags/driven_data_pipeline.py
[2025-07-01T21:19:16.076+0000] {processor.py:914} INFO - Processing file /opt/airflow/dags/driven_data_pipeline.py for tasks to queue
[2025-07-01T21:19:16.080+0000] {logging_mixin.py:190} INFO - [2025-07-01T21:19:16.079+0000] {dagbag.py:588} INFO - Filling up the DagBag from /opt/airflow/dags/driven_data_pipeline.py
[2025-07-01T21:19:16.133+0000] {processor.py:925} INFO - DAG(s) 'extract_raw_data_pipeline' retrieved from /opt/airflow/dags/driven_data_pipeline.py
[2025-07-01T21:19:16.194+0000] {logging_mixin.py:190} INFO - [2025-07-01T21:19:16.193+0000] {dag.py:3239} INFO - Sync 1 DAGs
[2025-07-01T21:19:16.254+0000] {logging_mixin.py:190} INFO - [2025-07-01T21:19:16.254+0000] {dag.py:4180} INFO - Setting next_dagrun for extract_raw_data_pipeline to 2025-07-01 07:59:00+00:00, run_after=2025-07-02 07:00:00+00:00
[2025-07-01T21:19:16.290+0000] {processor.py:208} INFO - Processing /opt/airflow/dags/driven_data_pipeline.py took 0.223 seconds
[2025-07-01T21:19:46.514+0000] {processor.py:186} INFO - Started process (PID=296) to work on /opt/airflow/dags/driven_data_pipeline.py
[2025-07-01T21:19:46.516+0000] {processor.py:914} INFO - Processing file /opt/airflow/dags/driven_data_pipeline.py for tasks to queue
[2025-07-01T21:19:46.519+0000] {logging_mixin.py:190} INFO - [2025-07-01T21:19:46.519+0000] {dagbag.py:588} INFO - Filling up the DagBag from /opt/airflow/dags/driven_data_pipeline.py
[2025-07-01T21:19:46.561+0000] {processor.py:925} INFO - DAG(s) 'extract_raw_data_pipeline' retrieved from /opt/airflow/dags/driven_data_pipeline.py
[2025-07-01T21:19:46.599+0000] {logging_mixin.py:190} INFO - [2025-07-01T21:19:46.599+0000] {dag.py:3239} INFO - Sync 1 DAGs
[2025-07-01T21:19:46.634+0000] {logging_mixin.py:190} INFO - [2025-07-01T21:19:46.634+0000] {dag.py:4180} INFO - Setting next_dagrun for extract_raw_data_pipeline to 2025-07-01 07:59:00+00:00, run_after=2025-07-02 07:00:00+00:00
[2025-07-01T21:19:46.663+0000] {processor.py:208} INFO - Processing /opt/airflow/dags/driven_data_pipeline.py took 0.158 seconds
[2025-07-01T21:20:16.750+0000] {processor.py:186} INFO - Started process (PID=303) to work on /opt/airflow/dags/driven_data_pipeline.py
[2025-07-01T21:20:16.754+0000] {processor.py:914} INFO - Processing file /opt/airflow/dags/driven_data_pipeline.py for tasks to queue
[2025-07-01T21:20:16.756+0000] {logging_mixin.py:190} INFO - [2025-07-01T21:20:16.756+0000] {dagbag.py:588} INFO - Filling up the DagBag from /opt/airflow/dags/driven_data_pipeline.py
[2025-07-01T21:20:16.793+0000] {processor.py:925} INFO - DAG(s) 'extract_raw_data_pipeline' retrieved from /opt/airflow/dags/driven_data_pipeline.py
[2025-07-01T21:20:16.823+0000] {logging_mixin.py:190} INFO - [2025-07-01T21:20:16.823+0000] {dag.py:3239} INFO - Sync 1 DAGs
[2025-07-01T21:20:16.850+0000] {logging_mixin.py:190} INFO - [2025-07-01T21:20:16.849+0000] {dag.py:4180} INFO - Setting next_dagrun for extract_raw_data_pipeline to 2025-07-01 07:59:00+00:00, run_after=2025-07-02 07:00:00+00:00
[2025-07-01T21:20:16.878+0000] {processor.py:208} INFO - Processing /opt/airflow/dags/driven_data_pipeline.py took 0.134 seconds
[2025-07-01T21:20:46.998+0000] {processor.py:186} INFO - Started process (PID=310) to work on /opt/airflow/dags/driven_data_pipeline.py
[2025-07-01T21:20:47.000+0000] {processor.py:914} INFO - Processing file /opt/airflow/dags/driven_data_pipeline.py for tasks to queue
[2025-07-01T21:20:47.003+0000] {logging_mixin.py:190} INFO - [2025-07-01T21:20:47.002+0000] {dagbag.py:588} INFO - Filling up the DagBag from /opt/airflow/dags/driven_data_pipeline.py
[2025-07-01T21:20:47.040+0000] {processor.py:925} INFO - DAG(s) 'extract_raw_data_pipeline' retrieved from /opt/airflow/dags/driven_data_pipeline.py
[2025-07-01T21:20:47.073+0000] {logging_mixin.py:190} INFO - [2025-07-01T21:20:47.072+0000] {dag.py:3239} INFO - Sync 1 DAGs
[2025-07-01T21:20:47.103+0000] {logging_mixin.py:190} INFO - [2025-07-01T21:20:47.103+0000] {dag.py:4180} INFO - Setting next_dagrun for extract_raw_data_pipeline to 2025-07-01 07:59:00+00:00, run_after=2025-07-02 07:00:00+00:00
[2025-07-01T21:20:47.133+0000] {processor.py:208} INFO - Processing /opt/airflow/dags/driven_data_pipeline.py took 0.143 seconds
[2025-07-01T21:21:17.399+0000] {processor.py:186} INFO - Started process (PID=317) to work on /opt/airflow/dags/driven_data_pipeline.py
[2025-07-01T21:21:17.400+0000] {processor.py:914} INFO - Processing file /opt/airflow/dags/driven_data_pipeline.py for tasks to queue
[2025-07-01T21:21:17.403+0000] {logging_mixin.py:190} INFO - [2025-07-01T21:21:17.403+0000] {dagbag.py:588} INFO - Filling up the DagBag from /opt/airflow/dags/driven_data_pipeline.py
[2025-07-01T21:21:17.439+0000] {processor.py:925} INFO - DAG(s) 'extract_raw_data_pipeline' retrieved from /opt/airflow/dags/driven_data_pipeline.py
[2025-07-01T21:21:17.472+0000] {logging_mixin.py:190} INFO - [2025-07-01T21:21:17.472+0000] {dag.py:3239} INFO - Sync 1 DAGs
[2025-07-01T21:21:17.506+0000] {logging_mixin.py:190} INFO - [2025-07-01T21:21:17.506+0000] {dag.py:4180} INFO - Setting next_dagrun for extract_raw_data_pipeline to 2025-07-01 07:59:00+00:00, run_after=2025-07-02 07:00:00+00:00
[2025-07-01T21:21:17.535+0000] {processor.py:208} INFO - Processing /opt/airflow/dags/driven_data_pipeline.py took 0.143 seconds
[2025-07-01T21:21:47.607+0000] {processor.py:186} INFO - Started process (PID=324) to work on /opt/airflow/dags/driven_data_pipeline.py
[2025-07-01T21:21:47.609+0000] {processor.py:914} INFO - Processing file /opt/airflow/dags/driven_data_pipeline.py for tasks to queue
[2025-07-01T21:21:47.612+0000] {logging_mixin.py:190} INFO - [2025-07-01T21:21:47.611+0000] {dagbag.py:588} INFO - Filling up the DagBag from /opt/airflow/dags/driven_data_pipeline.py
[2025-07-01T21:21:47.649+0000] {processor.py:925} INFO - DAG(s) 'extract_raw_data_pipeline' retrieved from /opt/airflow/dags/driven_data_pipeline.py
[2025-07-01T21:21:47.683+0000] {logging_mixin.py:190} INFO - [2025-07-01T21:21:47.683+0000] {dag.py:3239} INFO - Sync 1 DAGs
[2025-07-01T21:21:47.713+0000] {logging_mixin.py:190} INFO - [2025-07-01T21:21:47.712+0000] {dag.py:4180} INFO - Setting next_dagrun for extract_raw_data_pipeline to 2025-07-01 07:59:00+00:00, run_after=2025-07-02 07:00:00+00:00
[2025-07-01T21:21:47.737+0000] {processor.py:208} INFO - Processing /opt/airflow/dags/driven_data_pipeline.py took 0.138 seconds
[2025-07-01T21:22:18.078+0000] {processor.py:186} INFO - Started process (PID=331) to work on /opt/airflow/dags/driven_data_pipeline.py
[2025-07-01T21:22:18.080+0000] {processor.py:914} INFO - Processing file /opt/airflow/dags/driven_data_pipeline.py for tasks to queue
[2025-07-01T21:22:18.085+0000] {logging_mixin.py:190} INFO - [2025-07-01T21:22:18.085+0000] {dagbag.py:588} INFO - Filling up the DagBag from /opt/airflow/dags/driven_data_pipeline.py
[2025-07-01T21:22:18.140+0000] {processor.py:925} INFO - DAG(s) 'extract_raw_data_pipeline' retrieved from /opt/airflow/dags/driven_data_pipeline.py
[2025-07-01T21:22:18.188+0000] {logging_mixin.py:190} INFO - [2025-07-01T21:22:18.187+0000] {dag.py:3239} INFO - Sync 1 DAGs
[2025-07-01T21:22:18.227+0000] {logging_mixin.py:190} INFO - [2025-07-01T21:22:18.226+0000] {dag.py:4180} INFO - Setting next_dagrun for extract_raw_data_pipeline to 2025-07-01 07:59:00+00:00, run_after=2025-07-02 07:00:00+00:00
[2025-07-01T21:22:18.257+0000] {processor.py:208} INFO - Processing /opt/airflow/dags/driven_data_pipeline.py took 0.224 seconds
[2025-07-01T21:22:48.331+0000] {processor.py:186} INFO - Started process (PID=338) to work on /opt/airflow/dags/driven_data_pipeline.py
[2025-07-01T21:22:48.333+0000] {processor.py:914} INFO - Processing file /opt/airflow/dags/driven_data_pipeline.py for tasks to queue
[2025-07-01T21:22:48.336+0000] {logging_mixin.py:190} INFO - [2025-07-01T21:22:48.335+0000] {dagbag.py:588} INFO - Filling up the DagBag from /opt/airflow/dags/driven_data_pipeline.py
[2025-07-01T21:22:48.375+0000] {processor.py:925} INFO - DAG(s) 'extract_raw_data_pipeline' retrieved from /opt/airflow/dags/driven_data_pipeline.py
[2025-07-01T21:22:48.409+0000] {logging_mixin.py:190} INFO - [2025-07-01T21:22:48.408+0000] {dag.py:3239} INFO - Sync 1 DAGs
[2025-07-01T21:22:48.438+0000] {logging_mixin.py:190} INFO - [2025-07-01T21:22:48.438+0000] {dag.py:4180} INFO - Setting next_dagrun for extract_raw_data_pipeline to 2025-07-01 07:59:00+00:00, run_after=2025-07-02 07:00:00+00:00
[2025-07-01T21:22:48.461+0000] {processor.py:208} INFO - Processing /opt/airflow/dags/driven_data_pipeline.py took 0.141 seconds
[2025-07-01T21:23:18.731+0000] {processor.py:186} INFO - Started process (PID=345) to work on /opt/airflow/dags/driven_data_pipeline.py
[2025-07-01T21:23:18.733+0000] {processor.py:914} INFO - Processing file /opt/airflow/dags/driven_data_pipeline.py for tasks to queue
[2025-07-01T21:23:18.736+0000] {logging_mixin.py:190} INFO - [2025-07-01T21:23:18.735+0000] {dagbag.py:588} INFO - Filling up the DagBag from /opt/airflow/dags/driven_data_pipeline.py
[2025-07-01T21:23:18.770+0000] {processor.py:925} INFO - DAG(s) 'extract_raw_data_pipeline' retrieved from /opt/airflow/dags/driven_data_pipeline.py
[2025-07-01T21:23:18.802+0000] {logging_mixin.py:190} INFO - [2025-07-01T21:23:18.801+0000] {dag.py:3239} INFO - Sync 1 DAGs
[2025-07-01T21:23:18.835+0000] {logging_mixin.py:190} INFO - [2025-07-01T21:23:18.835+0000] {dag.py:4180} INFO - Setting next_dagrun for extract_raw_data_pipeline to 2025-07-01 07:59:00+00:00, run_after=2025-07-02 07:00:00+00:00
[2025-07-01T21:23:18.863+0000] {processor.py:208} INFO - Processing /opt/airflow/dags/driven_data_pipeline.py took 0.139 seconds
[2025-07-01T21:23:48.967+0000] {processor.py:186} INFO - Started process (PID=352) to work on /opt/airflow/dags/driven_data_pipeline.py
[2025-07-01T21:23:48.968+0000] {processor.py:914} INFO - Processing file /opt/airflow/dags/driven_data_pipeline.py for tasks to queue
[2025-07-01T21:23:48.973+0000] {logging_mixin.py:190} INFO - [2025-07-01T21:23:48.972+0000] {dagbag.py:588} INFO - Filling up the DagBag from /opt/airflow/dags/driven_data_pipeline.py
[2025-07-01T21:23:49.035+0000] {processor.py:925} INFO - DAG(s) 'extract_raw_data_pipeline' retrieved from /opt/airflow/dags/driven_data_pipeline.py
[2025-07-01T21:23:49.086+0000] {logging_mixin.py:190} INFO - [2025-07-01T21:23:49.085+0000] {dag.py:3239} INFO - Sync 1 DAGs
[2025-07-01T21:23:49.125+0000] {logging_mixin.py:190} INFO - [2025-07-01T21:23:49.125+0000] {dag.py:4180} INFO - Setting next_dagrun for extract_raw_data_pipeline to 2025-07-01 07:59:00+00:00, run_after=2025-07-02 07:00:00+00:00
[2025-07-01T21:23:49.149+0000] {processor.py:208} INFO - Processing /opt/airflow/dags/driven_data_pipeline.py took 0.194 seconds
[2025-07-01T21:24:19.376+0000] {processor.py:186} INFO - Started process (PID=359) to work on /opt/airflow/dags/driven_data_pipeline.py
[2025-07-01T21:24:19.378+0000] {processor.py:914} INFO - Processing file /opt/airflow/dags/driven_data_pipeline.py for tasks to queue
[2025-07-01T21:24:19.383+0000] {logging_mixin.py:190} INFO - [2025-07-01T21:24:19.382+0000] {dagbag.py:588} INFO - Filling up the DagBag from /opt/airflow/dags/driven_data_pipeline.py
[2025-07-01T21:24:19.427+0000] {processor.py:925} INFO - DAG(s) 'extract_raw_data_pipeline' retrieved from /opt/airflow/dags/driven_data_pipeline.py
[2025-07-01T21:24:19.461+0000] {logging_mixin.py:190} INFO - [2025-07-01T21:24:19.461+0000] {dag.py:3239} INFO - Sync 1 DAGs
[2025-07-01T21:24:19.498+0000] {logging_mixin.py:190} INFO - [2025-07-01T21:24:19.498+0000] {dag.py:4180} INFO - Setting next_dagrun for extract_raw_data_pipeline to 2025-07-01 07:59:00+00:00, run_after=2025-07-02 07:00:00+00:00
[2025-07-01T21:24:19.528+0000] {processor.py:208} INFO - Processing /opt/airflow/dags/driven_data_pipeline.py took 0.164 seconds
[2025-07-01T21:24:49.658+0000] {processor.py:186} INFO - Started process (PID=366) to work on /opt/airflow/dags/driven_data_pipeline.py
[2025-07-01T21:24:49.660+0000] {processor.py:914} INFO - Processing file /opt/airflow/dags/driven_data_pipeline.py for tasks to queue
[2025-07-01T21:24:49.665+0000] {logging_mixin.py:190} INFO - [2025-07-01T21:24:49.664+0000] {dagbag.py:588} INFO - Filling up the DagBag from /opt/airflow/dags/driven_data_pipeline.py
[2025-07-01T21:24:49.725+0000] {processor.py:925} INFO - DAG(s) 'extract_raw_data_pipeline' retrieved from /opt/airflow/dags/driven_data_pipeline.py
[2025-07-01T21:24:49.779+0000] {logging_mixin.py:190} INFO - [2025-07-01T21:24:49.778+0000] {dag.py:3239} INFO - Sync 1 DAGs
[2025-07-01T21:24:49.827+0000] {logging_mixin.py:190} INFO - [2025-07-01T21:24:49.826+0000] {dag.py:4180} INFO - Setting next_dagrun for extract_raw_data_pipeline to 2025-07-01 07:59:00+00:00, run_after=2025-07-02 07:00:00+00:00
[2025-07-01T21:24:49.862+0000] {processor.py:208} INFO - Processing /opt/airflow/dags/driven_data_pipeline.py took 0.217 seconds
[2025-07-01T21:25:20.008+0000] {processor.py:186} INFO - Started process (PID=373) to work on /opt/airflow/dags/driven_data_pipeline.py
[2025-07-01T21:25:20.010+0000] {processor.py:914} INFO - Processing file /opt/airflow/dags/driven_data_pipeline.py for tasks to queue
[2025-07-01T21:25:20.014+0000] {logging_mixin.py:190} INFO - [2025-07-01T21:25:20.013+0000] {dagbag.py:588} INFO - Filling up the DagBag from /opt/airflow/dags/driven_data_pipeline.py
[2025-07-01T21:25:20.062+0000] {processor.py:925} INFO - DAG(s) 'extract_raw_data_pipeline' retrieved from /opt/airflow/dags/driven_data_pipeline.py
[2025-07-01T21:25:20.104+0000] {logging_mixin.py:190} INFO - [2025-07-01T21:25:20.104+0000] {dag.py:3239} INFO - Sync 1 DAGs
[2025-07-01T21:25:20.143+0000] {logging_mixin.py:190} INFO - [2025-07-01T21:25:20.142+0000] {dag.py:4180} INFO - Setting next_dagrun for extract_raw_data_pipeline to 2025-07-01 07:59:00+00:00, run_after=2025-07-02 07:00:00+00:00
[2025-07-01T21:25:20.188+0000] {processor.py:208} INFO - Processing /opt/airflow/dags/driven_data_pipeline.py took 0.190 seconds
[2025-07-01T21:25:50.311+0000] {processor.py:186} INFO - Started process (PID=381) to work on /opt/airflow/dags/driven_data_pipeline.py
[2025-07-01T21:25:50.312+0000] {processor.py:914} INFO - Processing file /opt/airflow/dags/driven_data_pipeline.py for tasks to queue
[2025-07-01T21:25:50.315+0000] {logging_mixin.py:190} INFO - [2025-07-01T21:25:50.315+0000] {dagbag.py:588} INFO - Filling up the DagBag from /opt/airflow/dags/driven_data_pipeline.py
[2025-07-01T21:25:50.351+0000] {processor.py:925} INFO - DAG(s) 'extract_raw_data_pipeline' retrieved from /opt/airflow/dags/driven_data_pipeline.py
[2025-07-01T21:25:50.387+0000] {logging_mixin.py:190} INFO - [2025-07-01T21:25:50.387+0000] {dag.py:3239} INFO - Sync 1 DAGs
[2025-07-01T21:25:50.416+0000] {logging_mixin.py:190} INFO - [2025-07-01T21:25:50.416+0000] {dag.py:4180} INFO - Setting next_dagrun for extract_raw_data_pipeline to 2025-07-01 07:59:00+00:00, run_after=2025-07-02 07:00:00+00:00
[2025-07-01T21:25:50.441+0000] {processor.py:208} INFO - Processing /opt/airflow/dags/driven_data_pipeline.py took 0.138 seconds
[2025-07-01T21:26:20.570+0000] {processor.py:186} INFO - Started process (PID=388) to work on /opt/airflow/dags/driven_data_pipeline.py
[2025-07-01T21:26:20.572+0000] {processor.py:914} INFO - Processing file /opt/airflow/dags/driven_data_pipeline.py for tasks to queue
[2025-07-01T21:26:20.575+0000] {logging_mixin.py:190} INFO - [2025-07-01T21:26:20.574+0000] {dagbag.py:588} INFO - Filling up the DagBag from /opt/airflow/dags/driven_data_pipeline.py
[2025-07-01T21:26:20.612+0000] {processor.py:925} INFO - DAG(s) 'extract_raw_data_pipeline' retrieved from /opt/airflow/dags/driven_data_pipeline.py
[2025-07-01T21:26:20.644+0000] {logging_mixin.py:190} INFO - [2025-07-01T21:26:20.644+0000] {dag.py:3239} INFO - Sync 1 DAGs
[2025-07-01T21:26:20.675+0000] {logging_mixin.py:190} INFO - [2025-07-01T21:26:20.675+0000] {dag.py:4180} INFO - Setting next_dagrun for extract_raw_data_pipeline to 2025-07-01 07:59:00+00:00, run_after=2025-07-02 07:00:00+00:00
[2025-07-01T21:26:20.705+0000] {processor.py:208} INFO - Processing /opt/airflow/dags/driven_data_pipeline.py took 0.142 seconds
[2025-07-01T21:26:50.841+0000] {processor.py:186} INFO - Started process (PID=395) to work on /opt/airflow/dags/driven_data_pipeline.py
[2025-07-01T21:26:50.842+0000] {processor.py:914} INFO - Processing file /opt/airflow/dags/driven_data_pipeline.py for tasks to queue
[2025-07-01T21:26:50.845+0000] {logging_mixin.py:190} INFO - [2025-07-01T21:26:50.845+0000] {dagbag.py:588} INFO - Filling up the DagBag from /opt/airflow/dags/driven_data_pipeline.py
[2025-07-01T21:26:50.889+0000] {processor.py:925} INFO - DAG(s) 'extract_raw_data_pipeline' retrieved from /opt/airflow/dags/driven_data_pipeline.py
[2025-07-01T21:26:50.924+0000] {logging_mixin.py:190} INFO - [2025-07-01T21:26:50.924+0000] {dag.py:3239} INFO - Sync 1 DAGs
[2025-07-01T21:26:50.955+0000] {logging_mixin.py:190} INFO - [2025-07-01T21:26:50.955+0000] {dag.py:4180} INFO - Setting next_dagrun for extract_raw_data_pipeline to 2025-07-01 07:59:00+00:00, run_after=2025-07-02 07:00:00+00:00
[2025-07-01T21:26:50.980+0000] {processor.py:208} INFO - Processing /opt/airflow/dags/driven_data_pipeline.py took 0.146 seconds
[2025-07-01T21:27:21.084+0000] {processor.py:186} INFO - Started process (PID=402) to work on /opt/airflow/dags/driven_data_pipeline.py
[2025-07-01T21:27:21.086+0000] {processor.py:914} INFO - Processing file /opt/airflow/dags/driven_data_pipeline.py for tasks to queue
[2025-07-01T21:27:21.095+0000] {logging_mixin.py:190} INFO - [2025-07-01T21:27:21.093+0000] {dagbag.py:588} INFO - Filling up the DagBag from /opt/airflow/dags/driven_data_pipeline.py
[2025-07-01T21:27:21.171+0000] {processor.py:925} INFO - DAG(s) 'extract_raw_data_pipeline' retrieved from /opt/airflow/dags/driven_data_pipeline.py
[2025-07-01T21:27:21.224+0000] {logging_mixin.py:190} INFO - [2025-07-01T21:27:21.223+0000] {dag.py:3239} INFO - Sync 1 DAGs
[2025-07-01T21:27:21.289+0000] {logging_mixin.py:190} INFO - [2025-07-01T21:27:21.289+0000] {dag.py:4180} INFO - Setting next_dagrun for extract_raw_data_pipeline to 2025-07-01 07:59:00+00:00, run_after=2025-07-02 07:00:00+00:00
[2025-07-01T21:27:21.332+0000] {processor.py:208} INFO - Processing /opt/airflow/dags/driven_data_pipeline.py took 0.264 seconds
[2025-07-01T21:27:51.830+0000] {processor.py:186} INFO - Started process (PID=417) to work on /opt/airflow/dags/driven_data_pipeline.py
[2025-07-01T21:27:51.841+0000] {processor.py:914} INFO - Processing file /opt/airflow/dags/driven_data_pipeline.py for tasks to queue
[2025-07-01T21:27:52.094+0000] {logging_mixin.py:190} INFO - [2025-07-01T21:27:51.889+0000] {dagbag.py:588} INFO - Filling up the DagBag from /opt/airflow/dags/driven_data_pipeline.py
[2025-07-01T21:27:52.326+0000] {processor.py:925} INFO - DAG(s) 'extract_raw_data_pipeline' retrieved from /opt/airflow/dags/driven_data_pipeline.py
[2025-07-01T21:27:52.482+0000] {logging_mixin.py:190} INFO - [2025-07-01T21:27:52.481+0000] {dag.py:3239} INFO - Sync 1 DAGs
[2025-07-01T21:27:52.675+0000] {logging_mixin.py:190} INFO - [2025-07-01T21:27:52.674+0000] {dag.py:4180} INFO - Setting next_dagrun for extract_raw_data_pipeline to 2025-07-01 07:59:00+00:00, run_after=2025-07-02 07:00:00+00:00
[2025-07-01T21:27:52.924+0000] {processor.py:208} INFO - Processing /opt/airflow/dags/driven_data_pipeline.py took 1.207 seconds
[2025-07-01T21:28:23.131+0000] {processor.py:186} INFO - Started process (PID=424) to work on /opt/airflow/dags/driven_data_pipeline.py
[2025-07-01T21:28:23.133+0000] {processor.py:914} INFO - Processing file /opt/airflow/dags/driven_data_pipeline.py for tasks to queue
[2025-07-01T21:28:23.139+0000] {logging_mixin.py:190} INFO - [2025-07-01T21:28:23.139+0000] {dagbag.py:588} INFO - Filling up the DagBag from /opt/airflow/dags/driven_data_pipeline.py
[2025-07-01T21:28:23.216+0000] {processor.py:925} INFO - DAG(s) 'extract_raw_data_pipeline' retrieved from /opt/airflow/dags/driven_data_pipeline.py
[2025-07-01T21:28:23.281+0000] {logging_mixin.py:190} INFO - [2025-07-01T21:28:23.280+0000] {dag.py:3239} INFO - Sync 1 DAGs
[2025-07-01T21:28:23.335+0000] {logging_mixin.py:190} INFO - [2025-07-01T21:28:23.334+0000] {dag.py:4180} INFO - Setting next_dagrun for extract_raw_data_pipeline to 2025-07-01 07:59:00+00:00, run_after=2025-07-02 07:00:00+00:00
[2025-07-01T21:28:23.372+0000] {processor.py:208} INFO - Processing /opt/airflow/dags/driven_data_pipeline.py took 0.256 seconds
[2025-07-01T21:28:53.455+0000] {processor.py:186} INFO - Started process (PID=432) to work on /opt/airflow/dags/driven_data_pipeline.py
[2025-07-01T21:28:53.457+0000] {processor.py:914} INFO - Processing file /opt/airflow/dags/driven_data_pipeline.py for tasks to queue
[2025-07-01T21:28:53.461+0000] {logging_mixin.py:190} INFO - [2025-07-01T21:28:53.461+0000] {dagbag.py:588} INFO - Filling up the DagBag from /opt/airflow/dags/driven_data_pipeline.py
[2025-07-01T21:28:53.520+0000] {processor.py:925} INFO - DAG(s) 'extract_raw_data_pipeline' retrieved from /opt/airflow/dags/driven_data_pipeline.py
[2025-07-01T21:28:53.578+0000] {logging_mixin.py:190} INFO - [2025-07-01T21:28:53.577+0000] {dag.py:3239} INFO - Sync 1 DAGs
[2025-07-01T21:28:53.628+0000] {logging_mixin.py:190} INFO - [2025-07-01T21:28:53.627+0000] {dag.py:4180} INFO - Setting next_dagrun for extract_raw_data_pipeline to 2025-07-01 07:59:00+00:00, run_after=2025-07-02 07:00:00+00:00
[2025-07-01T21:28:53.672+0000] {processor.py:208} INFO - Processing /opt/airflow/dags/driven_data_pipeline.py took 0.229 seconds
[2025-07-01T21:29:23.811+0000] {processor.py:186} INFO - Started process (PID=439) to work on /opt/airflow/dags/driven_data_pipeline.py
[2025-07-01T21:29:23.813+0000] {processor.py:914} INFO - Processing file /opt/airflow/dags/driven_data_pipeline.py for tasks to queue
[2025-07-01T21:29:23.819+0000] {logging_mixin.py:190} INFO - [2025-07-01T21:29:23.818+0000] {dagbag.py:588} INFO - Filling up the DagBag from /opt/airflow/dags/driven_data_pipeline.py
[2025-07-01T21:29:23.888+0000] {processor.py:925} INFO - DAG(s) 'extract_raw_data_pipeline' retrieved from /opt/airflow/dags/driven_data_pipeline.py
[2025-07-01T21:29:23.938+0000] {logging_mixin.py:190} INFO - [2025-07-01T21:29:23.938+0000] {dag.py:3239} INFO - Sync 1 DAGs
[2025-07-01T21:29:23.986+0000] {logging_mixin.py:190} INFO - [2025-07-01T21:29:23.985+0000] {dag.py:4180} INFO - Setting next_dagrun for extract_raw_data_pipeline to 2025-07-01 07:59:00+00:00, run_after=2025-07-02 07:00:00+00:00
[2025-07-01T21:29:24.030+0000] {processor.py:208} INFO - Processing /opt/airflow/dags/driven_data_pipeline.py took 0.232 seconds
[2025-07-01T21:29:54.109+0000] {processor.py:186} INFO - Started process (PID=446) to work on /opt/airflow/dags/driven_data_pipeline.py
[2025-07-01T21:29:54.111+0000] {processor.py:914} INFO - Processing file /opt/airflow/dags/driven_data_pipeline.py for tasks to queue
[2025-07-01T21:29:54.114+0000] {logging_mixin.py:190} INFO - [2025-07-01T21:29:54.113+0000] {dagbag.py:588} INFO - Filling up the DagBag from /opt/airflow/dags/driven_data_pipeline.py
[2025-07-01T21:29:54.151+0000] {processor.py:925} INFO - DAG(s) 'extract_raw_data_pipeline' retrieved from /opt/airflow/dags/driven_data_pipeline.py
[2025-07-01T21:29:54.189+0000] {logging_mixin.py:190} INFO - [2025-07-01T21:29:54.188+0000] {dag.py:3239} INFO - Sync 1 DAGs
[2025-07-01T21:29:54.222+0000] {logging_mixin.py:190} INFO - [2025-07-01T21:29:54.222+0000] {dag.py:4180} INFO - Setting next_dagrun for extract_raw_data_pipeline to 2025-07-01 07:59:00+00:00, run_after=2025-07-02 07:00:00+00:00
[2025-07-01T21:29:54.248+0000] {processor.py:208} INFO - Processing /opt/airflow/dags/driven_data_pipeline.py took 0.149 seconds
[2025-07-01T21:30:24.515+0000] {processor.py:186} INFO - Started process (PID=453) to work on /opt/airflow/dags/driven_data_pipeline.py
[2025-07-01T21:30:24.517+0000] {processor.py:914} INFO - Processing file /opt/airflow/dags/driven_data_pipeline.py for tasks to queue
[2025-07-01T21:30:24.520+0000] {logging_mixin.py:190} INFO - [2025-07-01T21:30:24.520+0000] {dagbag.py:588} INFO - Filling up the DagBag from /opt/airflow/dags/driven_data_pipeline.py
[2025-07-01T21:30:24.568+0000] {processor.py:925} INFO - DAG(s) 'extract_raw_data_pipeline' retrieved from /opt/airflow/dags/driven_data_pipeline.py
[2025-07-01T21:30:24.598+0000] {logging_mixin.py:190} INFO - [2025-07-01T21:30:24.597+0000] {dag.py:3239} INFO - Sync 1 DAGs
[2025-07-01T21:30:24.627+0000] {logging_mixin.py:190} INFO - [2025-07-01T21:30:24.627+0000] {dag.py:4180} INFO - Setting next_dagrun for extract_raw_data_pipeline to 2025-07-01 07:59:00+00:00, run_after=2025-07-02 07:00:00+00:00
[2025-07-01T21:30:24.668+0000] {processor.py:208} INFO - Processing /opt/airflow/dags/driven_data_pipeline.py took 0.160 seconds
[2025-07-01T21:30:54.747+0000] {processor.py:186} INFO - Started process (PID=460) to work on /opt/airflow/dags/driven_data_pipeline.py
[2025-07-01T21:30:54.750+0000] {processor.py:914} INFO - Processing file /opt/airflow/dags/driven_data_pipeline.py for tasks to queue
[2025-07-01T21:30:54.756+0000] {logging_mixin.py:190} INFO - [2025-07-01T21:30:54.755+0000] {dagbag.py:588} INFO - Filling up the DagBag from /opt/airflow/dags/driven_data_pipeline.py
[2025-07-01T21:30:54.826+0000] {processor.py:925} INFO - DAG(s) 'extract_raw_data_pipeline' retrieved from /opt/airflow/dags/driven_data_pipeline.py
[2025-07-01T21:30:54.905+0000] {logging_mixin.py:190} INFO - [2025-07-01T21:30:54.904+0000] {dag.py:3239} INFO - Sync 1 DAGs
[2025-07-01T21:30:54.996+0000] {logging_mixin.py:190} INFO - [2025-07-01T21:30:54.993+0000] {dag.py:4180} INFO - Setting next_dagrun for extract_raw_data_pipeline to 2025-07-01 07:59:00+00:00, run_after=2025-07-02 07:00:00+00:00
[2025-07-01T21:30:55.053+0000] {processor.py:208} INFO - Processing /opt/airflow/dags/driven_data_pipeline.py took 0.317 seconds
[2025-07-01T21:31:25.145+0000] {processor.py:186} INFO - Started process (PID=467) to work on /opt/airflow/dags/driven_data_pipeline.py
[2025-07-01T21:31:25.146+0000] {processor.py:914} INFO - Processing file /opt/airflow/dags/driven_data_pipeline.py for tasks to queue
[2025-07-01T21:31:25.149+0000] {logging_mixin.py:190} INFO - [2025-07-01T21:31:25.149+0000] {dagbag.py:588} INFO - Filling up the DagBag from /opt/airflow/dags/driven_data_pipeline.py
[2025-07-01T21:31:25.193+0000] {processor.py:925} INFO - DAG(s) 'extract_raw_data_pipeline' retrieved from /opt/airflow/dags/driven_data_pipeline.py
[2025-07-01T21:31:25.235+0000] {logging_mixin.py:190} INFO - [2025-07-01T21:31:25.235+0000] {dag.py:3239} INFO - Sync 1 DAGs
[2025-07-01T21:31:25.266+0000] {logging_mixin.py:190} INFO - [2025-07-01T21:31:25.266+0000] {dag.py:4180} INFO - Setting next_dagrun for extract_raw_data_pipeline to 2025-07-01 07:59:00+00:00, run_after=2025-07-02 07:00:00+00:00
[2025-07-01T21:31:25.299+0000] {processor.py:208} INFO - Processing /opt/airflow/dags/driven_data_pipeline.py took 0.161 seconds
[2025-07-01T21:31:55.385+0000] {processor.py:186} INFO - Started process (PID=474) to work on /opt/airflow/dags/driven_data_pipeline.py
[2025-07-01T21:31:55.387+0000] {processor.py:914} INFO - Processing file /opt/airflow/dags/driven_data_pipeline.py for tasks to queue
[2025-07-01T21:31:55.390+0000] {logging_mixin.py:190} INFO - [2025-07-01T21:31:55.389+0000] {dagbag.py:588} INFO - Filling up the DagBag from /opt/airflow/dags/driven_data_pipeline.py
[2025-07-01T21:31:55.427+0000] {processor.py:925} INFO - DAG(s) 'extract_raw_data_pipeline' retrieved from /opt/airflow/dags/driven_data_pipeline.py
[2025-07-01T21:31:55.461+0000] {logging_mixin.py:190} INFO - [2025-07-01T21:31:55.460+0000] {dag.py:3239} INFO - Sync 1 DAGs
[2025-07-01T21:31:55.491+0000] {logging_mixin.py:190} INFO - [2025-07-01T21:31:55.491+0000] {dag.py:4180} INFO - Setting next_dagrun for extract_raw_data_pipeline to 2025-07-01 07:59:00+00:00, run_after=2025-07-02 07:00:00+00:00
[2025-07-01T21:31:55.515+0000] {processor.py:208} INFO - Processing /opt/airflow/dags/driven_data_pipeline.py took 0.138 seconds
[2025-07-01T21:32:25.828+0000] {processor.py:186} INFO - Started process (PID=481) to work on /opt/airflow/dags/driven_data_pipeline.py
[2025-07-01T21:32:25.829+0000] {processor.py:914} INFO - Processing file /opt/airflow/dags/driven_data_pipeline.py for tasks to queue
[2025-07-01T21:32:25.832+0000] {logging_mixin.py:190} INFO - [2025-07-01T21:32:25.831+0000] {dagbag.py:588} INFO - Filling up the DagBag from /opt/airflow/dags/driven_data_pipeline.py
[2025-07-01T21:32:25.865+0000] {processor.py:925} INFO - DAG(s) 'extract_raw_data_pipeline' retrieved from /opt/airflow/dags/driven_data_pipeline.py
[2025-07-01T21:32:25.895+0000] {logging_mixin.py:190} INFO - [2025-07-01T21:32:25.895+0000] {dag.py:3239} INFO - Sync 1 DAGs
[2025-07-01T21:32:25.927+0000] {logging_mixin.py:190} INFO - [2025-07-01T21:32:25.926+0000] {dag.py:4180} INFO - Setting next_dagrun for extract_raw_data_pipeline to 2025-07-01 07:59:00+00:00, run_after=2025-07-02 07:00:00+00:00
[2025-07-01T21:32:25.952+0000] {processor.py:208} INFO - Processing /opt/airflow/dags/driven_data_pipeline.py took 0.132 seconds
[2025-07-01T21:32:56.084+0000] {processor.py:186} INFO - Started process (PID=488) to work on /opt/airflow/dags/driven_data_pipeline.py
[2025-07-01T21:32:56.085+0000] {processor.py:914} INFO - Processing file /opt/airflow/dags/driven_data_pipeline.py for tasks to queue
[2025-07-01T21:32:56.089+0000] {logging_mixin.py:190} INFO - [2025-07-01T21:32:56.088+0000] {dagbag.py:588} INFO - Filling up the DagBag from /opt/airflow/dags/driven_data_pipeline.py
[2025-07-01T21:32:56.126+0000] {processor.py:925} INFO - DAG(s) 'extract_raw_data_pipeline' retrieved from /opt/airflow/dags/driven_data_pipeline.py
[2025-07-01T21:32:56.172+0000] {logging_mixin.py:190} INFO - [2025-07-01T21:32:56.171+0000] {dag.py:3239} INFO - Sync 1 DAGs
[2025-07-01T21:32:56.220+0000] {logging_mixin.py:190} INFO - [2025-07-01T21:32:56.220+0000] {dag.py:4180} INFO - Setting next_dagrun for extract_raw_data_pipeline to 2025-07-01 07:59:00+00:00, run_after=2025-07-02 07:00:00+00:00
[2025-07-01T21:32:56.244+0000] {processor.py:208} INFO - Processing /opt/airflow/dags/driven_data_pipeline.py took 0.168 seconds
[2025-07-01T21:33:26.495+0000] {processor.py:186} INFO - Started process (PID=495) to work on /opt/airflow/dags/driven_data_pipeline.py
[2025-07-01T21:33:26.498+0000] {processor.py:914} INFO - Processing file /opt/airflow/dags/driven_data_pipeline.py for tasks to queue
[2025-07-01T21:33:26.510+0000] {logging_mixin.py:190} INFO - [2025-07-01T21:33:26.509+0000] {dagbag.py:588} INFO - Filling up the DagBag from /opt/airflow/dags/driven_data_pipeline.py
[2025-07-01T21:33:26.618+0000] {processor.py:925} INFO - DAG(s) 'extract_raw_data_pipeline' retrieved from /opt/airflow/dags/driven_data_pipeline.py
[2025-07-01T21:33:26.728+0000] {logging_mixin.py:190} INFO - [2025-07-01T21:33:26.727+0000] {dag.py:3239} INFO - Sync 1 DAGs
[2025-07-01T21:33:26.809+0000] {logging_mixin.py:190} INFO - [2025-07-01T21:33:26.808+0000] {dag.py:4180} INFO - Setting next_dagrun for extract_raw_data_pipeline to 2025-07-01 07:59:00+00:00, run_after=2025-07-02 07:00:00+00:00
[2025-07-01T21:33:26.863+0000] {processor.py:208} INFO - Processing /opt/airflow/dags/driven_data_pipeline.py took 0.391 seconds
[2025-07-01T21:33:57.178+0000] {processor.py:186} INFO - Started process (PID=508) to work on /opt/airflow/dags/driven_data_pipeline.py
[2025-07-01T21:33:57.180+0000] {processor.py:914} INFO - Processing file /opt/airflow/dags/driven_data_pipeline.py for tasks to queue
[2025-07-01T21:33:57.183+0000] {logging_mixin.py:190} INFO - [2025-07-01T21:33:57.183+0000] {dagbag.py:588} INFO - Filling up the DagBag from /opt/airflow/dags/driven_data_pipeline.py
[2025-07-01T21:33:57.227+0000] {processor.py:925} INFO - DAG(s) 'extract_raw_data_pipeline' retrieved from /opt/airflow/dags/driven_data_pipeline.py
[2025-07-01T21:33:57.279+0000] {logging_mixin.py:190} INFO - [2025-07-01T21:33:57.279+0000] {dag.py:3239} INFO - Sync 1 DAGs
[2025-07-01T21:33:57.325+0000] {logging_mixin.py:190} INFO - [2025-07-01T21:33:57.324+0000] {dag.py:4180} INFO - Setting next_dagrun for extract_raw_data_pipeline to 2025-07-01 07:59:00+00:00, run_after=2025-07-02 07:00:00+00:00
[2025-07-01T21:33:57.359+0000] {processor.py:208} INFO - Processing /opt/airflow/dags/driven_data_pipeline.py took 0.191 seconds
[2025-07-01T21:34:27.703+0000] {processor.py:186} INFO - Started process (PID=515) to work on /opt/airflow/dags/driven_data_pipeline.py
[2025-07-01T21:34:27.706+0000] {processor.py:914} INFO - Processing file /opt/airflow/dags/driven_data_pipeline.py for tasks to queue
[2025-07-01T21:34:27.712+0000] {logging_mixin.py:190} INFO - [2025-07-01T21:34:27.710+0000] {dagbag.py:588} INFO - Filling up the DagBag from /opt/airflow/dags/driven_data_pipeline.py
[2025-07-01T21:34:27.775+0000] {processor.py:925} INFO - DAG(s) 'extract_raw_data_pipeline' retrieved from /opt/airflow/dags/driven_data_pipeline.py
[2025-07-01T21:34:27.831+0000] {logging_mixin.py:190} INFO - [2025-07-01T21:34:27.830+0000] {dag.py:3239} INFO - Sync 1 DAGs
[2025-07-01T21:34:27.894+0000] {logging_mixin.py:190} INFO - [2025-07-01T21:34:27.893+0000] {dag.py:4180} INFO - Setting next_dagrun for extract_raw_data_pipeline to 2025-07-01 07:59:00+00:00, run_after=2025-07-02 07:00:00+00:00
[2025-07-01T21:34:27.969+0000] {processor.py:208} INFO - Processing /opt/airflow/dags/driven_data_pipeline.py took 0.280 seconds
[2025-07-01T21:34:58.240+0000] {processor.py:186} INFO - Started process (PID=523) to work on /opt/airflow/dags/driven_data_pipeline.py
[2025-07-01T21:34:58.242+0000] {processor.py:914} INFO - Processing file /opt/airflow/dags/driven_data_pipeline.py for tasks to queue
[2025-07-01T21:34:58.248+0000] {logging_mixin.py:190} INFO - [2025-07-01T21:34:58.247+0000] {dagbag.py:588} INFO - Filling up the DagBag from /opt/airflow/dags/driven_data_pipeline.py
[2025-07-01T21:34:58.330+0000] {processor.py:925} INFO - DAG(s) 'extract_raw_data_pipeline' retrieved from /opt/airflow/dags/driven_data_pipeline.py
[2025-07-01T21:34:58.388+0000] {logging_mixin.py:190} INFO - [2025-07-01T21:34:58.387+0000] {dag.py:3239} INFO - Sync 1 DAGs
[2025-07-01T21:34:58.441+0000] {logging_mixin.py:190} INFO - [2025-07-01T21:34:58.441+0000] {dag.py:4180} INFO - Setting next_dagrun for extract_raw_data_pipeline to 2025-07-01 07:59:00+00:00, run_after=2025-07-02 07:00:00+00:00
[2025-07-01T21:34:58.480+0000] {processor.py:208} INFO - Processing /opt/airflow/dags/driven_data_pipeline.py took 0.254 seconds
[2025-07-01T21:35:28.755+0000] {processor.py:186} INFO - Started process (PID=530) to work on /opt/airflow/dags/driven_data_pipeline.py
[2025-07-01T21:35:28.759+0000] {processor.py:914} INFO - Processing file /opt/airflow/dags/driven_data_pipeline.py for tasks to queue
[2025-07-01T21:35:28.767+0000] {logging_mixin.py:190} INFO - [2025-07-01T21:35:28.767+0000] {dagbag.py:588} INFO - Filling up the DagBag from /opt/airflow/dags/driven_data_pipeline.py
[2025-07-01T21:35:28.870+0000] {processor.py:925} INFO - DAG(s) 'extract_raw_data_pipeline' retrieved from /opt/airflow/dags/driven_data_pipeline.py
[2025-07-01T21:35:28.971+0000] {logging_mixin.py:190} INFO - [2025-07-01T21:35:28.970+0000] {dag.py:3239} INFO - Sync 1 DAGs
[2025-07-01T21:35:29.115+0000] {logging_mixin.py:190} INFO - [2025-07-01T21:35:29.114+0000] {dag.py:4180} INFO - Setting next_dagrun for extract_raw_data_pipeline to 2025-07-01 07:59:00+00:00, run_after=2025-07-02 07:00:00+00:00
[2025-07-01T21:35:29.222+0000] {processor.py:208} INFO - Processing /opt/airflow/dags/driven_data_pipeline.py took 0.480 seconds
[2025-07-01T21:35:59.488+0000] {processor.py:186} INFO - Started process (PID=537) to work on /opt/airflow/dags/driven_data_pipeline.py
[2025-07-01T21:35:59.490+0000] {processor.py:914} INFO - Processing file /opt/airflow/dags/driven_data_pipeline.py for tasks to queue
[2025-07-01T21:35:59.495+0000] {logging_mixin.py:190} INFO - [2025-07-01T21:35:59.494+0000] {dagbag.py:588} INFO - Filling up the DagBag from /opt/airflow/dags/driven_data_pipeline.py
[2025-07-01T21:35:59.553+0000] {processor.py:925} INFO - DAG(s) 'extract_raw_data_pipeline' retrieved from /opt/airflow/dags/driven_data_pipeline.py
[2025-07-01T21:35:59.608+0000] {logging_mixin.py:190} INFO - [2025-07-01T21:35:59.607+0000] {dag.py:3239} INFO - Sync 1 DAGs
[2025-07-01T21:35:59.655+0000] {logging_mixin.py:190} INFO - [2025-07-01T21:35:59.654+0000] {dag.py:4180} INFO - Setting next_dagrun for extract_raw_data_pipeline to 2025-07-01 07:59:00+00:00, run_after=2025-07-02 07:00:00+00:00
[2025-07-01T21:35:59.699+0000] {processor.py:208} INFO - Processing /opt/airflow/dags/driven_data_pipeline.py took 0.225 seconds
[2025-07-01T21:36:29.950+0000] {processor.py:186} INFO - Started process (PID=544) to work on /opt/airflow/dags/driven_data_pipeline.py
[2025-07-01T21:36:29.952+0000] {processor.py:914} INFO - Processing file /opt/airflow/dags/driven_data_pipeline.py for tasks to queue
[2025-07-01T21:36:29.956+0000] {logging_mixin.py:190} INFO - [2025-07-01T21:36:29.956+0000] {dagbag.py:588} INFO - Filling up the DagBag from /opt/airflow/dags/driven_data_pipeline.py
[2025-07-01T21:36:30.016+0000] {processor.py:925} INFO - DAG(s) 'extract_raw_data_pipeline' retrieved from /opt/airflow/dags/driven_data_pipeline.py
[2025-07-01T21:36:30.053+0000] {logging_mixin.py:190} INFO - [2025-07-01T21:36:30.052+0000] {dag.py:3239} INFO - Sync 1 DAGs
[2025-07-01T21:36:30.084+0000] {logging_mixin.py:190} INFO - [2025-07-01T21:36:30.084+0000] {dag.py:4180} INFO - Setting next_dagrun for extract_raw_data_pipeline to 2025-07-01 07:59:00+00:00, run_after=2025-07-02 07:00:00+00:00
[2025-07-01T21:36:30.110+0000] {processor.py:208} INFO - Processing /opt/airflow/dags/driven_data_pipeline.py took 0.171 seconds
[2025-07-01T21:37:00.382+0000] {processor.py:186} INFO - Started process (PID=551) to work on /opt/airflow/dags/driven_data_pipeline.py
[2025-07-01T21:37:00.384+0000] {processor.py:914} INFO - Processing file /opt/airflow/dags/driven_data_pipeline.py for tasks to queue
[2025-07-01T21:37:00.388+0000] {logging_mixin.py:190} INFO - [2025-07-01T21:37:00.387+0000] {dagbag.py:588} INFO - Filling up the DagBag from /opt/airflow/dags/driven_data_pipeline.py
[2025-07-01T21:37:00.437+0000] {processor.py:925} INFO - DAG(s) 'extract_raw_data_pipeline' retrieved from /opt/airflow/dags/driven_data_pipeline.py
[2025-07-01T21:37:00.493+0000] {logging_mixin.py:190} INFO - [2025-07-01T21:37:00.492+0000] {dag.py:3239} INFO - Sync 1 DAGs
[2025-07-01T21:37:00.537+0000] {logging_mixin.py:190} INFO - [2025-07-01T21:37:00.537+0000] {dag.py:4180} INFO - Setting next_dagrun for extract_raw_data_pipeline to 2025-07-01 07:59:00+00:00, run_after=2025-07-02 07:00:00+00:00
[2025-07-01T21:37:00.571+0000] {processor.py:208} INFO - Processing /opt/airflow/dags/driven_data_pipeline.py took 0.201 seconds
[2025-07-01T21:37:30.844+0000] {processor.py:186} INFO - Started process (PID=558) to work on /opt/airflow/dags/driven_data_pipeline.py
[2025-07-01T21:37:30.845+0000] {processor.py:914} INFO - Processing file /opt/airflow/dags/driven_data_pipeline.py for tasks to queue
[2025-07-01T21:37:30.848+0000] {logging_mixin.py:190} INFO - [2025-07-01T21:37:30.848+0000] {dagbag.py:588} INFO - Filling up the DagBag from /opt/airflow/dags/driven_data_pipeline.py
[2025-07-01T21:37:30.884+0000] {processor.py:925} INFO - DAG(s) 'extract_raw_data_pipeline' retrieved from /opt/airflow/dags/driven_data_pipeline.py
[2025-07-01T21:37:30.915+0000] {logging_mixin.py:190} INFO - [2025-07-01T21:37:30.915+0000] {dag.py:3239} INFO - Sync 1 DAGs
[2025-07-01T21:37:30.946+0000] {logging_mixin.py:190} INFO - [2025-07-01T21:37:30.945+0000] {dag.py:4180} INFO - Setting next_dagrun for extract_raw_data_pipeline to 2025-07-01 07:59:00+00:00, run_after=2025-07-02 07:00:00+00:00
[2025-07-01T21:37:30.971+0000] {processor.py:208} INFO - Processing /opt/airflow/dags/driven_data_pipeline.py took 0.135 seconds
[2025-07-01T21:38:01.070+0000] {processor.py:186} INFO - Started process (PID=565) to work on /opt/airflow/dags/driven_data_pipeline.py
[2025-07-01T21:38:01.071+0000] {processor.py:914} INFO - Processing file /opt/airflow/dags/driven_data_pipeline.py for tasks to queue
[2025-07-01T21:38:01.074+0000] {logging_mixin.py:190} INFO - [2025-07-01T21:38:01.073+0000] {dagbag.py:588} INFO - Filling up the DagBag from /opt/airflow/dags/driven_data_pipeline.py
[2025-07-01T21:38:01.117+0000] {processor.py:925} INFO - DAG(s) 'extract_raw_data_pipeline' retrieved from /opt/airflow/dags/driven_data_pipeline.py
[2025-07-01T21:38:01.153+0000] {logging_mixin.py:190} INFO - [2025-07-01T21:38:01.153+0000] {dag.py:3239} INFO - Sync 1 DAGs
[2025-07-01T21:38:01.184+0000] {logging_mixin.py:190} INFO - [2025-07-01T21:38:01.183+0000] {dag.py:4180} INFO - Setting next_dagrun for extract_raw_data_pipeline to 2025-07-01 07:59:00+00:00, run_after=2025-07-02 07:00:00+00:00
[2025-07-01T21:38:01.209+0000] {processor.py:208} INFO - Processing /opt/airflow/dags/driven_data_pipeline.py took 0.147 seconds
[2025-07-01T21:38:31.505+0000] {processor.py:186} INFO - Started process (PID=572) to work on /opt/airflow/dags/driven_data_pipeline.py
[2025-07-01T21:38:31.507+0000] {processor.py:914} INFO - Processing file /opt/airflow/dags/driven_data_pipeline.py for tasks to queue
[2025-07-01T21:38:31.511+0000] {logging_mixin.py:190} INFO - [2025-07-01T21:38:31.510+0000] {dagbag.py:588} INFO - Filling up the DagBag from /opt/airflow/dags/driven_data_pipeline.py
[2025-07-01T21:38:31.563+0000] {processor.py:925} INFO - DAG(s) 'extract_raw_data_pipeline' retrieved from /opt/airflow/dags/driven_data_pipeline.py
[2025-07-01T21:38:31.608+0000] {logging_mixin.py:190} INFO - [2025-07-01T21:38:31.608+0000] {dag.py:3239} INFO - Sync 1 DAGs
[2025-07-01T21:38:31.650+0000] {logging_mixin.py:190} INFO - [2025-07-01T21:38:31.649+0000] {dag.py:4180} INFO - Setting next_dagrun for extract_raw_data_pipeline to 2025-07-01 07:59:00+00:00, run_after=2025-07-02 07:00:00+00:00
[2025-07-01T21:38:31.682+0000] {processor.py:208} INFO - Processing /opt/airflow/dags/driven_data_pipeline.py took 0.187 seconds
[2025-07-01T21:39:01.767+0000] {processor.py:186} INFO - Started process (PID=579) to work on /opt/airflow/dags/driven_data_pipeline.py
[2025-07-01T21:39:01.768+0000] {processor.py:914} INFO - Processing file /opt/airflow/dags/driven_data_pipeline.py for tasks to queue
[2025-07-01T21:39:01.772+0000] {logging_mixin.py:190} INFO - [2025-07-01T21:39:01.772+0000] {dagbag.py:588} INFO - Filling up the DagBag from /opt/airflow/dags/driven_data_pipeline.py
[2025-07-01T21:39:01.812+0000] {processor.py:925} INFO - DAG(s) 'extract_raw_data_pipeline' retrieved from /opt/airflow/dags/driven_data_pipeline.py
[2025-07-01T21:39:01.849+0000] {logging_mixin.py:190} INFO - [2025-07-01T21:39:01.849+0000] {dag.py:3239} INFO - Sync 1 DAGs
[2025-07-01T21:39:01.882+0000] {logging_mixin.py:190} INFO - [2025-07-01T21:39:01.882+0000] {dag.py:4180} INFO - Setting next_dagrun for extract_raw_data_pipeline to 2025-07-01 07:59:00+00:00, run_after=2025-07-02 07:00:00+00:00
[2025-07-01T21:39:01.908+0000] {processor.py:208} INFO - Processing /opt/airflow/dags/driven_data_pipeline.py took 0.150 seconds
[2025-07-01T21:39:32.112+0000] {processor.py:186} INFO - Started process (PID=586) to work on /opt/airflow/dags/driven_data_pipeline.py
[2025-07-01T21:39:32.114+0000] {processor.py:914} INFO - Processing file /opt/airflow/dags/driven_data_pipeline.py for tasks to queue
[2025-07-01T21:39:32.119+0000] {logging_mixin.py:190} INFO - [2025-07-01T21:39:32.118+0000] {dagbag.py:588} INFO - Filling up the DagBag from /opt/airflow/dags/driven_data_pipeline.py
[2025-07-01T21:39:32.170+0000] {processor.py:925} INFO - DAG(s) 'extract_raw_data_pipeline' retrieved from /opt/airflow/dags/driven_data_pipeline.py
[2025-07-01T21:39:32.216+0000] {logging_mixin.py:190} INFO - [2025-07-01T21:39:32.215+0000] {dag.py:3239} INFO - Sync 1 DAGs
[2025-07-01T21:39:32.258+0000] {logging_mixin.py:190} INFO - [2025-07-01T21:39:32.258+0000] {dag.py:4180} INFO - Setting next_dagrun for extract_raw_data_pipeline to 2025-07-01 07:59:00+00:00, run_after=2025-07-02 07:00:00+00:00
[2025-07-01T21:39:32.293+0000] {processor.py:208} INFO - Processing /opt/airflow/dags/driven_data_pipeline.py took 0.191 seconds
[2025-07-01T21:40:02.356+0000] {processor.py:186} INFO - Started process (PID=593) to work on /opt/airflow/dags/driven_data_pipeline.py
[2025-07-01T21:40:02.357+0000] {processor.py:914} INFO - Processing file /opt/airflow/dags/driven_data_pipeline.py for tasks to queue
[2025-07-01T21:40:02.360+0000] {logging_mixin.py:190} INFO - [2025-07-01T21:40:02.360+0000] {dagbag.py:588} INFO - Filling up the DagBag from /opt/airflow/dags/driven_data_pipeline.py
[2025-07-01T21:40:02.397+0000] {processor.py:925} INFO - DAG(s) 'extract_raw_data_pipeline' retrieved from /opt/airflow/dags/driven_data_pipeline.py
[2025-07-01T21:40:02.429+0000] {logging_mixin.py:190} INFO - [2025-07-01T21:40:02.429+0000] {dag.py:3239} INFO - Sync 1 DAGs
[2025-07-01T21:40:02.461+0000] {logging_mixin.py:190} INFO - [2025-07-01T21:40:02.461+0000] {dag.py:4180} INFO - Setting next_dagrun for extract_raw_data_pipeline to 2025-07-01 07:59:00+00:00, run_after=2025-07-02 07:00:00+00:00
[2025-07-01T21:40:02.488+0000] {processor.py:208} INFO - Processing /opt/airflow/dags/driven_data_pipeline.py took 0.140 seconds
[2025-07-01T21:40:32.780+0000] {processor.py:186} INFO - Started process (PID=600) to work on /opt/airflow/dags/driven_data_pipeline.py
[2025-07-01T21:40:32.782+0000] {processor.py:914} INFO - Processing file /opt/airflow/dags/driven_data_pipeline.py for tasks to queue
[2025-07-01T21:40:32.785+0000] {logging_mixin.py:190} INFO - [2025-07-01T21:40:32.785+0000] {dagbag.py:588} INFO - Filling up the DagBag from /opt/airflow/dags/driven_data_pipeline.py
[2025-07-01T21:40:32.825+0000] {processor.py:925} INFO - DAG(s) 'extract_raw_data_pipeline' retrieved from /opt/airflow/dags/driven_data_pipeline.py
[2025-07-01T21:40:32.879+0000] {logging_mixin.py:190} INFO - [2025-07-01T21:40:32.878+0000] {dag.py:3239} INFO - Sync 1 DAGs
[2025-07-01T21:40:32.928+0000] {logging_mixin.py:190} INFO - [2025-07-01T21:40:32.927+0000] {dag.py:4180} INFO - Setting next_dagrun for extract_raw_data_pipeline to 2025-07-01 07:59:00+00:00, run_after=2025-07-02 07:00:00+00:00
[2025-07-01T21:40:32.965+0000] {processor.py:208} INFO - Processing /opt/airflow/dags/driven_data_pipeline.py took 0.194 seconds
[2025-07-01T21:41:03.044+0000] {processor.py:186} INFO - Started process (PID=607) to work on /opt/airflow/dags/driven_data_pipeline.py
[2025-07-01T21:41:03.045+0000] {processor.py:914} INFO - Processing file /opt/airflow/dags/driven_data_pipeline.py for tasks to queue
[2025-07-01T21:41:03.048+0000] {logging_mixin.py:190} INFO - [2025-07-01T21:41:03.048+0000] {dagbag.py:588} INFO - Filling up the DagBag from /opt/airflow/dags/driven_data_pipeline.py
[2025-07-01T21:41:03.085+0000] {processor.py:925} INFO - DAG(s) 'extract_raw_data_pipeline' retrieved from /opt/airflow/dags/driven_data_pipeline.py
[2025-07-01T21:41:03.123+0000] {logging_mixin.py:190} INFO - [2025-07-01T21:41:03.122+0000] {dag.py:3239} INFO - Sync 1 DAGs
[2025-07-01T21:41:03.153+0000] {logging_mixin.py:190} INFO - [2025-07-01T21:41:03.153+0000] {dag.py:4180} INFO - Setting next_dagrun for extract_raw_data_pipeline to 2025-07-01 07:59:00+00:00, run_after=2025-07-02 07:00:00+00:00
[2025-07-01T21:41:03.177+0000] {processor.py:208} INFO - Processing /opt/airflow/dags/driven_data_pipeline.py took 0.141 seconds
[2025-07-01T21:41:33.459+0000] {processor.py:186} INFO - Started process (PID=614) to work on /opt/airflow/dags/driven_data_pipeline.py
[2025-07-01T21:41:33.460+0000] {processor.py:914} INFO - Processing file /opt/airflow/dags/driven_data_pipeline.py for tasks to queue
[2025-07-01T21:41:33.463+0000] {logging_mixin.py:190} INFO - [2025-07-01T21:41:33.463+0000] {dagbag.py:588} INFO - Filling up the DagBag from /opt/airflow/dags/driven_data_pipeline.py
[2025-07-01T21:41:33.499+0000] {processor.py:925} INFO - DAG(s) 'extract_raw_data_pipeline' retrieved from /opt/airflow/dags/driven_data_pipeline.py
[2025-07-01T21:41:33.531+0000] {logging_mixin.py:190} INFO - [2025-07-01T21:41:33.530+0000] {dag.py:3239} INFO - Sync 1 DAGs
[2025-07-01T21:41:33.561+0000] {logging_mixin.py:190} INFO - [2025-07-01T21:41:33.560+0000] {dag.py:4180} INFO - Setting next_dagrun for extract_raw_data_pipeline to 2025-07-01 07:59:00+00:00, run_after=2025-07-02 07:00:00+00:00
[2025-07-01T21:41:33.585+0000] {processor.py:208} INFO - Processing /opt/airflow/dags/driven_data_pipeline.py took 0.135 seconds
[2025-07-01T21:42:03.717+0000] {processor.py:186} INFO - Started process (PID=621) to work on /opt/airflow/dags/driven_data_pipeline.py
[2025-07-01T21:42:03.718+0000] {processor.py:914} INFO - Processing file /opt/airflow/dags/driven_data_pipeline.py for tasks to queue
[2025-07-01T21:42:03.723+0000] {logging_mixin.py:190} INFO - [2025-07-01T21:42:03.722+0000] {dagbag.py:588} INFO - Filling up the DagBag from /opt/airflow/dags/driven_data_pipeline.py
[2025-07-01T21:42:03.775+0000] {processor.py:925} INFO - DAG(s) 'extract_raw_data_pipeline' retrieved from /opt/airflow/dags/driven_data_pipeline.py
[2025-07-01T21:42:03.821+0000] {logging_mixin.py:190} INFO - [2025-07-01T21:42:03.821+0000] {dag.py:3239} INFO - Sync 1 DAGs
[2025-07-01T21:42:03.862+0000] {logging_mixin.py:190} INFO - [2025-07-01T21:42:03.862+0000] {dag.py:4180} INFO - Setting next_dagrun for extract_raw_data_pipeline to 2025-07-01 07:59:00+00:00, run_after=2025-07-02 07:00:00+00:00
[2025-07-01T21:42:03.902+0000] {processor.py:208} INFO - Processing /opt/airflow/dags/driven_data_pipeline.py took 0.197 seconds
[2025-07-01T21:42:34.091+0000] {processor.py:186} INFO - Started process (PID=628) to work on /opt/airflow/dags/driven_data_pipeline.py
[2025-07-01T21:42:34.093+0000] {processor.py:914} INFO - Processing file /opt/airflow/dags/driven_data_pipeline.py for tasks to queue
[2025-07-01T21:42:34.096+0000] {logging_mixin.py:190} INFO - [2025-07-01T21:42:34.095+0000] {dagbag.py:588} INFO - Filling up the DagBag from /opt/airflow/dags/driven_data_pipeline.py
[2025-07-01T21:42:34.131+0000] {processor.py:925} INFO - DAG(s) 'extract_raw_data_pipeline' retrieved from /opt/airflow/dags/driven_data_pipeline.py
[2025-07-01T21:42:34.164+0000] {logging_mixin.py:190} INFO - [2025-07-01T21:42:34.164+0000] {dag.py:3239} INFO - Sync 1 DAGs
[2025-07-01T21:42:34.197+0000] {logging_mixin.py:190} INFO - [2025-07-01T21:42:34.196+0000] {dag.py:4180} INFO - Setting next_dagrun for extract_raw_data_pipeline to 2025-07-01 07:59:00+00:00, run_after=2025-07-02 07:00:00+00:00
[2025-07-01T21:42:34.224+0000] {processor.py:208} INFO - Processing /opt/airflow/dags/driven_data_pipeline.py took 0.141 seconds
[2025-07-01T21:43:04.301+0000] {processor.py:186} INFO - Started process (PID=635) to work on /opt/airflow/dags/driven_data_pipeline.py
[2025-07-01T21:43:04.303+0000] {processor.py:914} INFO - Processing file /opt/airflow/dags/driven_data_pipeline.py for tasks to queue
[2025-07-01T21:43:04.306+0000] {logging_mixin.py:190} INFO - [2025-07-01T21:43:04.305+0000] {dagbag.py:588} INFO - Filling up the DagBag from /opt/airflow/dags/driven_data_pipeline.py
[2025-07-01T21:43:04.341+0000] {processor.py:925} INFO - DAG(s) 'extract_raw_data_pipeline' retrieved from /opt/airflow/dags/driven_data_pipeline.py
[2025-07-01T21:43:04.378+0000] {logging_mixin.py:190} INFO - [2025-07-01T21:43:04.377+0000] {dag.py:3239} INFO - Sync 1 DAGs
[2025-07-01T21:43:04.410+0000] {logging_mixin.py:190} INFO - [2025-07-01T21:43:04.410+0000] {dag.py:4180} INFO - Setting next_dagrun for extract_raw_data_pipeline to 2025-07-01 07:59:00+00:00, run_after=2025-07-02 07:00:00+00:00
[2025-07-01T21:43:04.441+0000] {processor.py:208} INFO - Processing /opt/airflow/dags/driven_data_pipeline.py took 0.148 seconds
[2025-07-01T21:43:34.727+0000] {processor.py:186} INFO - Started process (PID=642) to work on /opt/airflow/dags/driven_data_pipeline.py
[2025-07-01T21:43:34.728+0000] {processor.py:914} INFO - Processing file /opt/airflow/dags/driven_data_pipeline.py for tasks to queue
[2025-07-01T21:43:34.733+0000] {logging_mixin.py:190} INFO - [2025-07-01T21:43:34.733+0000] {dagbag.py:588} INFO - Filling up the DagBag from /opt/airflow/dags/driven_data_pipeline.py
[2025-07-01T21:43:34.804+0000] {processor.py:925} INFO - DAG(s) 'extract_raw_data_pipeline' retrieved from /opt/airflow/dags/driven_data_pipeline.py
[2025-07-01T21:43:34.839+0000] {logging_mixin.py:190} INFO - [2025-07-01T21:43:34.838+0000] {dag.py:3239} INFO - Sync 1 DAGs
[2025-07-01T21:43:34.868+0000] {logging_mixin.py:190} INFO - [2025-07-01T21:43:34.868+0000] {dag.py:4180} INFO - Setting next_dagrun for extract_raw_data_pipeline to 2025-07-01 07:59:00+00:00, run_after=2025-07-02 07:00:00+00:00
[2025-07-01T21:43:34.891+0000] {processor.py:208} INFO - Processing /opt/airflow/dags/driven_data_pipeline.py took 0.178 seconds
[2025-07-01T21:44:04.980+0000] {processor.py:186} INFO - Started process (PID=649) to work on /opt/airflow/dags/driven_data_pipeline.py
[2025-07-01T21:44:04.981+0000] {processor.py:914} INFO - Processing file /opt/airflow/dags/driven_data_pipeline.py for tasks to queue
[2025-07-01T21:44:04.991+0000] {logging_mixin.py:190} INFO - [2025-07-01T21:44:04.990+0000] {dagbag.py:588} INFO - Filling up the DagBag from /opt/airflow/dags/driven_data_pipeline.py
[2025-07-01T21:44:05.041+0000] {processor.py:925} INFO - DAG(s) 'extract_raw_data_pipeline' retrieved from /opt/airflow/dags/driven_data_pipeline.py
[2025-07-01T21:44:05.082+0000] {logging_mixin.py:190} INFO - [2025-07-01T21:44:05.081+0000] {dag.py:3239} INFO - Sync 1 DAGs
[2025-07-01T21:44:05.128+0000] {logging_mixin.py:190} INFO - [2025-07-01T21:44:05.128+0000] {dag.py:4180} INFO - Setting next_dagrun for extract_raw_data_pipeline to 2025-07-01 07:59:00+00:00, run_after=2025-07-02 07:00:00+00:00
[2025-07-01T21:44:05.164+0000] {processor.py:208} INFO - Processing /opt/airflow/dags/driven_data_pipeline.py took 0.194 seconds
[2025-07-01T21:44:35.430+0000] {processor.py:186} INFO - Started process (PID=656) to work on /opt/airflow/dags/driven_data_pipeline.py
[2025-07-01T21:44:35.431+0000] {processor.py:914} INFO - Processing file /opt/airflow/dags/driven_data_pipeline.py for tasks to queue
[2025-07-01T21:44:35.437+0000] {logging_mixin.py:190} INFO - [2025-07-01T21:44:35.436+0000] {dagbag.py:588} INFO - Filling up the DagBag from /opt/airflow/dags/driven_data_pipeline.py
[2025-07-01T21:44:35.480+0000] {processor.py:925} INFO - DAG(s) 'extract_raw_data_pipeline' retrieved from /opt/airflow/dags/driven_data_pipeline.py
[2025-07-01T21:44:35.515+0000] {logging_mixin.py:190} INFO - [2025-07-01T21:44:35.515+0000] {dag.py:3239} INFO - Sync 1 DAGs
[2025-07-01T21:44:35.550+0000] {logging_mixin.py:190} INFO - [2025-07-01T21:44:35.550+0000] {dag.py:4180} INFO - Setting next_dagrun for extract_raw_data_pipeline to 2025-07-01 07:59:00+00:00, run_after=2025-07-02 07:00:00+00:00
[2025-07-01T21:44:35.575+0000] {processor.py:208} INFO - Processing /opt/airflow/dags/driven_data_pipeline.py took 0.157 seconds
[2025-07-01T21:45:06.230+0000] {processor.py:186} INFO - Started process (PID=663) to work on /opt/airflow/dags/driven_data_pipeline.py
[2025-07-01T21:45:06.232+0000] {processor.py:914} INFO - Processing file /opt/airflow/dags/driven_data_pipeline.py for tasks to queue
[2025-07-01T21:45:06.235+0000] {logging_mixin.py:190} INFO - [2025-07-01T21:45:06.234+0000] {dagbag.py:588} INFO - Filling up the DagBag from /opt/airflow/dags/driven_data_pipeline.py
[2025-07-01T21:45:06.272+0000] {processor.py:925} INFO - DAG(s) 'extract_raw_data_pipeline' retrieved from /opt/airflow/dags/driven_data_pipeline.py
[2025-07-01T21:45:06.305+0000] {logging_mixin.py:190} INFO - [2025-07-01T21:45:06.304+0000] {dag.py:3239} INFO - Sync 1 DAGs
[2025-07-01T21:45:06.337+0000] {logging_mixin.py:190} INFO - [2025-07-01T21:45:06.337+0000] {dag.py:4180} INFO - Setting next_dagrun for extract_raw_data_pipeline to 2025-07-01 07:59:00+00:00, run_after=2025-07-02 07:00:00+00:00
[2025-07-01T21:45:06.361+0000] {processor.py:208} INFO - Processing /opt/airflow/dags/driven_data_pipeline.py took 0.139 seconds
[2025-07-01T21:45:36.703+0000] {processor.py:186} INFO - Started process (PID=670) to work on /opt/airflow/dags/driven_data_pipeline.py
[2025-07-01T21:45:36.705+0000] {processor.py:914} INFO - Processing file /opt/airflow/dags/driven_data_pipeline.py for tasks to queue
[2025-07-01T21:45:36.708+0000] {logging_mixin.py:190} INFO - [2025-07-01T21:45:36.708+0000] {dagbag.py:588} INFO - Filling up the DagBag from /opt/airflow/dags/driven_data_pipeline.py
[2025-07-01T21:45:36.757+0000] {processor.py:925} INFO - DAG(s) 'extract_raw_data_pipeline' retrieved from /opt/airflow/dags/driven_data_pipeline.py
[2025-07-01T21:45:36.791+0000] {logging_mixin.py:190} INFO - [2025-07-01T21:45:36.790+0000] {dag.py:3239} INFO - Sync 1 DAGs
[2025-07-01T21:45:36.822+0000] {logging_mixin.py:190} INFO - [2025-07-01T21:45:36.821+0000] {dag.py:4180} INFO - Setting next_dagrun for extract_raw_data_pipeline to 2025-07-01 07:59:00+00:00, run_after=2025-07-02 07:00:00+00:00
[2025-07-01T21:45:36.847+0000] {processor.py:208} INFO - Processing /opt/airflow/dags/driven_data_pipeline.py took 0.151 seconds
[2025-07-01T21:46:07.031+0000] {processor.py:186} INFO - Started process (PID=677) to work on /opt/airflow/dags/driven_data_pipeline.py
[2025-07-01T21:46:07.032+0000] {processor.py:914} INFO - Processing file /opt/airflow/dags/driven_data_pipeline.py for tasks to queue
[2025-07-01T21:46:07.036+0000] {logging_mixin.py:190} INFO - [2025-07-01T21:46:07.035+0000] {dagbag.py:588} INFO - Filling up the DagBag from /opt/airflow/dags/driven_data_pipeline.py
[2025-07-01T21:46:07.075+0000] {processor.py:925} INFO - DAG(s) 'extract_raw_data_pipeline' retrieved from /opt/airflow/dags/driven_data_pipeline.py
[2025-07-01T21:46:07.106+0000] {logging_mixin.py:190} INFO - [2025-07-01T21:46:07.106+0000] {dag.py:3239} INFO - Sync 1 DAGs
[2025-07-01T21:46:07.142+0000] {logging_mixin.py:190} INFO - [2025-07-01T21:46:07.141+0000] {dag.py:4180} INFO - Setting next_dagrun for extract_raw_data_pipeline to 2025-07-01 07:59:00+00:00, run_after=2025-07-02 07:00:00+00:00
[2025-07-01T21:46:07.167+0000] {processor.py:208} INFO - Processing /opt/airflow/dags/driven_data_pipeline.py took 0.145 seconds
[2025-07-01T21:46:37.291+0000] {processor.py:186} INFO - Started process (PID=685) to work on /opt/airflow/dags/driven_data_pipeline.py
[2025-07-01T21:46:37.292+0000] {processor.py:914} INFO - Processing file /opt/airflow/dags/driven_data_pipeline.py for tasks to queue
[2025-07-01T21:46:37.296+0000] {logging_mixin.py:190} INFO - [2025-07-01T21:46:37.295+0000] {dagbag.py:588} INFO - Filling up the DagBag from /opt/airflow/dags/driven_data_pipeline.py
[2025-07-01T21:46:37.336+0000] {processor.py:925} INFO - DAG(s) 'extract_raw_data_pipeline' retrieved from /opt/airflow/dags/driven_data_pipeline.py
[2025-07-01T21:46:37.369+0000] {logging_mixin.py:190} INFO - [2025-07-01T21:46:37.369+0000] {dag.py:3239} INFO - Sync 1 DAGs
[2025-07-01T21:46:37.399+0000] {logging_mixin.py:190} INFO - [2025-07-01T21:46:37.398+0000] {dag.py:4180} INFO - Setting next_dagrun for extract_raw_data_pipeline to 2025-07-01 07:59:00+00:00, run_after=2025-07-02 07:00:00+00:00
[2025-07-01T21:46:37.429+0000] {processor.py:208} INFO - Processing /opt/airflow/dags/driven_data_pipeline.py took 0.146 seconds
[2025-07-01T21:47:07.687+0000] {processor.py:186} INFO - Started process (PID=692) to work on /opt/airflow/dags/driven_data_pipeline.py
[2025-07-01T21:47:07.689+0000] {processor.py:914} INFO - Processing file /opt/airflow/dags/driven_data_pipeline.py for tasks to queue
[2025-07-01T21:47:07.694+0000] {logging_mixin.py:190} INFO - [2025-07-01T21:47:07.693+0000] {dagbag.py:588} INFO - Filling up the DagBag from /opt/airflow/dags/driven_data_pipeline.py
[2025-07-01T21:47:07.749+0000] {processor.py:925} INFO - DAG(s) 'extract_raw_data_pipeline' retrieved from /opt/airflow/dags/driven_data_pipeline.py
[2025-07-01T21:47:07.872+0000] {logging_mixin.py:190} INFO - [2025-07-01T21:47:07.871+0000] {dag.py:3239} INFO - Sync 1 DAGs
[2025-07-01T21:47:08.003+0000] {logging_mixin.py:190} INFO - [2025-07-01T21:47:08.002+0000] {dag.py:4180} INFO - Setting next_dagrun for extract_raw_data_pipeline to 2025-07-01 07:59:00+00:00, run_after=2025-07-02 07:00:00+00:00
[2025-07-01T21:47:08.068+0000] {processor.py:208} INFO - Processing /opt/airflow/dags/driven_data_pipeline.py took 0.391 seconds
[2025-07-01T21:47:38.389+0000] {processor.py:186} INFO - Started process (PID=699) to work on /opt/airflow/dags/driven_data_pipeline.py
[2025-07-01T21:47:38.393+0000] {processor.py:914} INFO - Processing file /opt/airflow/dags/driven_data_pipeline.py for tasks to queue
[2025-07-01T21:47:38.400+0000] {logging_mixin.py:190} INFO - [2025-07-01T21:47:38.400+0000] {dagbag.py:588} INFO - Filling up the DagBag from /opt/airflow/dags/driven_data_pipeline.py
[2025-07-01T21:47:38.448+0000] {processor.py:925} INFO - DAG(s) 'extract_raw_data_pipeline' retrieved from /opt/airflow/dags/driven_data_pipeline.py
[2025-07-01T21:47:38.487+0000] {logging_mixin.py:190} INFO - [2025-07-01T21:47:38.486+0000] {dag.py:3239} INFO - Sync 1 DAGs
[2025-07-01T21:47:38.523+0000] {logging_mixin.py:190} INFO - [2025-07-01T21:47:38.523+0000] {dag.py:4180} INFO - Setting next_dagrun for extract_raw_data_pipeline to 2025-07-01 07:59:00+00:00, run_after=2025-07-02 07:00:00+00:00
[2025-07-01T21:47:38.555+0000] {processor.py:208} INFO - Processing /opt/airflow/dags/driven_data_pipeline.py took 0.179 seconds
[2025-07-01T21:48:08.808+0000] {processor.py:186} INFO - Started process (PID=706) to work on /opt/airflow/dags/driven_data_pipeline.py
[2025-07-01T21:48:08.810+0000] {processor.py:914} INFO - Processing file /opt/airflow/dags/driven_data_pipeline.py for tasks to queue
[2025-07-01T21:48:08.813+0000] {logging_mixin.py:190} INFO - [2025-07-01T21:48:08.813+0000] {dagbag.py:588} INFO - Filling up the DagBag from /opt/airflow/dags/driven_data_pipeline.py
[2025-07-01T21:48:08.850+0000] {processor.py:925} INFO - DAG(s) 'extract_raw_data_pipeline' retrieved from /opt/airflow/dags/driven_data_pipeline.py
[2025-07-01T21:48:08.887+0000] {logging_mixin.py:190} INFO - [2025-07-01T21:48:08.887+0000] {dag.py:3239} INFO - Sync 1 DAGs
[2025-07-01T21:48:08.921+0000] {logging_mixin.py:190} INFO - [2025-07-01T21:48:08.921+0000] {dag.py:4180} INFO - Setting next_dagrun for extract_raw_data_pipeline to 2025-07-01 07:59:00+00:00, run_after=2025-07-02 07:00:00+00:00
[2025-07-01T21:48:08.952+0000] {processor.py:208} INFO - Processing /opt/airflow/dags/driven_data_pipeline.py took 0.152 seconds
[2025-07-01T21:48:39.088+0000] {processor.py:186} INFO - Started process (PID=713) to work on /opt/airflow/dags/driven_data_pipeline.py
[2025-07-01T21:48:39.089+0000] {processor.py:914} INFO - Processing file /opt/airflow/dags/driven_data_pipeline.py for tasks to queue
[2025-07-01T21:48:39.093+0000] {logging_mixin.py:190} INFO - [2025-07-01T21:48:39.092+0000] {dagbag.py:588} INFO - Filling up the DagBag from /opt/airflow/dags/driven_data_pipeline.py
[2025-07-01T21:48:39.174+0000] {processor.py:925} INFO - DAG(s) 'extract_raw_data_pipeline' retrieved from /opt/airflow/dags/driven_data_pipeline.py
[2025-07-01T21:48:39.243+0000] {logging_mixin.py:190} INFO - [2025-07-01T21:48:39.241+0000] {dag.py:3239} INFO - Sync 1 DAGs
[2025-07-01T21:48:39.307+0000] {logging_mixin.py:190} INFO - [2025-07-01T21:48:39.307+0000] {dag.py:4180} INFO - Setting next_dagrun for extract_raw_data_pipeline to 2025-07-01 07:59:00+00:00, run_after=2025-07-02 07:00:00+00:00
[2025-07-01T21:48:39.345+0000] {processor.py:208} INFO - Processing /opt/airflow/dags/driven_data_pipeline.py took 0.266 seconds
[2025-07-01T21:49:09.468+0000] {processor.py:186} INFO - Started process (PID=720) to work on /opt/airflow/dags/driven_data_pipeline.py
[2025-07-01T21:49:09.470+0000] {processor.py:914} INFO - Processing file /opt/airflow/dags/driven_data_pipeline.py for tasks to queue
[2025-07-01T21:49:09.474+0000] {logging_mixin.py:190} INFO - [2025-07-01T21:49:09.474+0000] {dagbag.py:588} INFO - Filling up the DagBag from /opt/airflow/dags/driven_data_pipeline.py
[2025-07-01T21:49:09.515+0000] {processor.py:925} INFO - DAG(s) 'extract_raw_data_pipeline' retrieved from /opt/airflow/dags/driven_data_pipeline.py
[2025-07-01T21:49:09.555+0000] {logging_mixin.py:190} INFO - [2025-07-01T21:49:09.555+0000] {dag.py:3239} INFO - Sync 1 DAGs
[2025-07-01T21:49:09.591+0000] {logging_mixin.py:190} INFO - [2025-07-01T21:49:09.590+0000] {dag.py:4180} INFO - Setting next_dagrun for extract_raw_data_pipeline to 2025-07-01 07:59:00+00:00, run_after=2025-07-02 07:00:00+00:00
[2025-07-01T21:49:09.620+0000] {processor.py:208} INFO - Processing /opt/airflow/dags/driven_data_pipeline.py took 0.161 seconds
[2025-07-01T21:49:39.823+0000] {processor.py:186} INFO - Started process (PID=727) to work on /opt/airflow/dags/driven_data_pipeline.py
[2025-07-01T21:49:39.824+0000] {processor.py:914} INFO - Processing file /opt/airflow/dags/driven_data_pipeline.py for tasks to queue
[2025-07-01T21:49:39.828+0000] {logging_mixin.py:190} INFO - [2025-07-01T21:49:39.827+0000] {dagbag.py:588} INFO - Filling up the DagBag from /opt/airflow/dags/driven_data_pipeline.py
[2025-07-01T21:49:39.863+0000] {processor.py:925} INFO - DAG(s) 'extract_raw_data_pipeline' retrieved from /opt/airflow/dags/driven_data_pipeline.py
[2025-07-01T21:49:39.895+0000] {logging_mixin.py:190} INFO - [2025-07-01T21:49:39.895+0000] {dag.py:3239} INFO - Sync 1 DAGs
[2025-07-01T21:49:39.926+0000] {logging_mixin.py:190} INFO - [2025-07-01T21:49:39.926+0000] {dag.py:4180} INFO - Setting next_dagrun for extract_raw_data_pipeline to 2025-07-01 07:59:00+00:00, run_after=2025-07-02 07:00:00+00:00
[2025-07-01T21:49:39.955+0000] {processor.py:208} INFO - Processing /opt/airflow/dags/driven_data_pipeline.py took 0.140 seconds
[2025-07-01T21:50:10.100+0000] {processor.py:186} INFO - Started process (PID=735) to work on /opt/airflow/dags/driven_data_pipeline.py
[2025-07-01T21:50:10.101+0000] {processor.py:914} INFO - Processing file /opt/airflow/dags/driven_data_pipeline.py for tasks to queue
[2025-07-01T21:50:10.105+0000] {logging_mixin.py:190} INFO - [2025-07-01T21:50:10.104+0000] {dagbag.py:588} INFO - Filling up the DagBag from /opt/airflow/dags/driven_data_pipeline.py
[2025-07-01T21:50:10.144+0000] {processor.py:925} INFO - DAG(s) 'extract_raw_data_pipeline' retrieved from /opt/airflow/dags/driven_data_pipeline.py
[2025-07-01T21:50:10.180+0000] {logging_mixin.py:190} INFO - [2025-07-01T21:50:10.180+0000] {dag.py:3239} INFO - Sync 1 DAGs
[2025-07-01T21:50:10.218+0000] {logging_mixin.py:190} INFO - [2025-07-01T21:50:10.217+0000] {dag.py:4180} INFO - Setting next_dagrun for extract_raw_data_pipeline to 2025-07-01 07:59:00+00:00, run_after=2025-07-02 07:00:00+00:00
[2025-07-01T21:50:10.247+0000] {processor.py:208} INFO - Processing /opt/airflow/dags/driven_data_pipeline.py took 0.156 seconds
[2025-07-01T21:50:40.455+0000] {processor.py:186} INFO - Started process (PID=742) to work on /opt/airflow/dags/driven_data_pipeline.py
[2025-07-01T21:50:40.456+0000] {processor.py:914} INFO - Processing file /opt/airflow/dags/driven_data_pipeline.py for tasks to queue
[2025-07-01T21:50:40.459+0000] {logging_mixin.py:190} INFO - [2025-07-01T21:50:40.459+0000] {dagbag.py:588} INFO - Filling up the DagBag from /opt/airflow/dags/driven_data_pipeline.py
[2025-07-01T21:50:40.498+0000] {processor.py:925} INFO - DAG(s) 'extract_raw_data_pipeline' retrieved from /opt/airflow/dags/driven_data_pipeline.py
[2025-07-01T21:50:40.537+0000] {logging_mixin.py:190} INFO - [2025-07-01T21:50:40.537+0000] {dag.py:3239} INFO - Sync 1 DAGs
[2025-07-01T21:50:40.567+0000] {logging_mixin.py:190} INFO - [2025-07-01T21:50:40.567+0000] {dag.py:4180} INFO - Setting next_dagrun for extract_raw_data_pipeline to 2025-07-01 07:59:00+00:00, run_after=2025-07-02 07:00:00+00:00
[2025-07-01T21:50:40.590+0000] {processor.py:208} INFO - Processing /opt/airflow/dags/driven_data_pipeline.py took 0.144 seconds
[2025-07-01T21:51:10.759+0000] {processor.py:186} INFO - Started process (PID=749) to work on /opt/airflow/dags/driven_data_pipeline.py
[2025-07-01T21:51:10.762+0000] {processor.py:914} INFO - Processing file /opt/airflow/dags/driven_data_pipeline.py for tasks to queue
[2025-07-01T21:51:10.773+0000] {logging_mixin.py:190} INFO - [2025-07-01T21:51:10.772+0000] {dagbag.py:588} INFO - Filling up the DagBag from /opt/airflow/dags/driven_data_pipeline.py
[2025-07-01T21:51:10.925+0000] {processor.py:925} INFO - DAG(s) 'extract_raw_data_pipeline' retrieved from /opt/airflow/dags/driven_data_pipeline.py
[2025-07-01T21:51:11.074+0000] {logging_mixin.py:190} INFO - [2025-07-01T21:51:11.073+0000] {dag.py:3239} INFO - Sync 1 DAGs
[2025-07-01T21:51:11.264+0000] {logging_mixin.py:190} INFO - [2025-07-01T21:51:11.263+0000] {dag.py:4180} INFO - Setting next_dagrun for extract_raw_data_pipeline to 2025-07-01 07:59:00+00:00, run_after=2025-07-02 07:00:00+00:00
[2025-07-01T21:51:11.401+0000] {processor.py:208} INFO - Processing /opt/airflow/dags/driven_data_pipeline.py took 0.658 seconds
[2025-07-01T21:51:41.778+0000] {processor.py:186} INFO - Started process (PID=756) to work on /opt/airflow/dags/driven_data_pipeline.py
[2025-07-01T21:51:41.780+0000] {processor.py:914} INFO - Processing file /opt/airflow/dags/driven_data_pipeline.py for tasks to queue
[2025-07-01T21:51:41.785+0000] {logging_mixin.py:190} INFO - [2025-07-01T21:51:41.784+0000] {dagbag.py:588} INFO - Filling up the DagBag from /opt/airflow/dags/driven_data_pipeline.py
[2025-07-01T21:51:41.829+0000] {processor.py:925} INFO - DAG(s) 'extract_raw_data_pipeline' retrieved from /opt/airflow/dags/driven_data_pipeline.py
[2025-07-01T21:51:41.867+0000] {logging_mixin.py:190} INFO - [2025-07-01T21:51:41.867+0000] {dag.py:3239} INFO - Sync 1 DAGs
[2025-07-01T21:51:41.899+0000] {logging_mixin.py:190} INFO - [2025-07-01T21:51:41.898+0000] {dag.py:4180} INFO - Setting next_dagrun for extract_raw_data_pipeline to 2025-07-01 07:59:00+00:00, run_after=2025-07-02 07:00:00+00:00
[2025-07-01T21:51:41.925+0000] {processor.py:208} INFO - Processing /opt/airflow/dags/driven_data_pipeline.py took 0.158 seconds
[2025-07-01T21:52:12.038+0000] {processor.py:186} INFO - Started process (PID=764) to work on /opt/airflow/dags/driven_data_pipeline.py
[2025-07-01T21:52:12.043+0000] {processor.py:914} INFO - Processing file /opt/airflow/dags/driven_data_pipeline.py for tasks to queue
[2025-07-01T21:52:12.058+0000] {logging_mixin.py:190} INFO - [2025-07-01T21:52:12.057+0000] {dagbag.py:588} INFO - Filling up the DagBag from /opt/airflow/dags/driven_data_pipeline.py
[2025-07-01T21:52:12.159+0000] {processor.py:925} INFO - DAG(s) 'extract_raw_data_pipeline' retrieved from /opt/airflow/dags/driven_data_pipeline.py
[2025-07-01T21:52:12.230+0000] {logging_mixin.py:190} INFO - [2025-07-01T21:52:12.229+0000] {dag.py:3239} INFO - Sync 1 DAGs
[2025-07-01T21:52:12.304+0000] {logging_mixin.py:190} INFO - [2025-07-01T21:52:12.303+0000] {dag.py:4180} INFO - Setting next_dagrun for extract_raw_data_pipeline to 2025-07-01 07:59:00+00:00, run_after=2025-07-02 07:00:00+00:00
[2025-07-01T21:52:12.351+0000] {processor.py:208} INFO - Processing /opt/airflow/dags/driven_data_pipeline.py took 0.339 seconds
[2025-07-01T21:52:42.673+0000] {processor.py:186} INFO - Started process (PID=771) to work on /opt/airflow/dags/driven_data_pipeline.py
[2025-07-01T21:52:42.676+0000] {processor.py:914} INFO - Processing file /opt/airflow/dags/driven_data_pipeline.py for tasks to queue
[2025-07-01T21:52:42.684+0000] {logging_mixin.py:190} INFO - [2025-07-01T21:52:42.683+0000] {dagbag.py:588} INFO - Filling up the DagBag from /opt/airflow/dags/driven_data_pipeline.py
[2025-07-01T21:52:42.833+0000] {processor.py:925} INFO - DAG(s) 'extract_raw_data_pipeline' retrieved from /opt/airflow/dags/driven_data_pipeline.py
[2025-07-01T21:52:42.974+0000] {logging_mixin.py:190} INFO - [2025-07-01T21:52:42.973+0000] {dag.py:3239} INFO - Sync 1 DAGs
[2025-07-01T21:52:43.055+0000] {logging_mixin.py:190} INFO - [2025-07-01T21:52:43.055+0000] {dag.py:4180} INFO - Setting next_dagrun for extract_raw_data_pipeline to 2025-07-01 07:59:00+00:00, run_after=2025-07-02 07:00:00+00:00
[2025-07-01T21:52:43.185+0000] {processor.py:208} INFO - Processing /opt/airflow/dags/driven_data_pipeline.py took 0.543 seconds
[2025-07-01T21:53:13.544+0000] {processor.py:186} INFO - Started process (PID=778) to work on /opt/airflow/dags/driven_data_pipeline.py
[2025-07-01T21:53:13.546+0000] {processor.py:914} INFO - Processing file /opt/airflow/dags/driven_data_pipeline.py for tasks to queue
[2025-07-01T21:53:13.549+0000] {logging_mixin.py:190} INFO - [2025-07-01T21:53:13.549+0000] {dagbag.py:588} INFO - Filling up the DagBag from /opt/airflow/dags/driven_data_pipeline.py
[2025-07-01T21:53:13.608+0000] {processor.py:925} INFO - DAG(s) 'extract_raw_data_pipeline' retrieved from /opt/airflow/dags/driven_data_pipeline.py
[2025-07-01T21:53:13.659+0000] {logging_mixin.py:190} INFO - [2025-07-01T21:53:13.658+0000] {dag.py:3239} INFO - Sync 1 DAGs
[2025-07-01T21:53:13.707+0000] {logging_mixin.py:190} INFO - [2025-07-01T21:53:13.707+0000] {dag.py:4180} INFO - Setting next_dagrun for extract_raw_data_pipeline to 2025-07-01 07:59:00+00:00, run_after=2025-07-02 07:00:00+00:00
[2025-07-01T21:53:13.749+0000] {processor.py:208} INFO - Processing /opt/airflow/dags/driven_data_pipeline.py took 0.218 seconds
[2025-07-01T21:53:43.820+0000] {processor.py:186} INFO - Started process (PID=785) to work on /opt/airflow/dags/driven_data_pipeline.py
[2025-07-01T21:53:43.822+0000] {processor.py:914} INFO - Processing file /opt/airflow/dags/driven_data_pipeline.py for tasks to queue
[2025-07-01T21:53:43.825+0000] {logging_mixin.py:190} INFO - [2025-07-01T21:53:43.824+0000] {dagbag.py:588} INFO - Filling up the DagBag from /opt/airflow/dags/driven_data_pipeline.py
[2025-07-01T21:53:43.861+0000] {processor.py:925} INFO - DAG(s) 'extract_raw_data_pipeline' retrieved from /opt/airflow/dags/driven_data_pipeline.py
[2025-07-01T21:53:43.893+0000] {logging_mixin.py:190} INFO - [2025-07-01T21:53:43.893+0000] {dag.py:3239} INFO - Sync 1 DAGs
[2025-07-01T21:53:43.925+0000] {logging_mixin.py:190} INFO - [2025-07-01T21:53:43.925+0000] {dag.py:4180} INFO - Setting next_dagrun for extract_raw_data_pipeline to 2025-07-01 07:59:00+00:00, run_after=2025-07-02 07:00:00+00:00
[2025-07-01T21:53:43.953+0000] {processor.py:208} INFO - Processing /opt/airflow/dags/driven_data_pipeline.py took 0.141 seconds
[2025-07-01T21:54:14.015+0000] {processor.py:186} INFO - Started process (PID=792) to work on /opt/airflow/dags/driven_data_pipeline.py
[2025-07-01T21:54:14.017+0000] {processor.py:914} INFO - Processing file /opt/airflow/dags/driven_data_pipeline.py for tasks to queue
[2025-07-01T21:54:14.021+0000] {logging_mixin.py:190} INFO - [2025-07-01T21:54:14.020+0000] {dagbag.py:588} INFO - Filling up the DagBag from /opt/airflow/dags/driven_data_pipeline.py
[2025-07-01T21:54:14.064+0000] {processor.py:925} INFO - DAG(s) 'extract_raw_data_pipeline' retrieved from /opt/airflow/dags/driven_data_pipeline.py
[2025-07-01T21:54:14.101+0000] {logging_mixin.py:190} INFO - [2025-07-01T21:54:14.100+0000] {dag.py:3239} INFO - Sync 1 DAGs
[2025-07-01T21:54:14.138+0000] {logging_mixin.py:190} INFO - [2025-07-01T21:54:14.138+0000] {dag.py:4180} INFO - Setting next_dagrun for extract_raw_data_pipeline to 2025-07-01 07:59:00+00:00, run_after=2025-07-02 07:00:00+00:00
[2025-07-01T21:54:14.184+0000] {processor.py:208} INFO - Processing /opt/airflow/dags/driven_data_pipeline.py took 0.178 seconds
[2025-07-01T21:54:44.313+0000] {processor.py:186} INFO - Started process (PID=799) to work on /opt/airflow/dags/driven_data_pipeline.py
[2025-07-01T21:54:44.315+0000] {processor.py:914} INFO - Processing file /opt/airflow/dags/driven_data_pipeline.py for tasks to queue
[2025-07-01T21:54:44.318+0000] {logging_mixin.py:190} INFO - [2025-07-01T21:54:44.318+0000] {dagbag.py:588} INFO - Filling up the DagBag from /opt/airflow/dags/driven_data_pipeline.py
[2025-07-01T21:54:44.356+0000] {processor.py:925} INFO - DAG(s) 'extract_raw_data_pipeline' retrieved from /opt/airflow/dags/driven_data_pipeline.py
[2025-07-01T21:54:44.390+0000] {logging_mixin.py:190} INFO - [2025-07-01T21:54:44.389+0000] {dag.py:3239} INFO - Sync 1 DAGs
[2025-07-01T21:54:44.421+0000] {logging_mixin.py:190} INFO - [2025-07-01T21:54:44.421+0000] {dag.py:4180} INFO - Setting next_dagrun for extract_raw_data_pipeline to 2025-07-01 07:59:00+00:00, run_after=2025-07-02 07:00:00+00:00
[2025-07-01T21:54:44.447+0000] {processor.py:208} INFO - Processing /opt/airflow/dags/driven_data_pipeline.py took 0.142 seconds
[2025-07-01T21:54:59.676+0000] {processor.py:186} INFO - Started process (PID=806) to work on /opt/airflow/dags/driven_data_pipeline.py
[2025-07-01T21:54:59.678+0000] {processor.py:914} INFO - Processing file /opt/airflow/dags/driven_data_pipeline.py for tasks to queue
[2025-07-01T21:54:59.684+0000] {logging_mixin.py:190} INFO - [2025-07-01T21:54:59.683+0000] {dagbag.py:588} INFO - Filling up the DagBag from /opt/airflow/dags/driven_data_pipeline.py
[2025-07-01T21:55:01.124+0000] {processor.py:925} INFO - DAG(s) 'extract_raw_data_pipeline' retrieved from /opt/airflow/dags/driven_data_pipeline.py
[2025-07-01T21:55:02.057+0000] {logging_mixin.py:190} INFO - [2025-07-01T21:55:02.055+0000] {dag.py:3239} INFO - Sync 1 DAGs
[2025-07-01T21:55:02.181+0000] {logging_mixin.py:190} INFO - [2025-07-01T21:55:02.181+0000] {dag.py:4180} INFO - Setting next_dagrun for extract_raw_data_pipeline to 2025-07-01 07:59:00+00:00, run_after=2025-07-02 07:00:00+00:00
[2025-07-01T21:55:02.298+0000] {processor.py:208} INFO - Processing /opt/airflow/dags/driven_data_pipeline.py took 2.636 seconds
[2025-07-01T21:55:32.626+0000] {processor.py:186} INFO - Started process (PID=814) to work on /opt/airflow/dags/driven_data_pipeline.py
[2025-07-01T21:55:32.628+0000] {processor.py:914} INFO - Processing file /opt/airflow/dags/driven_data_pipeline.py for tasks to queue
[2025-07-01T21:55:32.632+0000] {logging_mixin.py:190} INFO - [2025-07-01T21:55:32.632+0000] {dagbag.py:588} INFO - Filling up the DagBag from /opt/airflow/dags/driven_data_pipeline.py
[2025-07-01T21:55:32.923+0000] {processor.py:925} INFO - DAG(s) 'extract_raw_data_pipeline' retrieved from /opt/airflow/dags/driven_data_pipeline.py
[2025-07-01T21:55:32.978+0000] {logging_mixin.py:190} INFO - [2025-07-01T21:55:32.977+0000] {dag.py:3239} INFO - Sync 1 DAGs
[2025-07-01T21:55:33.062+0000] {logging_mixin.py:190} INFO - [2025-07-01T21:55:33.061+0000] {dag.py:4180} INFO - Setting next_dagrun for extract_raw_data_pipeline to 2025-07-01 07:59:00+00:00, run_after=2025-07-02 07:00:00+00:00
[2025-07-01T21:55:33.115+0000] {processor.py:208} INFO - Processing /opt/airflow/dags/driven_data_pipeline.py took 0.499 seconds
[2025-07-01T21:56:03.467+0000] {processor.py:186} INFO - Started process (PID=822) to work on /opt/airflow/dags/driven_data_pipeline.py
[2025-07-01T21:56:03.469+0000] {processor.py:914} INFO - Processing file /opt/airflow/dags/driven_data_pipeline.py for tasks to queue
[2025-07-01T21:56:03.475+0000] {logging_mixin.py:190} INFO - [2025-07-01T21:56:03.474+0000] {dagbag.py:588} INFO - Filling up the DagBag from /opt/airflow/dags/driven_data_pipeline.py
[2025-07-01T21:56:03.855+0000] {processor.py:925} INFO - DAG(s) 'extract_raw_data_pipeline' retrieved from /opt/airflow/dags/driven_data_pipeline.py
[2025-07-01T21:56:03.906+0000] {logging_mixin.py:190} INFO - [2025-07-01T21:56:03.906+0000] {dag.py:3239} INFO - Sync 1 DAGs
[2025-07-01T21:56:03.956+0000] {logging_mixin.py:190} INFO - [2025-07-01T21:56:03.955+0000] {dag.py:4180} INFO - Setting next_dagrun for extract_raw_data_pipeline to 2025-07-01 07:59:00+00:00, run_after=2025-07-02 07:00:00+00:00
[2025-07-01T21:56:03.994+0000] {processor.py:208} INFO - Processing /opt/airflow/dags/driven_data_pipeline.py took 0.584 seconds
[2025-07-01T21:56:34.432+0000] {processor.py:186} INFO - Started process (PID=834) to work on /opt/airflow/dags/driven_data_pipeline.py
[2025-07-01T21:56:34.434+0000] {processor.py:914} INFO - Processing file /opt/airflow/dags/driven_data_pipeline.py for tasks to queue
[2025-07-01T21:56:34.437+0000] {logging_mixin.py:190} INFO - [2025-07-01T21:56:34.437+0000] {dagbag.py:588} INFO - Filling up the DagBag from /opt/airflow/dags/driven_data_pipeline.py
[2025-07-01T21:56:34.662+0000] {processor.py:925} INFO - DAG(s) 'extract_raw_data_pipeline' retrieved from /opt/airflow/dags/driven_data_pipeline.py
[2025-07-01T21:56:34.696+0000] {logging_mixin.py:190} INFO - [2025-07-01T21:56:34.696+0000] {dag.py:3239} INFO - Sync 1 DAGs
[2025-07-01T21:56:34.726+0000] {logging_mixin.py:190} INFO - [2025-07-01T21:56:34.726+0000] {dag.py:4180} INFO - Setting next_dagrun for extract_raw_data_pipeline to 2025-07-01 07:59:00+00:00, run_after=2025-07-02 07:00:00+00:00
[2025-07-01T21:56:34.755+0000] {processor.py:208} INFO - Processing /opt/airflow/dags/driven_data_pipeline.py took 0.331 seconds
[2025-07-01T21:57:04.996+0000] {processor.py:186} INFO - Started process (PID=842) to work on /opt/airflow/dags/driven_data_pipeline.py
[2025-07-01T21:57:04.998+0000] {processor.py:914} INFO - Processing file /opt/airflow/dags/driven_data_pipeline.py for tasks to queue
[2025-07-01T21:57:05.003+0000] {logging_mixin.py:190} INFO - [2025-07-01T21:57:05.002+0000] {dagbag.py:588} INFO - Filling up the DagBag from /opt/airflow/dags/driven_data_pipeline.py
[2025-07-01T21:57:05.295+0000] {processor.py:925} INFO - DAG(s) 'extract_raw_data_pipeline' retrieved from /opt/airflow/dags/driven_data_pipeline.py
[2025-07-01T21:57:05.334+0000] {logging_mixin.py:190} INFO - [2025-07-01T21:57:05.334+0000] {dag.py:3239} INFO - Sync 1 DAGs
[2025-07-01T21:57:05.371+0000] {logging_mixin.py:190} INFO - [2025-07-01T21:57:05.370+0000] {dag.py:4180} INFO - Setting next_dagrun for extract_raw_data_pipeline to 2025-07-01 07:59:00+00:00, run_after=2025-07-02 07:00:00+00:00
[2025-07-01T21:57:05.401+0000] {processor.py:208} INFO - Processing /opt/airflow/dags/driven_data_pipeline.py took 0.416 seconds
[2025-07-01T21:57:35.626+0000] {processor.py:186} INFO - Started process (PID=850) to work on /opt/airflow/dags/driven_data_pipeline.py
[2025-07-01T21:57:35.627+0000] {processor.py:914} INFO - Processing file /opt/airflow/dags/driven_data_pipeline.py for tasks to queue
[2025-07-01T21:57:35.631+0000] {logging_mixin.py:190} INFO - [2025-07-01T21:57:35.630+0000] {dagbag.py:588} INFO - Filling up the DagBag from /opt/airflow/dags/driven_data_pipeline.py
[2025-07-01T21:57:35.918+0000] {processor.py:925} INFO - DAG(s) 'extract_raw_data_pipeline' retrieved from /opt/airflow/dags/driven_data_pipeline.py
[2025-07-01T21:57:35.971+0000] {logging_mixin.py:190} INFO - [2025-07-01T21:57:35.971+0000] {dag.py:3239} INFO - Sync 1 DAGs
[2025-07-01T21:57:36.012+0000] {logging_mixin.py:190} INFO - [2025-07-01T21:57:36.011+0000] {dag.py:4180} INFO - Setting next_dagrun for extract_raw_data_pipeline to 2025-07-01 07:59:00+00:00, run_after=2025-07-02 07:00:00+00:00
[2025-07-01T21:57:36.050+0000] {processor.py:208} INFO - Processing /opt/airflow/dags/driven_data_pipeline.py took 0.433 seconds
[2025-07-01T21:58:06.314+0000] {processor.py:186} INFO - Started process (PID=858) to work on /opt/airflow/dags/driven_data_pipeline.py
[2025-07-01T21:58:06.321+0000] {processor.py:914} INFO - Processing file /opt/airflow/dags/driven_data_pipeline.py for tasks to queue
[2025-07-01T21:58:06.327+0000] {logging_mixin.py:190} INFO - [2025-07-01T21:58:06.326+0000] {dagbag.py:588} INFO - Filling up the DagBag from /opt/airflow/dags/driven_data_pipeline.py
[2025-07-01T21:58:06.865+0000] {processor.py:925} INFO - DAG(s) 'extract_raw_data_pipeline' retrieved from /opt/airflow/dags/driven_data_pipeline.py
[2025-07-01T21:58:06.895+0000] {logging_mixin.py:190} INFO - [2025-07-01T21:58:06.894+0000] {dag.py:3239} INFO - Sync 1 DAGs
[2025-07-01T21:58:06.923+0000] {logging_mixin.py:190} INFO - [2025-07-01T21:58:06.922+0000] {dag.py:4180} INFO - Setting next_dagrun for extract_raw_data_pipeline to 2025-07-01 07:59:00+00:00, run_after=2025-07-02 07:00:00+00:00
[2025-07-01T21:58:06.948+0000] {processor.py:208} INFO - Processing /opt/airflow/dags/driven_data_pipeline.py took 0.645 seconds
[2025-07-01T21:58:37.113+0000] {processor.py:186} INFO - Started process (PID=866) to work on /opt/airflow/dags/driven_data_pipeline.py
[2025-07-01T21:58:37.116+0000] {processor.py:914} INFO - Processing file /opt/airflow/dags/driven_data_pipeline.py for tasks to queue
[2025-07-01T21:58:37.123+0000] {logging_mixin.py:190} INFO - [2025-07-01T21:58:37.122+0000] {dagbag.py:588} INFO - Filling up the DagBag from /opt/airflow/dags/driven_data_pipeline.py
[2025-07-01T21:58:37.550+0000] {processor.py:925} INFO - DAG(s) 'extract_raw_data_pipeline' retrieved from /opt/airflow/dags/driven_data_pipeline.py
[2025-07-01T21:58:37.602+0000] {logging_mixin.py:190} INFO - [2025-07-01T21:58:37.601+0000] {dag.py:3239} INFO - Sync 1 DAGs
[2025-07-01T21:58:37.660+0000] {logging_mixin.py:190} INFO - [2025-07-01T21:58:37.660+0000] {dag.py:4180} INFO - Setting next_dagrun for extract_raw_data_pipeline to 2025-07-01 07:59:00+00:00, run_after=2025-07-02 07:00:00+00:00
[2025-07-01T21:58:37.704+0000] {processor.py:208} INFO - Processing /opt/airflow/dags/driven_data_pipeline.py took 0.606 seconds
[2025-07-01T21:59:08.002+0000] {processor.py:186} INFO - Started process (PID=874) to work on /opt/airflow/dags/driven_data_pipeline.py
[2025-07-01T21:59:08.003+0000] {processor.py:914} INFO - Processing file /opt/airflow/dags/driven_data_pipeline.py for tasks to queue
[2025-07-01T21:59:08.007+0000] {logging_mixin.py:190} INFO - [2025-07-01T21:59:08.006+0000] {dagbag.py:588} INFO - Filling up the DagBag from /opt/airflow/dags/driven_data_pipeline.py
[2025-07-01T21:59:08.229+0000] {processor.py:925} INFO - DAG(s) 'extract_raw_data_pipeline' retrieved from /opt/airflow/dags/driven_data_pipeline.py
[2025-07-01T21:59:08.256+0000] {logging_mixin.py:190} INFO - [2025-07-01T21:59:08.256+0000] {dag.py:3239} INFO - Sync 1 DAGs
[2025-07-01T21:59:08.284+0000] {logging_mixin.py:190} INFO - [2025-07-01T21:59:08.283+0000] {dag.py:4180} INFO - Setting next_dagrun for extract_raw_data_pipeline to 2025-07-01 07:59:00+00:00, run_after=2025-07-02 07:00:00+00:00
[2025-07-01T21:59:08.307+0000] {processor.py:208} INFO - Processing /opt/airflow/dags/driven_data_pipeline.py took 0.315 seconds
[2025-07-01T21:59:38.452+0000] {processor.py:186} INFO - Started process (PID=882) to work on /opt/airflow/dags/driven_data_pipeline.py
[2025-07-01T21:59:38.453+0000] {processor.py:914} INFO - Processing file /opt/airflow/dags/driven_data_pipeline.py for tasks to queue
[2025-07-01T21:59:38.456+0000] {logging_mixin.py:190} INFO - [2025-07-01T21:59:38.455+0000] {dagbag.py:588} INFO - Filling up the DagBag from /opt/airflow/dags/driven_data_pipeline.py
[2025-07-01T21:59:38.653+0000] {processor.py:925} INFO - DAG(s) 'extract_raw_data_pipeline' retrieved from /opt/airflow/dags/driven_data_pipeline.py
[2025-07-01T21:59:38.691+0000] {logging_mixin.py:190} INFO - [2025-07-01T21:59:38.691+0000] {dag.py:3239} INFO - Sync 1 DAGs
[2025-07-01T21:59:38.728+0000] {logging_mixin.py:190} INFO - [2025-07-01T21:59:38.728+0000] {dag.py:4180} INFO - Setting next_dagrun for extract_raw_data_pipeline to 2025-07-01 07:59:00+00:00, run_after=2025-07-02 07:00:00+00:00
[2025-07-01T21:59:38.758+0000] {processor.py:208} INFO - Processing /opt/airflow/dags/driven_data_pipeline.py took 0.313 seconds
[2025-07-01T22:00:09.008+0000] {processor.py:186} INFO - Started process (PID=890) to work on /opt/airflow/dags/driven_data_pipeline.py
[2025-07-01T22:00:09.010+0000] {processor.py:914} INFO - Processing file /opt/airflow/dags/driven_data_pipeline.py for tasks to queue
[2025-07-01T22:00:09.014+0000] {logging_mixin.py:190} INFO - [2025-07-01T22:00:09.014+0000] {dagbag.py:588} INFO - Filling up the DagBag from /opt/airflow/dags/driven_data_pipeline.py
[2025-07-01T22:00:09.256+0000] {processor.py:925} INFO - DAG(s) 'extract_raw_data_pipeline' retrieved from /opt/airflow/dags/driven_data_pipeline.py
[2025-07-01T22:00:09.291+0000] {logging_mixin.py:190} INFO - [2025-07-01T22:00:09.290+0000] {dag.py:3239} INFO - Sync 1 DAGs
[2025-07-01T22:00:09.322+0000] {logging_mixin.py:190} INFO - [2025-07-01T22:00:09.321+0000] {dag.py:4180} INFO - Setting next_dagrun for extract_raw_data_pipeline to 2025-07-01 07:59:00+00:00, run_after=2025-07-02 07:00:00+00:00
[2025-07-01T22:00:09.348+0000] {processor.py:208} INFO - Processing /opt/airflow/dags/driven_data_pipeline.py took 0.350 seconds
[2025-07-01T22:00:39.640+0000] {processor.py:186} INFO - Started process (PID=898) to work on /opt/airflow/dags/driven_data_pipeline.py
[2025-07-01T22:00:39.642+0000] {processor.py:914} INFO - Processing file /opt/airflow/dags/driven_data_pipeline.py for tasks to queue
[2025-07-01T22:00:39.645+0000] {logging_mixin.py:190} INFO - [2025-07-01T22:00:39.644+0000] {dagbag.py:588} INFO - Filling up the DagBag from /opt/airflow/dags/driven_data_pipeline.py
[2025-07-01T22:00:39.851+0000] {processor.py:925} INFO - DAG(s) 'extract_raw_data_pipeline' retrieved from /opt/airflow/dags/driven_data_pipeline.py
[2025-07-01T22:00:39.881+0000] {logging_mixin.py:190} INFO - [2025-07-01T22:00:39.880+0000] {dag.py:3239} INFO - Sync 1 DAGs
[2025-07-01T22:00:39.906+0000] {logging_mixin.py:190} INFO - [2025-07-01T22:00:39.906+0000] {dag.py:4180} INFO - Setting next_dagrun for extract_raw_data_pipeline to 2025-07-01 07:59:00+00:00, run_after=2025-07-02 07:00:00+00:00
[2025-07-01T22:00:39.931+0000] {processor.py:208} INFO - Processing /opt/airflow/dags/driven_data_pipeline.py took 0.299 seconds
[2025-07-01T22:01:10.228+0000] {processor.py:186} INFO - Started process (PID=906) to work on /opt/airflow/dags/driven_data_pipeline.py
[2025-07-01T22:01:10.230+0000] {processor.py:914} INFO - Processing file /opt/airflow/dags/driven_data_pipeline.py for tasks to queue
[2025-07-01T22:01:10.241+0000] {logging_mixin.py:190} INFO - [2025-07-01T22:01:10.236+0000] {dagbag.py:588} INFO - Filling up the DagBag from /opt/airflow/dags/driven_data_pipeline.py
[2025-07-01T22:01:10.926+0000] {processor.py:925} INFO - DAG(s) 'extract_raw_data_pipeline' retrieved from /opt/airflow/dags/driven_data_pipeline.py
[2025-07-01T22:01:11.032+0000] {logging_mixin.py:190} INFO - [2025-07-01T22:01:11.031+0000] {dag.py:3239} INFO - Sync 1 DAGs
[2025-07-01T22:01:11.120+0000] {logging_mixin.py:190} INFO - [2025-07-01T22:01:11.119+0000] {dag.py:4180} INFO - Setting next_dagrun for extract_raw_data_pipeline to 2025-07-01 07:59:00+00:00, run_after=2025-07-02 07:00:00+00:00
[2025-07-01T22:01:11.159+0000] {processor.py:208} INFO - Processing /opt/airflow/dags/driven_data_pipeline.py took 0.953 seconds
[2025-07-01T22:01:41.361+0000] {processor.py:186} INFO - Started process (PID=914) to work on /opt/airflow/dags/driven_data_pipeline.py
[2025-07-01T22:01:41.362+0000] {processor.py:914} INFO - Processing file /opt/airflow/dags/driven_data_pipeline.py for tasks to queue
[2025-07-01T22:01:41.365+0000] {logging_mixin.py:190} INFO - [2025-07-01T22:01:41.365+0000] {dagbag.py:588} INFO - Filling up the DagBag from /opt/airflow/dags/driven_data_pipeline.py
[2025-07-01T22:01:41.604+0000] {processor.py:925} INFO - DAG(s) 'extract_raw_data_pipeline' retrieved from /opt/airflow/dags/driven_data_pipeline.py
[2025-07-01T22:01:41.515+0000] {logging_mixin.py:190} INFO - [2025-07-01T22:01:41.514+0000] {dag.py:3239} INFO - Sync 1 DAGs
[2025-07-01T22:01:41.546+0000] {logging_mixin.py:190} INFO - [2025-07-01T22:01:41.545+0000] {dag.py:4180} INFO - Setting next_dagrun for extract_raw_data_pipeline to 2025-07-01 07:59:00+00:00, run_after=2025-07-02 07:00:00+00:00
[2025-07-01T22:01:41.571+0000] {processor.py:208} INFO - Processing /opt/airflow/dags/driven_data_pipeline.py took 0.349 seconds
[2025-07-01T22:02:11.838+0000] {processor.py:186} INFO - Started process (PID=922) to work on /opt/airflow/dags/driven_data_pipeline.py
[2025-07-01T22:02:11.839+0000] {processor.py:914} INFO - Processing file /opt/airflow/dags/driven_data_pipeline.py for tasks to queue
[2025-07-01T22:02:11.842+0000] {logging_mixin.py:190} INFO - [2025-07-01T22:02:11.842+0000] {dagbag.py:588} INFO - Filling up the DagBag from /opt/airflow/dags/driven_data_pipeline.py
[2025-07-01T22:02:12.023+0000] {processor.py:925} INFO - DAG(s) 'extract_raw_data_pipeline' retrieved from /opt/airflow/dags/driven_data_pipeline.py
[2025-07-01T22:02:12.049+0000] {logging_mixin.py:190} INFO - [2025-07-01T22:02:12.049+0000] {dag.py:3239} INFO - Sync 1 DAGs
[2025-07-01T22:02:12.073+0000] {logging_mixin.py:190} INFO - [2025-07-01T22:02:12.073+0000] {dag.py:4180} INFO - Setting next_dagrun for extract_raw_data_pipeline to 2025-07-01 07:59:00+00:00, run_after=2025-07-02 07:00:00+00:00
[2025-07-01T22:02:12.096+0000] {processor.py:208} INFO - Processing /opt/airflow/dags/driven_data_pipeline.py took 0.265 seconds
[2025-07-01T22:02:42.312+0000] {processor.py:186} INFO - Started process (PID=930) to work on /opt/airflow/dags/driven_data_pipeline.py
[2025-07-01T22:02:42.313+0000] {processor.py:914} INFO - Processing file /opt/airflow/dags/driven_data_pipeline.py for tasks to queue
[2025-07-01T22:02:42.317+0000] {logging_mixin.py:190} INFO - [2025-07-01T22:02:42.316+0000] {dagbag.py:588} INFO - Filling up the DagBag from /opt/airflow/dags/driven_data_pipeline.py
[2025-07-01T22:02:42.567+0000] {processor.py:925} INFO - DAG(s) 'extract_raw_data_pipeline' retrieved from /opt/airflow/dags/driven_data_pipeline.py
[2025-07-01T22:02:42.662+0000] {logging_mixin.py:190} INFO - [2025-07-01T22:02:42.661+0000] {dag.py:3239} INFO - Sync 1 DAGs
[2025-07-01T22:02:42.729+0000] {logging_mixin.py:190} INFO - [2025-07-01T22:02:42.728+0000] {dag.py:4180} INFO - Setting next_dagrun for extract_raw_data_pipeline to 2025-07-01 07:59:00+00:00, run_after=2025-07-02 07:00:00+00:00
[2025-07-01T22:02:42.816+0000] {processor.py:208} INFO - Processing /opt/airflow/dags/driven_data_pipeline.py took 0.511 seconds
[2025-07-01T22:03:13.113+0000] {processor.py:186} INFO - Started process (PID=938) to work on /opt/airflow/dags/driven_data_pipeline.py
[2025-07-01T22:03:13.115+0000] {processor.py:914} INFO - Processing file /opt/airflow/dags/driven_data_pipeline.py for tasks to queue
[2025-07-01T22:03:13.118+0000] {logging_mixin.py:190} INFO - [2025-07-01T22:03:13.117+0000] {dagbag.py:588} INFO - Filling up the DagBag from /opt/airflow/dags/driven_data_pipeline.py
[2025-07-01T22:03:13.303+0000] {processor.py:925} INFO - DAG(s) 'extract_raw_data_pipeline' retrieved from /opt/airflow/dags/driven_data_pipeline.py
[2025-07-01T22:03:13.337+0000] {logging_mixin.py:190} INFO - [2025-07-01T22:03:13.337+0000] {dag.py:3239} INFO - Sync 1 DAGs
[2025-07-01T22:03:13.366+0000] {logging_mixin.py:190} INFO - [2025-07-01T22:03:13.365+0000] {dag.py:4180} INFO - Setting next_dagrun for extract_raw_data_pipeline to 2025-07-01 07:59:00+00:00, run_after=2025-07-02 07:00:00+00:00
[2025-07-01T22:03:13.388+0000] {processor.py:208} INFO - Processing /opt/airflow/dags/driven_data_pipeline.py took 0.284 seconds
[2025-07-01T22:03:43.584+0000] {processor.py:186} INFO - Started process (PID=946) to work on /opt/airflow/dags/driven_data_pipeline.py
[2025-07-01T22:03:43.585+0000] {processor.py:914} INFO - Processing file /opt/airflow/dags/driven_data_pipeline.py for tasks to queue
[2025-07-01T22:03:43.588+0000] {logging_mixin.py:190} INFO - [2025-07-01T22:03:43.587+0000] {dagbag.py:588} INFO - Filling up the DagBag from /opt/airflow/dags/driven_data_pipeline.py
[2025-07-01T22:03:43.774+0000] {processor.py:925} INFO - DAG(s) 'extract_raw_data_pipeline' retrieved from /opt/airflow/dags/driven_data_pipeline.py
[2025-07-01T22:03:43.804+0000] {logging_mixin.py:190} INFO - [2025-07-01T22:03:43.804+0000] {dag.py:3239} INFO - Sync 1 DAGs
[2025-07-01T22:03:43.831+0000] {logging_mixin.py:190} INFO - [2025-07-01T22:03:43.831+0000] {dag.py:4180} INFO - Setting next_dagrun for extract_raw_data_pipeline to 2025-07-01 07:59:00+00:00, run_after=2025-07-02 07:00:00+00:00
[2025-07-01T22:03:43.855+0000] {processor.py:208} INFO - Processing /opt/airflow/dags/driven_data_pipeline.py took 0.279 seconds
[2025-07-01T22:04:14.066+0000] {processor.py:186} INFO - Started process (PID=954) to work on /opt/airflow/dags/driven_data_pipeline.py
[2025-07-01T22:04:14.068+0000] {processor.py:914} INFO - Processing file /opt/airflow/dags/driven_data_pipeline.py for tasks to queue
[2025-07-01T22:04:14.071+0000] {logging_mixin.py:190} INFO - [2025-07-01T22:04:14.071+0000] {dagbag.py:588} INFO - Filling up the DagBag from /opt/airflow/dags/driven_data_pipeline.py
[2025-07-01T22:04:14.312+0000] {processor.py:925} INFO - DAG(s) 'extract_raw_data_pipeline' retrieved from /opt/airflow/dags/driven_data_pipeline.py
[2025-07-01T22:04:14.346+0000] {logging_mixin.py:190} INFO - [2025-07-01T22:04:14.346+0000] {dag.py:3239} INFO - Sync 1 DAGs
[2025-07-01T22:04:14.373+0000] {logging_mixin.py:190} INFO - [2025-07-01T22:04:14.373+0000] {dag.py:4180} INFO - Setting next_dagrun for extract_raw_data_pipeline to 2025-07-01 07:59:00+00:00, run_after=2025-07-02 07:00:00+00:00
[2025-07-01T22:04:14.395+0000] {processor.py:208} INFO - Processing /opt/airflow/dags/driven_data_pipeline.py took 0.337 seconds
[2025-07-01T22:04:44.643+0000] {processor.py:186} INFO - Started process (PID=963) to work on /opt/airflow/dags/driven_data_pipeline.py
[2025-07-01T22:04:44.644+0000] {processor.py:914} INFO - Processing file /opt/airflow/dags/driven_data_pipeline.py for tasks to queue
[2025-07-01T22:04:44.647+0000] {logging_mixin.py:190} INFO - [2025-07-01T22:04:44.647+0000] {dagbag.py:588} INFO - Filling up the DagBag from /opt/airflow/dags/driven_data_pipeline.py
[2025-07-01T22:04:44.856+0000] {processor.py:925} INFO - DAG(s) 'extract_raw_data_pipeline' retrieved from /opt/airflow/dags/driven_data_pipeline.py
[2025-07-01T22:04:44.885+0000] {logging_mixin.py:190} INFO - [2025-07-01T22:04:44.885+0000] {dag.py:3239} INFO - Sync 1 DAGs
[2025-07-01T22:04:44.916+0000] {logging_mixin.py:190} INFO - [2025-07-01T22:04:44.916+0000] {dag.py:4180} INFO - Setting next_dagrun for extract_raw_data_pipeline to 2025-07-01 07:59:00+00:00, run_after=2025-07-02 07:00:00+00:00
[2025-07-01T22:04:44.949+0000] {processor.py:208} INFO - Processing /opt/airflow/dags/driven_data_pipeline.py took 0.313 seconds
[2025-07-01T22:05:15.145+0000] {processor.py:186} INFO - Started process (PID=971) to work on /opt/airflow/dags/driven_data_pipeline.py
[2025-07-01T22:05:15.146+0000] {processor.py:914} INFO - Processing file /opt/airflow/dags/driven_data_pipeline.py for tasks to queue
[2025-07-01T22:05:15.150+0000] {logging_mixin.py:190} INFO - [2025-07-01T22:05:15.150+0000] {dagbag.py:588} INFO - Filling up the DagBag from /opt/airflow/dags/driven_data_pipeline.py
[2025-07-01T22:05:15.339+0000] {processor.py:925} INFO - DAG(s) 'extract_raw_data_pipeline' retrieved from /opt/airflow/dags/driven_data_pipeline.py
[2025-07-01T22:05:15.371+0000] {logging_mixin.py:190} INFO - [2025-07-01T22:05:15.371+0000] {dag.py:3239} INFO - Sync 1 DAGs
[2025-07-01T22:05:15.401+0000] {logging_mixin.py:190} INFO - [2025-07-01T22:05:15.401+0000] {dag.py:4180} INFO - Setting next_dagrun for extract_raw_data_pipeline to 2025-07-01 07:59:00+00:00, run_after=2025-07-02 07:00:00+00:00
[2025-07-01T22:05:15.424+0000] {processor.py:208} INFO - Processing /opt/airflow/dags/driven_data_pipeline.py took 0.288 seconds
[2025-07-01T22:05:45.631+0000] {processor.py:186} INFO - Started process (PID=979) to work on /opt/airflow/dags/driven_data_pipeline.py
[2025-07-01T22:05:45.632+0000] {processor.py:914} INFO - Processing file /opt/airflow/dags/driven_data_pipeline.py for tasks to queue
[2025-07-01T22:05:45.635+0000] {logging_mixin.py:190} INFO - [2025-07-01T22:05:45.635+0000] {dagbag.py:588} INFO - Filling up the DagBag from /opt/airflow/dags/driven_data_pipeline.py
[2025-07-01T22:05:45.817+0000] {processor.py:925} INFO - DAG(s) 'extract_raw_data_pipeline' retrieved from /opt/airflow/dags/driven_data_pipeline.py
[2025-07-01T22:05:45.844+0000] {logging_mixin.py:190} INFO - [2025-07-01T22:05:45.844+0000] {dag.py:3239} INFO - Sync 1 DAGs
[2025-07-01T22:05:45.869+0000] {logging_mixin.py:190} INFO - [2025-07-01T22:05:45.869+0000] {dag.py:4180} INFO - Setting next_dagrun for extract_raw_data_pipeline to 2025-07-01 07:59:00+00:00, run_after=2025-07-02 07:00:00+00:00
[2025-07-01T22:05:45.892+0000] {processor.py:208} INFO - Processing /opt/airflow/dags/driven_data_pipeline.py took 0.269 seconds
[2025-07-01T22:06:16.095+0000] {processor.py:186} INFO - Started process (PID=988) to work on /opt/airflow/dags/driven_data_pipeline.py
[2025-07-01T22:06:16.096+0000] {processor.py:914} INFO - Processing file /opt/airflow/dags/driven_data_pipeline.py for tasks to queue
[2025-07-01T22:06:16.100+0000] {logging_mixin.py:190} INFO - [2025-07-01T22:06:16.099+0000] {dagbag.py:588} INFO - Filling up the DagBag from /opt/airflow/dags/driven_data_pipeline.py
[2025-07-01T22:06:16.283+0000] {processor.py:925} INFO - DAG(s) 'extract_raw_data_pipeline' retrieved from /opt/airflow/dags/driven_data_pipeline.py
[2025-07-01T22:06:16.311+0000] {logging_mixin.py:190} INFO - [2025-07-01T22:06:16.310+0000] {dag.py:3239} INFO - Sync 1 DAGs
[2025-07-01T22:06:16.337+0000] {logging_mixin.py:190} INFO - [2025-07-01T22:06:16.337+0000] {dag.py:4180} INFO - Setting next_dagrun for extract_raw_data_pipeline to 2025-07-01 07:59:00+00:00, run_after=2025-07-02 07:00:00+00:00
[2025-07-01T22:06:16.375+0000] {processor.py:208} INFO - Processing /opt/airflow/dags/driven_data_pipeline.py took 0.288 seconds
[2025-07-01T22:06:46.596+0000] {processor.py:186} INFO - Started process (PID=996) to work on /opt/airflow/dags/driven_data_pipeline.py
[2025-07-01T22:06:46.598+0000] {processor.py:914} INFO - Processing file /opt/airflow/dags/driven_data_pipeline.py for tasks to queue
[2025-07-01T22:06:46.601+0000] {logging_mixin.py:190} INFO - [2025-07-01T22:06:46.601+0000] {dagbag.py:588} INFO - Filling up the DagBag from /opt/airflow/dags/driven_data_pipeline.py
[2025-07-01T22:06:46.797+0000] {processor.py:925} INFO - DAG(s) 'extract_raw_data_pipeline' retrieved from /opt/airflow/dags/driven_data_pipeline.py
[2025-07-01T22:06:46.829+0000] {logging_mixin.py:190} INFO - [2025-07-01T22:06:46.828+0000] {dag.py:3239} INFO - Sync 1 DAGs
[2025-07-01T22:06:46.854+0000] {logging_mixin.py:190} INFO - [2025-07-01T22:06:46.853+0000] {dag.py:4180} INFO - Setting next_dagrun for extract_raw_data_pipeline to 2025-07-01 07:59:00+00:00, run_after=2025-07-02 07:00:00+00:00
[2025-07-01T22:06:46.881+0000] {processor.py:208} INFO - Processing /opt/airflow/dags/driven_data_pipeline.py took 0.295 seconds
[2025-07-01T22:07:17.135+0000] {processor.py:186} INFO - Started process (PID=1004) to work on /opt/airflow/dags/driven_data_pipeline.py
[2025-07-01T22:07:17.137+0000] {processor.py:914} INFO - Processing file /opt/airflow/dags/driven_data_pipeline.py for tasks to queue
[2025-07-01T22:07:17.142+0000] {logging_mixin.py:190} INFO - [2025-07-01T22:07:17.141+0000] {dagbag.py:588} INFO - Filling up the DagBag from /opt/airflow/dags/driven_data_pipeline.py
[2025-07-01T22:07:17.437+0000] {processor.py:925} INFO - DAG(s) 'extract_raw_data_pipeline' retrieved from /opt/airflow/dags/driven_data_pipeline.py
[2025-07-01T22:07:17.472+0000] {logging_mixin.py:190} INFO - [2025-07-01T22:07:17.471+0000] {dag.py:3239} INFO - Sync 1 DAGs
[2025-07-01T22:07:17.506+0000] {logging_mixin.py:190} INFO - [2025-07-01T22:07:17.506+0000] {dag.py:4180} INFO - Setting next_dagrun for extract_raw_data_pipeline to 2025-07-01 07:59:00+00:00, run_after=2025-07-02 07:00:00+00:00
[2025-07-01T22:07:17.534+0000] {processor.py:208} INFO - Processing /opt/airflow/dags/driven_data_pipeline.py took 0.418 seconds
[2025-07-01T22:07:47.837+0000] {processor.py:186} INFO - Started process (PID=1012) to work on /opt/airflow/dags/driven_data_pipeline.py
[2025-07-01T22:07:47.839+0000] {processor.py:914} INFO - Processing file /opt/airflow/dags/driven_data_pipeline.py for tasks to queue
[2025-07-01T22:07:47.843+0000] {logging_mixin.py:190} INFO - [2025-07-01T22:07:47.843+0000] {dagbag.py:588} INFO - Filling up the DagBag from /opt/airflow/dags/driven_data_pipeline.py
[2025-07-01T22:07:48.067+0000] {processor.py:925} INFO - DAG(s) 'extract_raw_data_pipeline' retrieved from /opt/airflow/dags/driven_data_pipeline.py
[2025-07-01T22:07:48.102+0000] {logging_mixin.py:190} INFO - [2025-07-01T22:07:48.102+0000] {dag.py:3239} INFO - Sync 1 DAGs
[2025-07-01T22:07:48.131+0000] {logging_mixin.py:190} INFO - [2025-07-01T22:07:48.130+0000] {dag.py:4180} INFO - Setting next_dagrun for extract_raw_data_pipeline to 2025-07-01 07:59:00+00:00, run_after=2025-07-02 07:00:00+00:00
[2025-07-01T22:07:48.155+0000] {processor.py:208} INFO - Processing /opt/airflow/dags/driven_data_pipeline.py took 0.329 seconds
[2025-07-01T22:08:18.488+0000] {processor.py:186} INFO - Started process (PID=1020) to work on /opt/airflow/dags/driven_data_pipeline.py
[2025-07-01T22:08:18.491+0000] {processor.py:914} INFO - Processing file /opt/airflow/dags/driven_data_pipeline.py for tasks to queue
[2025-07-01T22:08:18.497+0000] {logging_mixin.py:190} INFO - [2025-07-01T22:08:18.496+0000] {dagbag.py:588} INFO - Filling up the DagBag from /opt/airflow/dags/driven_data_pipeline.py
[2025-07-01T22:08:18.813+0000] {processor.py:925} INFO - DAG(s) 'extract_raw_data_pipeline' retrieved from /opt/airflow/dags/driven_data_pipeline.py
[2025-07-01T22:08:18.863+0000] {logging_mixin.py:190} INFO - [2025-07-01T22:08:18.862+0000] {dag.py:3239} INFO - Sync 1 DAGs
[2025-07-01T22:08:18.911+0000] {logging_mixin.py:190} INFO - [2025-07-01T22:08:18.911+0000] {dag.py:4180} INFO - Setting next_dagrun for extract_raw_data_pipeline to 2025-07-01 07:59:00+00:00, run_after=2025-07-02 07:00:00+00:00
[2025-07-01T22:08:19.648+0000] {processor.py:208} INFO - Processing /opt/airflow/dags/driven_data_pipeline.py took 1.175 seconds
[2025-07-01T22:08:49.789+0000] {processor.py:186} INFO - Started process (PID=1027) to work on /opt/airflow/dags/driven_data_pipeline.py
[2025-07-01T22:08:49.792+0000] {processor.py:914} INFO - Processing file /opt/airflow/dags/driven_data_pipeline.py for tasks to queue
[2025-07-01T22:08:49.799+0000] {logging_mixin.py:190} INFO - [2025-07-01T22:08:49.798+0000] {dagbag.py:588} INFO - Filling up the DagBag from /opt/airflow/dags/driven_data_pipeline.py
[2025-07-01T22:08:50.203+0000] {processor.py:925} INFO - DAG(s) 'extract_raw_data_pipeline' retrieved from /opt/airflow/dags/driven_data_pipeline.py
[2025-07-01T22:08:50.250+0000] {logging_mixin.py:190} INFO - [2025-07-01T22:08:50.250+0000] {dag.py:3239} INFO - Sync 1 DAGs
[2025-07-01T22:08:50.290+0000] {logging_mixin.py:190} INFO - [2025-07-01T22:08:50.289+0000] {dag.py:4180} INFO - Setting next_dagrun for extract_raw_data_pipeline to 2025-07-01 07:59:00+00:00, run_after=2025-07-02 07:00:00+00:00
[2025-07-01T22:08:50.331+0000] {processor.py:208} INFO - Processing /opt/airflow/dags/driven_data_pipeline.py took 0.558 seconds
[2025-07-01T22:09:20.628+0000] {processor.py:186} INFO - Started process (PID=1035) to work on /opt/airflow/dags/driven_data_pipeline.py
[2025-07-01T22:09:20.631+0000] {processor.py:914} INFO - Processing file /opt/airflow/dags/driven_data_pipeline.py for tasks to queue
[2025-07-01T22:09:20.637+0000] {logging_mixin.py:190} INFO - [2025-07-01T22:09:20.636+0000] {dagbag.py:588} INFO - Filling up the DagBag from /opt/airflow/dags/driven_data_pipeline.py
[2025-07-01T22:09:21.168+0000] {processor.py:925} INFO - DAG(s) 'extract_raw_data_pipeline' retrieved from /opt/airflow/dags/driven_data_pipeline.py
[2025-07-01T22:09:21.241+0000] {logging_mixin.py:190} INFO - [2025-07-01T22:09:21.240+0000] {dag.py:3239} INFO - Sync 1 DAGs
[2025-07-01T22:09:21.313+0000] {logging_mixin.py:190} INFO - [2025-07-01T22:09:21.312+0000] {dag.py:4180} INFO - Setting next_dagrun for extract_raw_data_pipeline to 2025-07-01 07:59:00+00:00, run_after=2025-07-02 07:00:00+00:00
[2025-07-01T22:09:21.367+0000] {processor.py:208} INFO - Processing /opt/airflow/dags/driven_data_pipeline.py took 0.753 seconds
[2025-07-01T22:09:51.623+0000] {processor.py:186} INFO - Started process (PID=1043) to work on /opt/airflow/dags/driven_data_pipeline.py
[2025-07-01T22:09:51.624+0000] {processor.py:914} INFO - Processing file /opt/airflow/dags/driven_data_pipeline.py for tasks to queue
[2025-07-01T22:09:51.628+0000] {logging_mixin.py:190} INFO - [2025-07-01T22:09:51.628+0000] {dagbag.py:588} INFO - Filling up the DagBag from /opt/airflow/dags/driven_data_pipeline.py
[2025-07-01T22:09:51.833+0000] {processor.py:925} INFO - DAG(s) 'extract_raw_data_pipeline' retrieved from /opt/airflow/dags/driven_data_pipeline.py
[2025-07-01T22:09:51.868+0000] {logging_mixin.py:190} INFO - [2025-07-01T22:09:51.868+0000] {dag.py:3239} INFO - Sync 1 DAGs
[2025-07-01T22:09:51.896+0000] {logging_mixin.py:190} INFO - [2025-07-01T22:09:51.896+0000] {dag.py:4180} INFO - Setting next_dagrun for extract_raw_data_pipeline to 2025-07-01 07:59:00+00:00, run_after=2025-07-02 07:00:00+00:00
[2025-07-01T22:09:51.920+0000] {processor.py:208} INFO - Processing /opt/airflow/dags/driven_data_pipeline.py took 0.306 seconds
[2025-07-01T22:10:22.100+0000] {processor.py:186} INFO - Started process (PID=1051) to work on /opt/airflow/dags/driven_data_pipeline.py
[2025-07-01T22:10:22.101+0000] {processor.py:914} INFO - Processing file /opt/airflow/dags/driven_data_pipeline.py for tasks to queue
[2025-07-01T22:10:22.105+0000] {logging_mixin.py:190} INFO - [2025-07-01T22:10:22.105+0000] {dagbag.py:588} INFO - Filling up the DagBag from /opt/airflow/dags/driven_data_pipeline.py
[2025-07-01T22:10:22.352+0000] {processor.py:925} INFO - DAG(s) 'extract_raw_data_pipeline' retrieved from /opt/airflow/dags/driven_data_pipeline.py
[2025-07-01T22:10:22.393+0000] {logging_mixin.py:190} INFO - [2025-07-01T22:10:22.393+0000] {dag.py:3239} INFO - Sync 1 DAGs
[2025-07-01T22:10:22.428+0000] {logging_mixin.py:190} INFO - [2025-07-01T22:10:22.428+0000] {dag.py:4180} INFO - Setting next_dagrun for extract_raw_data_pipeline to 2025-07-01 07:59:00+00:00, run_after=2025-07-02 07:00:00+00:00
[2025-07-01T22:10:22.459+0000] {processor.py:208} INFO - Processing /opt/airflow/dags/driven_data_pipeline.py took 0.367 seconds
[2025-07-01T22:10:52.670+0000] {processor.py:186} INFO - Started process (PID=1059) to work on /opt/airflow/dags/driven_data_pipeline.py
[2025-07-01T22:10:52.672+0000] {processor.py:914} INFO - Processing file /opt/airflow/dags/driven_data_pipeline.py for tasks to queue
[2025-07-01T22:10:52.676+0000] {logging_mixin.py:190} INFO - [2025-07-01T22:10:52.676+0000] {dagbag.py:588} INFO - Filling up the DagBag from /opt/airflow/dags/driven_data_pipeline.py
[2025-07-01T22:10:52.898+0000] {processor.py:925} INFO - DAG(s) 'extract_raw_data_pipeline' retrieved from /opt/airflow/dags/driven_data_pipeline.py
[2025-07-01T22:10:52.931+0000] {logging_mixin.py:190} INFO - [2025-07-01T22:10:52.931+0000] {dag.py:3239} INFO - Sync 1 DAGs
[2025-07-01T22:10:52.960+0000] {logging_mixin.py:190} INFO - [2025-07-01T22:10:52.960+0000] {dag.py:4180} INFO - Setting next_dagrun for extract_raw_data_pipeline to 2025-07-01 07:59:00+00:00, run_after=2025-07-02 07:00:00+00:00
[2025-07-01T22:10:52.995+0000] {processor.py:208} INFO - Processing /opt/airflow/dags/driven_data_pipeline.py took 0.335 seconds
[2025-07-01T22:11:23.223+0000] {processor.py:186} INFO - Started process (PID=1067) to work on /opt/airflow/dags/driven_data_pipeline.py
[2025-07-01T22:11:23.225+0000] {processor.py:914} INFO - Processing file /opt/airflow/dags/driven_data_pipeline.py for tasks to queue
[2025-07-01T22:11:23.228+0000] {logging_mixin.py:190} INFO - [2025-07-01T22:11:23.228+0000] {dagbag.py:588} INFO - Filling up the DagBag from /opt/airflow/dags/driven_data_pipeline.py
[2025-07-01T22:11:23.419+0000] {processor.py:925} INFO - DAG(s) 'extract_raw_data_pipeline' retrieved from /opt/airflow/dags/driven_data_pipeline.py
[2025-07-01T22:11:23.447+0000] {logging_mixin.py:190} INFO - [2025-07-01T22:11:23.447+0000] {dag.py:3239} INFO - Sync 1 DAGs
[2025-07-01T22:11:23.476+0000] {logging_mixin.py:190} INFO - [2025-07-01T22:11:23.476+0000] {dag.py:4180} INFO - Setting next_dagrun for extract_raw_data_pipeline to 2025-07-01 07:59:00+00:00, run_after=2025-07-02 07:00:00+00:00
[2025-07-01T22:11:23.500+0000] {processor.py:208} INFO - Processing /opt/airflow/dags/driven_data_pipeline.py took 0.285 seconds
[2025-07-01T22:11:53.738+0000] {processor.py:186} INFO - Started process (PID=1075) to work on /opt/airflow/dags/driven_data_pipeline.py
[2025-07-01T22:11:53.740+0000] {processor.py:914} INFO - Processing file /opt/airflow/dags/driven_data_pipeline.py for tasks to queue
[2025-07-01T22:11:53.743+0000] {logging_mixin.py:190} INFO - [2025-07-01T22:11:53.743+0000] {dagbag.py:588} INFO - Filling up the DagBag from /opt/airflow/dags/driven_data_pipeline.py
[2025-07-01T22:11:53.945+0000] {processor.py:925} INFO - DAG(s) 'extract_raw_data_pipeline' retrieved from /opt/airflow/dags/driven_data_pipeline.py
[2025-07-01T22:11:53.987+0000] {logging_mixin.py:190} INFO - [2025-07-01T22:11:53.987+0000] {dag.py:3239} INFO - Sync 1 DAGs
[2025-07-01T22:11:54.015+0000] {logging_mixin.py:190} INFO - [2025-07-01T22:11:54.015+0000] {dag.py:4180} INFO - Setting next_dagrun for extract_raw_data_pipeline to 2025-07-01 07:59:00+00:00, run_after=2025-07-02 07:00:00+00:00
[2025-07-01T22:11:54.037+0000] {processor.py:208} INFO - Processing /opt/airflow/dags/driven_data_pipeline.py took 0.308 seconds
[2025-07-01T22:12:24.292+0000] {processor.py:186} INFO - Started process (PID=1083) to work on /opt/airflow/dags/driven_data_pipeline.py
[2025-07-01T22:12:24.295+0000] {processor.py:914} INFO - Processing file /opt/airflow/dags/driven_data_pipeline.py for tasks to queue
[2025-07-01T22:12:24.305+0000] {logging_mixin.py:190} INFO - [2025-07-01T22:12:24.302+0000] {dagbag.py:588} INFO - Filling up the DagBag from /opt/airflow/dags/driven_data_pipeline.py
[2025-07-01T22:12:24.674+0000] {processor.py:925} INFO - DAG(s) 'extract_raw_data_pipeline' retrieved from /opt/airflow/dags/driven_data_pipeline.py
[2025-07-01T22:12:24.718+0000] {logging_mixin.py:190} INFO - [2025-07-01T22:12:24.717+0000] {dag.py:3239} INFO - Sync 1 DAGs
[2025-07-01T22:12:24.763+0000] {logging_mixin.py:190} INFO - [2025-07-01T22:12:24.762+0000] {dag.py:4180} INFO - Setting next_dagrun for extract_raw_data_pipeline to 2025-07-01 07:59:00+00:00, run_after=2025-07-02 07:00:00+00:00
[2025-07-01T22:12:24.796+0000] {processor.py:208} INFO - Processing /opt/airflow/dags/driven_data_pipeline.py took 0.530 seconds
[2025-07-01T22:12:55.095+0000] {processor.py:186} INFO - Started process (PID=1091) to work on /opt/airflow/dags/driven_data_pipeline.py
[2025-07-01T22:12:55.097+0000] {processor.py:914} INFO - Processing file /opt/airflow/dags/driven_data_pipeline.py for tasks to queue
[2025-07-01T22:12:55.102+0000] {logging_mixin.py:190} INFO - [2025-07-01T22:12:55.101+0000] {dagbag.py:588} INFO - Filling up the DagBag from /opt/airflow/dags/driven_data_pipeline.py
[2025-07-01T22:12:55.449+0000] {processor.py:925} INFO - DAG(s) 'extract_raw_data_pipeline' retrieved from /opt/airflow/dags/driven_data_pipeline.py
[2025-07-01T22:12:55.503+0000] {logging_mixin.py:190} INFO - [2025-07-01T22:12:55.502+0000] {dag.py:3239} INFO - Sync 1 DAGs
[2025-07-01T22:12:55.550+0000] {logging_mixin.py:190} INFO - [2025-07-01T22:12:55.549+0000] {dag.py:4180} INFO - Setting next_dagrun for extract_raw_data_pipeline to 2025-07-01 07:59:00+00:00, run_after=2025-07-02 07:00:00+00:00
[2025-07-01T22:12:55.591+0000] {processor.py:208} INFO - Processing /opt/airflow/dags/driven_data_pipeline.py took 0.506 seconds
[2025-07-01T22:13:25.747+0000] {processor.py:186} INFO - Started process (PID=1099) to work on /opt/airflow/dags/driven_data_pipeline.py
[2025-07-01T22:13:25.749+0000] {processor.py:914} INFO - Processing file /opt/airflow/dags/driven_data_pipeline.py for tasks to queue
[2025-07-01T22:13:25.752+0000] {logging_mixin.py:190} INFO - [2025-07-01T22:13:25.751+0000] {dagbag.py:588} INFO - Filling up the DagBag from /opt/airflow/dags/driven_data_pipeline.py
[2025-07-01T22:13:25.959+0000] {processor.py:925} INFO - DAG(s) 'extract_raw_data_pipeline' retrieved from /opt/airflow/dags/driven_data_pipeline.py
[2025-07-01T22:13:25.998+0000] {logging_mixin.py:190} INFO - [2025-07-01T22:13:25.998+0000] {dag.py:3239} INFO - Sync 1 DAGs
[2025-07-01T22:13:26.028+0000] {logging_mixin.py:190} INFO - [2025-07-01T22:13:26.027+0000] {dag.py:4180} INFO - Setting next_dagrun for extract_raw_data_pipeline to 2025-07-01 07:59:00+00:00, run_after=2025-07-02 07:00:00+00:00
[2025-07-01T22:13:26.051+0000] {processor.py:208} INFO - Processing /opt/airflow/dags/driven_data_pipeline.py took 0.312 seconds
[2025-07-01T22:13:56.299+0000] {processor.py:186} INFO - Started process (PID=1107) to work on /opt/airflow/dags/driven_data_pipeline.py
[2025-07-01T22:13:56.301+0000] {processor.py:914} INFO - Processing file /opt/airflow/dags/driven_data_pipeline.py for tasks to queue
[2025-07-01T22:13:56.305+0000] {logging_mixin.py:190} INFO - [2025-07-01T22:13:56.304+0000] {dagbag.py:588} INFO - Filling up the DagBag from /opt/airflow/dags/driven_data_pipeline.py
[2025-07-01T22:13:56.795+0000] {processor.py:925} INFO - DAG(s) 'extract_raw_data_pipeline' retrieved from /opt/airflow/dags/driven_data_pipeline.py
[2025-07-01T22:13:56.859+0000] {logging_mixin.py:190} INFO - [2025-07-01T22:13:56.859+0000] {dag.py:3239} INFO - Sync 1 DAGs
[2025-07-01T22:13:56.904+0000] {logging_mixin.py:190} INFO - [2025-07-01T22:13:56.903+0000] {dag.py:4180} INFO - Setting next_dagrun for extract_raw_data_pipeline to 2025-07-01 07:59:00+00:00, run_after=2025-07-02 07:00:00+00:00
[2025-07-01T22:13:56.939+0000] {processor.py:208} INFO - Processing /opt/airflow/dags/driven_data_pipeline.py took 0.653 seconds
[2025-07-01T22:14:27.186+0000] {processor.py:186} INFO - Started process (PID=1115) to work on /opt/airflow/dags/driven_data_pipeline.py
[2025-07-01T22:14:27.188+0000] {processor.py:914} INFO - Processing file /opt/airflow/dags/driven_data_pipeline.py for tasks to queue
[2025-07-01T22:14:27.191+0000] {logging_mixin.py:190} INFO - [2025-07-01T22:14:27.190+0000] {dagbag.py:588} INFO - Filling up the DagBag from /opt/airflow/dags/driven_data_pipeline.py
[2025-07-01T22:14:27.376+0000] {processor.py:925} INFO - DAG(s) 'extract_raw_data_pipeline' retrieved from /opt/airflow/dags/driven_data_pipeline.py
[2025-07-01T22:14:27.406+0000] {logging_mixin.py:190} INFO - [2025-07-01T22:14:27.405+0000] {dag.py:3239} INFO - Sync 1 DAGs
[2025-07-01T22:14:27.434+0000] {logging_mixin.py:190} INFO - [2025-07-01T22:14:27.434+0000] {dag.py:4180} INFO - Setting next_dagrun for extract_raw_data_pipeline to 2025-07-01 07:59:00+00:00, run_after=2025-07-02 07:00:00+00:00
[2025-07-01T22:14:27.457+0000] {processor.py:208} INFO - Processing /opt/airflow/dags/driven_data_pipeline.py took 0.277 seconds
[2025-07-01T22:14:57.633+0000] {processor.py:186} INFO - Started process (PID=1123) to work on /opt/airflow/dags/driven_data_pipeline.py
[2025-07-01T22:14:57.635+0000] {processor.py:914} INFO - Processing file /opt/airflow/dags/driven_data_pipeline.py for tasks to queue
[2025-07-01T22:14:57.639+0000] {logging_mixin.py:190} INFO - [2025-07-01T22:14:57.638+0000] {dagbag.py:588} INFO - Filling up the DagBag from /opt/airflow/dags/driven_data_pipeline.py
[2025-07-01T22:14:57.865+0000] {processor.py:925} INFO - DAG(s) 'extract_raw_data_pipeline' retrieved from /opt/airflow/dags/driven_data_pipeline.py
[2025-07-01T22:14:57.906+0000] {logging_mixin.py:190} INFO - [2025-07-01T22:14:57.905+0000] {dag.py:3239} INFO - Sync 1 DAGs
[2025-07-01T22:14:57.932+0000] {logging_mixin.py:190} INFO - [2025-07-01T22:14:57.932+0000] {dag.py:4180} INFO - Setting next_dagrun for extract_raw_data_pipeline to 2025-07-01 07:59:00+00:00, run_after=2025-07-02 07:00:00+00:00
[2025-07-01T22:14:57.955+0000] {processor.py:208} INFO - Processing /opt/airflow/dags/driven_data_pipeline.py took 0.332 seconds
[2025-07-01T22:15:28.227+0000] {processor.py:186} INFO - Started process (PID=1137) to work on /opt/airflow/dags/driven_data_pipeline.py
[2025-07-01T22:15:28.229+0000] {processor.py:914} INFO - Processing file /opt/airflow/dags/driven_data_pipeline.py for tasks to queue
[2025-07-01T22:15:28.232+0000] {logging_mixin.py:190} INFO - [2025-07-01T22:15:28.232+0000] {dagbag.py:588} INFO - Filling up the DagBag from /opt/airflow/dags/driven_data_pipeline.py
[2025-07-01T22:15:28.427+0000] {processor.py:925} INFO - DAG(s) 'extract_raw_data_pipeline' retrieved from /opt/airflow/dags/driven_data_pipeline.py
[2025-07-01T22:15:28.456+0000] {logging_mixin.py:190} INFO - [2025-07-01T22:15:28.456+0000] {dag.py:3239} INFO - Sync 1 DAGs
[2025-07-01T22:15:28.483+0000] {logging_mixin.py:190} INFO - [2025-07-01T22:15:28.482+0000] {dag.py:4180} INFO - Setting next_dagrun for extract_raw_data_pipeline to 2025-07-01 07:59:00+00:00, run_after=2025-07-02 07:00:00+00:00
[2025-07-01T22:15:28.511+0000] {processor.py:208} INFO - Processing /opt/airflow/dags/driven_data_pipeline.py took 0.291 seconds
[2025-07-01T22:15:58.817+0000] {processor.py:186} INFO - Started process (PID=1145) to work on /opt/airflow/dags/driven_data_pipeline.py
[2025-07-01T22:15:58.819+0000] {processor.py:914} INFO - Processing file /opt/airflow/dags/driven_data_pipeline.py for tasks to queue
[2025-07-01T22:15:58.826+0000] {logging_mixin.py:190} INFO - [2025-07-01T22:15:58.825+0000] {dagbag.py:588} INFO - Filling up the DagBag from /opt/airflow/dags/driven_data_pipeline.py
[2025-07-01T22:15:59.169+0000] {processor.py:925} INFO - DAG(s) 'extract_raw_data_pipeline' retrieved from /opt/airflow/dags/driven_data_pipeline.py
[2025-07-01T22:15:59.223+0000] {logging_mixin.py:190} INFO - [2025-07-01T22:15:59.222+0000] {dag.py:3239} INFO - Sync 1 DAGs
[2025-07-01T22:15:59.255+0000] {logging_mixin.py:190} INFO - [2025-07-01T22:15:59.255+0000] {dag.py:4180} INFO - Setting next_dagrun for extract_raw_data_pipeline to 2025-07-01 07:59:00+00:00, run_after=2025-07-02 07:00:00+00:00
[2025-07-01T22:15:59.286+0000] {processor.py:208} INFO - Processing /opt/airflow/dags/driven_data_pipeline.py took 0.480 seconds
[2025-07-01T22:16:29.534+0000] {processor.py:186} INFO - Started process (PID=1153) to work on /opt/airflow/dags/driven_data_pipeline.py
[2025-07-01T22:16:29.535+0000] {processor.py:914} INFO - Processing file /opt/airflow/dags/driven_data_pipeline.py for tasks to queue
[2025-07-01T22:16:29.539+0000] {logging_mixin.py:190} INFO - [2025-07-01T22:16:29.538+0000] {dagbag.py:588} INFO - Filling up the DagBag from /opt/airflow/dags/driven_data_pipeline.py
[2025-07-01T22:16:29.748+0000] {processor.py:925} INFO - DAG(s) 'extract_raw_data_pipeline' retrieved from /opt/airflow/dags/driven_data_pipeline.py
[2025-07-01T22:16:29.781+0000] {logging_mixin.py:190} INFO - [2025-07-01T22:16:29.781+0000] {dag.py:3239} INFO - Sync 1 DAGs
[2025-07-01T22:16:29.808+0000] {logging_mixin.py:190} INFO - [2025-07-01T22:16:29.807+0000] {dag.py:4180} INFO - Setting next_dagrun for extract_raw_data_pipeline to 2025-07-01 07:59:00+00:00, run_after=2025-07-02 07:00:00+00:00
[2025-07-01T22:16:29.837+0000] {processor.py:208} INFO - Processing /opt/airflow/dags/driven_data_pipeline.py took 0.312 seconds
[2025-07-01T22:17:00.090+0000] {processor.py:186} INFO - Started process (PID=1161) to work on /opt/airflow/dags/driven_data_pipeline.py
[2025-07-01T22:17:00.091+0000] {processor.py:914} INFO - Processing file /opt/airflow/dags/driven_data_pipeline.py for tasks to queue
[2025-07-01T22:17:00.095+0000] {logging_mixin.py:190} INFO - [2025-07-01T22:17:00.094+0000] {dagbag.py:588} INFO - Filling up the DagBag from /opt/airflow/dags/driven_data_pipeline.py
[2025-07-01T22:17:00.336+0000] {processor.py:925} INFO - DAG(s) 'extract_raw_data_pipeline' retrieved from /opt/airflow/dags/driven_data_pipeline.py
[2025-07-01T22:17:00.370+0000] {logging_mixin.py:190} INFO - [2025-07-01T22:17:00.370+0000] {dag.py:3239} INFO - Sync 1 DAGs
[2025-07-01T22:17:00.401+0000] {logging_mixin.py:190} INFO - [2025-07-01T22:17:00.401+0000] {dag.py:4180} INFO - Setting next_dagrun for extract_raw_data_pipeline to 2025-07-01 07:59:00+00:00, run_after=2025-07-02 07:00:00+00:00
[2025-07-01T22:17:00.430+0000] {processor.py:208} INFO - Processing /opt/airflow/dags/driven_data_pipeline.py took 0.349 seconds
[2025-07-01T22:17:30.706+0000] {processor.py:186} INFO - Started process (PID=1169) to work on /opt/airflow/dags/driven_data_pipeline.py
[2025-07-01T22:17:30.707+0000] {processor.py:914} INFO - Processing file /opt/airflow/dags/driven_data_pipeline.py for tasks to queue
[2025-07-01T22:17:30.710+0000] {logging_mixin.py:190} INFO - [2025-07-01T22:17:30.710+0000] {dagbag.py:588} INFO - Filling up the DagBag from /opt/airflow/dags/driven_data_pipeline.py
[2025-07-01T22:17:30.915+0000] {processor.py:925} INFO - DAG(s) 'extract_raw_data_pipeline' retrieved from /opt/airflow/dags/driven_data_pipeline.py
[2025-07-01T22:17:30.956+0000] {logging_mixin.py:190} INFO - [2025-07-01T22:17:30.956+0000] {dag.py:3239} INFO - Sync 1 DAGs
[2025-07-01T22:17:30.988+0000] {logging_mixin.py:190} INFO - [2025-07-01T22:17:30.988+0000] {dag.py:4180} INFO - Setting next_dagrun for extract_raw_data_pipeline to 2025-07-01 07:59:00+00:00, run_after=2025-07-02 07:00:00+00:00
[2025-07-01T22:17:31.018+0000] {processor.py:208} INFO - Processing /opt/airflow/dags/driven_data_pipeline.py took 0.321 seconds
[2025-07-01T22:18:01.471+0000] {processor.py:186} INFO - Started process (PID=1177) to work on /opt/airflow/dags/driven_data_pipeline.py
[2025-07-01T22:18:01.477+0000] {processor.py:914} INFO - Processing file /opt/airflow/dags/driven_data_pipeline.py for tasks to queue
[2025-07-01T22:18:01.497+0000] {logging_mixin.py:190} INFO - [2025-07-01T22:18:01.496+0000] {dagbag.py:588} INFO - Filling up the DagBag from /opt/airflow/dags/driven_data_pipeline.py
[2025-07-01T22:18:02.659+0000] {processor.py:925} INFO - DAG(s) 'extract_raw_data_pipeline' retrieved from /opt/airflow/dags/driven_data_pipeline.py
[2025-07-01T22:18:02.781+0000] {logging_mixin.py:190} INFO - [2025-07-01T22:18:02.781+0000] {dag.py:3239} INFO - Sync 1 DAGs
[2025-07-01T22:18:02.872+0000] {logging_mixin.py:190} INFO - [2025-07-01T22:18:02.871+0000] {dag.py:4180} INFO - Setting next_dagrun for extract_raw_data_pipeline to 2025-07-01 07:59:00+00:00, run_after=2025-07-02 07:00:00+00:00
[2025-07-01T22:18:02.935+0000] {processor.py:208} INFO - Processing /opt/airflow/dags/driven_data_pipeline.py took 1.496 seconds
[2025-07-01T22:18:33.279+0000] {processor.py:186} INFO - Started process (PID=1186) to work on /opt/airflow/dags/driven_data_pipeline.py
[2025-07-01T22:18:33.280+0000] {processor.py:914} INFO - Processing file /opt/airflow/dags/driven_data_pipeline.py for tasks to queue
[2025-07-01T22:18:33.285+0000] {logging_mixin.py:190} INFO - [2025-07-01T22:18:33.284+0000] {dagbag.py:588} INFO - Filling up the DagBag from /opt/airflow/dags/driven_data_pipeline.py
[2025-07-01T22:18:33.533+0000] {processor.py:925} INFO - DAG(s) 'extract_raw_data_pipeline' retrieved from /opt/airflow/dags/driven_data_pipeline.py
[2025-07-01T22:18:33.576+0000] {logging_mixin.py:190} INFO - [2025-07-01T22:18:33.576+0000] {dag.py:3239} INFO - Sync 1 DAGs
[2025-07-01T22:18:33.612+0000] {logging_mixin.py:190} INFO - [2025-07-01T22:18:33.611+0000] {dag.py:4180} INFO - Setting next_dagrun for extract_raw_data_pipeline to 2025-07-01 07:59:00+00:00, run_after=2025-07-02 07:00:00+00:00
[2025-07-01T22:18:33.642+0000] {processor.py:208} INFO - Processing /opt/airflow/dags/driven_data_pipeline.py took 0.374 seconds
[2025-07-01T22:19:03.895+0000] {processor.py:186} INFO - Started process (PID=1194) to work on /opt/airflow/dags/driven_data_pipeline.py
[2025-07-01T22:19:03.897+0000] {processor.py:914} INFO - Processing file /opt/airflow/dags/driven_data_pipeline.py for tasks to queue
[2025-07-01T22:19:03.900+0000] {logging_mixin.py:190} INFO - [2025-07-01T22:19:03.900+0000] {dagbag.py:588} INFO - Filling up the DagBag from /opt/airflow/dags/driven_data_pipeline.py
[2025-07-01T22:19:04.172+0000] {processor.py:925} INFO - DAG(s) 'extract_raw_data_pipeline' retrieved from /opt/airflow/dags/driven_data_pipeline.py
[2025-07-01T22:19:04.206+0000] {logging_mixin.py:190} INFO - [2025-07-01T22:19:04.206+0000] {dag.py:3239} INFO - Sync 1 DAGs
[2025-07-01T22:19:04.236+0000] {logging_mixin.py:190} INFO - [2025-07-01T22:19:04.236+0000] {dag.py:4180} INFO - Setting next_dagrun for extract_raw_data_pipeline to 2025-07-01 07:59:00+00:00, run_after=2025-07-02 07:00:00+00:00
[2025-07-01T22:19:04.262+0000] {processor.py:208} INFO - Processing /opt/airflow/dags/driven_data_pipeline.py took 0.377 seconds
[2025-07-01T22:19:34.469+0000] {processor.py:186} INFO - Started process (PID=1202) to work on /opt/airflow/dags/driven_data_pipeline.py
[2025-07-01T22:19:34.470+0000] {processor.py:914} INFO - Processing file /opt/airflow/dags/driven_data_pipeline.py for tasks to queue
[2025-07-01T22:19:34.473+0000] {logging_mixin.py:190} INFO - [2025-07-01T22:19:34.472+0000] {dagbag.py:588} INFO - Filling up the DagBag from /opt/airflow/dags/driven_data_pipeline.py
[2025-07-01T22:19:34.701+0000] {processor.py:925} INFO - DAG(s) 'extract_raw_data_pipeline' retrieved from /opt/airflow/dags/driven_data_pipeline.py
[2025-07-01T22:19:34.727+0000] {logging_mixin.py:190} INFO - [2025-07-01T22:19:34.727+0000] {dag.py:3239} INFO - Sync 1 DAGs
[2025-07-01T22:19:34.753+0000] {logging_mixin.py:190} INFO - [2025-07-01T22:19:34.753+0000] {dag.py:4180} INFO - Setting next_dagrun for extract_raw_data_pipeline to 2025-07-01 07:59:00+00:00, run_after=2025-07-02 07:00:00+00:00
[2025-07-01T22:19:34.781+0000] {processor.py:208} INFO - Processing /opt/airflow/dags/driven_data_pipeline.py took 0.320 seconds
[2025-07-01T22:20:05.054+0000] {processor.py:186} INFO - Started process (PID=1210) to work on /opt/airflow/dags/driven_data_pipeline.py
[2025-07-01T22:20:05.056+0000] {processor.py:914} INFO - Processing file /opt/airflow/dags/driven_data_pipeline.py for tasks to queue
[2025-07-01T22:20:05.059+0000] {logging_mixin.py:190} INFO - [2025-07-01T22:20:05.059+0000] {dagbag.py:588} INFO - Filling up the DagBag from /opt/airflow/dags/driven_data_pipeline.py
[2025-07-01T22:20:05.289+0000] {processor.py:925} INFO - DAG(s) 'extract_raw_data_pipeline' retrieved from /opt/airflow/dags/driven_data_pipeline.py
[2025-07-01T22:20:05.333+0000] {logging_mixin.py:190} INFO - [2025-07-01T22:20:05.332+0000] {dag.py:3239} INFO - Sync 1 DAGs
[2025-07-01T22:20:05.374+0000] {logging_mixin.py:190} INFO - [2025-07-01T22:20:05.373+0000] {dag.py:4180} INFO - Setting next_dagrun for extract_raw_data_pipeline to 2025-07-01 07:59:00+00:00, run_after=2025-07-02 07:00:00+00:00
[2025-07-01T22:20:05.403+0000] {processor.py:208} INFO - Processing /opt/airflow/dags/driven_data_pipeline.py took 0.357 seconds
[2025-07-01T22:20:35.629+0000] {processor.py:186} INFO - Started process (PID=1219) to work on /opt/airflow/dags/driven_data_pipeline.py
[2025-07-01T22:20:35.631+0000] {processor.py:914} INFO - Processing file /opt/airflow/dags/driven_data_pipeline.py for tasks to queue
[2025-07-01T22:20:35.634+0000] {logging_mixin.py:190} INFO - [2025-07-01T22:20:35.634+0000] {dagbag.py:588} INFO - Filling up the DagBag from /opt/airflow/dags/driven_data_pipeline.py
[2025-07-01T22:20:35.842+0000] {processor.py:925} INFO - DAG(s) 'extract_raw_data_pipeline' retrieved from /opt/airflow/dags/driven_data_pipeline.py
[2025-07-01T22:20:35.874+0000] {logging_mixin.py:190} INFO - [2025-07-01T22:20:35.874+0000] {dag.py:3239} INFO - Sync 1 DAGs
[2025-07-01T22:20:35.905+0000] {logging_mixin.py:190} INFO - [2025-07-01T22:20:35.904+0000] {dag.py:4180} INFO - Setting next_dagrun for extract_raw_data_pipeline to 2025-07-01 07:59:00+00:00, run_after=2025-07-02 07:00:00+00:00
[2025-07-01T22:20:35.929+0000] {processor.py:208} INFO - Processing /opt/airflow/dags/driven_data_pipeline.py took 0.308 seconds
[2025-07-01T22:21:06.188+0000] {processor.py:186} INFO - Started process (PID=1227) to work on /opt/airflow/dags/driven_data_pipeline.py
[2025-07-01T22:21:06.189+0000] {processor.py:914} INFO - Processing file /opt/airflow/dags/driven_data_pipeline.py for tasks to queue
[2025-07-01T22:21:06.193+0000] {logging_mixin.py:190} INFO - [2025-07-01T22:21:06.192+0000] {dagbag.py:588} INFO - Filling up the DagBag from /opt/airflow/dags/driven_data_pipeline.py
[2025-07-01T22:21:06.405+0000] {processor.py:925} INFO - DAG(s) 'extract_raw_data_pipeline' retrieved from /opt/airflow/dags/driven_data_pipeline.py
[2025-07-01T22:21:06.432+0000] {logging_mixin.py:190} INFO - [2025-07-01T22:21:06.432+0000] {dag.py:3239} INFO - Sync 1 DAGs
[2025-07-01T22:21:06.466+0000] {logging_mixin.py:190} INFO - [2025-07-01T22:21:06.465+0000] {dag.py:4180} INFO - Setting next_dagrun for extract_raw_data_pipeline to 2025-07-01 07:59:00+00:00, run_after=2025-07-02 07:00:00+00:00
[2025-07-01T22:21:06.490+0000] {processor.py:208} INFO - Processing /opt/airflow/dags/driven_data_pipeline.py took 0.311 seconds
[2025-07-01T22:21:36.609+0000] {processor.py:186} INFO - Started process (PID=1235) to work on /opt/airflow/dags/driven_data_pipeline.py
[2025-07-01T22:21:36.610+0000] {processor.py:914} INFO - Processing file /opt/airflow/dags/driven_data_pipeline.py for tasks to queue
[2025-07-01T22:21:36.614+0000] {logging_mixin.py:190} INFO - [2025-07-01T22:21:36.614+0000] {dagbag.py:588} INFO - Filling up the DagBag from /opt/airflow/dags/driven_data_pipeline.py
[2025-07-01T22:21:36.874+0000] {processor.py:925} INFO - DAG(s) 'extract_raw_data_pipeline' retrieved from /opt/airflow/dags/driven_data_pipeline.py
[2025-07-01T22:21:36.904+0000] {logging_mixin.py:190} INFO - [2025-07-01T22:21:36.904+0000] {dag.py:3239} INFO - Sync 1 DAGs
[2025-07-01T22:21:36.933+0000] {logging_mixin.py:190} INFO - [2025-07-01T22:21:36.932+0000] {dag.py:4180} INFO - Setting next_dagrun for extract_raw_data_pipeline to 2025-07-01 07:59:00+00:00, run_after=2025-07-02 07:00:00+00:00
[2025-07-01T22:21:36.963+0000] {processor.py:208} INFO - Processing /opt/airflow/dags/driven_data_pipeline.py took 0.365 seconds
[2025-07-01T22:22:07.184+0000] {processor.py:186} INFO - Started process (PID=1243) to work on /opt/airflow/dags/driven_data_pipeline.py
[2025-07-01T22:22:07.185+0000] {processor.py:914} INFO - Processing file /opt/airflow/dags/driven_data_pipeline.py for tasks to queue
[2025-07-01T22:22:07.188+0000] {logging_mixin.py:190} INFO - [2025-07-01T22:22:07.188+0000] {dagbag.py:588} INFO - Filling up the DagBag from /opt/airflow/dags/driven_data_pipeline.py
[2025-07-01T22:22:07.426+0000] {processor.py:925} INFO - DAG(s) 'extract_raw_data_pipeline' retrieved from /opt/airflow/dags/driven_data_pipeline.py
[2025-07-01T22:22:07.476+0000] {logging_mixin.py:190} INFO - [2025-07-01T22:22:07.475+0000] {dag.py:3239} INFO - Sync 1 DAGs
[2025-07-01T22:22:07.516+0000] {logging_mixin.py:190} INFO - [2025-07-01T22:22:07.515+0000] {dag.py:4180} INFO - Setting next_dagrun for extract_raw_data_pipeline to 2025-07-01 07:59:00+00:00, run_after=2025-07-02 07:00:00+00:00
[2025-07-01T22:22:07.549+0000] {processor.py:208} INFO - Processing /opt/airflow/dags/driven_data_pipeline.py took 0.373 seconds
[2025-07-01T22:22:37.818+0000] {processor.py:186} INFO - Started process (PID=1251) to work on /opt/airflow/dags/driven_data_pipeline.py
[2025-07-01T22:22:37.819+0000] {processor.py:914} INFO - Processing file /opt/airflow/dags/driven_data_pipeline.py for tasks to queue
[2025-07-01T22:22:37.823+0000] {logging_mixin.py:190} INFO - [2025-07-01T22:22:37.822+0000] {dagbag.py:588} INFO - Filling up the DagBag from /opt/airflow/dags/driven_data_pipeline.py
[2025-07-01T22:22:38.029+0000] {processor.py:925} INFO - DAG(s) 'extract_raw_data_pipeline' retrieved from /opt/airflow/dags/driven_data_pipeline.py
[2025-07-01T22:22:38.068+0000] {logging_mixin.py:190} INFO - [2025-07-01T22:22:38.067+0000] {dag.py:3239} INFO - Sync 1 DAGs
[2025-07-01T22:22:38.095+0000] {logging_mixin.py:190} INFO - [2025-07-01T22:22:38.095+0000] {dag.py:4180} INFO - Setting next_dagrun for extract_raw_data_pipeline to 2025-07-01 07:59:00+00:00, run_after=2025-07-02 07:00:00+00:00
[2025-07-01T22:22:38.119+0000] {processor.py:208} INFO - Processing /opt/airflow/dags/driven_data_pipeline.py took 0.309 seconds
[2025-07-01T22:23:08.372+0000] {processor.py:186} INFO - Started process (PID=1259) to work on /opt/airflow/dags/driven_data_pipeline.py
[2025-07-01T22:23:08.375+0000] {processor.py:914} INFO - Processing file /opt/airflow/dags/driven_data_pipeline.py for tasks to queue
[2025-07-01T22:23:08.380+0000] {logging_mixin.py:190} INFO - [2025-07-01T22:23:08.379+0000] {dagbag.py:588} INFO - Filling up the DagBag from /opt/airflow/dags/driven_data_pipeline.py
[2025-07-01T22:23:08.634+0000] {processor.py:925} INFO - DAG(s) 'extract_raw_data_pipeline' retrieved from /opt/airflow/dags/driven_data_pipeline.py
[2025-07-01T22:23:08.675+0000] {logging_mixin.py:190} INFO - [2025-07-01T22:23:08.674+0000] {dag.py:3239} INFO - Sync 1 DAGs
[2025-07-01T22:23:08.712+0000] {logging_mixin.py:190} INFO - [2025-07-01T22:23:08.712+0000] {dag.py:4180} INFO - Setting next_dagrun for extract_raw_data_pipeline to 2025-07-01 07:59:00+00:00, run_after=2025-07-02 07:00:00+00:00
[2025-07-01T22:23:08.742+0000] {processor.py:208} INFO - Processing /opt/airflow/dags/driven_data_pipeline.py took 0.380 seconds
[2025-07-01T22:23:39.044+0000] {processor.py:186} INFO - Started process (PID=1267) to work on /opt/airflow/dags/driven_data_pipeline.py
[2025-07-01T22:23:39.046+0000] {processor.py:914} INFO - Processing file /opt/airflow/dags/driven_data_pipeline.py for tasks to queue
[2025-07-01T22:23:39.050+0000] {logging_mixin.py:190} INFO - [2025-07-01T22:23:39.050+0000] {dagbag.py:588} INFO - Filling up the DagBag from /opt/airflow/dags/driven_data_pipeline.py
[2025-07-01T22:23:39.267+0000] {processor.py:925} INFO - DAG(s) 'extract_raw_data_pipeline' retrieved from /opt/airflow/dags/driven_data_pipeline.py
[2025-07-01T22:23:39.297+0000] {logging_mixin.py:190} INFO - [2025-07-01T22:23:39.296+0000] {dag.py:3239} INFO - Sync 1 DAGs
[2025-07-01T22:23:39.324+0000] {logging_mixin.py:190} INFO - [2025-07-01T22:23:39.324+0000] {dag.py:4180} INFO - Setting next_dagrun for extract_raw_data_pipeline to 2025-07-01 07:59:00+00:00, run_after=2025-07-02 07:00:00+00:00
[2025-07-01T22:23:39.352+0000] {processor.py:208} INFO - Processing /opt/airflow/dags/driven_data_pipeline.py took 0.318 seconds
[2025-07-01T22:24:09.553+0000] {processor.py:186} INFO - Started process (PID=1276) to work on /opt/airflow/dags/driven_data_pipeline.py
[2025-07-01T22:24:09.556+0000] {processor.py:914} INFO - Processing file /opt/airflow/dags/driven_data_pipeline.py for tasks to queue
[2025-07-01T22:24:09.562+0000] {logging_mixin.py:190} INFO - [2025-07-01T22:24:09.561+0000] {dagbag.py:588} INFO - Filling up the DagBag from /opt/airflow/dags/driven_data_pipeline.py
[2025-07-01T22:24:09.967+0000] {processor.py:925} INFO - DAG(s) 'extract_raw_data_pipeline' retrieved from /opt/airflow/dags/driven_data_pipeline.py
[2025-07-01T22:24:10.125+0000] {logging_mixin.py:190} INFO - [2025-07-01T22:24:10.124+0000] {dag.py:3239} INFO - Sync 1 DAGs
[2025-07-01T22:24:10.270+0000] {logging_mixin.py:190} INFO - [2025-07-01T22:24:10.269+0000] {dag.py:4180} INFO - Setting next_dagrun for extract_raw_data_pipeline to 2025-07-01 07:59:00+00:00, run_after=2025-07-02 07:00:00+00:00
[2025-07-01T22:24:10.367+0000] {processor.py:208} INFO - Processing /opt/airflow/dags/driven_data_pipeline.py took 0.829 seconds
[2025-07-01T22:24:40.453+0000] {processor.py:186} INFO - Started process (PID=1284) to work on /opt/airflow/dags/driven_data_pipeline.py
[2025-07-01T22:24:40.456+0000] {processor.py:914} INFO - Processing file /opt/airflow/dags/driven_data_pipeline.py for tasks to queue
[2025-07-01T22:24:40.464+0000] {logging_mixin.py:190} INFO - [2025-07-01T22:24:40.462+0000] {dagbag.py:588} INFO - Filling up the DagBag from /opt/airflow/dags/driven_data_pipeline.py
[2025-07-01T22:24:40.835+0000] {processor.py:925} INFO - DAG(s) 'extract_raw_data_pipeline' retrieved from /opt/airflow/dags/driven_data_pipeline.py
[2025-07-01T22:24:40.878+0000] {logging_mixin.py:190} INFO - [2025-07-01T22:24:40.878+0000] {dag.py:3239} INFO - Sync 1 DAGs
[2025-07-01T22:24:40.921+0000] {logging_mixin.py:190} INFO - [2025-07-01T22:24:40.920+0000] {dag.py:4180} INFO - Setting next_dagrun for extract_raw_data_pipeline to 2025-07-01 07:59:00+00:00, run_after=2025-07-02 07:00:00+00:00
[2025-07-01T22:24:40.964+0000] {processor.py:208} INFO - Processing /opt/airflow/dags/driven_data_pipeline.py took 0.523 seconds
[2025-07-01T22:25:11.285+0000] {processor.py:186} INFO - Started process (PID=1293) to work on /opt/airflow/dags/driven_data_pipeline.py
[2025-07-01T22:25:11.287+0000] {processor.py:914} INFO - Processing file /opt/airflow/dags/driven_data_pipeline.py for tasks to queue
[2025-07-01T22:25:11.290+0000] {logging_mixin.py:190} INFO - [2025-07-01T22:25:11.290+0000] {dagbag.py:588} INFO - Filling up the DagBag from /opt/airflow/dags/driven_data_pipeline.py
[2025-07-01T22:25:11.546+0000] {processor.py:925} INFO - DAG(s) 'extract_raw_data_pipeline' retrieved from /opt/airflow/dags/driven_data_pipeline.py
[2025-07-01T22:25:11.586+0000] {logging_mixin.py:190} INFO - [2025-07-01T22:25:11.586+0000] {dag.py:3239} INFO - Sync 1 DAGs
[2025-07-01T22:25:11.636+0000] {logging_mixin.py:190} INFO - [2025-07-01T22:25:11.635+0000] {dag.py:4180} INFO - Setting next_dagrun for extract_raw_data_pipeline to 2025-07-01 07:59:00+00:00, run_after=2025-07-02 07:00:00+00:00
[2025-07-01T22:25:11.669+0000] {processor.py:208} INFO - Processing /opt/airflow/dags/driven_data_pipeline.py took 0.392 seconds
[2025-07-01T22:25:42.171+0000] {processor.py:186} INFO - Started process (PID=1301) to work on /opt/airflow/dags/driven_data_pipeline.py
[2025-07-01T22:25:42.173+0000] {processor.py:914} INFO - Processing file /opt/airflow/dags/driven_data_pipeline.py for tasks to queue
[2025-07-01T22:25:42.177+0000] {logging_mixin.py:190} INFO - [2025-07-01T22:25:42.177+0000] {dagbag.py:588} INFO - Filling up the DagBag from /opt/airflow/dags/driven_data_pipeline.py
[2025-07-01T22:25:42.420+0000] {processor.py:925} INFO - DAG(s) 'extract_raw_data_pipeline' retrieved from /opt/airflow/dags/driven_data_pipeline.py
[2025-07-01T22:25:42.463+0000] {logging_mixin.py:190} INFO - [2025-07-01T22:25:42.463+0000] {dag.py:3239} INFO - Sync 1 DAGs
[2025-07-01T22:25:42.496+0000] {logging_mixin.py:190} INFO - [2025-07-01T22:25:42.496+0000] {dag.py:4180} INFO - Setting next_dagrun for extract_raw_data_pipeline to 2025-07-01 07:59:00+00:00, run_after=2025-07-02 07:00:00+00:00
[2025-07-01T22:25:42.523+0000] {processor.py:208} INFO - Processing /opt/airflow/dags/driven_data_pipeline.py took 0.365 seconds
[2025-07-01T22:26:12.912+0000] {processor.py:186} INFO - Started process (PID=1309) to work on /opt/airflow/dags/driven_data_pipeline.py
[2025-07-01T22:26:12.916+0000] {processor.py:914} INFO - Processing file /opt/airflow/dags/driven_data_pipeline.py for tasks to queue
[2025-07-01T22:26:12.930+0000] {logging_mixin.py:190} INFO - [2025-07-01T22:26:12.928+0000] {dagbag.py:588} INFO - Filling up the DagBag from /opt/airflow/dags/driven_data_pipeline.py
[2025-07-01T22:26:13.873+0000] {processor.py:925} INFO - DAG(s) 'extract_raw_data_pipeline' retrieved from /opt/airflow/dags/driven_data_pipeline.py
[2025-07-01T22:26:13.969+0000] {logging_mixin.py:190} INFO - [2025-07-01T22:26:13.968+0000] {dag.py:3239} INFO - Sync 1 DAGs
[2025-07-01T22:26:14.056+0000] {logging_mixin.py:190} INFO - [2025-07-01T22:26:14.056+0000] {dag.py:4180} INFO - Setting next_dagrun for extract_raw_data_pipeline to 2025-07-01 07:59:00+00:00, run_after=2025-07-02 07:00:00+00:00
[2025-07-01T22:26:14.117+0000] {processor.py:208} INFO - Processing /opt/airflow/dags/driven_data_pipeline.py took 1.240 seconds
[2025-07-01T22:26:44.486+0000] {processor.py:186} INFO - Started process (PID=1317) to work on /opt/airflow/dags/driven_data_pipeline.py
[2025-07-01T22:26:44.489+0000] {processor.py:914} INFO - Processing file /opt/airflow/dags/driven_data_pipeline.py for tasks to queue
[2025-07-01T22:26:44.495+0000] {logging_mixin.py:190} INFO - [2025-07-01T22:26:44.494+0000] {dagbag.py:588} INFO - Filling up the DagBag from /opt/airflow/dags/driven_data_pipeline.py
[2025-07-01T22:26:44.841+0000] {processor.py:925} INFO - DAG(s) 'extract_raw_data_pipeline' retrieved from /opt/airflow/dags/driven_data_pipeline.py
[2025-07-01T22:26:44.889+0000] {logging_mixin.py:190} INFO - [2025-07-01T22:26:44.888+0000] {dag.py:3239} INFO - Sync 1 DAGs
[2025-07-01T22:26:44.942+0000] {logging_mixin.py:190} INFO - [2025-07-01T22:26:44.942+0000] {dag.py:4180} INFO - Setting next_dagrun for extract_raw_data_pipeline to 2025-07-01 07:59:00+00:00, run_after=2025-07-02 07:00:00+00:00
[2025-07-01T22:26:44.982+0000] {processor.py:208} INFO - Processing /opt/airflow/dags/driven_data_pipeline.py took 0.511 seconds
[2025-07-01T22:27:15.214+0000] {processor.py:186} INFO - Started process (PID=1325) to work on /opt/airflow/dags/driven_data_pipeline.py
[2025-07-01T22:27:15.215+0000] {processor.py:914} INFO - Processing file /opt/airflow/dags/driven_data_pipeline.py for tasks to queue
[2025-07-01T22:27:15.218+0000] {logging_mixin.py:190} INFO - [2025-07-01T22:27:15.218+0000] {dagbag.py:588} INFO - Filling up the DagBag from /opt/airflow/dags/driven_data_pipeline.py
[2025-07-01T22:27:15.403+0000] {processor.py:925} INFO - DAG(s) 'extract_raw_data_pipeline' retrieved from /opt/airflow/dags/driven_data_pipeline.py
[2025-07-01T22:27:15.432+0000] {logging_mixin.py:190} INFO - [2025-07-01T22:27:15.431+0000] {dag.py:3239} INFO - Sync 1 DAGs
[2025-07-01T22:27:15.457+0000] {logging_mixin.py:190} INFO - [2025-07-01T22:27:15.456+0000] {dag.py:4180} INFO - Setting next_dagrun for extract_raw_data_pipeline to 2025-07-01 07:59:00+00:00, run_after=2025-07-02 07:00:00+00:00
[2025-07-01T22:27:15.482+0000] {processor.py:208} INFO - Processing /opt/airflow/dags/driven_data_pipeline.py took 0.274 seconds
[2025-07-01T22:27:45.721+0000] {processor.py:186} INFO - Started process (PID=1333) to work on /opt/airflow/dags/driven_data_pipeline.py
[2025-07-01T22:27:45.722+0000] {processor.py:914} INFO - Processing file /opt/airflow/dags/driven_data_pipeline.py for tasks to queue
[2025-07-01T22:27:45.725+0000] {logging_mixin.py:190} INFO - [2025-07-01T22:27:45.725+0000] {dagbag.py:588} INFO - Filling up the DagBag from /opt/airflow/dags/driven_data_pipeline.py
[2025-07-01T22:27:45.920+0000] {processor.py:925} INFO - DAG(s) 'extract_raw_data_pipeline' retrieved from /opt/airflow/dags/driven_data_pipeline.py
[2025-07-01T22:27:45.949+0000] {logging_mixin.py:190} INFO - [2025-07-01T22:27:45.949+0000] {dag.py:3239} INFO - Sync 1 DAGs
[2025-07-01T22:27:45.977+0000] {logging_mixin.py:190} INFO - [2025-07-01T22:27:45.976+0000] {dag.py:4180} INFO - Setting next_dagrun for extract_raw_data_pipeline to 2025-07-01 07:59:00+00:00, run_after=2025-07-02 07:00:00+00:00
[2025-07-01T22:27:46.000+0000] {processor.py:208} INFO - Processing /opt/airflow/dags/driven_data_pipeline.py took 0.287 seconds
[2025-07-01T22:28:16.275+0000] {processor.py:186} INFO - Started process (PID=1341) to work on /opt/airflow/dags/driven_data_pipeline.py
[2025-07-01T22:28:16.277+0000] {processor.py:914} INFO - Processing file /opt/airflow/dags/driven_data_pipeline.py for tasks to queue
[2025-07-01T22:28:16.282+0000] {logging_mixin.py:190} INFO - [2025-07-01T22:28:16.281+0000] {dagbag.py:588} INFO - Filling up the DagBag from /opt/airflow/dags/driven_data_pipeline.py
[2025-07-01T22:28:16.479+0000] {processor.py:925} INFO - DAG(s) 'extract_raw_data_pipeline' retrieved from /opt/airflow/dags/driven_data_pipeline.py
[2025-07-01T22:28:16.512+0000] {logging_mixin.py:190} INFO - [2025-07-01T22:28:16.512+0000] {dag.py:3239} INFO - Sync 1 DAGs
[2025-07-01T22:28:16.541+0000] {logging_mixin.py:190} INFO - [2025-07-01T22:28:16.540+0000] {dag.py:4180} INFO - Setting next_dagrun for extract_raw_data_pipeline to 2025-07-01 07:59:00+00:00, run_after=2025-07-02 07:00:00+00:00
[2025-07-01T22:28:16.565+0000] {processor.py:208} INFO - Processing /opt/airflow/dags/driven_data_pipeline.py took 0.303 seconds
[2025-07-01T22:28:46.855+0000] {processor.py:186} INFO - Started process (PID=1349) to work on /opt/airflow/dags/driven_data_pipeline.py
[2025-07-01T22:28:46.856+0000] {processor.py:914} INFO - Processing file /opt/airflow/dags/driven_data_pipeline.py for tasks to queue
[2025-07-01T22:28:46.859+0000] {logging_mixin.py:190} INFO - [2025-07-01T22:28:46.859+0000] {dagbag.py:588} INFO - Filling up the DagBag from /opt/airflow/dags/driven_data_pipeline.py
[2025-07-01T22:28:47.055+0000] {processor.py:925} INFO - DAG(s) 'extract_raw_data_pipeline' retrieved from /opt/airflow/dags/driven_data_pipeline.py
[2025-07-01T22:28:47.087+0000] {logging_mixin.py:190} INFO - [2025-07-01T22:28:47.087+0000] {dag.py:3239} INFO - Sync 1 DAGs
[2025-07-01T22:28:47.116+0000] {logging_mixin.py:190} INFO - [2025-07-01T22:28:47.116+0000] {dag.py:4180} INFO - Setting next_dagrun for extract_raw_data_pipeline to 2025-07-01 07:59:00+00:00, run_after=2025-07-02 07:00:00+00:00
[2025-07-01T22:28:47.141+0000] {processor.py:208} INFO - Processing /opt/airflow/dags/driven_data_pipeline.py took 0.294 seconds
[2025-07-01T22:29:17.351+0000] {processor.py:186} INFO - Started process (PID=1357) to work on /opt/airflow/dags/driven_data_pipeline.py
[2025-07-01T22:29:17.353+0000] {processor.py:914} INFO - Processing file /opt/airflow/dags/driven_data_pipeline.py for tasks to queue
[2025-07-01T22:29:17.356+0000] {logging_mixin.py:190} INFO - [2025-07-01T22:29:17.355+0000] {dagbag.py:588} INFO - Filling up the DagBag from /opt/airflow/dags/driven_data_pipeline.py
[2025-07-01T22:29:17.570+0000] {processor.py:925} INFO - DAG(s) 'extract_raw_data_pipeline' retrieved from /opt/airflow/dags/driven_data_pipeline.py
[2025-07-01T22:29:17.605+0000] {logging_mixin.py:190} INFO - [2025-07-01T22:29:17.605+0000] {dag.py:3239} INFO - Sync 1 DAGs
[2025-07-01T22:29:17.639+0000] {logging_mixin.py:190} INFO - [2025-07-01T22:29:17.639+0000] {dag.py:4180} INFO - Setting next_dagrun for extract_raw_data_pipeline to 2025-07-01 07:59:00+00:00, run_after=2025-07-02 07:00:00+00:00
[2025-07-01T22:29:17.663+0000] {processor.py:208} INFO - Processing /opt/airflow/dags/driven_data_pipeline.py took 0.319 seconds
[2025-07-01T22:29:47.899+0000] {processor.py:186} INFO - Started process (PID=1365) to work on /opt/airflow/dags/driven_data_pipeline.py
[2025-07-01T22:29:47.900+0000] {processor.py:914} INFO - Processing file /opt/airflow/dags/driven_data_pipeline.py for tasks to queue
[2025-07-01T22:29:47.903+0000] {logging_mixin.py:190} INFO - [2025-07-01T22:29:47.903+0000] {dagbag.py:588} INFO - Filling up the DagBag from /opt/airflow/dags/driven_data_pipeline.py
[2025-07-01T22:29:48.098+0000] {processor.py:925} INFO - DAG(s) 'extract_raw_data_pipeline' retrieved from /opt/airflow/dags/driven_data_pipeline.py
[2025-07-01T22:29:48.125+0000] {logging_mixin.py:190} INFO - [2025-07-01T22:29:48.124+0000] {dag.py:3239} INFO - Sync 1 DAGs
[2025-07-01T22:29:48.153+0000] {logging_mixin.py:190} INFO - [2025-07-01T22:29:48.152+0000] {dag.py:4180} INFO - Setting next_dagrun for extract_raw_data_pipeline to 2025-07-01 07:59:00+00:00, run_after=2025-07-02 07:00:00+00:00
[2025-07-01T22:29:48.183+0000] {processor.py:208} INFO - Processing /opt/airflow/dags/driven_data_pipeline.py took 0.292 seconds
[2025-07-01T22:30:18.422+0000] {processor.py:186} INFO - Started process (PID=1373) to work on /opt/airflow/dags/driven_data_pipeline.py
[2025-07-01T22:30:18.424+0000] {processor.py:914} INFO - Processing file /opt/airflow/dags/driven_data_pipeline.py for tasks to queue
[2025-07-01T22:30:18.428+0000] {logging_mixin.py:190} INFO - [2025-07-01T22:30:18.427+0000] {dagbag.py:588} INFO - Filling up the DagBag from /opt/airflow/dags/driven_data_pipeline.py
[2025-07-01T22:30:18.632+0000] {processor.py:925} INFO - DAG(s) 'extract_raw_data_pipeline' retrieved from /opt/airflow/dags/driven_data_pipeline.py
[2025-07-01T22:30:18.665+0000] {logging_mixin.py:190} INFO - [2025-07-01T22:30:18.665+0000] {dag.py:3239} INFO - Sync 1 DAGs
[2025-07-01T22:30:18.692+0000] {logging_mixin.py:190} INFO - [2025-07-01T22:30:18.692+0000] {dag.py:4180} INFO - Setting next_dagrun for extract_raw_data_pipeline to 2025-07-01 07:59:00+00:00, run_after=2025-07-02 07:00:00+00:00
[2025-07-01T22:30:18.713+0000] {processor.py:208} INFO - Processing /opt/airflow/dags/driven_data_pipeline.py took 0.299 seconds
[2025-07-01T22:30:50.859+0000] {processor.py:186} INFO - Started process (PID=1385) to work on /opt/airflow/dags/driven_data_pipeline.py
[2025-07-01T22:30:50.861+0000] {processor.py:914} INFO - Processing file /opt/airflow/dags/driven_data_pipeline.py for tasks to queue
[2025-07-01T22:30:50.865+0000] {logging_mixin.py:190} INFO - [2025-07-01T22:30:50.865+0000] {dagbag.py:588} INFO - Filling up the DagBag from /opt/airflow/dags/driven_data_pipeline.py
[2025-07-01T22:30:53.155+0000] {processor.py:925} INFO - DAG(s) 'extract_raw_data_pipeline' retrieved from /opt/airflow/dags/driven_data_pipeline.py
[2025-07-01T22:30:53.266+0000] {logging_mixin.py:190} INFO - [2025-07-01T22:30:53.265+0000] {dag.py:3239} INFO - Sync 1 DAGs
[2025-07-01T22:30:53.356+0000] {logging_mixin.py:190} INFO - [2025-07-01T22:30:53.356+0000] {dag.py:4180} INFO - Setting next_dagrun for extract_raw_data_pipeline to 2025-07-01 07:59:00+00:00, run_after=2025-07-02 07:00:00+00:00
[2025-07-01T22:30:53.446+0000] {processor.py:208} INFO - Processing /opt/airflow/dags/driven_data_pipeline.py took 2.597 seconds
[2025-07-01T22:31:23.827+0000] {processor.py:186} INFO - Started process (PID=1393) to work on /opt/airflow/dags/driven_data_pipeline.py
[2025-07-01T22:31:23.829+0000] {processor.py:914} INFO - Processing file /opt/airflow/dags/driven_data_pipeline.py for tasks to queue
[2025-07-01T22:31:23.835+0000] {logging_mixin.py:190} INFO - [2025-07-01T22:31:23.834+0000] {dagbag.py:588} INFO - Filling up the DagBag from /opt/airflow/dags/driven_data_pipeline.py
[2025-07-01T22:31:24.143+0000] {processor.py:925} INFO - DAG(s) 'extract_raw_data_pipeline' retrieved from /opt/airflow/dags/driven_data_pipeline.py
[2025-07-01T22:31:24.184+0000] {logging_mixin.py:190} INFO - [2025-07-01T22:31:24.184+0000] {dag.py:3239} INFO - Sync 1 DAGs
[2025-07-01T22:31:24.222+0000] {logging_mixin.py:190} INFO - [2025-07-01T22:31:24.221+0000] {dag.py:4180} INFO - Setting next_dagrun for extract_raw_data_pipeline to 2025-07-01 07:59:00+00:00, run_after=2025-07-02 07:00:00+00:00
[2025-07-01T22:31:24.257+0000] {processor.py:208} INFO - Processing /opt/airflow/dags/driven_data_pipeline.py took 0.441 seconds
[2025-07-01T22:31:54.547+0000] {processor.py:186} INFO - Started process (PID=1402) to work on /opt/airflow/dags/driven_data_pipeline.py
[2025-07-01T22:31:54.548+0000] {processor.py:914} INFO - Processing file /opt/airflow/dags/driven_data_pipeline.py for tasks to queue
[2025-07-01T22:31:54.551+0000] {logging_mixin.py:190} INFO - [2025-07-01T22:31:54.550+0000] {dagbag.py:588} INFO - Filling up the DagBag from /opt/airflow/dags/driven_data_pipeline.py
[2025-07-01T22:31:54.746+0000] {processor.py:925} INFO - DAG(s) 'extract_raw_data_pipeline' retrieved from /opt/airflow/dags/driven_data_pipeline.py
[2025-07-01T22:31:54.775+0000] {logging_mixin.py:190} INFO - [2025-07-01T22:31:54.775+0000] {dag.py:3239} INFO - Sync 1 DAGs
[2025-07-01T22:31:54.805+0000] {logging_mixin.py:190} INFO - [2025-07-01T22:31:54.805+0000] {dag.py:4180} INFO - Setting next_dagrun for extract_raw_data_pipeline to 2025-07-01 07:59:00+00:00, run_after=2025-07-02 07:00:00+00:00
[2025-07-01T22:31:54.831+0000] {processor.py:208} INFO - Processing /opt/airflow/dags/driven_data_pipeline.py took 0.292 seconds
[2025-07-01T22:32:25.034+0000] {processor.py:186} INFO - Started process (PID=1410) to work on /opt/airflow/dags/driven_data_pipeline.py
[2025-07-01T22:32:25.038+0000] {processor.py:914} INFO - Processing file /opt/airflow/dags/driven_data_pipeline.py for tasks to queue
[2025-07-01T22:32:25.049+0000] {logging_mixin.py:190} INFO - [2025-07-01T22:32:25.048+0000] {dagbag.py:588} INFO - Filling up the DagBag from /opt/airflow/dags/driven_data_pipeline.py
[2025-07-01T22:32:25.830+0000] {processor.py:925} INFO - DAG(s) 'extract_raw_data_pipeline' retrieved from /opt/airflow/dags/driven_data_pipeline.py
[2025-07-01T22:32:25.950+0000] {logging_mixin.py:190} INFO - [2025-07-01T22:32:25.949+0000] {dag.py:3239} INFO - Sync 1 DAGs
[2025-07-01T22:32:26.037+0000] {logging_mixin.py:190} INFO - [2025-07-01T22:32:26.036+0000] {dag.py:4180} INFO - Setting next_dagrun for extract_raw_data_pipeline to 2025-07-01 07:59:00+00:00, run_after=2025-07-02 07:00:00+00:00
[2025-07-01T22:32:26.121+0000] {processor.py:208} INFO - Processing /opt/airflow/dags/driven_data_pipeline.py took 1.144 seconds
[2025-07-01T22:32:56.528+0000] {processor.py:186} INFO - Started process (PID=1419) to work on /opt/airflow/dags/driven_data_pipeline.py
[2025-07-01T22:32:56.529+0000] {processor.py:914} INFO - Processing file /opt/airflow/dags/driven_data_pipeline.py for tasks to queue
[2025-07-01T22:32:56.532+0000] {logging_mixin.py:190} INFO - [2025-07-01T22:32:56.532+0000] {dagbag.py:588} INFO - Filling up the DagBag from /opt/airflow/dags/driven_data_pipeline.py
[2025-07-01T22:32:56.753+0000] {processor.py:925} INFO - DAG(s) 'extract_raw_data_pipeline' retrieved from /opt/airflow/dags/driven_data_pipeline.py
[2025-07-01T22:32:56.791+0000] {logging_mixin.py:190} INFO - [2025-07-01T22:32:56.791+0000] {dag.py:3239} INFO - Sync 1 DAGs
[2025-07-01T22:32:56.822+0000] {logging_mixin.py:190} INFO - [2025-07-01T22:32:56.822+0000] {dag.py:4180} INFO - Setting next_dagrun for extract_raw_data_pipeline to 2025-07-01 07:59:00+00:00, run_after=2025-07-02 07:00:00+00:00
[2025-07-01T22:32:56.843+0000] {processor.py:208} INFO - Processing /opt/airflow/dags/driven_data_pipeline.py took 0.324 seconds
[2025-07-01T22:33:27.107+0000] {processor.py:186} INFO - Started process (PID=1427) to work on /opt/airflow/dags/driven_data_pipeline.py
[2025-07-01T22:33:27.109+0000] {processor.py:914} INFO - Processing file /opt/airflow/dags/driven_data_pipeline.py for tasks to queue
[2025-07-01T22:33:27.112+0000] {logging_mixin.py:190} INFO - [2025-07-01T22:33:27.111+0000] {dagbag.py:588} INFO - Filling up the DagBag from /opt/airflow/dags/driven_data_pipeline.py
[2025-07-01T22:33:27.350+0000] {processor.py:925} INFO - DAG(s) 'extract_raw_data_pipeline' retrieved from /opt/airflow/dags/driven_data_pipeline.py
[2025-07-01T22:33:27.378+0000] {logging_mixin.py:190} INFO - [2025-07-01T22:33:27.378+0000] {dag.py:3239} INFO - Sync 1 DAGs
[2025-07-01T22:33:27.411+0000] {logging_mixin.py:190} INFO - [2025-07-01T22:33:27.410+0000] {dag.py:4180} INFO - Setting next_dagrun for extract_raw_data_pipeline to 2025-07-01 07:59:00+00:00, run_after=2025-07-02 07:00:00+00:00
[2025-07-01T22:33:27.436+0000] {processor.py:208} INFO - Processing /opt/airflow/dags/driven_data_pipeline.py took 0.337 seconds
[2025-07-01T22:33:57.632+0000] {processor.py:186} INFO - Started process (PID=1441) to work on /opt/airflow/dags/driven_data_pipeline.py
[2025-07-01T22:33:57.634+0000] {processor.py:914} INFO - Processing file /opt/airflow/dags/driven_data_pipeline.py for tasks to queue
[2025-07-01T22:33:57.637+0000] {logging_mixin.py:190} INFO - [2025-07-01T22:33:57.637+0000] {dagbag.py:588} INFO - Filling up the DagBag from /opt/airflow/dags/driven_data_pipeline.py
[2025-07-01T22:33:57.834+0000] {processor.py:925} INFO - DAG(s) 'extract_raw_data_pipeline' retrieved from /opt/airflow/dags/driven_data_pipeline.py
[2025-07-01T22:33:57.863+0000] {logging_mixin.py:190} INFO - [2025-07-01T22:33:57.863+0000] {dag.py:3239} INFO - Sync 1 DAGs
[2025-07-01T22:33:57.892+0000] {logging_mixin.py:190} INFO - [2025-07-01T22:33:57.891+0000] {dag.py:4180} INFO - Setting next_dagrun for extract_raw_data_pipeline to 2025-07-01 07:59:00+00:00, run_after=2025-07-02 07:00:00+00:00
[2025-07-01T22:33:57.916+0000] {processor.py:208} INFO - Processing /opt/airflow/dags/driven_data_pipeline.py took 0.291 seconds
[2025-07-01T22:34:28.141+0000] {processor.py:186} INFO - Started process (PID=1450) to work on /opt/airflow/dags/driven_data_pipeline.py
[2025-07-01T22:34:28.143+0000] {processor.py:914} INFO - Processing file /opt/airflow/dags/driven_data_pipeline.py for tasks to queue
[2025-07-01T22:34:28.146+0000] {logging_mixin.py:190} INFO - [2025-07-01T22:34:28.146+0000] {dagbag.py:588} INFO - Filling up the DagBag from /opt/airflow/dags/driven_data_pipeline.py
[2025-07-01T22:34:28.345+0000] {processor.py:925} INFO - DAG(s) 'extract_raw_data_pipeline' retrieved from /opt/airflow/dags/driven_data_pipeline.py
[2025-07-01T22:34:28.378+0000] {logging_mixin.py:190} INFO - [2025-07-01T22:34:28.378+0000] {dag.py:3239} INFO - Sync 1 DAGs
[2025-07-01T22:34:28.406+0000] {logging_mixin.py:190} INFO - [2025-07-01T22:34:28.406+0000] {dag.py:4180} INFO - Setting next_dagrun for extract_raw_data_pipeline to 2025-07-01 07:59:00+00:00, run_after=2025-07-02 07:00:00+00:00
[2025-07-01T22:34:28.430+0000] {processor.py:208} INFO - Processing /opt/airflow/dags/driven_data_pipeline.py took 0.296 seconds
[2025-07-01T22:34:58.751+0000] {processor.py:186} INFO - Started process (PID=1458) to work on /opt/airflow/dags/driven_data_pipeline.py
[2025-07-01T22:34:58.754+0000] {processor.py:914} INFO - Processing file /opt/airflow/dags/driven_data_pipeline.py for tasks to queue
[2025-07-01T22:34:58.759+0000] {logging_mixin.py:190} INFO - [2025-07-01T22:34:58.758+0000] {dagbag.py:588} INFO - Filling up the DagBag from /opt/airflow/dags/driven_data_pipeline.py
[2025-07-01T22:34:59.416+0000] {processor.py:925} INFO - DAG(s) 'extract_raw_data_pipeline' retrieved from /opt/airflow/dags/driven_data_pipeline.py
[2025-07-01T22:34:59.585+0000] {logging_mixin.py:190} INFO - [2025-07-01T22:34:59.584+0000] {dag.py:3239} INFO - Sync 1 DAGs
[2025-07-01T22:34:59.695+0000] {logging_mixin.py:190} INFO - [2025-07-01T22:34:59.694+0000] {dag.py:4180} INFO - Setting next_dagrun for extract_raw_data_pipeline to 2025-07-01 07:59:00+00:00, run_after=2025-07-02 07:00:00+00:00
[2025-07-01T22:34:59.739+0000] {processor.py:208} INFO - Processing /opt/airflow/dags/driven_data_pipeline.py took 1.002 seconds
[2025-07-01T22:35:29.988+0000] {processor.py:186} INFO - Started process (PID=1466) to work on /opt/airflow/dags/driven_data_pipeline.py
[2025-07-01T22:35:29.990+0000] {processor.py:914} INFO - Processing file /opt/airflow/dags/driven_data_pipeline.py for tasks to queue
[2025-07-01T22:35:29.996+0000] {logging_mixin.py:190} INFO - [2025-07-01T22:35:29.995+0000] {dagbag.py:588} INFO - Filling up the DagBag from /opt/airflow/dags/driven_data_pipeline.py
[2025-07-01T22:35:30.390+0000] {processor.py:925} INFO - DAG(s) 'extract_raw_data_pipeline' retrieved from /opt/airflow/dags/driven_data_pipeline.py
[2025-07-01T22:35:30.461+0000] {logging_mixin.py:190} INFO - [2025-07-01T22:35:30.460+0000] {dag.py:3239} INFO - Sync 1 DAGs
[2025-07-01T22:35:30.537+0000] {logging_mixin.py:190} INFO - [2025-07-01T22:35:30.537+0000] {dag.py:4180} INFO - Setting next_dagrun for extract_raw_data_pipeline to 2025-07-01 07:59:00+00:00, run_after=2025-07-02 07:00:00+00:00
[2025-07-01T22:35:30.584+0000] {processor.py:208} INFO - Processing /opt/airflow/dags/driven_data_pipeline.py took 0.611 seconds
[2025-07-01T22:35:42.684+0000] {processor.py:186} INFO - Started process (PID=1468) to work on /opt/airflow/dags/driven_data_pipeline.py
[2025-07-01T22:35:42.685+0000] {processor.py:914} INFO - Processing file /opt/airflow/dags/driven_data_pipeline.py for tasks to queue
[2025-07-01T22:35:42.689+0000] {logging_mixin.py:190} INFO - [2025-07-01T22:35:42.688+0000] {dagbag.py:588} INFO - Filling up the DagBag from /opt/airflow/dags/driven_data_pipeline.py
[2025-07-01T22:35:42.912+0000] {processor.py:925} INFO - DAG(s) 'extract_raw_data_pipeline' retrieved from /opt/airflow/dags/driven_data_pipeline.py
[2025-07-01T22:35:43.233+0000] {logging_mixin.py:190} INFO - [2025-07-01T22:35:43.232+0000] {dag.py:3239} INFO - Sync 1 DAGs
[2025-07-01T22:35:43.279+0000] {logging_mixin.py:190} INFO - [2025-07-01T22:35:43.278+0000] {dag.py:4180} INFO - Setting next_dagrun for extract_raw_data_pipeline to 2025-07-01 07:59:00+00:00, run_after=2025-07-02 07:00:00+00:00
[2025-07-01T22:35:43.331+0000] {processor.py:208} INFO - Processing /opt/airflow/dags/driven_data_pipeline.py took 0.655 seconds
[2025-07-01T22:36:13.643+0000] {processor.py:186} INFO - Started process (PID=1481) to work on /opt/airflow/dags/driven_data_pipeline.py
[2025-07-01T22:36:13.645+0000] {processor.py:914} INFO - Processing file /opt/airflow/dags/driven_data_pipeline.py for tasks to queue
[2025-07-01T22:36:13.648+0000] {logging_mixin.py:190} INFO - [2025-07-01T22:36:13.647+0000] {dagbag.py:588} INFO - Filling up the DagBag from /opt/airflow/dags/driven_data_pipeline.py
[2025-07-01T22:36:13.834+0000] {processor.py:925} INFO - DAG(s) 'extract_raw_data_pipeline' retrieved from /opt/airflow/dags/driven_data_pipeline.py
[2025-07-01T22:36:13.864+0000] {logging_mixin.py:190} INFO - [2025-07-01T22:36:13.863+0000] {dag.py:3239} INFO - Sync 1 DAGs
[2025-07-01T22:36:13.892+0000] {logging_mixin.py:190} INFO - [2025-07-01T22:36:13.892+0000] {dag.py:4180} INFO - Setting next_dagrun for extract_raw_data_pipeline to 2025-07-01 07:59:00+00:00, run_after=2025-07-02 07:00:00+00:00
[2025-07-01T22:36:13.914+0000] {processor.py:208} INFO - Processing /opt/airflow/dags/driven_data_pipeline.py took 0.279 seconds
[2025-07-01T22:36:29.863+0000] {processor.py:186} INFO - Started process (PID=1489) to work on /opt/airflow/dags/driven_data_pipeline.py
[2025-07-01T22:36:29.864+0000] {processor.py:914} INFO - Processing file /opt/airflow/dags/driven_data_pipeline.py for tasks to queue
[2025-07-01T22:36:29.867+0000] {logging_mixin.py:190} INFO - [2025-07-01T22:36:29.867+0000] {dagbag.py:588} INFO - Filling up the DagBag from /opt/airflow/dags/driven_data_pipeline.py
[2025-07-01T22:36:30.089+0000] {processor.py:925} INFO - DAG(s) 'extract_raw_data_pipeline' retrieved from /opt/airflow/dags/driven_data_pipeline.py
[2025-07-01T22:36:30.122+0000] {logging_mixin.py:190} INFO - [2025-07-01T22:36:30.122+0000] {dag.py:3239} INFO - Sync 1 DAGs
[2025-07-01T22:36:30.151+0000] {logging_mixin.py:190} INFO - [2025-07-01T22:36:30.151+0000] {dag.py:4180} INFO - Setting next_dagrun for extract_raw_data_pipeline to 2025-07-01 07:59:00+00:00, run_after=2025-07-02 07:00:00+00:00
[2025-07-01T22:36:30.177+0000] {processor.py:208} INFO - Processing /opt/airflow/dags/driven_data_pipeline.py took 0.323 seconds
[2025-07-01T22:41:07.451+0000] {processor.py:186} INFO - Started process (PID=77) to work on /opt/airflow/dags/driven_data_pipeline.py
[2025-07-01T22:41:07.459+0000] {processor.py:914} INFO - Processing file /opt/airflow/dags/driven_data_pipeline.py for tasks to queue
[2025-07-01T22:41:07.478+0000] {logging_mixin.py:190} INFO - [2025-07-01T22:41:07.474+0000] {dagbag.py:588} INFO - Filling up the DagBag from /opt/airflow/dags/driven_data_pipeline.py
[2025-07-01T22:41:15.983+0000] {processor.py:925} INFO - DAG(s) 'extract_raw_data_pipeline' retrieved from /opt/airflow/dags/driven_data_pipeline.py
[2025-07-01T22:41:16.373+0000] {logging_mixin.py:190} INFO - [2025-07-01T22:41:16.371+0000] {dag.py:3239} INFO - Sync 1 DAGs
[2025-07-01T22:41:16.654+0000] {logging_mixin.py:190} INFO - [2025-07-01T22:41:16.650+0000] {dag.py:4180} INFO - Setting next_dagrun for extract_raw_data_pipeline to 2025-07-01 07:59:00+00:00, run_after=2025-07-02 07:00:00+00:00
[2025-07-01T22:41:16.860+0000] {processor.py:208} INFO - Processing /opt/airflow/dags/driven_data_pipeline.py took 9.477 seconds
[2025-07-01T22:41:47.707+0000] {processor.py:186} INFO - Started process (PID=85) to work on /opt/airflow/dags/driven_data_pipeline.py
[2025-07-01T22:41:47.710+0000] {processor.py:914} INFO - Processing file /opt/airflow/dags/driven_data_pipeline.py for tasks to queue
[2025-07-01T22:41:47.732+0000] {logging_mixin.py:190} INFO - [2025-07-01T22:41:47.730+0000] {dagbag.py:588} INFO - Filling up the DagBag from /opt/airflow/dags/driven_data_pipeline.py
[2025-07-01T22:41:50.755+0000] {processor.py:925} INFO - DAG(s) 'extract_raw_data_pipeline' retrieved from /opt/airflow/dags/driven_data_pipeline.py
[2025-07-01T22:41:50.836+0000] {logging_mixin.py:190} INFO - [2025-07-01T22:41:50.836+0000] {dag.py:3239} INFO - Sync 1 DAGs
[2025-07-01T22:41:50.916+0000] {logging_mixin.py:190} INFO - [2025-07-01T22:41:50.915+0000] {dag.py:4180} INFO - Setting next_dagrun for extract_raw_data_pipeline to 2025-07-01 07:59:00+00:00, run_after=2025-07-02 07:00:00+00:00
[2025-07-01T22:41:50.973+0000] {processor.py:208} INFO - Processing /opt/airflow/dags/driven_data_pipeline.py took 3.307 seconds
[2025-07-01T22:42:21.831+0000] {processor.py:186} INFO - Started process (PID=93) to work on /opt/airflow/dags/driven_data_pipeline.py
[2025-07-01T22:42:21.832+0000] {processor.py:914} INFO - Processing file /opt/airflow/dags/driven_data_pipeline.py for tasks to queue
[2025-07-01T22:42:21.836+0000] {logging_mixin.py:190} INFO - [2025-07-01T22:42:21.836+0000] {dagbag.py:588} INFO - Filling up the DagBag from /opt/airflow/dags/driven_data_pipeline.py
[2025-07-01T22:42:45.789+0000] {processor.py:925} INFO - DAG(s) 'extract_raw_data_pipeline' retrieved from /opt/airflow/dags/driven_data_pipeline.py
[2025-07-01T22:42:45.832+0000] {logging_mixin.py:190} INFO - [2025-07-01T22:42:45.831+0000] {dag.py:3239} INFO - Sync 1 DAGs
[2025-07-01T22:42:45.870+0000] {logging_mixin.py:190} INFO - [2025-07-01T22:42:45.870+0000] {dag.py:4180} INFO - Setting next_dagrun for extract_raw_data_pipeline to 2025-07-01 07:59:00+00:00, run_after=2025-07-02 07:00:00+00:00
[2025-07-01T22:42:45.903+0000] {processor.py:208} INFO - Processing /opt/airflow/dags/driven_data_pipeline.py took 24.140 seconds
[2025-07-01T22:43:16.769+0000] {processor.py:186} INFO - Started process (PID=107) to work on /opt/airflow/dags/driven_data_pipeline.py
[2025-07-01T22:43:16.782+0000] {processor.py:914} INFO - Processing file /opt/airflow/dags/driven_data_pipeline.py for tasks to queue
[2025-07-01T22:43:16.830+0000] {logging_mixin.py:190} INFO - [2025-07-01T22:43:16.815+0000] {dagbag.py:588} INFO - Filling up the DagBag from /opt/airflow/dags/driven_data_pipeline.py
[2025-07-01T22:43:20.051+0000] {processor.py:925} INFO - DAG(s) 'extract_raw_data_pipeline' retrieved from /opt/airflow/dags/driven_data_pipeline.py
[2025-07-01T22:43:20.202+0000] {logging_mixin.py:190} INFO - [2025-07-01T22:43:20.201+0000] {dag.py:3239} INFO - Sync 1 DAGs
[2025-07-01T22:43:20.289+0000] {logging_mixin.py:190} INFO - [2025-07-01T22:43:20.289+0000] {dag.py:4180} INFO - Setting next_dagrun for extract_raw_data_pipeline to 2025-07-01 07:59:00+00:00, run_after=2025-07-02 07:00:00+00:00
[2025-07-01T22:43:20.348+0000] {processor.py:208} INFO - Processing /opt/airflow/dags/driven_data_pipeline.py took 3.663 seconds
[2025-07-01T22:43:50.980+0000] {processor.py:186} INFO - Started process (PID=115) to work on /opt/airflow/dags/driven_data_pipeline.py
[2025-07-01T22:43:50.982+0000] {processor.py:914} INFO - Processing file /opt/airflow/dags/driven_data_pipeline.py for tasks to queue
[2025-07-01T22:43:50.989+0000] {logging_mixin.py:190} INFO - [2025-07-01T22:43:50.988+0000] {dagbag.py:588} INFO - Filling up the DagBag from /opt/airflow/dags/driven_data_pipeline.py
[2025-07-01T22:43:51.988+0000] {processor.py:925} INFO - DAG(s) 'extract_raw_data_pipeline' retrieved from /opt/airflow/dags/driven_data_pipeline.py
[2025-07-01T22:43:52.173+0000] {logging_mixin.py:190} INFO - [2025-07-01T22:43:52.172+0000] {dag.py:3239} INFO - Sync 1 DAGs
[2025-07-01T22:43:52.252+0000] {logging_mixin.py:190} INFO - [2025-07-01T22:43:52.251+0000] {dag.py:4180} INFO - Setting next_dagrun for extract_raw_data_pipeline to 2025-07-01 07:59:00+00:00, run_after=2025-07-02 07:00:00+00:00
[2025-07-01T22:43:52.311+0000] {processor.py:208} INFO - Processing /opt/airflow/dags/driven_data_pipeline.py took 1.355 seconds
[2025-07-01T22:44:23.302+0000] {processor.py:186} INFO - Started process (PID=123) to work on /opt/airflow/dags/driven_data_pipeline.py
[2025-07-01T22:44:23.304+0000] {processor.py:914} INFO - Processing file /opt/airflow/dags/driven_data_pipeline.py for tasks to queue
[2025-07-01T22:44:23.309+0000] {logging_mixin.py:190} INFO - [2025-07-01T22:44:23.308+0000] {dagbag.py:588} INFO - Filling up the DagBag from /opt/airflow/dags/driven_data_pipeline.py
[2025-07-01T22:44:24.290+0000] {processor.py:925} INFO - DAG(s) 'extract_raw_data_pipeline' retrieved from /opt/airflow/dags/driven_data_pipeline.py
[2025-07-01T22:44:24.336+0000] {logging_mixin.py:190} INFO - [2025-07-01T22:44:24.336+0000] {dag.py:3239} INFO - Sync 1 DAGs
[2025-07-01T22:44:24.383+0000] {logging_mixin.py:190} INFO - [2025-07-01T22:44:24.382+0000] {dag.py:4180} INFO - Setting next_dagrun for extract_raw_data_pipeline to 2025-07-01 07:59:00+00:00, run_after=2025-07-02 07:00:00+00:00
[2025-07-01T22:44:24.430+0000] {processor.py:208} INFO - Processing /opt/airflow/dags/driven_data_pipeline.py took 1.138 seconds
[2025-07-01T22:45:00.858+0000] {processor.py:186} INFO - Started process (PID=131) to work on /opt/airflow/dags/driven_data_pipeline.py
[2025-07-01T22:45:00.872+0000] {processor.py:914} INFO - Processing file /opt/airflow/dags/driven_data_pipeline.py for tasks to queue
[2025-07-01T22:45:00.903+0000] {logging_mixin.py:190} INFO - [2025-07-01T22:45:00.900+0000] {dagbag.py:588} INFO - Filling up the DagBag from /opt/airflow/dags/driven_data_pipeline.py
[2025-07-01T22:45:09.677+0000] {processor.py:925} INFO - DAG(s) 'extract_raw_data_pipeline' retrieved from /opt/airflow/dags/driven_data_pipeline.py
[2025-07-01T22:45:10.403+0000] {logging_mixin.py:190} INFO - [2025-07-01T22:45:10.385+0000] {dag.py:3239} INFO - Sync 1 DAGs
[2025-07-01T22:45:10.602+0000] {logging_mixin.py:190} INFO - [2025-07-01T22:45:10.601+0000] {dag.py:4180} INFO - Setting next_dagrun for extract_raw_data_pipeline to 2025-07-01 07:59:00+00:00, run_after=2025-07-02 07:00:00+00:00
[2025-07-01T22:45:10.707+0000] {processor.py:208} INFO - Processing /opt/airflow/dags/driven_data_pipeline.py took 10.114 seconds
[2025-07-01T22:45:42.186+0000] {processor.py:186} INFO - Started process (PID=156) to work on /opt/airflow/dags/driven_data_pipeline.py
[2025-07-01T22:45:42.188+0000] {processor.py:914} INFO - Processing file /opt/airflow/dags/driven_data_pipeline.py for tasks to queue
[2025-07-01T22:45:42.199+0000] {logging_mixin.py:190} INFO - [2025-07-01T22:45:42.196+0000] {dagbag.py:588} INFO - Filling up the DagBag from /opt/airflow/dags/driven_data_pipeline.py
[2025-07-01T22:45:51.825+0000] {processor.py:925} INFO - DAG(s) 'extract_raw_data_pipeline' retrieved from /opt/airflow/dags/driven_data_pipeline.py
[2025-07-01T22:45:51.995+0000] {logging_mixin.py:190} INFO - [2025-07-01T22:45:51.994+0000] {dag.py:3239} INFO - Sync 1 DAGs
[2025-07-01T22:45:52.090+0000] {logging_mixin.py:190} INFO - [2025-07-01T22:45:52.090+0000] {dag.py:4180} INFO - Setting next_dagrun for extract_raw_data_pipeline to 2025-07-01 07:59:00+00:00, run_after=2025-07-02 07:00:00+00:00
[2025-07-01T22:45:52.158+0000] {processor.py:208} INFO - Processing /opt/airflow/dags/driven_data_pipeline.py took 10.009 seconds
[2025-07-01T22:46:22.700+0000] {processor.py:186} INFO - Started process (PID=164) to work on /opt/airflow/dags/driven_data_pipeline.py
[2025-07-01T22:46:22.704+0000] {processor.py:914} INFO - Processing file /opt/airflow/dags/driven_data_pipeline.py for tasks to queue
[2025-07-01T22:46:22.714+0000] {logging_mixin.py:190} INFO - [2025-07-01T22:46:22.712+0000] {dagbag.py:588} INFO - Filling up the DagBag from /opt/airflow/dags/driven_data_pipeline.py
[2025-07-01T22:46:24.402+0000] {processor.py:925} INFO - DAG(s) 'extract_raw_data_pipeline' retrieved from /opt/airflow/dags/driven_data_pipeline.py
[2025-07-01T22:46:24.519+0000] {logging_mixin.py:190} INFO - [2025-07-01T22:46:24.517+0000] {dag.py:3239} INFO - Sync 1 DAGs
[2025-07-01T22:46:24.600+0000] {logging_mixin.py:190} INFO - [2025-07-01T22:46:24.600+0000] {dag.py:4180} INFO - Setting next_dagrun for extract_raw_data_pipeline to 2025-07-01 07:59:00+00:00, run_after=2025-07-02 07:00:00+00:00
[2025-07-01T22:46:24.658+0000] {processor.py:208} INFO - Processing /opt/airflow/dags/driven_data_pipeline.py took 1.985 seconds
[2025-07-01T22:46:55.227+0000] {processor.py:186} INFO - Started process (PID=172) to work on /opt/airflow/dags/driven_data_pipeline.py
[2025-07-01T22:46:55.230+0000] {processor.py:914} INFO - Processing file /opt/airflow/dags/driven_data_pipeline.py for tasks to queue
[2025-07-01T22:46:55.238+0000] {logging_mixin.py:190} INFO - [2025-07-01T22:46:55.235+0000] {dagbag.py:588} INFO - Filling up the DagBag from /opt/airflow/dags/driven_data_pipeline.py
[2025-07-01T22:46:56.679+0000] {processor.py:925} INFO - DAG(s) 'extract_raw_data_pipeline' retrieved from /opt/airflow/dags/driven_data_pipeline.py
[2025-07-01T22:46:56.818+0000] {logging_mixin.py:190} INFO - [2025-07-01T22:46:56.817+0000] {dag.py:3239} INFO - Sync 1 DAGs
[2025-07-01T22:46:56.892+0000] {logging_mixin.py:190} INFO - [2025-07-01T22:46:56.892+0000] {dag.py:4180} INFO - Setting next_dagrun for extract_raw_data_pipeline to 2025-07-01 07:59:00+00:00, run_after=2025-07-02 07:00:00+00:00
[2025-07-01T22:46:56.942+0000] {processor.py:208} INFO - Processing /opt/airflow/dags/driven_data_pipeline.py took 1.733 seconds
[2025-07-01T22:47:27.447+0000] {processor.py:186} INFO - Started process (PID=179) to work on /opt/airflow/dags/driven_data_pipeline.py
[2025-07-01T22:47:27.451+0000] {processor.py:914} INFO - Processing file /opt/airflow/dags/driven_data_pipeline.py for tasks to queue
[2025-07-01T22:47:27.459+0000] {logging_mixin.py:190} INFO - [2025-07-01T22:47:27.457+0000] {dagbag.py:588} INFO - Filling up the DagBag from /opt/airflow/dags/driven_data_pipeline.py
[2025-07-01T22:47:28.719+0000] {processor.py:925} INFO - DAG(s) 'extract_raw_data_pipeline' retrieved from /opt/airflow/dags/driven_data_pipeline.py
[2025-07-01T22:47:28.827+0000] {logging_mixin.py:190} INFO - [2025-07-01T22:47:28.827+0000] {dag.py:3239} INFO - Sync 1 DAGs
[2025-07-01T22:47:28.868+0000] {logging_mixin.py:190} INFO - [2025-07-01T22:47:28.867+0000] {dag.py:4180} INFO - Setting next_dagrun for extract_raw_data_pipeline to 2025-07-01 07:59:00+00:00, run_after=2025-07-02 07:00:00+00:00
[2025-07-01T22:47:28.904+0000] {processor.py:208} INFO - Processing /opt/airflow/dags/driven_data_pipeline.py took 1.484 seconds
[2025-07-01T22:47:59.053+0000] {processor.py:186} INFO - Started process (PID=187) to work on /opt/airflow/dags/driven_data_pipeline.py
[2025-07-01T22:47:59.056+0000] {processor.py:914} INFO - Processing file /opt/airflow/dags/driven_data_pipeline.py for tasks to queue
[2025-07-01T22:47:59.060+0000] {logging_mixin.py:190} INFO - [2025-07-01T22:47:59.059+0000] {dagbag.py:588} INFO - Filling up the DagBag from /opt/airflow/dags/driven_data_pipeline.py
[2025-07-01T22:47:59.841+0000] {processor.py:925} INFO - DAG(s) 'extract_raw_data_pipeline' retrieved from /opt/airflow/dags/driven_data_pipeline.py
[2025-07-01T22:47:59.918+0000] {logging_mixin.py:190} INFO - [2025-07-01T22:47:59.918+0000] {dag.py:3239} INFO - Sync 1 DAGs
[2025-07-01T22:47:59.948+0000] {logging_mixin.py:190} INFO - [2025-07-01T22:47:59.947+0000] {dag.py:4180} INFO - Setting next_dagrun for extract_raw_data_pipeline to 2025-07-01 07:59:00+00:00, run_after=2025-07-02 07:00:00+00:00
[2025-07-01T22:47:59.969+0000] {processor.py:208} INFO - Processing /opt/airflow/dags/driven_data_pipeline.py took 0.930 seconds
[2025-07-01T22:48:30.344+0000] {processor.py:186} INFO - Started process (PID=196) to work on /opt/airflow/dags/driven_data_pipeline.py
[2025-07-01T22:48:30.346+0000] {processor.py:914} INFO - Processing file /opt/airflow/dags/driven_data_pipeline.py for tasks to queue
[2025-07-01T22:48:30.352+0000] {logging_mixin.py:190} INFO - [2025-07-01T22:48:30.351+0000] {dagbag.py:588} INFO - Filling up the DagBag from /opt/airflow/dags/driven_data_pipeline.py
[2025-07-01T22:49:18.714+0000] {logging_mixin.py:190} INFO - [2025-07-01T22:49:02.406+0000] {timeout.py:68} ERROR - Process timed out, PID: 196
[2025-07-01T22:53:44.203+0000] {processor.py:186} INFO - Started process (PID=198) to work on /opt/airflow/dags/driven_data_pipeline.py
[2025-07-01T22:53:44.209+0000] {processor.py:914} INFO - Processing file /opt/airflow/dags/driven_data_pipeline.py for tasks to queue
[2025-07-01T22:53:44.250+0000] {logging_mixin.py:190} INFO - [2025-07-01T22:53:44.244+0000] {dagbag.py:588} INFO - Filling up the DagBag from /opt/airflow/dags/driven_data_pipeline.py
[2025-07-01T22:53:50.065+0000] {processor.py:925} INFO - DAG(s) 'extract_raw_data_pipeline' retrieved from /opt/airflow/dags/driven_data_pipeline.py
[2025-07-01T22:53:50.950+0000] {logging_mixin.py:190} INFO - [2025-07-01T22:53:50.949+0000] {dag.py:3239} INFO - Sync 1 DAGs
[2025-07-01T22:53:51.081+0000] {logging_mixin.py:190} INFO - [2025-07-01T22:53:51.080+0000] {dag.py:4180} INFO - Setting next_dagrun for extract_raw_data_pipeline to 2025-07-01 07:59:00+00:00, run_after=2025-07-02 07:00:00+00:00
[2025-07-01T22:53:51.173+0000] {processor.py:208} INFO - Processing /opt/airflow/dags/driven_data_pipeline.py took 7.514 seconds
[2025-07-01T22:54:21.396+0000] {processor.py:186} INFO - Started process (PID=212) to work on /opt/airflow/dags/driven_data_pipeline.py
[2025-07-01T22:54:21.399+0000] {processor.py:914} INFO - Processing file /opt/airflow/dags/driven_data_pipeline.py for tasks to queue
[2025-07-01T22:54:21.410+0000] {logging_mixin.py:190} INFO - [2025-07-01T22:54:21.408+0000] {dagbag.py:588} INFO - Filling up the DagBag from /opt/airflow/dags/driven_data_pipeline.py
[2025-07-01T22:54:22.393+0000] {processor.py:925} INFO - DAG(s) 'extract_raw_data_pipeline' retrieved from /opt/airflow/dags/driven_data_pipeline.py
[2025-07-01T22:54:22.472+0000] {logging_mixin.py:190} INFO - [2025-07-01T22:54:22.471+0000] {dag.py:3239} INFO - Sync 1 DAGs
[2025-07-01T22:54:22.533+0000] {logging_mixin.py:190} INFO - [2025-07-01T22:54:22.533+0000] {dag.py:4180} INFO - Setting next_dagrun for extract_raw_data_pipeline to 2025-07-01 07:59:00+00:00, run_after=2025-07-02 07:00:00+00:00
[2025-07-01T22:54:22.580+0000] {processor.py:208} INFO - Processing /opt/airflow/dags/driven_data_pipeline.py took 1.210 seconds
[2025-07-01T22:54:52.834+0000] {processor.py:186} INFO - Started process (PID=220) to work on /opt/airflow/dags/driven_data_pipeline.py
[2025-07-01T22:54:52.837+0000] {processor.py:914} INFO - Processing file /opt/airflow/dags/driven_data_pipeline.py for tasks to queue
[2025-07-01T22:54:52.841+0000] {logging_mixin.py:190} INFO - [2025-07-01T22:54:52.840+0000] {dagbag.py:588} INFO - Filling up the DagBag from /opt/airflow/dags/driven_data_pipeline.py
[2025-07-01T22:54:53.587+0000] {processor.py:925} INFO - DAG(s) 'extract_raw_data_pipeline' retrieved from /opt/airflow/dags/driven_data_pipeline.py
[2025-07-01T22:54:53.668+0000] {logging_mixin.py:190} INFO - [2025-07-01T22:54:53.667+0000] {dag.py:3239} INFO - Sync 1 DAGs
[2025-07-01T22:54:53.753+0000] {logging_mixin.py:190} INFO - [2025-07-01T22:54:53.752+0000] {dag.py:4180} INFO - Setting next_dagrun for extract_raw_data_pipeline to 2025-07-01 07:59:00+00:00, run_after=2025-07-02 07:00:00+00:00
[2025-07-01T22:54:53.816+0000] {processor.py:208} INFO - Processing /opt/airflow/dags/driven_data_pipeline.py took 1.000 seconds
[2025-07-01T22:55:24.363+0000] {processor.py:186} INFO - Started process (PID=236) to work on /opt/airflow/dags/driven_data_pipeline.py
[2025-07-01T22:55:24.365+0000] {processor.py:914} INFO - Processing file /opt/airflow/dags/driven_data_pipeline.py for tasks to queue
[2025-07-01T22:55:24.368+0000] {logging_mixin.py:190} INFO - [2025-07-01T22:55:24.367+0000] {dagbag.py:588} INFO - Filling up the DagBag from /opt/airflow/dags/driven_data_pipeline.py
[2025-07-01T22:55:24.784+0000] {processor.py:925} INFO - DAG(s) 'extract_raw_data_pipeline' retrieved from /opt/airflow/dags/driven_data_pipeline.py
[2025-07-01T22:55:24.849+0000] {logging_mixin.py:190} INFO - [2025-07-01T22:55:24.848+0000] {dag.py:3239} INFO - Sync 1 DAGs
[2025-07-01T22:55:24.889+0000] {logging_mixin.py:190} INFO - [2025-07-01T22:55:24.889+0000] {dag.py:4180} INFO - Setting next_dagrun for extract_raw_data_pipeline to 2025-07-01 07:59:00+00:00, run_after=2025-07-02 07:00:00+00:00
[2025-07-01T22:55:24.929+0000] {processor.py:208} INFO - Processing /opt/airflow/dags/driven_data_pipeline.py took 0.575 seconds
[2025-07-01T22:56:58.397+0000] {processor.py:186} INFO - Started process (PID=238) to work on /opt/airflow/dags/driven_data_pipeline.py
[2025-07-01T22:57:06.489+0000] {processor.py:914} INFO - Processing file /opt/airflow/dags/driven_data_pipeline.py for tasks to queue
[2025-07-01T22:57:07.066+0000] {logging_mixin.py:190} INFO - [2025-07-01T22:57:06.999+0000] {dagbag.py:588} INFO - Filling up the DagBag from /opt/airflow/dags/driven_data_pipeline.py
[2025-07-01T23:00:38.755+0000] {processor.py:186} INFO - Started process (PID=78) to work on /opt/airflow/dags/driven_data_pipeline.py
[2025-07-01T23:00:38.773+0000] {processor.py:914} INFO - Processing file /opt/airflow/dags/driven_data_pipeline.py for tasks to queue
[2025-07-01T23:00:38.816+0000] {logging_mixin.py:190} INFO - [2025-07-01T23:00:38.806+0000] {dagbag.py:588} INFO - Filling up the DagBag from /opt/airflow/dags/driven_data_pipeline.py
[2025-07-01T23:00:55.196+0000] {processor.py:925} INFO - DAG(s) 'extract_raw_data_pipeline' retrieved from /opt/airflow/dags/driven_data_pipeline.py
[2025-07-01T23:00:58.552+0000] {logging_mixin.py:190} INFO - [2025-07-01T23:00:58.545+0000] {dag.py:3239} INFO - Sync 1 DAGs
[2025-07-01T23:00:58.961+0000] {logging_mixin.py:190} INFO - [2025-07-01T23:00:58.960+0000] {dag.py:4180} INFO - Setting next_dagrun for extract_raw_data_pipeline to 2025-07-01 07:59:00+00:00, run_after=2025-07-02 07:00:00+00:00
[2025-07-01T23:00:59.230+0000] {processor.py:208} INFO - Processing /opt/airflow/dags/driven_data_pipeline.py took 20.636 seconds
[2025-07-01T23:01:29.570+0000] {processor.py:186} INFO - Started process (PID=92) to work on /opt/airflow/dags/driven_data_pipeline.py
[2025-07-01T23:01:29.573+0000] {processor.py:914} INFO - Processing file /opt/airflow/dags/driven_data_pipeline.py for tasks to queue
[2025-07-01T23:01:29.590+0000] {logging_mixin.py:190} INFO - [2025-07-01T23:01:29.588+0000] {dagbag.py:588} INFO - Filling up the DagBag from /opt/airflow/dags/driven_data_pipeline.py
[2025-07-01T23:01:31.779+0000] {processor.py:925} INFO - DAG(s) 'extract_raw_data_pipeline' retrieved from /opt/airflow/dags/driven_data_pipeline.py
[2025-07-01T23:01:31.847+0000] {logging_mixin.py:190} INFO - [2025-07-01T23:01:31.846+0000] {dag.py:3239} INFO - Sync 1 DAGs
[2025-07-01T23:01:31.985+0000] {logging_mixin.py:190} INFO - [2025-07-01T23:01:31.984+0000] {dag.py:4180} INFO - Setting next_dagrun for extract_raw_data_pipeline to 2025-07-01 07:59:00+00:00, run_after=2025-07-02 07:00:00+00:00
[2025-07-01T23:01:32.048+0000] {processor.py:208} INFO - Processing /opt/airflow/dags/driven_data_pipeline.py took 2.519 seconds
[2025-07-01T23:02:02.480+0000] {processor.py:186} INFO - Started process (PID=100) to work on /opt/airflow/dags/driven_data_pipeline.py
[2025-07-01T23:02:02.481+0000] {processor.py:914} INFO - Processing file /opt/airflow/dags/driven_data_pipeline.py for tasks to queue
[2025-07-01T23:02:02.486+0000] {logging_mixin.py:190} INFO - [2025-07-01T23:02:02.485+0000] {dagbag.py:588} INFO - Filling up the DagBag from /opt/airflow/dags/driven_data_pipeline.py
[2025-07-01T23:02:03.056+0000] {processor.py:925} INFO - DAG(s) 'extract_raw_data_pipeline' retrieved from /opt/airflow/dags/driven_data_pipeline.py
[2025-07-01T23:02:03.109+0000] {logging_mixin.py:190} INFO - [2025-07-01T23:02:03.109+0000] {dag.py:3239} INFO - Sync 1 DAGs
[2025-07-01T23:02:03.144+0000] {logging_mixin.py:190} INFO - [2025-07-01T23:02:03.144+0000] {dag.py:4180} INFO - Setting next_dagrun for extract_raw_data_pipeline to 2025-07-01 07:59:00+00:00, run_after=2025-07-02 07:00:00+00:00
[2025-07-01T23:02:03.175+0000] {processor.py:208} INFO - Processing /opt/airflow/dags/driven_data_pipeline.py took 0.852 seconds
[2025-07-01T23:02:33.751+0000] {processor.py:186} INFO - Started process (PID=108) to work on /opt/airflow/dags/driven_data_pipeline.py
[2025-07-01T23:02:33.761+0000] {processor.py:914} INFO - Processing file /opt/airflow/dags/driven_data_pipeline.py for tasks to queue
[2025-07-01T23:02:34.194+0000] {logging_mixin.py:190} INFO - [2025-07-01T23:02:34.188+0000] {dagbag.py:588} INFO - Filling up the DagBag from /opt/airflow/dags/driven_data_pipeline.py
[2025-07-01T23:02:40.651+0000] {processor.py:925} INFO - DAG(s) 'extract_raw_data_pipeline' retrieved from /opt/airflow/dags/driven_data_pipeline.py
[2025-07-01T23:02:40.712+0000] {logging_mixin.py:190} INFO - [2025-07-01T23:02:40.711+0000] {dag.py:3239} INFO - Sync 1 DAGs
[2025-07-01T23:02:40.754+0000] {logging_mixin.py:190} INFO - [2025-07-01T23:02:40.753+0000] {dag.py:4180} INFO - Setting next_dagrun for extract_raw_data_pipeline to 2025-07-01 07:59:00+00:00, run_after=2025-07-02 07:00:00+00:00
[2025-07-01T23:02:40.811+0000] {processor.py:208} INFO - Processing /opt/airflow/dags/driven_data_pipeline.py took 7.205 seconds
[2025-07-01T23:03:11.637+0000] {processor.py:186} INFO - Started process (PID=116) to work on /opt/airflow/dags/driven_data_pipeline.py
[2025-07-01T23:03:11.649+0000] {processor.py:914} INFO - Processing file /opt/airflow/dags/driven_data_pipeline.py for tasks to queue
[2025-07-01T23:03:11.672+0000] {logging_mixin.py:190} INFO - [2025-07-01T23:03:11.670+0000] {dagbag.py:588} INFO - Filling up the DagBag from /opt/airflow/dags/driven_data_pipeline.py
[2025-07-01T23:03:13.942+0000] {processor.py:925} INFO - DAG(s) 'extract_raw_data_pipeline' retrieved from /opt/airflow/dags/driven_data_pipeline.py
[2025-07-01T23:03:14.109+0000] {logging_mixin.py:190} INFO - [2025-07-01T23:03:14.108+0000] {dag.py:3239} INFO - Sync 1 DAGs
[2025-07-01T23:03:14.264+0000] {logging_mixin.py:190} INFO - [2025-07-01T23:03:14.263+0000] {dag.py:4180} INFO - Setting next_dagrun for extract_raw_data_pipeline to 2025-07-01 07:59:00+00:00, run_after=2025-07-02 07:00:00+00:00
[2025-07-01T23:03:14.403+0000] {processor.py:208} INFO - Processing /opt/airflow/dags/driven_data_pipeline.py took 2.819 seconds
[2025-07-01T23:03:45.075+0000] {processor.py:186} INFO - Started process (PID=124) to work on /opt/airflow/dags/driven_data_pipeline.py
[2025-07-01T23:03:45.077+0000] {processor.py:914} INFO - Processing file /opt/airflow/dags/driven_data_pipeline.py for tasks to queue
[2025-07-01T23:03:45.085+0000] {logging_mixin.py:190} INFO - [2025-07-01T23:03:45.082+0000] {dagbag.py:588} INFO - Filling up the DagBag from /opt/airflow/dags/driven_data_pipeline.py
[2025-07-01T23:03:45.893+0000] {processor.py:925} INFO - DAG(s) 'extract_raw_data_pipeline' retrieved from /opt/airflow/dags/driven_data_pipeline.py
[2025-07-01T23:03:45.947+0000] {logging_mixin.py:190} INFO - [2025-07-01T23:03:45.947+0000] {dag.py:3239} INFO - Sync 1 DAGs
[2025-07-01T23:03:46.012+0000] {logging_mixin.py:190} INFO - [2025-07-01T23:03:46.011+0000] {dag.py:4180} INFO - Setting next_dagrun for extract_raw_data_pipeline to 2025-07-01 07:59:00+00:00, run_after=2025-07-02 07:00:00+00:00
[2025-07-01T23:03:46.054+0000] {processor.py:208} INFO - Processing /opt/airflow/dags/driven_data_pipeline.py took 0.997 seconds
[2025-07-01T23:04:16.206+0000] {processor.py:186} INFO - Started process (PID=132) to work on /opt/airflow/dags/driven_data_pipeline.py
[2025-07-01T23:04:16.207+0000] {processor.py:914} INFO - Processing file /opt/airflow/dags/driven_data_pipeline.py for tasks to queue
[2025-07-01T23:04:16.212+0000] {logging_mixin.py:190} INFO - [2025-07-01T23:04:16.211+0000] {dagbag.py:588} INFO - Filling up the DagBag from /opt/airflow/dags/driven_data_pipeline.py
[2025-07-01T23:04:18.395+0000] {processor.py:925} INFO - DAG(s) 'extract_raw_data_pipeline' retrieved from /opt/airflow/dags/driven_data_pipeline.py
[2025-07-01T23:04:18.522+0000] {logging_mixin.py:190} INFO - [2025-07-01T23:04:18.522+0000] {dag.py:3239} INFO - Sync 1 DAGs
[2025-07-01T23:04:18.572+0000] {logging_mixin.py:190} INFO - [2025-07-01T23:04:18.572+0000] {dag.py:4180} INFO - Setting next_dagrun for extract_raw_data_pipeline to 2025-07-01 07:59:00+00:00, run_after=2025-07-02 07:00:00+00:00
[2025-07-01T23:04:18.609+0000] {processor.py:208} INFO - Processing /opt/airflow/dags/driven_data_pipeline.py took 2.413 seconds
[2025-07-01T23:04:52.484+0000] {processor.py:186} INFO - Started process (PID=134) to work on /opt/airflow/dags/driven_data_pipeline.py
[2025-07-01T23:04:52.486+0000] {processor.py:914} INFO - Processing file /opt/airflow/dags/driven_data_pipeline.py for tasks to queue
[2025-07-01T23:04:52.493+0000] {logging_mixin.py:190} INFO - [2025-07-01T23:04:52.492+0000] {dagbag.py:588} INFO - Filling up the DagBag from /opt/airflow/dags/driven_data_pipeline.py
[2025-07-01T23:04:58.293+0000] {processor.py:925} INFO - DAG(s) 'extract_raw_data_pipeline' retrieved from /opt/airflow/dags/driven_data_pipeline.py
[2025-07-01T23:04:59.169+0000] {logging_mixin.py:190} INFO - [2025-07-01T23:04:59.147+0000] {dag.py:3239} INFO - Sync 1 DAGs
[2025-07-01T23:04:59.325+0000] {logging_mixin.py:190} INFO - [2025-07-01T23:04:59.323+0000] {dag.py:4180} INFO - Setting next_dagrun for extract_raw_data_pipeline to 2025-07-01 07:59:00+00:00, run_after=2025-07-02 07:00:00+00:00
[2025-07-01T23:04:59.473+0000] {processor.py:208} INFO - Processing /opt/airflow/dags/driven_data_pipeline.py took 8.694 seconds
[2025-07-01T23:05:29.949+0000] {processor.py:186} INFO - Started process (PID=142) to work on /opt/airflow/dags/driven_data_pipeline.py
[2025-07-01T23:05:29.950+0000] {processor.py:914} INFO - Processing file /opt/airflow/dags/driven_data_pipeline.py for tasks to queue
[2025-07-01T23:05:29.955+0000] {logging_mixin.py:190} INFO - [2025-07-01T23:05:29.954+0000] {dagbag.py:588} INFO - Filling up the DagBag from /opt/airflow/dags/driven_data_pipeline.py
[2025-07-01T23:05:31.360+0000] {processor.py:925} INFO - DAG(s) 'extract_raw_data_pipeline' retrieved from /opt/airflow/dags/driven_data_pipeline.py
[2025-07-01T23:05:31.480+0000] {logging_mixin.py:190} INFO - [2025-07-01T23:05:31.480+0000] {dag.py:3239} INFO - Sync 1 DAGs
[2025-07-01T23:05:31.545+0000] {logging_mixin.py:190} INFO - [2025-07-01T23:05:31.544+0000] {dag.py:4180} INFO - Setting next_dagrun for extract_raw_data_pipeline to 2025-07-01 07:59:00+00:00, run_after=2025-07-02 07:00:00+00:00
[2025-07-01T23:05:31.594+0000] {processor.py:208} INFO - Processing /opt/airflow/dags/driven_data_pipeline.py took 1.659 seconds
[2025-07-01T23:06:02.318+0000] {processor.py:186} INFO - Started process (PID=150) to work on /opt/airflow/dags/driven_data_pipeline.py
[2025-07-01T23:06:02.320+0000] {processor.py:914} INFO - Processing file /opt/airflow/dags/driven_data_pipeline.py for tasks to queue
[2025-07-01T23:06:02.325+0000] {logging_mixin.py:190} INFO - [2025-07-01T23:06:02.324+0000] {dagbag.py:588} INFO - Filling up the DagBag from /opt/airflow/dags/driven_data_pipeline.py
[2025-07-01T23:06:03.222+0000] {processor.py:925} INFO - DAG(s) 'extract_raw_data_pipeline' retrieved from /opt/airflow/dags/driven_data_pipeline.py
[2025-07-01T23:06:03.330+0000] {logging_mixin.py:190} INFO - [2025-07-01T23:06:03.329+0000] {dag.py:3239} INFO - Sync 1 DAGs
[2025-07-01T23:06:03.368+0000] {logging_mixin.py:190} INFO - [2025-07-01T23:06:03.368+0000] {dag.py:4180} INFO - Setting next_dagrun for extract_raw_data_pipeline to 2025-07-01 07:59:00+00:00, run_after=2025-07-02 07:00:00+00:00
[2025-07-01T23:06:03.401+0000] {processor.py:208} INFO - Processing /opt/airflow/dags/driven_data_pipeline.py took 1.098 seconds
[2025-07-01T23:06:34.022+0000] {processor.py:186} INFO - Started process (PID=158) to work on /opt/airflow/dags/driven_data_pipeline.py
[2025-07-01T23:06:34.028+0000] {processor.py:914} INFO - Processing file /opt/airflow/dags/driven_data_pipeline.py for tasks to queue
[2025-07-01T23:06:34.042+0000] {logging_mixin.py:190} INFO - [2025-07-01T23:06:34.038+0000] {dagbag.py:588} INFO - Filling up the DagBag from /opt/airflow/dags/driven_data_pipeline.py
[2025-07-01T23:06:35.403+0000] {processor.py:925} INFO - DAG(s) 'extract_raw_data_pipeline' retrieved from /opt/airflow/dags/driven_data_pipeline.py
[2025-07-01T23:06:35.571+0000] {logging_mixin.py:190} INFO - [2025-07-01T23:06:35.571+0000] {dag.py:3239} INFO - Sync 1 DAGs
[2025-07-01T23:06:35.634+0000] {logging_mixin.py:190} INFO - [2025-07-01T23:06:35.633+0000] {dag.py:4180} INFO - Setting next_dagrun for extract_raw_data_pipeline to 2025-07-01 07:59:00+00:00, run_after=2025-07-02 07:00:00+00:00
[2025-07-01T23:06:35.673+0000] {processor.py:208} INFO - Processing /opt/airflow/dags/driven_data_pipeline.py took 1.831 seconds
[2025-07-01T23:07:06.009+0000] {processor.py:186} INFO - Started process (PID=167) to work on /opt/airflow/dags/driven_data_pipeline.py
[2025-07-01T23:07:06.011+0000] {processor.py:914} INFO - Processing file /opt/airflow/dags/driven_data_pipeline.py for tasks to queue
[2025-07-01T23:07:06.019+0000] {logging_mixin.py:190} INFO - [2025-07-01T23:07:06.016+0000] {dagbag.py:588} INFO - Filling up the DagBag from /opt/airflow/dags/driven_data_pipeline.py
[2025-07-01T23:07:07.888+0000] {processor.py:925} INFO - DAG(s) 'extract_raw_data_pipeline' retrieved from /opt/airflow/dags/driven_data_pipeline.py
[2025-07-01T23:10:12.937+0000] {processor.py:211} ERROR - Got an exception! Propagating...
Traceback (most recent call last):
  File "/home/airflow/.local/lib/python3.12/site-packages/sqlalchemy/engine/base.py", line 3371, in _wrap_pool_connect
    return fn()
           ^^^^
  File "/home/airflow/.local/lib/python3.12/site-packages/sqlalchemy/pool/base.py", line 327, in connect
    return _ConnectionFairy._checkout(self)
           ^^^^^^^^^^^^^^^^^^^^^^^^^^^^^^^^
  File "/home/airflow/.local/lib/python3.12/site-packages/sqlalchemy/pool/base.py", line 894, in _checkout
    fairy = _ConnectionRecord.checkout(pool)
            ^^^^^^^^^^^^^^^^^^^^^^^^^^^^^^^^
  File "/home/airflow/.local/lib/python3.12/site-packages/sqlalchemy/pool/base.py", line 493, in checkout
    rec = pool._do_get()
          ^^^^^^^^^^^^^^
  File "/home/airflow/.local/lib/python3.12/site-packages/sqlalchemy/pool/impl.py", line 145, in _do_get
    with util.safe_reraise():
         ^^^^^^^^^^^^^^^^^^^
  File "/home/airflow/.local/lib/python3.12/site-packages/sqlalchemy/util/langhelpers.py", line 70, in __exit__
    compat.raise_(
  File "/home/airflow/.local/lib/python3.12/site-packages/sqlalchemy/util/compat.py", line 211, in raise_
    raise exception
  File "/home/airflow/.local/lib/python3.12/site-packages/sqlalchemy/pool/impl.py", line 143, in _do_get
    return self._create_connection()
           ^^^^^^^^^^^^^^^^^^^^^^^^^
  File "/home/airflow/.local/lib/python3.12/site-packages/sqlalchemy/pool/base.py", line 273, in _create_connection
    return _ConnectionRecord(self)
           ^^^^^^^^^^^^^^^^^^^^^^^
  File "/home/airflow/.local/lib/python3.12/site-packages/sqlalchemy/pool/base.py", line 388, in __init__
    self.__connect()
  File "/home/airflow/.local/lib/python3.12/site-packages/sqlalchemy/pool/base.py", line 690, in __connect
    with util.safe_reraise():
         ^^^^^^^^^^^^^^^^^^^
  File "/home/airflow/.local/lib/python3.12/site-packages/sqlalchemy/util/langhelpers.py", line 70, in __exit__
    compat.raise_(
  File "/home/airflow/.local/lib/python3.12/site-packages/sqlalchemy/util/compat.py", line 211, in raise_
    raise exception
  File "/home/airflow/.local/lib/python3.12/site-packages/sqlalchemy/pool/base.py", line 686, in __connect
    self.dbapi_connection = connection = pool._invoke_creator(self)
                                         ^^^^^^^^^^^^^^^^^^^^^^^^^^
  File "/home/airflow/.local/lib/python3.12/site-packages/sqlalchemy/engine/create.py", line 574, in connect
    return dialect.connect(*cargs, **cparams)
           ^^^^^^^^^^^^^^^^^^^^^^^^^^^^^^^^^^
  File "/home/airflow/.local/lib/python3.12/site-packages/sqlalchemy/engine/default.py", line 598, in connect
    return self.dbapi.connect(*cargs, **cparams)
           ^^^^^^^^^^^^^^^^^^^^^^^^^^^^^^^^^^^^^
  File "/home/airflow/.local/lib/python3.12/site-packages/psycopg2/__init__.py", line 122, in connect
    conn = _connect(dsn, connection_factory=connection_factory, **kwasync)
           ^^^^^^^^^^^^^^^^^^^^^^^^^^^^^^^^^^^^^^^^^^^^^^^^^^^^^^^^^^^^^^^
psycopg2.OperationalError: could not translate host name "postgres" to address: Temporary failure in name resolution


The above exception was the direct cause of the following exception:

Traceback (most recent call last):
  File "/home/airflow/.local/lib/python3.12/site-packages/airflow/dag_processing/processor.py", line 207, in _run_file_processor
    _handle_dag_file_processing()
  File "/home/airflow/.local/lib/python3.12/site-packages/airflow/dag_processing/processor.py", line 188, in _handle_dag_file_processing
    result: tuple[int, int, int] = dag_file_processor.process_file(
                                   ^^^^^^^^^^^^^^^^^^^^^^^^^^^^^^^^
  File "/home/airflow/.local/lib/python3.12/site-packages/airflow/utils/session.py", line 97, in wrapper
    return func(*args, session=session, **kwargs)
           ^^^^^^^^^^^^^^^^^^^^^^^^^^^^^^^^^^^^^^
  File "/home/airflow/.local/lib/python3.12/site-packages/airflow/dag_processing/processor.py", line 942, in process_file
    serialize_errors = DagFileProcessor.save_dag_to_db(
                       ^^^^^^^^^^^^^^^^^^^^^^^^^^^^^^^^
  File "/home/airflow/.local/lib/python3.12/site-packages/airflow/api_internal/internal_api_call.py", line 139, in wrapper
    return func(*args, **kwargs)
           ^^^^^^^^^^^^^^^^^^^^^
  File "/home/airflow/.local/lib/python3.12/site-packages/airflow/utils/session.py", line 97, in wrapper
    return func(*args, session=session, **kwargs)
           ^^^^^^^^^^^^^^^^^^^^^^^^^^^^^^^^^^^^^^
  File "/home/airflow/.local/lib/python3.12/site-packages/airflow/dag_processing/processor.py", line 982, in save_dag_to_db
    import_errors = DagBag._sync_to_db(dags=dags, processor_subdir=dag_directory, session=session)
                    ^^^^^^^^^^^^^^^^^^^^^^^^^^^^^^^^^^^^^^^^^^^^^^^^^^^^^^^^^^^^^^^^^^^^^^^^^^^^^^
  File "/home/airflow/.local/lib/python3.12/site-packages/airflow/utils/session.py", line 94, in wrapper
    return func(*args, **kwargs)
           ^^^^^^^^^^^^^^^^^^^^^
  File "/home/airflow/.local/lib/python3.12/site-packages/airflow/models/dagbag.py", line 708, in _sync_to_db
    for attempt in run_with_db_retries(logger=log):
                   ^^^^^^^^^^^^^^^^^^^^^^^^^^^^^^^
  File "/home/airflow/.local/lib/python3.12/site-packages/tenacity/__init__.py", line 443, in __iter__
    do = self.iter(retry_state=retry_state)
         ^^^^^^^^^^^^^^^^^^^^^^^^^^^^^^^^^^
  File "/home/airflow/.local/lib/python3.12/site-packages/tenacity/__init__.py", line 376, in iter
    result = action(retry_state)
             ^^^^^^^^^^^^^^^^^^^
  File "/home/airflow/.local/lib/python3.12/site-packages/tenacity/__init__.py", line 418, in exc_check
    raise retry_exc.reraise()
          ^^^^^^^^^^^^^^^^^^^
  File "/home/airflow/.local/lib/python3.12/site-packages/tenacity/__init__.py", line 185, in reraise
    raise self.last_attempt.result()
          ^^^^^^^^^^^^^^^^^^^^^^^^^^
  File "/usr/local/lib/python3.12/concurrent/futures/_base.py", line 449, in result
    return self.__get_result()
           ^^^^^^^^^^^^^^^^^^^
  File "/usr/local/lib/python3.12/concurrent/futures/_base.py", line 401, in __get_result
    raise self._exception
  File "/home/airflow/.local/lib/python3.12/site-packages/airflow/models/dagbag.py", line 721, in _sync_to_db
    _serialize_dag_capturing_errors(dag, session, processor_subdir)
  File "/home/airflow/.local/lib/python3.12/site-packages/airflow/models/dagbag.py", line 686, in _serialize_dag_capturing_errors
    dag_was_updated = SerializedDagModel.write_dag(
                      ^^^^^^^^^^^^^^^^^^^^^^^^^^^^^
  File "/home/airflow/.local/lib/python3.12/site-packages/airflow/utils/session.py", line 94, in wrapper
    return func(*args, **kwargs)
           ^^^^^^^^^^^^^^^^^^^^^
  File "/home/airflow/.local/lib/python3.12/site-packages/airflow/models/serialized_dag.py", line 160, in write_dag
    if session.scalar(
       ^^^^^^^^^^^^^^^
  File "/home/airflow/.local/lib/python3.12/site-packages/sqlalchemy/orm/session.py", line 1747, in scalar
    return self.execute(
           ^^^^^^^^^^^^^
  File "/home/airflow/.local/lib/python3.12/site-packages/sqlalchemy/orm/session.py", line 1716, in execute
    conn = self._connection_for_bind(bind)
           ^^^^^^^^^^^^^^^^^^^^^^^^^^^^^^^
  File "/home/airflow/.local/lib/python3.12/site-packages/sqlalchemy/orm/session.py", line 1555, in _connection_for_bind
    return self._transaction._connection_for_bind(
           ^^^^^^^^^^^^^^^^^^^^^^^^^^^^^^^^^^^^^^^
  File "/home/airflow/.local/lib/python3.12/site-packages/sqlalchemy/orm/session.py", line 750, in _connection_for_bind
    conn = bind.connect()
           ^^^^^^^^^^^^^^
  File "/home/airflow/.local/lib/python3.12/site-packages/sqlalchemy/future/engine.py", line 412, in connect
    return super(Engine, self).connect()
           ^^^^^^^^^^^^^^^^^^^^^^^^^^^^^
  File "/home/airflow/.local/lib/python3.12/site-packages/sqlalchemy/engine/base.py", line 3325, in connect
    return self._connection_cls(self, close_with_result=close_with_result)
           ^^^^^^^^^^^^^^^^^^^^^^^^^^^^^^^^^^^^^^^^^^^^^^^^^^^^^^^^^^^^^^^
  File "/home/airflow/.local/lib/python3.12/site-packages/sqlalchemy/engine/base.py", line 96, in __init__
    else engine.raw_connection()
         ^^^^^^^^^^^^^^^^^^^^^^^
  File "/home/airflow/.local/lib/python3.12/site-packages/sqlalchemy/engine/base.py", line 3404, in raw_connection
    return self._wrap_pool_connect(self.pool.connect, _connection)
           ^^^^^^^^^^^^^^^^^^^^^^^^^^^^^^^^^^^^^^^^^^^^^^^^^^^^^^^
  File "/home/airflow/.local/lib/python3.12/site-packages/sqlalchemy/engine/base.py", line 3374, in _wrap_pool_connect
    Connection._handle_dbapi_exception_noconnection(
  File "/home/airflow/.local/lib/python3.12/site-packages/sqlalchemy/engine/base.py", line 2208, in _handle_dbapi_exception_noconnection
    util.raise_(
  File "/home/airflow/.local/lib/python3.12/site-packages/sqlalchemy/util/compat.py", line 211, in raise_
    raise exception
  File "/home/airflow/.local/lib/python3.12/site-packages/sqlalchemy/engine/base.py", line 3371, in _wrap_pool_connect
    return fn()
           ^^^^
  File "/home/airflow/.local/lib/python3.12/site-packages/sqlalchemy/pool/base.py", line 327, in connect
    return _ConnectionFairy._checkout(self)
           ^^^^^^^^^^^^^^^^^^^^^^^^^^^^^^^^
  File "/home/airflow/.local/lib/python3.12/site-packages/sqlalchemy/pool/base.py", line 894, in _checkout
    fairy = _ConnectionRecord.checkout(pool)
            ^^^^^^^^^^^^^^^^^^^^^^^^^^^^^^^^
  File "/home/airflow/.local/lib/python3.12/site-packages/sqlalchemy/pool/base.py", line 493, in checkout
    rec = pool._do_get()
          ^^^^^^^^^^^^^^
  File "/home/airflow/.local/lib/python3.12/site-packages/sqlalchemy/pool/impl.py", line 145, in _do_get
    with util.safe_reraise():
         ^^^^^^^^^^^^^^^^^^^
  File "/home/airflow/.local/lib/python3.12/site-packages/sqlalchemy/util/langhelpers.py", line 70, in __exit__
    compat.raise_(
  File "/home/airflow/.local/lib/python3.12/site-packages/sqlalchemy/util/compat.py", line 211, in raise_
    raise exception
  File "/home/airflow/.local/lib/python3.12/site-packages/sqlalchemy/pool/impl.py", line 143, in _do_get
    return self._create_connection()
           ^^^^^^^^^^^^^^^^^^^^^^^^^
  File "/home/airflow/.local/lib/python3.12/site-packages/sqlalchemy/pool/base.py", line 273, in _create_connection
    return _ConnectionRecord(self)
           ^^^^^^^^^^^^^^^^^^^^^^^
  File "/home/airflow/.local/lib/python3.12/site-packages/sqlalchemy/pool/base.py", line 388, in __init__
    self.__connect()
  File "/home/airflow/.local/lib/python3.12/site-packages/sqlalchemy/pool/base.py", line 690, in __connect
    with util.safe_reraise():
         ^^^^^^^^^^^^^^^^^^^
  File "/home/airflow/.local/lib/python3.12/site-packages/sqlalchemy/util/langhelpers.py", line 70, in __exit__
    compat.raise_(
  File "/home/airflow/.local/lib/python3.12/site-packages/sqlalchemy/util/compat.py", line 211, in raise_
    raise exception
  File "/home/airflow/.local/lib/python3.12/site-packages/sqlalchemy/pool/base.py", line 686, in __connect
    self.dbapi_connection = connection = pool._invoke_creator(self)
                                         ^^^^^^^^^^^^^^^^^^^^^^^^^^
  File "/home/airflow/.local/lib/python3.12/site-packages/sqlalchemy/engine/create.py", line 574, in connect
    return dialect.connect(*cargs, **cparams)
           ^^^^^^^^^^^^^^^^^^^^^^^^^^^^^^^^^^
  File "/home/airflow/.local/lib/python3.12/site-packages/sqlalchemy/engine/default.py", line 598, in connect
    return self.dbapi.connect(*cargs, **cparams)
           ^^^^^^^^^^^^^^^^^^^^^^^^^^^^^^^^^^^^^
  File "/home/airflow/.local/lib/python3.12/site-packages/psycopg2/__init__.py", line 122, in connect
    conn = _connect(dsn, connection_factory=connection_factory, **kwasync)
           ^^^^^^^^^^^^^^^^^^^^^^^^^^^^^^^^^^^^^^^^^^^^^^^^^^^^^^^^^^^^^^^
sqlalchemy.exc.OperationalError: (psycopg2.OperationalError) could not translate host name "postgres" to address: Temporary failure in name resolution

(Background on this error at: https://sqlalche.me/e/14/e3q8)
[2025-07-01T23:13:33.298+0000] {processor.py:186} INFO - Started process (PID=175) to work on /opt/airflow/dags/driven_data_pipeline.py
[2025-07-01T23:13:33.299+0000] {processor.py:914} INFO - Processing file /opt/airflow/dags/driven_data_pipeline.py for tasks to queue
[2025-07-01T23:13:33.305+0000] {logging_mixin.py:190} INFO - [2025-07-01T23:13:33.303+0000] {dagbag.py:588} INFO - Filling up the DagBag from /opt/airflow/dags/driven_data_pipeline.py
[2025-07-01T23:13:33.857+0000] {processor.py:925} INFO - DAG(s) 'extract_raw_data_pipeline' retrieved from /opt/airflow/dags/driven_data_pipeline.py
[2025-07-01T23:13:33.932+0000] {logging_mixin.py:190} INFO - [2025-07-01T23:13:33.932+0000] {dag.py:3239} INFO - Sync 1 DAGs
[2025-07-01T23:13:33.965+0000] {logging_mixin.py:190} INFO - [2025-07-01T23:13:33.965+0000] {dag.py:4180} INFO - Setting next_dagrun for extract_raw_data_pipeline to 2025-07-01 07:59:00+00:00, run_after=2025-07-02 07:00:00+00:00
[2025-07-01T23:13:33.991+0000] {processor.py:208} INFO - Processing /opt/airflow/dags/driven_data_pipeline.py took 0.704 seconds
[2025-07-01T23:14:04.410+0000] {processor.py:186} INFO - Started process (PID=183) to work on /opt/airflow/dags/driven_data_pipeline.py
[2025-07-01T23:14:04.413+0000] {processor.py:914} INFO - Processing file /opt/airflow/dags/driven_data_pipeline.py for tasks to queue
[2025-07-01T23:14:04.422+0000] {logging_mixin.py:190} INFO - [2025-07-01T23:14:04.421+0000] {dagbag.py:588} INFO - Filling up the DagBag from /opt/airflow/dags/driven_data_pipeline.py
[2025-07-01T23:14:05.611+0000] {processor.py:925} INFO - DAG(s) 'extract_raw_data_pipeline' retrieved from /opt/airflow/dags/driven_data_pipeline.py
[2025-07-01T23:14:05.993+0000] {logging_mixin.py:190} INFO - [2025-07-01T23:14:05.989+0000] {dag.py:3239} INFO - Sync 1 DAGs
[2025-07-01T23:14:06.082+0000] {logging_mixin.py:190} INFO - [2025-07-01T23:14:06.082+0000] {dag.py:4180} INFO - Setting next_dagrun for extract_raw_data_pipeline to 2025-07-01 07:59:00+00:00, run_after=2025-07-02 07:00:00+00:00
[2025-07-01T23:14:06.144+0000] {processor.py:208} INFO - Processing /opt/airflow/dags/driven_data_pipeline.py took 1.907 seconds
[2025-07-01T23:16:35.460+0000] {processor.py:186} INFO - Started process (PID=185) to work on /opt/airflow/dags/driven_data_pipeline.py
[2025-07-01T23:21:39.202+0000] {processor.py:914} INFO - Processing file /opt/airflow/dags/driven_data_pipeline.py for tasks to queue
[2025-07-01T23:21:39.496+0000] {processor.py:186} INFO - Started process (PID=186) to work on /opt/airflow/dags/driven_data_pipeline.py
[2025-07-01T23:21:39.499+0000] {processor.py:914} INFO - Processing file /opt/airflow/dags/driven_data_pipeline.py for tasks to queue
[2025-07-01T23:21:39.511+0000] {logging_mixin.py:190} INFO - [2025-07-01T23:21:39.508+0000] {dagbag.py:588} INFO - Filling up the DagBag from /opt/airflow/dags/driven_data_pipeline.py
[2025-07-01T23:21:41.578+0000] {processor.py:925} INFO - DAG(s) 'extract_raw_data_pipeline' retrieved from /opt/airflow/dags/driven_data_pipeline.py
[2025-07-01T23:21:42.032+0000] {logging_mixin.py:190} INFO - [2025-07-01T23:21:42.031+0000] {dag.py:3239} INFO - Sync 1 DAGs
[2025-07-01T23:21:42.087+0000] {logging_mixin.py:190} INFO - [2025-07-01T23:21:42.087+0000] {dag.py:4180} INFO - Setting next_dagrun for extract_raw_data_pipeline to 2025-07-01 07:59:00+00:00, run_after=2025-07-02 07:00:00+00:00
[2025-07-01T23:21:42.132+0000] {processor.py:208} INFO - Processing /opt/airflow/dags/driven_data_pipeline.py took 2.780 seconds
