[0m03:17:09.100717 [debug] [MainThread]: Sending event: {'category': 'dbt', 'action': 'invocation', 'label': 'start', 'context': [<snowplow_tracker.self_describing_json.SelfDescribingJson object at 0x763e6bdcadb0>, <snowplow_tracker.self_describing_json.SelfDescribingJson object at 0x763e6bdcaf60>, <snowplow_tracker.self_describing_json.SelfDescribingJson object at 0x763e6bdc8bf0>]}


============================== 03:17:09.238059 | 55853a4f-b13e-47fa-ad71-3da7cb39f00c ==============================
[0m03:17:09.238059 [info ] [MainThread]: Running with dbt=1.8.0
[0m03:17:09.239982 [debug] [MainThread]: running dbt with arguments {'printer_width': '80', 'indirect_selection': 'eager', 'log_cache_events': 'False', 'write_json': 'True', 'partial_parse': 'True', 'cache_selected_only': 'False', 'profiles_dir': '/opt/airflow/dbt', 'fail_fast': 'False', 'version_check': 'True', 'log_path': '/opt/airflow/dbt/logs', 'debug': 'False', 'warn_error': 'None', 'use_colors': 'True', 'use_experimental_parser': 'False', 'no_print': 'None', 'quiet': 'False', 'log_format': 'default', 'invocation_command': 'dbt run --select tag:staging', 'static_parser': 'True', 'introspect': 'True', 'target_path': 'None', 'warn_error_options': 'WarnErrorOptions(include=[], exclude=[])', 'send_anonymous_usage_stats': 'True'}
[0m03:17:09.835098 [debug] [MainThread]: Sending event: {'category': 'dbt', 'action': 'project_id', 'label': '55853a4f-b13e-47fa-ad71-3da7cb39f00c', 'context': [<snowplow_tracker.self_describing_json.SelfDescribingJson object at 0x763e6b7c9070>]}
[0m03:17:09.990383 [debug] [MainThread]: Sending event: {'category': 'dbt', 'action': 'adapter_info', 'label': '55853a4f-b13e-47fa-ad71-3da7cb39f00c', 'context': [<snowplow_tracker.self_describing_json.SelfDescribingJson object at 0x763e6cb6c350>]}
[0m03:17:09.993036 [info ] [MainThread]: Registered adapter: postgres=1.8.2
[0m03:17:10.216483 [debug] [MainThread]: checksum: dbb12d416fdb55e3665e4828703bbedf40c5c90ed7ca6ff39bbbfb29b12b0a92, vars: {}, profile: , target: , version: 1.8.0
[0m03:17:10.222985 [info ] [MainThread]: Unable to do partial parsing because saved manifest not found. Starting full parse.
[0m03:17:10.224336 [debug] [MainThread]: Sending event: {'category': 'dbt', 'action': 'partial_parser', 'label': '55853a4f-b13e-47fa-ad71-3da7cb39f00c', 'context': [<snowplow_tracker.self_describing_json.SelfDescribingJson object at 0x763e6b7b6750>]}
[0m03:17:12.996349 [debug] [MainThread]: Sending event: {'category': 'dbt', 'action': 'load_project', 'label': '55853a4f-b13e-47fa-ad71-3da7cb39f00c', 'context': [<snowplow_tracker.self_describing_json.SelfDescribingJson object at 0x763e6a7fe270>]}
[0m03:17:13.205374 [debug] [MainThread]: Sending event: {'category': 'dbt', 'action': 'resource_counts', 'label': '55853a4f-b13e-47fa-ad71-3da7cb39f00c', 'context': [<snowplow_tracker.self_describing_json.SelfDescribingJson object at 0x763e6a77d310>]}
[0m03:17:13.206808 [info ] [MainThread]: Found 9 models, 10 sources, 428 macros
[0m03:17:13.208409 [debug] [MainThread]: Sending event: {'category': 'dbt', 'action': 'runnable_timing', 'label': '55853a4f-b13e-47fa-ad71-3da7cb39f00c', 'context': [<snowplow_tracker.self_describing_json.SelfDescribingJson object at 0x763e69f69d90>]}
[0m03:17:13.211713 [info ] [MainThread]: 
[0m03:17:13.213417 [debug] [MainThread]: Acquiring new postgres connection 'master'
[0m03:17:13.220478 [debug] [ThreadPool]: Acquiring new postgres connection 'list_airflow'
[0m03:17:13.276319 [debug] [ThreadPool]: Using postgres connection "list_airflow"
[0m03:17:13.277499 [debug] [ThreadPool]: On list_airflow: /* {"app": "dbt", "dbt_version": "1.8.0", "profile_name": "default", "target_name": "dev", "connection_name": "list_airflow"} */

    select distinct nspname from pg_namespace
  
[0m03:17:13.278333 [debug] [ThreadPool]: Opening a new connection, currently in state init
[0m03:17:13.285316 [debug] [ThreadPool]: SQL status: SELECT 5 in 0.007 seconds
[0m03:17:13.287509 [debug] [ThreadPool]: On list_airflow: Close
[0m03:17:13.288930 [debug] [ThreadPool]: Re-using an available connection from the pool (formerly list_airflow, now create_airflow_driven_staging)
[0m03:17:13.290093 [debug] [ThreadPool]: Creating schema "database: "airflow"
schema: "driven_staging"
"
[0m03:17:13.297081 [debug] [ThreadPool]: Using postgres connection "create_airflow_driven_staging"
[0m03:17:13.298106 [debug] [ThreadPool]: On create_airflow_driven_staging: BEGIN
[0m03:17:13.299010 [debug] [ThreadPool]: Opening a new connection, currently in state closed
[0m03:17:13.305166 [debug] [ThreadPool]: SQL status: BEGIN in 0.006 seconds
[0m03:17:13.306109 [debug] [ThreadPool]: Using postgres connection "create_airflow_driven_staging"
[0m03:17:13.306934 [debug] [ThreadPool]: On create_airflow_driven_staging: /* {"app": "dbt", "dbt_version": "1.8.0", "profile_name": "default", "target_name": "dev", "connection_name": "create_airflow_driven_staging"} */
create schema if not exists "driven_staging"
[0m03:17:13.309305 [debug] [ThreadPool]: SQL status: CREATE SCHEMA in 0.002 seconds
[0m03:17:13.310869 [debug] [ThreadPool]: On create_airflow_driven_staging: COMMIT
[0m03:17:13.311794 [debug] [ThreadPool]: Using postgres connection "create_airflow_driven_staging"
[0m03:17:13.312613 [debug] [ThreadPool]: On create_airflow_driven_staging: COMMIT
[0m03:17:13.314861 [debug] [ThreadPool]: SQL status: COMMIT in 0.001 seconds
[0m03:17:13.315819 [debug] [ThreadPool]: On create_airflow_driven_staging: Close
[0m03:17:13.318768 [debug] [ThreadPool]: Re-using an available connection from the pool (formerly create_airflow_driven_staging, now list_airflow_driven_staging)
[0m03:17:13.326294 [debug] [ThreadPool]: Using postgres connection "list_airflow_driven_staging"
[0m03:17:13.327191 [debug] [ThreadPool]: On list_airflow_driven_staging: BEGIN
[0m03:17:13.328116 [debug] [ThreadPool]: Opening a new connection, currently in state closed
[0m03:17:13.333517 [debug] [ThreadPool]: SQL status: BEGIN in 0.005 seconds
[0m03:17:13.334431 [debug] [ThreadPool]: Using postgres connection "list_airflow_driven_staging"
[0m03:17:13.335132 [debug] [ThreadPool]: On list_airflow_driven_staging: /* {"app": "dbt", "dbt_version": "1.8.0", "profile_name": "default", "target_name": "dev", "connection_name": "list_airflow_driven_staging"} */
select
      'airflow' as database,
      tablename as name,
      schemaname as schema,
      'table' as type
    from pg_tables
    where schemaname ilike 'driven_staging'
    union all
    select
      'airflow' as database,
      viewname as name,
      schemaname as schema,
      'view' as type
    from pg_views
    where schemaname ilike 'driven_staging'
    union all
    select
      'airflow' as database,
      matviewname as name,
      schemaname as schema,
      'materialized_view' as type
    from pg_matviews
    where schemaname ilike 'driven_staging'
  
[0m03:17:13.355334 [debug] [ThreadPool]: SQL status: SELECT 0 in 0.019 seconds
[0m03:17:13.357599 [debug] [ThreadPool]: On list_airflow_driven_staging: ROLLBACK
[0m03:17:13.359370 [debug] [ThreadPool]: On list_airflow_driven_staging: Close
[0m03:17:13.361050 [debug] [ThreadPool]: Re-using an available connection from the pool (formerly list_airflow_driven_staging, now list_airflow_driven_trusted)
[0m03:17:13.365634 [debug] [ThreadPool]: Using postgres connection "list_airflow_driven_trusted"
[0m03:17:13.366589 [debug] [ThreadPool]: On list_airflow_driven_trusted: BEGIN
[0m03:17:13.367419 [debug] [ThreadPool]: Opening a new connection, currently in state closed
[0m03:17:13.375501 [debug] [ThreadPool]: SQL status: BEGIN in 0.008 seconds
[0m03:17:13.376387 [debug] [ThreadPool]: Using postgres connection "list_airflow_driven_trusted"
[0m03:17:13.377083 [debug] [ThreadPool]: On list_airflow_driven_trusted: /* {"app": "dbt", "dbt_version": "1.8.0", "profile_name": "default", "target_name": "dev", "connection_name": "list_airflow_driven_trusted"} */
select
      'airflow' as database,
      tablename as name,
      schemaname as schema,
      'table' as type
    from pg_tables
    where schemaname ilike 'driven_trusted'
    union all
    select
      'airflow' as database,
      viewname as name,
      schemaname as schema,
      'view' as type
    from pg_views
    where schemaname ilike 'driven_trusted'
    union all
    select
      'airflow' as database,
      matviewname as name,
      schemaname as schema,
      'materialized_view' as type
    from pg_matviews
    where schemaname ilike 'driven_trusted'
  
[0m03:17:13.380768 [debug] [ThreadPool]: SQL status: SELECT 0 in 0.003 seconds
[0m03:17:13.382826 [debug] [ThreadPool]: On list_airflow_driven_trusted: ROLLBACK
[0m03:17:13.384063 [debug] [ThreadPool]: On list_airflow_driven_trusted: Close
[0m03:17:13.394259 [debug] [MainThread]: Using postgres connection "master"
[0m03:17:13.395304 [debug] [MainThread]: On master: BEGIN
[0m03:17:13.396272 [debug] [MainThread]: Opening a new connection, currently in state init
[0m03:17:13.401807 [debug] [MainThread]: SQL status: BEGIN in 0.005 seconds
[0m03:17:13.402704 [debug] [MainThread]: Using postgres connection "master"
[0m03:17:13.403595 [debug] [MainThread]: On master: /* {"app": "dbt", "dbt_version": "1.8.0", "profile_name": "default", "target_name": "dev", "connection_name": "master"} */
with relation as (
        select
            pg_rewrite.ev_class as class,
            pg_rewrite.oid as id
        from pg_rewrite
    ),
    class as (
        select
            oid as id,
            relname as name,
            relnamespace as schema,
            relkind as kind
        from pg_class
    ),
    dependency as (
        select distinct
            pg_depend.objid as id,
            pg_depend.refobjid as ref
        from pg_depend
    ),
    schema as (
        select
            pg_namespace.oid as id,
            pg_namespace.nspname as name
        from pg_namespace
        where nspname != 'information_schema' and nspname not like 'pg\_%'
    ),
    referenced as (
        select
            relation.id AS id,
            referenced_class.name ,
            referenced_class.schema ,
            referenced_class.kind
        from relation
        join class as referenced_class on relation.class=referenced_class.id
        where referenced_class.kind in ('r', 'v', 'm')
    ),
    relationships as (
        select
            referenced.name as referenced_name,
            referenced.schema as referenced_schema_id,
            dependent_class.name as dependent_name,
            dependent_class.schema as dependent_schema_id,
            referenced.kind as kind
        from referenced
        join dependency on referenced.id=dependency.id
        join class as dependent_class on dependency.ref=dependent_class.id
        where
            (referenced.name != dependent_class.name or
             referenced.schema != dependent_class.schema)
    )

    select
        referenced_schema.name as referenced_schema,
        relationships.referenced_name as referenced_name,
        dependent_schema.name as dependent_schema,
        relationships.dependent_name as dependent_name
    from relationships
    join schema as dependent_schema on relationships.dependent_schema_id=dependent_schema.id
    join schema as referenced_schema on relationships.referenced_schema_id=referenced_schema.id
    group by referenced_schema, referenced_name, dependent_schema, dependent_name
    order by referenced_schema, referenced_name, dependent_schema, dependent_name;
[0m03:17:13.411009 [debug] [MainThread]: SQL status: SELECT 0 in 0.006 seconds
[0m03:17:13.413275 [debug] [MainThread]: Sending event: {'category': 'dbt', 'action': 'runnable_timing', 'label': '55853a4f-b13e-47fa-ad71-3da7cb39f00c', 'context': [<snowplow_tracker.self_describing_json.SelfDescribingJson object at 0x763e6b7f92b0>]}
[0m03:17:13.414281 [debug] [MainThread]: On master: ROLLBACK
[0m03:17:13.415387 [debug] [MainThread]: Using postgres connection "master"
[0m03:17:13.416232 [debug] [MainThread]: On master: BEGIN
[0m03:17:13.417458 [debug] [MainThread]: SQL status: BEGIN in 0.000 seconds
[0m03:17:13.418338 [debug] [MainThread]: On master: COMMIT
[0m03:17:13.419355 [debug] [MainThread]: Using postgres connection "master"
[0m03:17:13.420216 [debug] [MainThread]: On master: COMMIT
[0m03:17:13.421281 [debug] [MainThread]: SQL status: COMMIT in 0.000 seconds
[0m03:17:13.422006 [debug] [MainThread]: On master: Close
[0m03:17:13.423055 [info ] [MainThread]: Concurrency: 1 threads (target='dev')
[0m03:17:13.424102 [info ] [MainThread]: 
[0m03:17:13.437421 [debug] [Thread-1 (]: Began running node model.dbt_driven_data.staging_dim_address
[0m03:17:13.438914 [info ] [Thread-1 (]: 1 of 5 START sql table model driven_staging.dim_address ........................ [RUN]
[0m03:17:13.440214 [debug] [Thread-1 (]: Re-using an available connection from the pool (formerly list_airflow_driven_trusted, now model.dbt_driven_data.staging_dim_address)
[0m03:17:13.441231 [debug] [Thread-1 (]: Began compiling node model.dbt_driven_data.staging_dim_address
[0m03:17:13.519414 [debug] [Thread-1 (]: Writing injected SQL for node "model.dbt_driven_data.staging_dim_address"
[0m03:17:13.544095 [debug] [Thread-1 (]: Began executing node model.dbt_driven_data.staging_dim_address
[0m03:17:13.597371 [debug] [Thread-1 (]: Writing runtime sql for node "model.dbt_driven_data.staging_dim_address"
[0m03:17:13.620732 [debug] [Thread-1 (]: Using postgres connection "model.dbt_driven_data.staging_dim_address"
[0m03:17:13.621792 [debug] [Thread-1 (]: On model.dbt_driven_data.staging_dim_address: BEGIN
[0m03:17:13.622775 [debug] [Thread-1 (]: Opening a new connection, currently in state closed
[0m03:17:13.630271 [debug] [Thread-1 (]: SQL status: BEGIN in 0.007 seconds
[0m03:17:13.631245 [debug] [Thread-1 (]: Using postgres connection "model.dbt_driven_data.staging_dim_address"
[0m03:17:13.632287 [debug] [Thread-1 (]: On model.dbt_driven_data.staging_dim_address: /* {"app": "dbt", "dbt_version": "1.8.0", "profile_name": "default", "target_name": "dev", "node_id": "model.dbt_driven_data.staging_dim_address"} */

  
    

  create  table "airflow"."driven_staging"."dim_address__dbt_tmp"
  
  
    as
  
  (
     
 
WITH source_data AS ( 
    SELECT 
        unique_id, 
        address, 
        mac_address, 
        ip_address 
    FROM 
        "airflow"."driven_raw"."raw_batch_data" 
) 
 
SELECT 
    * 
FROM 
    source_data
  );
  
[0m03:17:13.635511 [debug] [Thread-1 (]: SQL status: SELECT 10 in 0.002 seconds
[0m03:17:13.644781 [debug] [Thread-1 (]: Using postgres connection "model.dbt_driven_data.staging_dim_address"
[0m03:17:13.646045 [debug] [Thread-1 (]: On model.dbt_driven_data.staging_dim_address: /* {"app": "dbt", "dbt_version": "1.8.0", "profile_name": "default", "target_name": "dev", "node_id": "model.dbt_driven_data.staging_dim_address"} */
alter table "airflow"."driven_staging"."dim_address__dbt_tmp" rename to "dim_address"
[0m03:17:13.650557 [debug] [Thread-1 (]: SQL status: ALTER TABLE in 0.003 seconds
[0m03:17:13.679125 [debug] [Thread-1 (]: On model.dbt_driven_data.staging_dim_address: COMMIT
[0m03:17:13.680483 [debug] [Thread-1 (]: Using postgres connection "model.dbt_driven_data.staging_dim_address"
[0m03:17:13.681457 [debug] [Thread-1 (]: On model.dbt_driven_data.staging_dim_address: COMMIT
[0m03:17:13.684334 [debug] [Thread-1 (]: SQL status: COMMIT in 0.002 seconds
[0m03:17:13.693057 [debug] [Thread-1 (]: Applying DROP to: "airflow"."driven_staging"."dim_address__dbt_backup"
[0m03:17:13.701854 [debug] [Thread-1 (]: Using postgres connection "model.dbt_driven_data.staging_dim_address"
[0m03:17:13.703068 [debug] [Thread-1 (]: On model.dbt_driven_data.staging_dim_address: /* {"app": "dbt", "dbt_version": "1.8.0", "profile_name": "default", "target_name": "dev", "node_id": "model.dbt_driven_data.staging_dim_address"} */
drop table if exists "airflow"."driven_staging"."dim_address__dbt_backup" cascade
[0m03:17:13.708101 [debug] [Thread-1 (]: SQL status: DROP TABLE in 0.004 seconds
[0m03:17:13.712287 [debug] [Thread-1 (]: On model.dbt_driven_data.staging_dim_address: Close
[0m03:17:13.715019 [debug] [Thread-1 (]: Sending event: {'category': 'dbt', 'action': 'run_model', 'label': '55853a4f-b13e-47fa-ad71-3da7cb39f00c', 'context': [<snowplow_tracker.self_describing_json.SelfDescribingJson object at 0x763e6a3333e0>]}
[0m03:17:13.716954 [info ] [Thread-1 (]: 1 of 5 OK created sql table model driven_staging.dim_address ................... [[32mSELECT 10[0m in 0.27s]
[0m03:17:13.718440 [debug] [Thread-1 (]: Finished running node model.dbt_driven_data.staging_dim_address
[0m03:17:13.719552 [debug] [Thread-1 (]: Began running node model.dbt_driven_data.staging_dim_date
[0m03:17:13.720726 [info ] [Thread-1 (]: 2 of 5 START sql table model driven_staging.dim_date ........................... [RUN]
[0m03:17:13.721898 [debug] [Thread-1 (]: Re-using an available connection from the pool (formerly model.dbt_driven_data.staging_dim_address, now model.dbt_driven_data.staging_dim_date)
[0m03:17:13.722838 [debug] [Thread-1 (]: Began compiling node model.dbt_driven_data.staging_dim_date
[0m03:17:13.727780 [debug] [Thread-1 (]: Writing injected SQL for node "model.dbt_driven_data.staging_dim_date"
[0m03:17:13.738837 [debug] [Thread-1 (]: Began executing node model.dbt_driven_data.staging_dim_date
[0m03:17:13.744028 [debug] [Thread-1 (]: Writing runtime sql for node "model.dbt_driven_data.staging_dim_date"
[0m03:17:13.753009 [debug] [Thread-1 (]: Using postgres connection "model.dbt_driven_data.staging_dim_date"
[0m03:17:13.753913 [debug] [Thread-1 (]: On model.dbt_driven_data.staging_dim_date: BEGIN
[0m03:17:13.754730 [debug] [Thread-1 (]: Opening a new connection, currently in state closed
[0m03:17:13.760105 [debug] [Thread-1 (]: SQL status: BEGIN in 0.005 seconds
[0m03:17:13.761014 [debug] [Thread-1 (]: Using postgres connection "model.dbt_driven_data.staging_dim_date"
[0m03:17:13.761888 [debug] [Thread-1 (]: On model.dbt_driven_data.staging_dim_date: /* {"app": "dbt", "dbt_version": "1.8.0", "profile_name": "default", "target_name": "dev", "node_id": "model.dbt_driven_data.staging_dim_date"} */

  
    

  create  table "airflow"."driven_staging"."dim_date__dbt_tmp"
  
  
    as
  
  (
     
 
WITH source_data AS ( 
 
 
    SELECT 
        unique_id, 
        accessed_at 
    FROM 
        "airflow"."driven_raw"."raw_batch_data" 
) 
 
SELECT 
    * 
FROM 
    source_data
  );
  
[0m03:17:13.765411 [debug] [Thread-1 (]: SQL status: SELECT 10 in 0.002 seconds
[0m03:17:13.770224 [debug] [Thread-1 (]: Using postgres connection "model.dbt_driven_data.staging_dim_date"
[0m03:17:13.771363 [debug] [Thread-1 (]: On model.dbt_driven_data.staging_dim_date: /* {"app": "dbt", "dbt_version": "1.8.0", "profile_name": "default", "target_name": "dev", "node_id": "model.dbt_driven_data.staging_dim_date"} */
alter table "airflow"."driven_staging"."dim_date__dbt_tmp" rename to "dim_date"
[0m03:17:13.772940 [debug] [Thread-1 (]: SQL status: ALTER TABLE in 0.001 seconds
[0m03:17:13.775927 [debug] [Thread-1 (]: On model.dbt_driven_data.staging_dim_date: COMMIT
[0m03:17:13.776906 [debug] [Thread-1 (]: Using postgres connection "model.dbt_driven_data.staging_dim_date"
[0m03:17:13.777788 [debug] [Thread-1 (]: On model.dbt_driven_data.staging_dim_date: COMMIT
[0m03:17:13.780881 [debug] [Thread-1 (]: SQL status: COMMIT in 0.002 seconds
[0m03:17:13.784679 [debug] [Thread-1 (]: Applying DROP to: "airflow"."driven_staging"."dim_date__dbt_backup"
[0m03:17:13.786239 [debug] [Thread-1 (]: Using postgres connection "model.dbt_driven_data.staging_dim_date"
[0m03:17:13.787339 [debug] [Thread-1 (]: On model.dbt_driven_data.staging_dim_date: /* {"app": "dbt", "dbt_version": "1.8.0", "profile_name": "default", "target_name": "dev", "node_id": "model.dbt_driven_data.staging_dim_date"} */
drop table if exists "airflow"."driven_staging"."dim_date__dbt_backup" cascade
[0m03:17:13.788822 [debug] [Thread-1 (]: SQL status: DROP TABLE in 0.000 seconds
[0m03:17:13.791177 [debug] [Thread-1 (]: On model.dbt_driven_data.staging_dim_date: Close
[0m03:17:13.792658 [debug] [Thread-1 (]: Sending event: {'category': 'dbt', 'action': 'run_model', 'label': '55853a4f-b13e-47fa-ad71-3da7cb39f00c', 'context': [<snowplow_tracker.self_describing_json.SelfDescribingJson object at 0x763e6ba228d0>]}
[0m03:17:13.795024 [info ] [Thread-1 (]: 2 of 5 OK created sql table model driven_staging.dim_date ...................... [[32mSELECT 10[0m in 0.07s]
[0m03:17:13.796773 [debug] [Thread-1 (]: Finished running node model.dbt_driven_data.staging_dim_date
[0m03:17:13.798199 [debug] [Thread-1 (]: Began running node model.dbt_driven_data.staging_dim_finance
[0m03:17:13.799830 [info ] [Thread-1 (]: 3 of 5 START sql table model driven_staging.dim_finance ........................ [RUN]
[0m03:17:13.801482 [debug] [Thread-1 (]: Re-using an available connection from the pool (formerly model.dbt_driven_data.staging_dim_date, now model.dbt_driven_data.staging_dim_finance)
[0m03:17:13.802578 [debug] [Thread-1 (]: Began compiling node model.dbt_driven_data.staging_dim_finance
[0m03:17:13.807660 [debug] [Thread-1 (]: Writing injected SQL for node "model.dbt_driven_data.staging_dim_finance"
[0m03:17:13.821419 [debug] [Thread-1 (]: Began executing node model.dbt_driven_data.staging_dim_finance
[0m03:17:13.833403 [debug] [Thread-1 (]: Writing runtime sql for node "model.dbt_driven_data.staging_dim_finance"
[0m03:17:13.849368 [debug] [Thread-1 (]: Using postgres connection "model.dbt_driven_data.staging_dim_finance"
[0m03:17:13.851193 [debug] [Thread-1 (]: On model.dbt_driven_data.staging_dim_finance: BEGIN
[0m03:17:13.852738 [debug] [Thread-1 (]: Opening a new connection, currently in state closed
[0m03:17:13.860318 [debug] [Thread-1 (]: SQL status: BEGIN in 0.007 seconds
[0m03:17:13.861882 [debug] [Thread-1 (]: Using postgres connection "model.dbt_driven_data.staging_dim_finance"
[0m03:17:13.863179 [debug] [Thread-1 (]: On model.dbt_driven_data.staging_dim_finance: /* {"app": "dbt", "dbt_version": "1.8.0", "profile_name": "default", "target_name": "dev", "node_id": "model.dbt_driven_data.staging_dim_finance"} */

  
    

  create  table "airflow"."driven_staging"."dim_finance__dbt_tmp"
  
  
    as
  
  (
     
 
WITH source_data AS ( 
    SELECT 
        unique_id, 
        iban 
    FROM 
        "airflow"."driven_raw"."raw_batch_data" 
) 
 
SELECT 
    * 
FROM 
    source_data
  );
  
[0m03:17:13.869738 [debug] [Thread-1 (]: SQL status: SELECT 10 in 0.005 seconds
[0m03:17:13.874690 [debug] [Thread-1 (]: Using postgres connection "model.dbt_driven_data.staging_dim_finance"
[0m03:17:13.875827 [debug] [Thread-1 (]: On model.dbt_driven_data.staging_dim_finance: /* {"app": "dbt", "dbt_version": "1.8.0", "profile_name": "default", "target_name": "dev", "node_id": "model.dbt_driven_data.staging_dim_finance"} */
alter table "airflow"."driven_staging"."dim_finance__dbt_tmp" rename to "dim_finance"
[0m03:17:13.877464 [debug] [Thread-1 (]: SQL status: ALTER TABLE in 0.001 seconds
[0m03:17:13.880685 [debug] [Thread-1 (]: On model.dbt_driven_data.staging_dim_finance: COMMIT
[0m03:17:13.881761 [debug] [Thread-1 (]: Using postgres connection "model.dbt_driven_data.staging_dim_finance"
[0m03:17:13.882772 [debug] [Thread-1 (]: On model.dbt_driven_data.staging_dim_finance: COMMIT
[0m03:17:13.886795 [debug] [Thread-1 (]: SQL status: COMMIT in 0.003 seconds
[0m03:17:13.891132 [debug] [Thread-1 (]: Applying DROP to: "airflow"."driven_staging"."dim_finance__dbt_backup"
[0m03:17:13.892745 [debug] [Thread-1 (]: Using postgres connection "model.dbt_driven_data.staging_dim_finance"
[0m03:17:13.893683 [debug] [Thread-1 (]: On model.dbt_driven_data.staging_dim_finance: /* {"app": "dbt", "dbt_version": "1.8.0", "profile_name": "default", "target_name": "dev", "node_id": "model.dbt_driven_data.staging_dim_finance"} */
drop table if exists "airflow"."driven_staging"."dim_finance__dbt_backup" cascade
[0m03:17:13.895102 [debug] [Thread-1 (]: SQL status: DROP TABLE in 0.000 seconds
[0m03:17:13.897483 [debug] [Thread-1 (]: On model.dbt_driven_data.staging_dim_finance: Close
[0m03:17:13.899052 [debug] [Thread-1 (]: Sending event: {'category': 'dbt', 'action': 'run_model', 'label': '55853a4f-b13e-47fa-ad71-3da7cb39f00c', 'context': [<snowplow_tracker.self_describing_json.SelfDescribingJson object at 0x763e6b8e5a60>]}
[0m03:17:13.900575 [info ] [Thread-1 (]: 3 of 5 OK created sql table model driven_staging.dim_finance ................... [[32mSELECT 10[0m in 0.10s]
[0m03:17:13.902209 [debug] [Thread-1 (]: Finished running node model.dbt_driven_data.staging_dim_finance
[0m03:17:13.903362 [debug] [Thread-1 (]: Began running node model.dbt_driven_data.staging_dim_person
[0m03:17:13.904418 [info ] [Thread-1 (]: 4 of 5 START sql table model driven_staging.dim_person ......................... [RUN]
[0m03:17:13.905603 [debug] [Thread-1 (]: Re-using an available connection from the pool (formerly model.dbt_driven_data.staging_dim_finance, now model.dbt_driven_data.staging_dim_person)
[0m03:17:13.906443 [debug] [Thread-1 (]: Began compiling node model.dbt_driven_data.staging_dim_person
[0m03:17:13.910988 [debug] [Thread-1 (]: Writing injected SQL for node "model.dbt_driven_data.staging_dim_person"
[0m03:17:13.920447 [debug] [Thread-1 (]: Began executing node model.dbt_driven_data.staging_dim_person
[0m03:17:13.926181 [debug] [Thread-1 (]: Writing runtime sql for node "model.dbt_driven_data.staging_dim_person"
[0m03:17:13.936682 [debug] [Thread-1 (]: Using postgres connection "model.dbt_driven_data.staging_dim_person"
[0m03:17:13.937659 [debug] [Thread-1 (]: On model.dbt_driven_data.staging_dim_person: BEGIN
[0m03:17:13.938449 [debug] [Thread-1 (]: Opening a new connection, currently in state closed
[0m03:17:13.944096 [debug] [Thread-1 (]: SQL status: BEGIN in 0.005 seconds
[0m03:17:13.945109 [debug] [Thread-1 (]: Using postgres connection "model.dbt_driven_data.staging_dim_person"
[0m03:17:13.946049 [debug] [Thread-1 (]: On model.dbt_driven_data.staging_dim_person: /* {"app": "dbt", "dbt_version": "1.8.0", "profile_name": "default", "target_name": "dev", "node_id": "model.dbt_driven_data.staging_dim_person"} */

  
    

  create  table "airflow"."driven_staging"."dim_person__dbt_tmp"
  
  
    as
  
  (
     
 
WITH source_data AS ( 
    SELECT 
        unique_id, 
 
 
        person_name, 
        user_name, 
        email, 
        phone, 
        birth_date, 
        personal_number 
    FROM 
        "airflow"."driven_raw"."raw_batch_data" 
) 
 
SELECT 
    * 
FROM 
    source_data
  );
  
[0m03:17:13.954447 [debug] [Thread-1 (]: SQL status: SELECT 10 in 0.007 seconds
[0m03:17:13.958611 [debug] [Thread-1 (]: Using postgres connection "model.dbt_driven_data.staging_dim_person"
[0m03:17:13.959512 [debug] [Thread-1 (]: On model.dbt_driven_data.staging_dim_person: /* {"app": "dbt", "dbt_version": "1.8.0", "profile_name": "default", "target_name": "dev", "node_id": "model.dbt_driven_data.staging_dim_person"} */
alter table "airflow"."driven_staging"."dim_person__dbt_tmp" rename to "dim_person"
[0m03:17:13.961077 [debug] [Thread-1 (]: SQL status: ALTER TABLE in 0.001 seconds
[0m03:17:13.963882 [debug] [Thread-1 (]: On model.dbt_driven_data.staging_dim_person: COMMIT
[0m03:17:13.964833 [debug] [Thread-1 (]: Using postgres connection "model.dbt_driven_data.staging_dim_person"
[0m03:17:13.965801 [debug] [Thread-1 (]: On model.dbt_driven_data.staging_dim_person: COMMIT
[0m03:17:13.968590 [debug] [Thread-1 (]: SQL status: COMMIT in 0.002 seconds
[0m03:17:13.972279 [debug] [Thread-1 (]: Applying DROP to: "airflow"."driven_staging"."dim_person__dbt_backup"
[0m03:17:13.973738 [debug] [Thread-1 (]: Using postgres connection "model.dbt_driven_data.staging_dim_person"
[0m03:17:13.974670 [debug] [Thread-1 (]: On model.dbt_driven_data.staging_dim_person: /* {"app": "dbt", "dbt_version": "1.8.0", "profile_name": "default", "target_name": "dev", "node_id": "model.dbt_driven_data.staging_dim_person"} */
drop table if exists "airflow"."driven_staging"."dim_person__dbt_backup" cascade
[0m03:17:13.976082 [debug] [Thread-1 (]: SQL status: DROP TABLE in 0.000 seconds
[0m03:17:13.978298 [debug] [Thread-1 (]: On model.dbt_driven_data.staging_dim_person: Close
[0m03:17:13.979549 [debug] [Thread-1 (]: Sending event: {'category': 'dbt', 'action': 'run_model', 'label': '55853a4f-b13e-47fa-ad71-3da7cb39f00c', 'context': [<snowplow_tracker.self_describing_json.SelfDescribingJson object at 0x763e6a77ca70>]}
[0m03:17:13.981027 [info ] [Thread-1 (]: 4 of 5 OK created sql table model driven_staging.dim_person .................... [[32mSELECT 10[0m in 0.07s]
[0m03:17:13.982580 [debug] [Thread-1 (]: Finished running node model.dbt_driven_data.staging_dim_person
[0m03:17:13.983669 [debug] [Thread-1 (]: Began running node model.dbt_driven_data.staging_fact_network_usage
[0m03:17:13.984704 [info ] [Thread-1 (]: 5 of 5 START sql table model driven_staging.fact_network_usage ................. [RUN]
[0m03:17:13.985729 [debug] [Thread-1 (]: Re-using an available connection from the pool (formerly model.dbt_driven_data.staging_dim_person, now model.dbt_driven_data.staging_fact_network_usage)
[0m03:17:13.986627 [debug] [Thread-1 (]: Began compiling node model.dbt_driven_data.staging_fact_network_usage
[0m03:17:13.990861 [debug] [Thread-1 (]: Writing injected SQL for node "model.dbt_driven_data.staging_fact_network_usage"
[0m03:17:14.001329 [debug] [Thread-1 (]: Began executing node model.dbt_driven_data.staging_fact_network_usage
[0m03:17:14.006137 [debug] [Thread-1 (]: Writing runtime sql for node "model.dbt_driven_data.staging_fact_network_usage"
[0m03:17:14.014493 [debug] [Thread-1 (]: Using postgres connection "model.dbt_driven_data.staging_fact_network_usage"
[0m03:17:14.015481 [debug] [Thread-1 (]: On model.dbt_driven_data.staging_fact_network_usage: BEGIN
[0m03:17:14.016337 [debug] [Thread-1 (]: Opening a new connection, currently in state closed
[0m03:17:14.021836 [debug] [Thread-1 (]: SQL status: BEGIN in 0.005 seconds
[0m03:17:14.022811 [debug] [Thread-1 (]: Using postgres connection "model.dbt_driven_data.staging_fact_network_usage"
[0m03:17:14.023732 [debug] [Thread-1 (]: On model.dbt_driven_data.staging_fact_network_usage: /* {"app": "dbt", "dbt_version": "1.8.0", "profile_name": "default", "target_name": "dev", "node_id": "model.dbt_driven_data.staging_fact_network_usage"} */

  
    

  create  table "airflow"."driven_staging"."fact_network_usage__dbt_tmp"
  
  
    as
  
  (
     
 
WITH source_data AS ( 
    SELECT 
        unique_id, 
        session_duration, 
        download_speed, 
        upload_speed, 
        consumed_traffic 
    FROM 
        "airflow"."driven_raw"."raw_batch_data" 
) 
 
SELECT 
    * 
FROM 
    source_data
  );
  
[0m03:17:14.028603 [debug] [Thread-1 (]: SQL status: SELECT 10 in 0.004 seconds
[0m03:17:14.032771 [debug] [Thread-1 (]: Using postgres connection "model.dbt_driven_data.staging_fact_network_usage"
[0m03:17:14.033636 [debug] [Thread-1 (]: On model.dbt_driven_data.staging_fact_network_usage: /* {"app": "dbt", "dbt_version": "1.8.0", "profile_name": "default", "target_name": "dev", "node_id": "model.dbt_driven_data.staging_fact_network_usage"} */
alter table "airflow"."driven_staging"."fact_network_usage__dbt_tmp" rename to "fact_network_usage"
[0m03:17:14.034931 [debug] [Thread-1 (]: SQL status: ALTER TABLE in 0.001 seconds
[0m03:17:14.037442 [debug] [Thread-1 (]: On model.dbt_driven_data.staging_fact_network_usage: COMMIT
[0m03:17:14.038222 [debug] [Thread-1 (]: Using postgres connection "model.dbt_driven_data.staging_fact_network_usage"
[0m03:17:14.039009 [debug] [Thread-1 (]: On model.dbt_driven_data.staging_fact_network_usage: COMMIT
[0m03:17:14.041326 [debug] [Thread-1 (]: SQL status: COMMIT in 0.002 seconds
[0m03:17:14.044576 [debug] [Thread-1 (]: Applying DROP to: "airflow"."driven_staging"."fact_network_usage__dbt_backup"
[0m03:17:14.046033 [debug] [Thread-1 (]: Using postgres connection "model.dbt_driven_data.staging_fact_network_usage"
[0m03:17:14.047022 [debug] [Thread-1 (]: On model.dbt_driven_data.staging_fact_network_usage: /* {"app": "dbt", "dbt_version": "1.8.0", "profile_name": "default", "target_name": "dev", "node_id": "model.dbt_driven_data.staging_fact_network_usage"} */
drop table if exists "airflow"."driven_staging"."fact_network_usage__dbt_backup" cascade
[0m03:17:14.048455 [debug] [Thread-1 (]: SQL status: DROP TABLE in 0.000 seconds
[0m03:17:14.050817 [debug] [Thread-1 (]: On model.dbt_driven_data.staging_fact_network_usage: Close
[0m03:17:14.052672 [debug] [Thread-1 (]: Sending event: {'category': 'dbt', 'action': 'run_model', 'label': '55853a4f-b13e-47fa-ad71-3da7cb39f00c', 'context': [<snowplow_tracker.self_describing_json.SelfDescribingJson object at 0x763e6a31c2c0>]}
[0m03:17:14.054312 [info ] [Thread-1 (]: 5 of 5 OK created sql table model driven_staging.fact_network_usage ............ [[32mSELECT 10[0m in 0.07s]
[0m03:17:14.055778 [debug] [Thread-1 (]: Finished running node model.dbt_driven_data.staging_fact_network_usage
[0m03:17:14.058342 [debug] [MainThread]: Using postgres connection "master"
[0m03:17:14.059211 [debug] [MainThread]: On master: BEGIN
[0m03:17:14.060077 [debug] [MainThread]: Opening a new connection, currently in state closed
[0m03:17:14.065203 [debug] [MainThread]: SQL status: BEGIN in 0.005 seconds
[0m03:17:14.066192 [debug] [MainThread]: On master: COMMIT
[0m03:17:14.067065 [debug] [MainThread]: Using postgres connection "master"
[0m03:17:14.067908 [debug] [MainThread]: On master: COMMIT
[0m03:17:14.069066 [debug] [MainThread]: SQL status: COMMIT in 0.000 seconds
[0m03:17:14.070070 [debug] [MainThread]: On master: Close
[0m03:17:14.071397 [debug] [MainThread]: Connection 'master' was properly closed.
[0m03:17:14.072414 [debug] [MainThread]: Connection 'model.dbt_driven_data.staging_fact_network_usage' was properly closed.
[0m03:17:14.073557 [info ] [MainThread]: 
[0m03:17:14.074536 [info ] [MainThread]: Finished running 5 table models in 0 hours 0 minutes and 0.86 seconds (0.86s).
[0m03:17:14.076888 [debug] [MainThread]: Command end result
[0m03:17:14.165699 [info ] [MainThread]: 
[0m03:17:14.167544 [info ] [MainThread]: [32mCompleted successfully[0m
[0m03:17:14.169278 [info ] [MainThread]: 
[0m03:17:14.171039 [info ] [MainThread]: Done. PASS=5 WARN=0 ERROR=0 SKIP=0 TOTAL=5
[0m03:17:14.174694 [debug] [MainThread]: Resource report: {"command_name": "run", "command_success": true, "command_wall_clock_time": 5.3206267, "process_user_time": 8.333685, "process_kernel_time": 3.368856, "process_mem_max_rss": "122764", "process_in_blocks": "59136", "process_out_blocks": "4056"}
[0m03:17:14.177071 [debug] [MainThread]: Command `dbt run` succeeded at 03:17:14.176649 after 5.32 seconds
[0m03:17:14.178855 [debug] [MainThread]: Sending event: {'category': 'dbt', 'action': 'invocation', 'label': 'end', 'context': [<snowplow_tracker.self_describing_json.SelfDescribingJson object at 0x763e6c2192e0>, <snowplow_tracker.self_describing_json.SelfDescribingJson object at 0x763e684892e0>, <snowplow_tracker.self_describing_json.SelfDescribingJson object at 0x763e68488860>]}
[0m03:17:14.180977 [debug] [MainThread]: Flushing usage events
[0m03:17:19.692800 [debug] [MainThread]: Sending event: {'category': 'dbt', 'action': 'invocation', 'label': 'start', 'context': [<snowplow_tracker.self_describing_json.SelfDescribingJson object at 0x71a5e3c4d220>, <snowplow_tracker.self_describing_json.SelfDescribingJson object at 0x71a5e3c4eba0>, <snowplow_tracker.self_describing_json.SelfDescribingJson object at 0x71a5e644f320>]}


============================== 03:17:19.702643 | b6f3bf5a-7336-47c3-ae71-aa2684476365 ==============================
[0m03:17:19.702643 [info ] [MainThread]: Running with dbt=1.8.0
[0m03:17:19.704200 [debug] [MainThread]: running dbt with arguments {'printer_width': '80', 'indirect_selection': 'eager', 'log_cache_events': 'False', 'write_json': 'True', 'partial_parse': 'True', 'cache_selected_only': 'False', 'profiles_dir': '/opt/airflow/dbt', 'debug': 'False', 'version_check': 'True', 'log_path': '/opt/airflow/dbt/logs', 'fail_fast': 'False', 'warn_error': 'None', 'use_colors': 'True', 'use_experimental_parser': 'False', 'no_print': 'None', 'quiet': 'False', 'warn_error_options': 'WarnErrorOptions(include=[], exclude=[])', 'invocation_command': 'dbt run --select tag:trusted', 'introspect': 'True', 'static_parser': 'True', 'target_path': 'None', 'log_format': 'default', 'send_anonymous_usage_stats': 'True'}
[0m03:17:20.063832 [debug] [MainThread]: Sending event: {'category': 'dbt', 'action': 'project_id', 'label': 'b6f3bf5a-7336-47c3-ae71-aa2684476365', 'context': [<snowplow_tracker.self_describing_json.SelfDescribingJson object at 0x71a5e3744470>]}
[0m03:17:20.166171 [debug] [MainThread]: Sending event: {'category': 'dbt', 'action': 'adapter_info', 'label': 'b6f3bf5a-7336-47c3-ae71-aa2684476365', 'context': [<snowplow_tracker.self_describing_json.SelfDescribingJson object at 0x71a5e3c4eba0>]}
[0m03:17:20.169063 [info ] [MainThread]: Registered adapter: postgres=1.8.2
[0m03:17:20.314891 [debug] [MainThread]: checksum: dbb12d416fdb55e3665e4828703bbedf40c5c90ed7ca6ff39bbbfb29b12b0a92, vars: {}, profile: , target: , version: 1.8.0
[0m03:17:20.666281 [debug] [MainThread]: Partial parsing enabled: 0 files deleted, 0 files added, 0 files changed.
[0m03:17:20.667328 [debug] [MainThread]: Partial parsing enabled, no changes found, skipping parsing
[0m03:17:20.731678 [debug] [MainThread]: Sending event: {'category': 'dbt', 'action': 'load_project', 'label': 'b6f3bf5a-7336-47c3-ae71-aa2684476365', 'context': [<snowplow_tracker.self_describing_json.SelfDescribingJson object at 0x71a5e2f32d80>]}
[0m03:17:20.938773 [debug] [MainThread]: Sending event: {'category': 'dbt', 'action': 'resource_counts', 'label': 'b6f3bf5a-7336-47c3-ae71-aa2684476365', 'context': [<snowplow_tracker.self_describing_json.SelfDescribingJson object at 0x71a5e2355640>]}
[0m03:17:20.940007 [info ] [MainThread]: Found 9 models, 10 sources, 428 macros
[0m03:17:20.941340 [debug] [MainThread]: Sending event: {'category': 'dbt', 'action': 'runnable_timing', 'label': 'b6f3bf5a-7336-47c3-ae71-aa2684476365', 'context': [<snowplow_tracker.self_describing_json.SelfDescribingJson object at 0x71a5e2333e60>]}
[0m03:17:20.945374 [info ] [MainThread]: 
[0m03:17:20.947397 [debug] [MainThread]: Acquiring new postgres connection 'master'
[0m03:17:20.956623 [debug] [ThreadPool]: Acquiring new postgres connection 'list_airflow'
[0m03:17:21.013885 [debug] [ThreadPool]: Using postgres connection "list_airflow"
[0m03:17:21.015199 [debug] [ThreadPool]: On list_airflow: /* {"app": "dbt", "dbt_version": "1.8.0", "profile_name": "default", "target_name": "dev", "connection_name": "list_airflow"} */

    select distinct nspname from pg_namespace
  
[0m03:17:21.016348 [debug] [ThreadPool]: Opening a new connection, currently in state init
[0m03:17:21.024614 [debug] [ThreadPool]: SQL status: SELECT 6 in 0.008 seconds
[0m03:17:21.026921 [debug] [ThreadPool]: On list_airflow: Close
[0m03:17:21.028523 [debug] [ThreadPool]: Re-using an available connection from the pool (formerly list_airflow, now create_airflow_driven_trusted)
[0m03:17:21.029674 [debug] [ThreadPool]: Creating schema "database: "airflow"
schema: "driven_trusted"
"
[0m03:17:21.037069 [debug] [ThreadPool]: Using postgres connection "create_airflow_driven_trusted"
[0m03:17:21.038132 [debug] [ThreadPool]: On create_airflow_driven_trusted: BEGIN
[0m03:17:21.039144 [debug] [ThreadPool]: Opening a new connection, currently in state closed
[0m03:17:21.045633 [debug] [ThreadPool]: SQL status: BEGIN in 0.006 seconds
[0m03:17:21.046692 [debug] [ThreadPool]: Using postgres connection "create_airflow_driven_trusted"
[0m03:17:21.047674 [debug] [ThreadPool]: On create_airflow_driven_trusted: /* {"app": "dbt", "dbt_version": "1.8.0", "profile_name": "default", "target_name": "dev", "connection_name": "create_airflow_driven_trusted"} */
create schema if not exists "driven_trusted"
[0m03:17:21.049271 [debug] [ThreadPool]: SQL status: CREATE SCHEMA in 0.001 seconds
[0m03:17:21.051111 [debug] [ThreadPool]: On create_airflow_driven_trusted: COMMIT
[0m03:17:21.051997 [debug] [ThreadPool]: Using postgres connection "create_airflow_driven_trusted"
[0m03:17:21.052717 [debug] [ThreadPool]: On create_airflow_driven_trusted: COMMIT
[0m03:17:21.060161 [debug] [ThreadPool]: SQL status: COMMIT in 0.007 seconds
[0m03:17:21.061086 [debug] [ThreadPool]: On create_airflow_driven_trusted: Close
[0m03:17:21.064324 [debug] [ThreadPool]: Re-using an available connection from the pool (formerly create_airflow_driven_trusted, now list_airflow_driven_staging)
[0m03:17:21.071755 [debug] [ThreadPool]: Using postgres connection "list_airflow_driven_staging"
[0m03:17:21.072659 [debug] [ThreadPool]: On list_airflow_driven_staging: BEGIN
[0m03:17:21.073389 [debug] [ThreadPool]: Opening a new connection, currently in state closed
[0m03:17:21.079265 [debug] [ThreadPool]: SQL status: BEGIN in 0.006 seconds
[0m03:17:21.080283 [debug] [ThreadPool]: Using postgres connection "list_airflow_driven_staging"
[0m03:17:21.081279 [debug] [ThreadPool]: On list_airflow_driven_staging: /* {"app": "dbt", "dbt_version": "1.8.0", "profile_name": "default", "target_name": "dev", "connection_name": "list_airflow_driven_staging"} */
select
      'airflow' as database,
      tablename as name,
      schemaname as schema,
      'table' as type
    from pg_tables
    where schemaname ilike 'driven_staging'
    union all
    select
      'airflow' as database,
      viewname as name,
      schemaname as schema,
      'view' as type
    from pg_views
    where schemaname ilike 'driven_staging'
    union all
    select
      'airflow' as database,
      matviewname as name,
      schemaname as schema,
      'materialized_view' as type
    from pg_matviews
    where schemaname ilike 'driven_staging'
  
[0m03:17:21.085194 [debug] [ThreadPool]: SQL status: SELECT 5 in 0.003 seconds
[0m03:17:21.087469 [debug] [ThreadPool]: On list_airflow_driven_staging: ROLLBACK
[0m03:17:21.088471 [debug] [ThreadPool]: On list_airflow_driven_staging: Close
[0m03:17:21.089648 [debug] [ThreadPool]: Re-using an available connection from the pool (formerly list_airflow_driven_staging, now list_airflow_driven_trusted)
[0m03:17:21.094831 [debug] [ThreadPool]: Using postgres connection "list_airflow_driven_trusted"
[0m03:17:21.095890 [debug] [ThreadPool]: On list_airflow_driven_trusted: BEGIN
[0m03:17:21.096884 [debug] [ThreadPool]: Opening a new connection, currently in state closed
[0m03:17:21.102861 [debug] [ThreadPool]: SQL status: BEGIN in 0.006 seconds
[0m03:17:21.103755 [debug] [ThreadPool]: Using postgres connection "list_airflow_driven_trusted"
[0m03:17:21.104605 [debug] [ThreadPool]: On list_airflow_driven_trusted: /* {"app": "dbt", "dbt_version": "1.8.0", "profile_name": "default", "target_name": "dev", "connection_name": "list_airflow_driven_trusted"} */
select
      'airflow' as database,
      tablename as name,
      schemaname as schema,
      'table' as type
    from pg_tables
    where schemaname ilike 'driven_trusted'
    union all
    select
      'airflow' as database,
      viewname as name,
      schemaname as schema,
      'view' as type
    from pg_views
    where schemaname ilike 'driven_trusted'
    union all
    select
      'airflow' as database,
      matviewname as name,
      schemaname as schema,
      'materialized_view' as type
    from pg_matviews
    where schemaname ilike 'driven_trusted'
  
[0m03:17:21.108293 [debug] [ThreadPool]: SQL status: SELECT 0 in 0.003 seconds
[0m03:17:21.110278 [debug] [ThreadPool]: On list_airflow_driven_trusted: ROLLBACK
[0m03:17:21.111617 [debug] [ThreadPool]: On list_airflow_driven_trusted: Close
[0m03:17:21.120283 [debug] [MainThread]: Using postgres connection "master"
[0m03:17:21.121238 [debug] [MainThread]: On master: BEGIN
[0m03:17:21.121995 [debug] [MainThread]: Opening a new connection, currently in state init
[0m03:17:21.127341 [debug] [MainThread]: SQL status: BEGIN in 0.005 seconds
[0m03:17:21.128350 [debug] [MainThread]: Using postgres connection "master"
[0m03:17:21.129366 [debug] [MainThread]: On master: /* {"app": "dbt", "dbt_version": "1.8.0", "profile_name": "default", "target_name": "dev", "connection_name": "master"} */
with relation as (
        select
            pg_rewrite.ev_class as class,
            pg_rewrite.oid as id
        from pg_rewrite
    ),
    class as (
        select
            oid as id,
            relname as name,
            relnamespace as schema,
            relkind as kind
        from pg_class
    ),
    dependency as (
        select distinct
            pg_depend.objid as id,
            pg_depend.refobjid as ref
        from pg_depend
    ),
    schema as (
        select
            pg_namespace.oid as id,
            pg_namespace.nspname as name
        from pg_namespace
        where nspname != 'information_schema' and nspname not like 'pg\_%'
    ),
    referenced as (
        select
            relation.id AS id,
            referenced_class.name ,
            referenced_class.schema ,
            referenced_class.kind
        from relation
        join class as referenced_class on relation.class=referenced_class.id
        where referenced_class.kind in ('r', 'v', 'm')
    ),
    relationships as (
        select
            referenced.name as referenced_name,
            referenced.schema as referenced_schema_id,
            dependent_class.name as dependent_name,
            dependent_class.schema as dependent_schema_id,
            referenced.kind as kind
        from referenced
        join dependency on referenced.id=dependency.id
        join class as dependent_class on dependency.ref=dependent_class.id
        where
            (referenced.name != dependent_class.name or
             referenced.schema != dependent_class.schema)
    )

    select
        referenced_schema.name as referenced_schema,
        relationships.referenced_name as referenced_name,
        dependent_schema.name as dependent_schema,
        relationships.dependent_name as dependent_name
    from relationships
    join schema as dependent_schema on relationships.dependent_schema_id=dependent_schema.id
    join schema as referenced_schema on relationships.referenced_schema_id=referenced_schema.id
    group by referenced_schema, referenced_name, dependent_schema, dependent_name
    order by referenced_schema, referenced_name, dependent_schema, dependent_name;
[0m03:17:21.134398 [debug] [MainThread]: SQL status: SELECT 0 in 0.003 seconds
[0m03:17:21.136877 [debug] [MainThread]: Sending event: {'category': 'dbt', 'action': 'runnable_timing', 'label': 'b6f3bf5a-7336-47c3-ae71-aa2684476365', 'context': [<snowplow_tracker.self_describing_json.SelfDescribingJson object at 0x71a5e23d39e0>]}
[0m03:17:21.137961 [debug] [MainThread]: On master: ROLLBACK
[0m03:17:21.139173 [debug] [MainThread]: Using postgres connection "master"
[0m03:17:21.140240 [debug] [MainThread]: On master: BEGIN
[0m03:17:21.141667 [debug] [MainThread]: SQL status: BEGIN in 0.001 seconds
[0m03:17:21.142565 [debug] [MainThread]: On master: COMMIT
[0m03:17:21.143454 [debug] [MainThread]: Using postgres connection "master"
[0m03:17:21.144275 [debug] [MainThread]: On master: COMMIT
[0m03:17:21.145349 [debug] [MainThread]: SQL status: COMMIT in 0.000 seconds
[0m03:17:21.146185 [debug] [MainThread]: On master: Close
[0m03:17:21.147386 [info ] [MainThread]: Concurrency: 1 threads (target='dev')
[0m03:17:21.150572 [info ] [MainThread]: 
[0m03:17:21.163329 [debug] [Thread-1 (]: Began running node model.dbt_driven_data.trusted_non_pii_data
[0m03:17:21.164548 [info ] [Thread-1 (]: 1 of 4 START sql table model driven_trusted.non_pii_data ....................... [RUN]
[0m03:17:21.165792 [debug] [Thread-1 (]: Re-using an available connection from the pool (formerly list_airflow_driven_trusted, now model.dbt_driven_data.trusted_non_pii_data)
[0m03:17:21.167251 [debug] [Thread-1 (]: Began compiling node model.dbt_driven_data.trusted_non_pii_data
[0m03:17:21.178459 [debug] [Thread-1 (]: Writing injected SQL for node "model.dbt_driven_data.trusted_non_pii_data"
[0m03:17:21.188518 [debug] [Thread-1 (]: Began executing node model.dbt_driven_data.trusted_non_pii_data
[0m03:17:21.249229 [debug] [Thread-1 (]: Writing runtime sql for node "model.dbt_driven_data.trusted_non_pii_data"
[0m03:17:21.261828 [debug] [Thread-1 (]: Using postgres connection "model.dbt_driven_data.trusted_non_pii_data"
[0m03:17:21.262892 [debug] [Thread-1 (]: On model.dbt_driven_data.trusted_non_pii_data: BEGIN
[0m03:17:21.263801 [debug] [Thread-1 (]: Opening a new connection, currently in state closed
[0m03:17:21.270040 [debug] [Thread-1 (]: SQL status: BEGIN in 0.006 seconds
[0m03:17:21.271419 [debug] [Thread-1 (]: Using postgres connection "model.dbt_driven_data.trusted_non_pii_data"
[0m03:17:21.272483 [debug] [Thread-1 (]: On model.dbt_driven_data.trusted_non_pii_data: /* {"app": "dbt", "dbt_version": "1.8.0", "profile_name": "default", "target_name": "dev", "node_id": "model.dbt_driven_data.trusted_non_pii_data"} */

  
    

  create  table "airflow"."driven_trusted"."non_pii_data__dbt_tmp"
  
  
    as
  
  (
     
 
WITH source_data AS ( 
    SELECT 
        '***MASKED***' AS person_name, 
        SUBSTRING(dp.user_name, 1, 5) || '*****'  user_name, 
        SUBSTRING(dp.email, 1, 5) || '*****' AS email, 
        '***MASKED***'  AS personal_number,  
        '***MASKED***' AS birth_date,  
        '***MASKED***' AS address, 
        '***MASKED***'  AS phone,  
        SUBSTRING(da.mac_address, 1, 5) || '*****' AS mac_address, 
        SUBSTRING(da.ip_address, 1, 5) || '*****' AS ip_address, 
        SUBSTRING(df.iban, 1, 5) || '*****' AS iban, 
        dd.accessed_at, 
        fnu.session_duration, 
        fnu.download_speed, 
        fnu.upload_speed, 
        fnu.consumed_traffic, 
        fnu.unique_id 
    FROM 
 
 
        "airflow"."driven_staging"."fact_network_usage" fnu 
    INNER JOIN 
        "airflow"."driven_staging"."dim_address" da ON 
fnu.unique_id = da.unique_id 
    INNER JOIN 
        "airflow"."driven_staging"."dim_date" dd ON da.unique_id = 
dd.unique_id 
    INNER JOIN 
        "airflow"."driven_staging"."dim_finance" df ON dd.unique_id 
= df.unique_id 
    INNER JOIN 
        "airflow"."driven_staging"."dim_person" dp ON df.unique_id 
= dp.unique_id 
) 
 
SELECT 
    * 
FROM 
    source_data
  );
  
[0m03:17:21.285495 [debug] [Thread-1 (]: SQL status: SELECT 10 in 0.012 seconds
[0m03:17:21.294302 [debug] [Thread-1 (]: Using postgres connection "model.dbt_driven_data.trusted_non_pii_data"
[0m03:17:21.295433 [debug] [Thread-1 (]: On model.dbt_driven_data.trusted_non_pii_data: /* {"app": "dbt", "dbt_version": "1.8.0", "profile_name": "default", "target_name": "dev", "node_id": "model.dbt_driven_data.trusted_non_pii_data"} */
alter table "airflow"."driven_trusted"."non_pii_data__dbt_tmp" rename to "non_pii_data"
[0m03:17:21.296832 [debug] [Thread-1 (]: SQL status: ALTER TABLE in 0.000 seconds
[0m03:17:21.320440 [debug] [Thread-1 (]: On model.dbt_driven_data.trusted_non_pii_data: COMMIT
[0m03:17:21.321422 [debug] [Thread-1 (]: Using postgres connection "model.dbt_driven_data.trusted_non_pii_data"
[0m03:17:21.322321 [debug] [Thread-1 (]: On model.dbt_driven_data.trusted_non_pii_data: COMMIT
[0m03:17:21.325033 [debug] [Thread-1 (]: SQL status: COMMIT in 0.002 seconds
[0m03:17:21.333278 [debug] [Thread-1 (]: Applying DROP to: "airflow"."driven_trusted"."non_pii_data__dbt_backup"
[0m03:17:21.341318 [debug] [Thread-1 (]: Using postgres connection "model.dbt_driven_data.trusted_non_pii_data"
[0m03:17:21.342362 [debug] [Thread-1 (]: On model.dbt_driven_data.trusted_non_pii_data: /* {"app": "dbt", "dbt_version": "1.8.0", "profile_name": "default", "target_name": "dev", "node_id": "model.dbt_driven_data.trusted_non_pii_data"} */
drop table if exists "airflow"."driven_trusted"."non_pii_data__dbt_backup" cascade
[0m03:17:21.343746 [debug] [Thread-1 (]: SQL status: DROP TABLE in 0.000 seconds
[0m03:17:21.347901 [debug] [Thread-1 (]: On model.dbt_driven_data.trusted_non_pii_data: Close
[0m03:17:21.350425 [debug] [Thread-1 (]: Sending event: {'category': 'dbt', 'action': 'run_model', 'label': 'b6f3bf5a-7336-47c3-ae71-aa2684476365', 'context': [<snowplow_tracker.self_describing_json.SelfDescribingJson object at 0x71a5e17c5bb0>]}
[0m03:17:21.351903 [info ] [Thread-1 (]: 1 of 4 OK created sql table model driven_trusted.non_pii_data .................. [[32mSELECT 10[0m in 0.18s]
[0m03:17:21.353226 [debug] [Thread-1 (]: Finished running node model.dbt_driven_data.trusted_non_pii_data
[0m03:17:21.354140 [debug] [Thread-1 (]: Began running node model.dbt_driven_data.trusted_payment_data
[0m03:17:21.355133 [info ] [Thread-1 (]: 2 of 4 START sql table model driven_trusted.payment_data ....................... [RUN]
[0m03:17:21.356232 [debug] [Thread-1 (]: Re-using an available connection from the pool (formerly model.dbt_driven_data.trusted_non_pii_data, now model.dbt_driven_data.trusted_payment_data)
[0m03:17:21.356964 [debug] [Thread-1 (]: Began compiling node model.dbt_driven_data.trusted_payment_data
[0m03:17:21.361490 [debug] [Thread-1 (]: Writing injected SQL for node "model.dbt_driven_data.trusted_payment_data"
[0m03:17:21.370482 [debug] [Thread-1 (]: Began executing node model.dbt_driven_data.trusted_payment_data
[0m03:17:21.375698 [debug] [Thread-1 (]: Writing runtime sql for node "model.dbt_driven_data.trusted_payment_data"
[0m03:17:21.385714 [debug] [Thread-1 (]: Using postgres connection "model.dbt_driven_data.trusted_payment_data"
[0m03:17:21.386856 [debug] [Thread-1 (]: On model.dbt_driven_data.trusted_payment_data: BEGIN
[0m03:17:21.387815 [debug] [Thread-1 (]: Opening a new connection, currently in state closed
[0m03:17:21.393617 [debug] [Thread-1 (]: SQL status: BEGIN in 0.006 seconds
[0m03:17:21.394690 [debug] [Thread-1 (]: Using postgres connection "model.dbt_driven_data.trusted_payment_data"
[0m03:17:21.395732 [debug] [Thread-1 (]: On model.dbt_driven_data.trusted_payment_data: /* {"app": "dbt", "dbt_version": "1.8.0", "profile_name": "default", "target_name": "dev", "node_id": "model.dbt_driven_data.trusted_payment_data"} */

  
    

  create  table "airflow"."driven_trusted"."payment_data__dbt_tmp"
  
  
    as
  
  (
     
 
WITH source_data AS ( 
    SELECT 
        fnu.unique_id, 
        df.iban, 
        fnu.download_speed, 
        fnu.upload_speed, 
        fnu.session_duration, 
        fnu.consumed_traffic, 
        ((fnu.download_speed + fnu.upload_speed + 1)/2) + 
(fnu.consumed_traffic / (fnu.session_duration + 1)) AS payment_amount 
    FROM 
        "airflow"."driven_staging"."fact_network_usage" fnu 
    JOIN 
        "airflow"."driven_staging"."dim_finance" df 
    ON 
     fnu.unique_id = df.unique_id 
) 
 
SELECT 
    * 
FROM 
    source_data
  );
  
[0m03:17:21.399432 [debug] [Thread-1 (]: SQL status: SELECT 10 in 0.003 seconds
[0m03:17:21.404760 [debug] [Thread-1 (]: Using postgres connection "model.dbt_driven_data.trusted_payment_data"
[0m03:17:21.405792 [debug] [Thread-1 (]: On model.dbt_driven_data.trusted_payment_data: /* {"app": "dbt", "dbt_version": "1.8.0", "profile_name": "default", "target_name": "dev", "node_id": "model.dbt_driven_data.trusted_payment_data"} */
alter table "airflow"."driven_trusted"."payment_data__dbt_tmp" rename to "payment_data"
[0m03:17:21.407298 [debug] [Thread-1 (]: SQL status: ALTER TABLE in 0.001 seconds
[0m03:17:21.410092 [debug] [Thread-1 (]: On model.dbt_driven_data.trusted_payment_data: COMMIT
[0m03:17:21.411250 [debug] [Thread-1 (]: Using postgres connection "model.dbt_driven_data.trusted_payment_data"
[0m03:17:21.412366 [debug] [Thread-1 (]: On model.dbt_driven_data.trusted_payment_data: COMMIT
[0m03:17:21.415415 [debug] [Thread-1 (]: SQL status: COMMIT in 0.002 seconds
[0m03:17:21.419485 [debug] [Thread-1 (]: Applying DROP to: "airflow"."driven_trusted"."payment_data__dbt_backup"
[0m03:17:21.421567 [debug] [Thread-1 (]: Using postgres connection "model.dbt_driven_data.trusted_payment_data"
[0m03:17:21.422615 [debug] [Thread-1 (]: On model.dbt_driven_data.trusted_payment_data: /* {"app": "dbt", "dbt_version": "1.8.0", "profile_name": "default", "target_name": "dev", "node_id": "model.dbt_driven_data.trusted_payment_data"} */
drop table if exists "airflow"."driven_trusted"."payment_data__dbt_backup" cascade
[0m03:17:21.424088 [debug] [Thread-1 (]: SQL status: DROP TABLE in 0.000 seconds
[0m03:17:21.426348 [debug] [Thread-1 (]: On model.dbt_driven_data.trusted_payment_data: Close
[0m03:17:21.427593 [debug] [Thread-1 (]: Sending event: {'category': 'dbt', 'action': 'run_model', 'label': 'b6f3bf5a-7336-47c3-ae71-aa2684476365', 'context': [<snowplow_tracker.self_describing_json.SelfDescribingJson object at 0x71a5e0b84290>]}
[0m03:17:21.428879 [info ] [Thread-1 (]: 2 of 4 OK created sql table model driven_trusted.payment_data .................. [[32mSELECT 10[0m in 0.07s]
[0m03:17:21.430275 [debug] [Thread-1 (]: Finished running node model.dbt_driven_data.trusted_payment_data
[0m03:17:21.431385 [debug] [Thread-1 (]: Began running node model.dbt_driven_data.trusted_pii_data
[0m03:17:21.432460 [info ] [Thread-1 (]: 3 of 4 START sql table model driven_trusted.pii_data ........................... [RUN]
[0m03:17:21.433763 [debug] [Thread-1 (]: Re-using an available connection from the pool (formerly model.dbt_driven_data.trusted_payment_data, now model.dbt_driven_data.trusted_pii_data)
[0m03:17:21.434846 [debug] [Thread-1 (]: Began compiling node model.dbt_driven_data.trusted_pii_data
[0m03:17:21.440863 [debug] [Thread-1 (]: Writing injected SQL for node "model.dbt_driven_data.trusted_pii_data"
[0m03:17:21.448953 [debug] [Thread-1 (]: Began executing node model.dbt_driven_data.trusted_pii_data
[0m03:17:21.457046 [debug] [Thread-1 (]: Writing runtime sql for node "model.dbt_driven_data.trusted_pii_data"
[0m03:17:21.466597 [debug] [Thread-1 (]: Using postgres connection "model.dbt_driven_data.trusted_pii_data"
[0m03:17:21.467699 [debug] [Thread-1 (]: On model.dbt_driven_data.trusted_pii_data: BEGIN
[0m03:17:21.468648 [debug] [Thread-1 (]: Opening a new connection, currently in state closed
[0m03:17:21.475975 [debug] [Thread-1 (]: SQL status: BEGIN in 0.007 seconds
[0m03:17:21.477383 [debug] [Thread-1 (]: Using postgres connection "model.dbt_driven_data.trusted_pii_data"
[0m03:17:21.478368 [debug] [Thread-1 (]: On model.dbt_driven_data.trusted_pii_data: /* {"app": "dbt", "dbt_version": "1.8.0", "profile_name": "default", "target_name": "dev", "node_id": "model.dbt_driven_data.trusted_pii_data"} */

  
    

  create  table "airflow"."driven_trusted"."pii_data__dbt_tmp"
  
  
    as
  
  (
     
 
WITH source_data AS ( 
    SELECT 
        dp.person_name, 
        dp.user_name, 
        dp.email, 
        dp.personal_number,  
        dp.birth_date,  
        da.address, 
        dp.phone,  
        da.mac_address, 
        da.ip_address, 
        df.iban, 
        dd.accessed_at, 
        fnu.session_duration, 
        fnu.download_speed, 
        fnu.upload_speed, 
 
 
        fnu.consumed_traffic, 
        fnu.unique_id 
    FROM 
        "airflow"."driven_staging"."fact_network_usage" fnu 
    INNER JOIN 
        "airflow"."driven_staging"."dim_address" da ON 
fnu.unique_id = da.unique_id 
    INNER JOIN 
        "airflow"."driven_staging"."dim_date" dd ON da.unique_id = 
dd.unique_id 
    INNER JOIN 
        "airflow"."driven_staging"."dim_finance" df ON dd.unique_id 
= df.unique_id 
    INNER JOIN 
        "airflow"."driven_staging"."dim_person" dp ON df.unique_id 
= dp.unique_id 
) 
 
SELECT 
    * 
FROM 
    source_data
  );
  
[0m03:17:21.487344 [debug] [Thread-1 (]: SQL status: SELECT 10 in 0.008 seconds
[0m03:17:21.493167 [debug] [Thread-1 (]: Using postgres connection "model.dbt_driven_data.trusted_pii_data"
[0m03:17:21.494646 [debug] [Thread-1 (]: On model.dbt_driven_data.trusted_pii_data: /* {"app": "dbt", "dbt_version": "1.8.0", "profile_name": "default", "target_name": "dev", "node_id": "model.dbt_driven_data.trusted_pii_data"} */
alter table "airflow"."driven_trusted"."pii_data__dbt_tmp" rename to "pii_data"
[0m03:17:21.496436 [debug] [Thread-1 (]: SQL status: ALTER TABLE in 0.000 seconds
[0m03:17:21.499206 [debug] [Thread-1 (]: On model.dbt_driven_data.trusted_pii_data: COMMIT
[0m03:17:21.500184 [debug] [Thread-1 (]: Using postgres connection "model.dbt_driven_data.trusted_pii_data"
[0m03:17:21.500932 [debug] [Thread-1 (]: On model.dbt_driven_data.trusted_pii_data: COMMIT
[0m03:17:21.503613 [debug] [Thread-1 (]: SQL status: COMMIT in 0.002 seconds
[0m03:17:21.507134 [debug] [Thread-1 (]: Applying DROP to: "airflow"."driven_trusted"."pii_data__dbt_backup"
[0m03:17:21.508535 [debug] [Thread-1 (]: Using postgres connection "model.dbt_driven_data.trusted_pii_data"
[0m03:17:21.509822 [debug] [Thread-1 (]: On model.dbt_driven_data.trusted_pii_data: /* {"app": "dbt", "dbt_version": "1.8.0", "profile_name": "default", "target_name": "dev", "node_id": "model.dbt_driven_data.trusted_pii_data"} */
drop table if exists "airflow"."driven_trusted"."pii_data__dbt_backup" cascade
[0m03:17:21.512068 [debug] [Thread-1 (]: SQL status: DROP TABLE in 0.001 seconds
[0m03:17:21.514790 [debug] [Thread-1 (]: On model.dbt_driven_data.trusted_pii_data: Close
[0m03:17:21.515985 [debug] [Thread-1 (]: Sending event: {'category': 'dbt', 'action': 'run_model', 'label': 'b6f3bf5a-7336-47c3-ae71-aa2684476365', 'context': [<snowplow_tracker.self_describing_json.SelfDescribingJson object at 0x71a5e0b72bd0>]}
[0m03:17:21.517222 [info ] [Thread-1 (]: 3 of 4 OK created sql table model driven_trusted.pii_data ...................... [[32mSELECT 10[0m in 0.08s]
[0m03:17:21.518693 [debug] [Thread-1 (]: Finished running node model.dbt_driven_data.trusted_pii_data
[0m03:17:21.519833 [debug] [Thread-1 (]: Began running node model.dbt_driven_data.trusted_technical_data
[0m03:17:21.520978 [info ] [Thread-1 (]: 4 of 4 START sql table model driven_trusted.technical_data ..................... [RUN]
[0m03:17:21.522059 [debug] [Thread-1 (]: Re-using an available connection from the pool (formerly model.dbt_driven_data.trusted_pii_data, now model.dbt_driven_data.trusted_technical_data)
[0m03:17:21.523001 [debug] [Thread-1 (]: Began compiling node model.dbt_driven_data.trusted_technical_data
[0m03:17:21.528988 [debug] [Thread-1 (]: Writing injected SQL for node "model.dbt_driven_data.trusted_technical_data"
[0m03:17:21.539284 [debug] [Thread-1 (]: Began executing node model.dbt_driven_data.trusted_technical_data
[0m03:17:21.544638 [debug] [Thread-1 (]: Writing runtime sql for node "model.dbt_driven_data.trusted_technical_data"
[0m03:17:21.554170 [debug] [Thread-1 (]: Using postgres connection "model.dbt_driven_data.trusted_technical_data"
[0m03:17:21.555143 [debug] [Thread-1 (]: On model.dbt_driven_data.trusted_technical_data: BEGIN
[0m03:17:21.555991 [debug] [Thread-1 (]: Opening a new connection, currently in state closed
[0m03:17:21.561493 [debug] [Thread-1 (]: SQL status: BEGIN in 0.005 seconds
[0m03:17:21.562424 [debug] [Thread-1 (]: Using postgres connection "model.dbt_driven_data.trusted_technical_data"
[0m03:17:21.563547 [debug] [Thread-1 (]: On model.dbt_driven_data.trusted_technical_data: /* {"app": "dbt", "dbt_version": "1.8.0", "profile_name": "default", "target_name": "dev", "node_id": "model.dbt_driven_data.trusted_technical_data"} */

  
    

  create  table "airflow"."driven_trusted"."technical_data__dbt_tmp"
  
  
    as
  
  (
     
 
WITH source_data AS ( 
    SELECT 
        fnu.unique_id, 
        da.address, 
        da.mac_address, 
        da.ip_address, 
        fnu.download_speed, 
        fnu.upload_speed, 
        ROUND((fnu.session_duration/60), 1) as min_session_duration, 
        CASE  
 
 
            WHEN fnu.download_speed < 50 OR fnu.upload_speed < 30 OR 
fnu.session_duration/60 < 1 THEN true 
            ELSE false 
        END AS technical_issue 
    FROM 
        "airflow"."driven_staging"."fact_network_usage" fnu 
    JOIN 
        "airflow"."driven_staging"."dim_address" da 
    ON 
     fnu.unique_id = da.unique_id 
) 
 
SELECT 
    * 
FROM 
    source_data
  );
  
[0m03:17:21.572691 [debug] [Thread-1 (]: SQL status: SELECT 10 in 0.007 seconds
[0m03:17:21.577072 [debug] [Thread-1 (]: Using postgres connection "model.dbt_driven_data.trusted_technical_data"
[0m03:17:21.578021 [debug] [Thread-1 (]: On model.dbt_driven_data.trusted_technical_data: /* {"app": "dbt", "dbt_version": "1.8.0", "profile_name": "default", "target_name": "dev", "node_id": "model.dbt_driven_data.trusted_technical_data"} */
alter table "airflow"."driven_trusted"."technical_data__dbt_tmp" rename to "technical_data"
[0m03:17:21.579371 [debug] [Thread-1 (]: SQL status: ALTER TABLE in 0.001 seconds
[0m03:17:21.583013 [debug] [Thread-1 (]: On model.dbt_driven_data.trusted_technical_data: COMMIT
[0m03:17:21.584353 [debug] [Thread-1 (]: Using postgres connection "model.dbt_driven_data.trusted_technical_data"
[0m03:17:21.585534 [debug] [Thread-1 (]: On model.dbt_driven_data.trusted_technical_data: COMMIT
[0m03:17:21.588350 [debug] [Thread-1 (]: SQL status: COMMIT in 0.002 seconds
[0m03:17:21.592036 [debug] [Thread-1 (]: Applying DROP to: "airflow"."driven_trusted"."technical_data__dbt_backup"
[0m03:17:21.593622 [debug] [Thread-1 (]: Using postgres connection "model.dbt_driven_data.trusted_technical_data"
[0m03:17:21.594648 [debug] [Thread-1 (]: On model.dbt_driven_data.trusted_technical_data: /* {"app": "dbt", "dbt_version": "1.8.0", "profile_name": "default", "target_name": "dev", "node_id": "model.dbt_driven_data.trusted_technical_data"} */
drop table if exists "airflow"."driven_trusted"."technical_data__dbt_backup" cascade
[0m03:17:21.596126 [debug] [Thread-1 (]: SQL status: DROP TABLE in 0.000 seconds
[0m03:17:21.598347 [debug] [Thread-1 (]: On model.dbt_driven_data.trusted_technical_data: Close
[0m03:17:21.600375 [debug] [Thread-1 (]: Sending event: {'category': 'dbt', 'action': 'run_model', 'label': 'b6f3bf5a-7336-47c3-ae71-aa2684476365', 'context': [<snowplow_tracker.self_describing_json.SelfDescribingJson object at 0x71a5e020ffe0>]}
[0m03:17:21.603534 [info ] [Thread-1 (]: 4 of 4 OK created sql table model driven_trusted.technical_data ................ [[32mSELECT 10[0m in 0.08s]
[0m03:17:21.604975 [debug] [Thread-1 (]: Finished running node model.dbt_driven_data.trusted_technical_data
[0m03:17:21.608138 [debug] [MainThread]: Using postgres connection "master"
[0m03:17:21.609261 [debug] [MainThread]: On master: BEGIN
[0m03:17:21.610167 [debug] [MainThread]: Opening a new connection, currently in state closed
[0m03:17:21.616064 [debug] [MainThread]: SQL status: BEGIN in 0.006 seconds
[0m03:17:21.617077 [debug] [MainThread]: On master: COMMIT
[0m03:17:21.618513 [debug] [MainThread]: Using postgres connection "master"
[0m03:17:21.619800 [debug] [MainThread]: On master: COMMIT
[0m03:17:21.621106 [debug] [MainThread]: SQL status: COMMIT in 0.000 seconds
[0m03:17:21.622182 [debug] [MainThread]: On master: Close
[0m03:17:21.623409 [debug] [MainThread]: Connection 'master' was properly closed.
[0m03:17:21.624556 [debug] [MainThread]: Connection 'model.dbt_driven_data.trusted_technical_data' was properly closed.
[0m03:17:21.626062 [info ] [MainThread]: 
[0m03:17:21.627398 [info ] [MainThread]: Finished running 4 table models in 0 hours 0 minutes and 0.68 seconds (0.68s).
[0m03:17:21.629984 [debug] [MainThread]: Command end result
[0m03:17:21.705613 [info ] [MainThread]: 
[0m03:17:21.706829 [info ] [MainThread]: [32mCompleted successfully[0m
[0m03:17:21.708341 [info ] [MainThread]: 
[0m03:17:21.710177 [info ] [MainThread]: Done. PASS=4 WARN=0 ERROR=0 SKIP=0 TOTAL=4
[0m03:17:21.712360 [debug] [MainThread]: Resource report: {"command_name": "run", "command_success": true, "command_wall_clock_time": 2.114596, "process_user_time": 4.432143, "process_kernel_time": 0.351757, "process_mem_max_rss": "119148", "process_in_blocks": "11064", "process_out_blocks": "0"}
[0m03:17:21.713607 [debug] [MainThread]: Command `dbt run` succeeded at 03:17:21.713420 after 2.12 seconds
[0m03:17:21.714592 [debug] [MainThread]: Sending event: {'category': 'dbt', 'action': 'invocation', 'label': 'end', 'context': [<snowplow_tracker.self_describing_json.SelfDescribingJson object at 0x71a5e4486300>, <snowplow_tracker.self_describing_json.SelfDescribingJson object at 0x71a5e6405490>, <snowplow_tracker.self_describing_json.SelfDescribingJson object at 0x71a5e020bbc0>]}
[0m03:17:21.715734 [debug] [MainThread]: Flushing usage events
[0m21:28:07.948374 [debug] [MainThread]: Sending event: {'category': 'dbt', 'action': 'invocation', 'label': 'start', 'context': [<snowplow_tracker.self_describing_json.SelfDescribingJson object at 0x7fcf8c383a70>, <snowplow_tracker.self_describing_json.SelfDescribingJson object at 0x7fcf8dcc41d0>, <snowplow_tracker.self_describing_json.SelfDescribingJson object at 0x7fcf8b6637a0>]}


============================== 21:28:07.962379 | 8bfd9072-33da-446e-80ea-d49ca091b806 ==============================
[0m21:28:07.962379 [info ] [MainThread]: Running with dbt=1.8.0
[0m21:28:07.964723 [debug] [MainThread]: running dbt with arguments {'printer_width': '80', 'indirect_selection': 'eager', 'log_cache_events': 'False', 'write_json': 'True', 'partial_parse': 'True', 'cache_selected_only': 'False', 'warn_error': 'None', 'version_check': 'True', 'fail_fast': 'False', 'log_path': '/opt/airflow/dbt/logs', 'debug': 'False', 'profiles_dir': '/opt/airflow/dbt', 'use_colors': 'True', 'use_experimental_parser': 'False', 'no_print': 'None', 'quiet': 'False', 'warn_error_options': 'WarnErrorOptions(include=[], exclude=[])', 'invocation_command': 'dbt run --select tag:staging', 'introspect': 'True', 'static_parser': 'True', 'target_path': 'None', 'log_format': 'default', 'send_anonymous_usage_stats': 'True'}
[0m21:28:08.551637 [debug] [MainThread]: Sending event: {'category': 'dbt', 'action': 'project_id', 'label': '8bfd9072-33da-446e-80ea-d49ca091b806', 'context': [<snowplow_tracker.self_describing_json.SelfDescribingJson object at 0x7fcf8c9cb4a0>]}
[0m21:28:08.659930 [debug] [MainThread]: Sending event: {'category': 'dbt', 'action': 'adapter_info', 'label': '8bfd9072-33da-446e-80ea-d49ca091b806', 'context': [<snowplow_tracker.self_describing_json.SelfDescribingJson object at 0x7fcf8b1599d0>]}
[0m21:28:08.662935 [info ] [MainThread]: Registered adapter: postgres=1.8.2
[0m21:28:08.858939 [debug] [MainThread]: checksum: dbb12d416fdb55e3665e4828703bbedf40c5c90ed7ca6ff39bbbfb29b12b0a92, vars: {}, profile: , target: , version: 1.8.0
[0m21:28:09.782829 [debug] [MainThread]: Partial parsing enabled: 0 files deleted, 0 files added, 0 files changed.
[0m21:28:09.784201 [debug] [MainThread]: Partial parsing enabled, no changes found, skipping parsing
[0m21:28:09.853746 [debug] [MainThread]: Sending event: {'category': 'dbt', 'action': 'load_project', 'label': '8bfd9072-33da-446e-80ea-d49ca091b806', 'context': [<snowplow_tracker.self_describing_json.SelfDescribingJson object at 0x7fcf8bcfa660>]}
[0m21:28:10.155278 [debug] [MainThread]: Sending event: {'category': 'dbt', 'action': 'resource_counts', 'label': '8bfd9072-33da-446e-80ea-d49ca091b806', 'context': [<snowplow_tracker.self_describing_json.SelfDescribingJson object at 0x7fcf8a3f8aa0>]}
[0m21:28:10.157166 [info ] [MainThread]: Found 9 models, 10 sources, 428 macros
[0m21:28:10.161494 [debug] [MainThread]: Sending event: {'category': 'dbt', 'action': 'runnable_timing', 'label': '8bfd9072-33da-446e-80ea-d49ca091b806', 'context': [<snowplow_tracker.self_describing_json.SelfDescribingJson object at 0x7fcf8a7a1b80>]}
[0m21:28:10.169020 [info ] [MainThread]: 
[0m21:28:10.171472 [debug] [MainThread]: Acquiring new postgres connection 'master'
[0m21:28:10.182451 [debug] [ThreadPool]: Acquiring new postgres connection 'list_airflow'
[0m21:28:10.280749 [debug] [ThreadPool]: Using postgres connection "list_airflow"
[0m21:28:10.282096 [debug] [ThreadPool]: On list_airflow: /* {"app": "dbt", "dbt_version": "1.8.0", "profile_name": "default", "target_name": "dev", "connection_name": "list_airflow"} */

    select distinct nspname from pg_namespace
  
[0m21:28:10.283283 [debug] [ThreadPool]: Opening a new connection, currently in state init
[0m21:28:10.294803 [debug] [ThreadPool]: SQL status: SELECT 7 in 0.011 seconds
[0m21:28:10.298629 [debug] [ThreadPool]: On list_airflow: Close
[0m21:28:10.303737 [debug] [ThreadPool]: Re-using an available connection from the pool (formerly list_airflow, now list_airflow_driven_staging)
[0m21:28:10.322282 [debug] [ThreadPool]: Using postgres connection "list_airflow_driven_staging"
[0m21:28:10.324083 [debug] [ThreadPool]: On list_airflow_driven_staging: BEGIN
[0m21:28:10.325280 [debug] [ThreadPool]: Opening a new connection, currently in state closed
[0m21:28:10.334739 [debug] [ThreadPool]: SQL status: BEGIN in 0.009 seconds
[0m21:28:10.336289 [debug] [ThreadPool]: Using postgres connection "list_airflow_driven_staging"
[0m21:28:10.338135 [debug] [ThreadPool]: On list_airflow_driven_staging: /* {"app": "dbt", "dbt_version": "1.8.0", "profile_name": "default", "target_name": "dev", "connection_name": "list_airflow_driven_staging"} */
select
      'airflow' as database,
      tablename as name,
      schemaname as schema,
      'table' as type
    from pg_tables
    where schemaname ilike 'driven_staging'
    union all
    select
      'airflow' as database,
      viewname as name,
      schemaname as schema,
      'view' as type
    from pg_views
    where schemaname ilike 'driven_staging'
    union all
    select
      'airflow' as database,
      matviewname as name,
      schemaname as schema,
      'materialized_view' as type
    from pg_matviews
    where schemaname ilike 'driven_staging'
  
[0m21:28:10.367576 [debug] [ThreadPool]: SQL status: SELECT 5 in 0.028 seconds
[0m21:28:10.373704 [debug] [ThreadPool]: On list_airflow_driven_staging: ROLLBACK
[0m21:28:10.379902 [debug] [ThreadPool]: On list_airflow_driven_staging: Close
[0m21:28:10.381914 [debug] [ThreadPool]: Re-using an available connection from the pool (formerly list_airflow_driven_staging, now list_airflow_driven_trusted)
[0m21:28:10.390299 [debug] [ThreadPool]: Using postgres connection "list_airflow_driven_trusted"
[0m21:28:10.391812 [debug] [ThreadPool]: On list_airflow_driven_trusted: BEGIN
[0m21:28:10.394303 [debug] [ThreadPool]: Opening a new connection, currently in state closed
[0m21:28:10.403966 [debug] [ThreadPool]: SQL status: BEGIN in 0.010 seconds
[0m21:28:10.405893 [debug] [ThreadPool]: Using postgres connection "list_airflow_driven_trusted"
[0m21:28:10.407600 [debug] [ThreadPool]: On list_airflow_driven_trusted: /* {"app": "dbt", "dbt_version": "1.8.0", "profile_name": "default", "target_name": "dev", "connection_name": "list_airflow_driven_trusted"} */
select
      'airflow' as database,
      tablename as name,
      schemaname as schema,
      'table' as type
    from pg_tables
    where schemaname ilike 'driven_trusted'
    union all
    select
      'airflow' as database,
      viewname as name,
      schemaname as schema,
      'view' as type
    from pg_views
    where schemaname ilike 'driven_trusted'
    union all
    select
      'airflow' as database,
      matviewname as name,
      schemaname as schema,
      'materialized_view' as type
    from pg_matviews
    where schemaname ilike 'driven_trusted'
  
[0m21:28:10.414778 [debug] [ThreadPool]: SQL status: SELECT 4 in 0.006 seconds
[0m21:28:10.420439 [debug] [ThreadPool]: On list_airflow_driven_trusted: ROLLBACK
[0m21:28:10.423203 [debug] [ThreadPool]: On list_airflow_driven_trusted: Close
[0m21:28:10.438806 [debug] [MainThread]: Using postgres connection "master"
[0m21:28:10.441568 [debug] [MainThread]: On master: BEGIN
[0m21:28:10.443241 [debug] [MainThread]: Opening a new connection, currently in state init
[0m21:28:10.453133 [debug] [MainThread]: SQL status: BEGIN in 0.010 seconds
[0m21:28:10.454613 [debug] [MainThread]: Using postgres connection "master"
[0m21:28:10.456841 [debug] [MainThread]: On master: /* {"app": "dbt", "dbt_version": "1.8.0", "profile_name": "default", "target_name": "dev", "connection_name": "master"} */
with relation as (
        select
            pg_rewrite.ev_class as class,
            pg_rewrite.oid as id
        from pg_rewrite
    ),
    class as (
        select
            oid as id,
            relname as name,
            relnamespace as schema,
            relkind as kind
        from pg_class
    ),
    dependency as (
        select distinct
            pg_depend.objid as id,
            pg_depend.refobjid as ref
        from pg_depend
    ),
    schema as (
        select
            pg_namespace.oid as id,
            pg_namespace.nspname as name
        from pg_namespace
        where nspname != 'information_schema' and nspname not like 'pg\_%'
    ),
    referenced as (
        select
            relation.id AS id,
            referenced_class.name ,
            referenced_class.schema ,
            referenced_class.kind
        from relation
        join class as referenced_class on relation.class=referenced_class.id
        where referenced_class.kind in ('r', 'v', 'm')
    ),
    relationships as (
        select
            referenced.name as referenced_name,
            referenced.schema as referenced_schema_id,
            dependent_class.name as dependent_name,
            dependent_class.schema as dependent_schema_id,
            referenced.kind as kind
        from referenced
        join dependency on referenced.id=dependency.id
        join class as dependent_class on dependency.ref=dependent_class.id
        where
            (referenced.name != dependent_class.name or
             referenced.schema != dependent_class.schema)
    )

    select
        referenced_schema.name as referenced_schema,
        relationships.referenced_name as referenced_name,
        dependent_schema.name as dependent_schema,
        relationships.dependent_name as dependent_name
    from relationships
    join schema as dependent_schema on relationships.dependent_schema_id=dependent_schema.id
    join schema as referenced_schema on relationships.referenced_schema_id=referenced_schema.id
    group by referenced_schema, referenced_name, dependent_schema, dependent_name
    order by referenced_schema, referenced_name, dependent_schema, dependent_name;
[0m21:28:10.471693 [debug] [MainThread]: SQL status: SELECT 0 in 0.013 seconds
[0m21:28:10.478970 [debug] [MainThread]: Sending event: {'category': 'dbt', 'action': 'runnable_timing', 'label': '8bfd9072-33da-446e-80ea-d49ca091b806', 'context': [<snowplow_tracker.self_describing_json.SelfDescribingJson object at 0x7fcf8a3f8aa0>]}
[0m21:28:10.482163 [debug] [MainThread]: On master: ROLLBACK
[0m21:28:10.486207 [debug] [MainThread]: Using postgres connection "master"
[0m21:28:10.489517 [debug] [MainThread]: On master: BEGIN
[0m21:28:10.492763 [debug] [MainThread]: SQL status: BEGIN in 0.001 seconds
[0m21:28:10.494616 [debug] [MainThread]: On master: COMMIT
[0m21:28:10.496649 [debug] [MainThread]: Using postgres connection "master"
[0m21:28:10.498094 [debug] [MainThread]: On master: COMMIT
[0m21:28:10.500026 [debug] [MainThread]: SQL status: COMMIT in 0.000 seconds
[0m21:28:10.501578 [debug] [MainThread]: On master: Close
[0m21:28:10.503994 [info ] [MainThread]: Concurrency: 1 threads (target='dev')
[0m21:28:10.506783 [info ] [MainThread]: 
[0m21:28:10.527780 [debug] [Thread-1 (]: Began running node model.dbt_driven_data.staging_dim_address
[0m21:28:10.530679 [info ] [Thread-1 (]: 1 of 5 START sql table model driven_staging.dim_address ........................ [RUN]
[0m21:28:10.533315 [debug] [Thread-1 (]: Re-using an available connection from the pool (formerly list_airflow_driven_trusted, now model.dbt_driven_data.staging_dim_address)
[0m21:28:10.534931 [debug] [Thread-1 (]: Began compiling node model.dbt_driven_data.staging_dim_address
[0m21:28:10.555143 [debug] [Thread-1 (]: Writing injected SQL for node "model.dbt_driven_data.staging_dim_address"
[0m21:28:10.583852 [debug] [Thread-1 (]: Began executing node model.dbt_driven_data.staging_dim_address
[0m21:28:10.691924 [debug] [Thread-1 (]: Writing runtime sql for node "model.dbt_driven_data.staging_dim_address"
[0m21:28:10.723534 [debug] [Thread-1 (]: Using postgres connection "model.dbt_driven_data.staging_dim_address"
[0m21:28:10.725579 [debug] [Thread-1 (]: On model.dbt_driven_data.staging_dim_address: BEGIN
[0m21:28:10.727381 [debug] [Thread-1 (]: Opening a new connection, currently in state closed
[0m21:28:10.737873 [debug] [Thread-1 (]: SQL status: BEGIN in 0.010 seconds
[0m21:28:10.739317 [debug] [Thread-1 (]: Using postgres connection "model.dbt_driven_data.staging_dim_address"
[0m21:28:10.740792 [debug] [Thread-1 (]: On model.dbt_driven_data.staging_dim_address: /* {"app": "dbt", "dbt_version": "1.8.0", "profile_name": "default", "target_name": "dev", "node_id": "model.dbt_driven_data.staging_dim_address"} */

  
    

  create  table "airflow"."driven_staging"."dim_address__dbt_tmp"
  
  
    as
  
  (
     
 
WITH source_data AS ( 
    SELECT 
        unique_id, 
        address, 
        mac_address, 
        ip_address 
    FROM 
        "airflow"."driven_raw"."raw_batch_data" 
) 
 
SELECT 
    * 
FROM 
    source_data
  );
  
[0m21:28:10.776876 [debug] [Thread-1 (]: SQL status: SELECT 20 in 0.034 seconds
[0m21:28:10.789538 [debug] [Thread-1 (]: Using postgres connection "model.dbt_driven_data.staging_dim_address"
[0m21:28:10.790906 [debug] [Thread-1 (]: On model.dbt_driven_data.staging_dim_address: /* {"app": "dbt", "dbt_version": "1.8.0", "profile_name": "default", "target_name": "dev", "node_id": "model.dbt_driven_data.staging_dim_address"} */
alter table "airflow"."driven_staging"."dim_address" rename to "dim_address__dbt_backup"
[0m21:28:10.795144 [debug] [Thread-1 (]: SQL status: ALTER TABLE in 0.002 seconds
[0m21:28:10.801587 [debug] [Thread-1 (]: Using postgres connection "model.dbt_driven_data.staging_dim_address"
[0m21:28:10.803296 [debug] [Thread-1 (]: On model.dbt_driven_data.staging_dim_address: /* {"app": "dbt", "dbt_version": "1.8.0", "profile_name": "default", "target_name": "dev", "node_id": "model.dbt_driven_data.staging_dim_address"} */
alter table "airflow"."driven_staging"."dim_address__dbt_tmp" rename to "dim_address"
[0m21:28:10.805596 [debug] [Thread-1 (]: SQL status: ALTER TABLE in 0.001 seconds
[0m21:28:10.846892 [debug] [Thread-1 (]: On model.dbt_driven_data.staging_dim_address: COMMIT
[0m21:28:10.848412 [debug] [Thread-1 (]: Using postgres connection "model.dbt_driven_data.staging_dim_address"
[0m21:28:10.849603 [debug] [Thread-1 (]: On model.dbt_driven_data.staging_dim_address: COMMIT
[0m21:28:10.853738 [debug] [Thread-1 (]: SQL status: COMMIT in 0.003 seconds
[0m21:28:10.867166 [debug] [Thread-1 (]: Applying DROP to: "airflow"."driven_staging"."dim_address__dbt_backup"
[0m21:28:10.882041 [debug] [Thread-1 (]: Using postgres connection "model.dbt_driven_data.staging_dim_address"
[0m21:28:10.883886 [debug] [Thread-1 (]: On model.dbt_driven_data.staging_dim_address: /* {"app": "dbt", "dbt_version": "1.8.0", "profile_name": "default", "target_name": "dev", "node_id": "model.dbt_driven_data.staging_dim_address"} */
drop table if exists "airflow"."driven_staging"."dim_address__dbt_backup" cascade
[0m21:28:10.899381 [debug] [Thread-1 (]: SQL status: DROP TABLE in 0.014 seconds
[0m21:28:10.904987 [debug] [Thread-1 (]: On model.dbt_driven_data.staging_dim_address: Close
[0m21:28:10.908792 [debug] [Thread-1 (]: Sending event: {'category': 'dbt', 'action': 'run_model', 'label': '8bfd9072-33da-446e-80ea-d49ca091b806', 'context': [<snowplow_tracker.self_describing_json.SelfDescribingJson object at 0x7fcf8c9c9e50>]}
[0m21:28:10.911491 [info ] [Thread-1 (]: 1 of 5 OK created sql table model driven_staging.dim_address ................... [[32mSELECT 20[0m in 0.37s]
[0m21:28:10.913681 [debug] [Thread-1 (]: Finished running node model.dbt_driven_data.staging_dim_address
[0m21:28:10.915504 [debug] [Thread-1 (]: Began running node model.dbt_driven_data.staging_dim_date
[0m21:28:10.917180 [info ] [Thread-1 (]: 2 of 5 START sql table model driven_staging.dim_date ........................... [RUN]
[0m21:28:10.918990 [debug] [Thread-1 (]: Re-using an available connection from the pool (formerly model.dbt_driven_data.staging_dim_address, now model.dbt_driven_data.staging_dim_date)
[0m21:28:10.920555 [debug] [Thread-1 (]: Began compiling node model.dbt_driven_data.staging_dim_date
[0m21:28:10.928128 [debug] [Thread-1 (]: Writing injected SQL for node "model.dbt_driven_data.staging_dim_date"
[0m21:28:10.964494 [debug] [Thread-1 (]: Began executing node model.dbt_driven_data.staging_dim_date
[0m21:28:10.974482 [debug] [Thread-1 (]: Writing runtime sql for node "model.dbt_driven_data.staging_dim_date"
[0m21:28:11.016786 [debug] [Thread-1 (]: Using postgres connection "model.dbt_driven_data.staging_dim_date"
[0m21:28:11.019126 [debug] [Thread-1 (]: On model.dbt_driven_data.staging_dim_date: BEGIN
[0m21:28:11.021287 [debug] [Thread-1 (]: Opening a new connection, currently in state closed
[0m21:28:11.032028 [debug] [Thread-1 (]: SQL status: BEGIN in 0.011 seconds
[0m21:28:11.033748 [debug] [Thread-1 (]: Using postgres connection "model.dbt_driven_data.staging_dim_date"
[0m21:28:11.035584 [debug] [Thread-1 (]: On model.dbt_driven_data.staging_dim_date: /* {"app": "dbt", "dbt_version": "1.8.0", "profile_name": "default", "target_name": "dev", "node_id": "model.dbt_driven_data.staging_dim_date"} */

  
    

  create  table "airflow"."driven_staging"."dim_date__dbt_tmp"
  
  
    as
  
  (
     
 
WITH source_data AS ( 
 
 
    SELECT 
        unique_id, 
        accessed_at 
    FROM 
        "airflow"."driven_raw"."raw_batch_data" 
) 
 
SELECT 
    * 
FROM 
    source_data
  );
  
[0m21:28:11.040028 [debug] [Thread-1 (]: SQL status: SELECT 20 in 0.002 seconds
[0m21:28:11.047908 [debug] [Thread-1 (]: Using postgres connection "model.dbt_driven_data.staging_dim_date"
[0m21:28:11.049670 [debug] [Thread-1 (]: On model.dbt_driven_data.staging_dim_date: /* {"app": "dbt", "dbt_version": "1.8.0", "profile_name": "default", "target_name": "dev", "node_id": "model.dbt_driven_data.staging_dim_date"} */
alter table "airflow"."driven_staging"."dim_date" rename to "dim_date__dbt_backup"
[0m21:28:11.052774 [debug] [Thread-1 (]: SQL status: ALTER TABLE in 0.001 seconds
[0m21:28:11.062218 [debug] [Thread-1 (]: Using postgres connection "model.dbt_driven_data.staging_dim_date"
[0m21:28:11.064160 [debug] [Thread-1 (]: On model.dbt_driven_data.staging_dim_date: /* {"app": "dbt", "dbt_version": "1.8.0", "profile_name": "default", "target_name": "dev", "node_id": "model.dbt_driven_data.staging_dim_date"} */
alter table "airflow"."driven_staging"."dim_date__dbt_tmp" rename to "dim_date"
[0m21:28:11.067573 [debug] [Thread-1 (]: SQL status: ALTER TABLE in 0.001 seconds
[0m21:28:11.072374 [debug] [Thread-1 (]: On model.dbt_driven_data.staging_dim_date: COMMIT
[0m21:28:11.074193 [debug] [Thread-1 (]: Using postgres connection "model.dbt_driven_data.staging_dim_date"
[0m21:28:11.076161 [debug] [Thread-1 (]: On model.dbt_driven_data.staging_dim_date: COMMIT
[0m21:28:11.080162 [debug] [Thread-1 (]: SQL status: COMMIT in 0.002 seconds
[0m21:28:11.086077 [debug] [Thread-1 (]: Applying DROP to: "airflow"."driven_staging"."dim_date__dbt_backup"
[0m21:28:11.089000 [debug] [Thread-1 (]: Using postgres connection "model.dbt_driven_data.staging_dim_date"
[0m21:28:11.090453 [debug] [Thread-1 (]: On model.dbt_driven_data.staging_dim_date: /* {"app": "dbt", "dbt_version": "1.8.0", "profile_name": "default", "target_name": "dev", "node_id": "model.dbt_driven_data.staging_dim_date"} */
drop table if exists "airflow"."driven_staging"."dim_date__dbt_backup" cascade
[0m21:28:11.094951 [debug] [Thread-1 (]: SQL status: DROP TABLE in 0.003 seconds
[0m21:28:11.098889 [debug] [Thread-1 (]: On model.dbt_driven_data.staging_dim_date: Close
[0m21:28:11.100864 [debug] [Thread-1 (]: Sending event: {'category': 'dbt', 'action': 'run_model', 'label': '8bfd9072-33da-446e-80ea-d49ca091b806', 'context': [<snowplow_tracker.self_describing_json.SelfDescribingJson object at 0x7fcf883100e0>]}
[0m21:28:11.102607 [info ] [Thread-1 (]: 2 of 5 OK created sql table model driven_staging.dim_date ...................... [[32mSELECT 20[0m in 0.18s]
[0m21:28:11.104693 [debug] [Thread-1 (]: Finished running node model.dbt_driven_data.staging_dim_date
[0m21:28:11.106380 [debug] [Thread-1 (]: Began running node model.dbt_driven_data.staging_dim_finance
[0m21:28:11.108380 [info ] [Thread-1 (]: 3 of 5 START sql table model driven_staging.dim_finance ........................ [RUN]
[0m21:28:11.110207 [debug] [Thread-1 (]: Re-using an available connection from the pool (formerly model.dbt_driven_data.staging_dim_date, now model.dbt_driven_data.staging_dim_finance)
[0m21:28:11.112360 [debug] [Thread-1 (]: Began compiling node model.dbt_driven_data.staging_dim_finance
[0m21:28:11.119686 [debug] [Thread-1 (]: Writing injected SQL for node "model.dbt_driven_data.staging_dim_finance"
[0m21:28:11.156561 [debug] [Thread-1 (]: Began executing node model.dbt_driven_data.staging_dim_finance
[0m21:28:11.180011 [debug] [Thread-1 (]: Writing runtime sql for node "model.dbt_driven_data.staging_dim_finance"
[0m21:28:11.219571 [debug] [Thread-1 (]: Using postgres connection "model.dbt_driven_data.staging_dim_finance"
[0m21:28:11.221700 [debug] [Thread-1 (]: On model.dbt_driven_data.staging_dim_finance: BEGIN
[0m21:28:11.223842 [debug] [Thread-1 (]: Opening a new connection, currently in state closed
[0m21:28:11.235775 [debug] [Thread-1 (]: SQL status: BEGIN in 0.012 seconds
[0m21:28:11.237991 [debug] [Thread-1 (]: Using postgres connection "model.dbt_driven_data.staging_dim_finance"
[0m21:28:11.240131 [debug] [Thread-1 (]: On model.dbt_driven_data.staging_dim_finance: /* {"app": "dbt", "dbt_version": "1.8.0", "profile_name": "default", "target_name": "dev", "node_id": "model.dbt_driven_data.staging_dim_finance"} */

  
    

  create  table "airflow"."driven_staging"."dim_finance__dbt_tmp"
  
  
    as
  
  (
     
 
WITH source_data AS ( 
    SELECT 
        unique_id, 
        iban 
    FROM 
        "airflow"."driven_raw"."raw_batch_data" 
) 
 
SELECT 
    * 
FROM 
    source_data
  );
  
[0m21:28:11.247053 [debug] [Thread-1 (]: SQL status: SELECT 20 in 0.004 seconds
[0m21:28:11.258625 [debug] [Thread-1 (]: Using postgres connection "model.dbt_driven_data.staging_dim_finance"
[0m21:28:11.261024 [debug] [Thread-1 (]: On model.dbt_driven_data.staging_dim_finance: /* {"app": "dbt", "dbt_version": "1.8.0", "profile_name": "default", "target_name": "dev", "node_id": "model.dbt_driven_data.staging_dim_finance"} */
alter table "airflow"."driven_staging"."dim_finance" rename to "dim_finance__dbt_backup"
[0m21:28:11.264193 [debug] [Thread-1 (]: SQL status: ALTER TABLE in 0.001 seconds
[0m21:28:11.273649 [debug] [Thread-1 (]: Using postgres connection "model.dbt_driven_data.staging_dim_finance"
[0m21:28:11.275639 [debug] [Thread-1 (]: On model.dbt_driven_data.staging_dim_finance: /* {"app": "dbt", "dbt_version": "1.8.0", "profile_name": "default", "target_name": "dev", "node_id": "model.dbt_driven_data.staging_dim_finance"} */
alter table "airflow"."driven_staging"."dim_finance__dbt_tmp" rename to "dim_finance"
[0m21:28:11.277962 [debug] [Thread-1 (]: SQL status: ALTER TABLE in 0.001 seconds
[0m21:28:11.286317 [debug] [Thread-1 (]: On model.dbt_driven_data.staging_dim_finance: COMMIT
[0m21:28:11.288476 [debug] [Thread-1 (]: Using postgres connection "model.dbt_driven_data.staging_dim_finance"
[0m21:28:11.289995 [debug] [Thread-1 (]: On model.dbt_driven_data.staging_dim_finance: COMMIT
[0m21:28:11.293754 [debug] [Thread-1 (]: SQL status: COMMIT in 0.002 seconds
[0m21:28:11.302428 [debug] [Thread-1 (]: Applying DROP to: "airflow"."driven_staging"."dim_finance__dbt_backup"
[0m21:28:11.305307 [debug] [Thread-1 (]: Using postgres connection "model.dbt_driven_data.staging_dim_finance"
[0m21:28:11.307080 [debug] [Thread-1 (]: On model.dbt_driven_data.staging_dim_finance: /* {"app": "dbt", "dbt_version": "1.8.0", "profile_name": "default", "target_name": "dev", "node_id": "model.dbt_driven_data.staging_dim_finance"} */
drop table if exists "airflow"."driven_staging"."dim_finance__dbt_backup" cascade
[0m21:28:11.314739 [debug] [Thread-1 (]: SQL status: DROP TABLE in 0.005 seconds
[0m21:28:11.319753 [debug] [Thread-1 (]: On model.dbt_driven_data.staging_dim_finance: Close
[0m21:28:11.322093 [debug] [Thread-1 (]: Sending event: {'category': 'dbt', 'action': 'run_model', 'label': '8bfd9072-33da-446e-80ea-d49ca091b806', 'context': [<snowplow_tracker.self_describing_json.SelfDescribingJson object at 0x7fcf8a7a2ea0>]}
[0m21:28:11.324909 [info ] [Thread-1 (]: 3 of 5 OK created sql table model driven_staging.dim_finance ................... [[32mSELECT 20[0m in 0.21s]
[0m21:28:11.327825 [debug] [Thread-1 (]: Finished running node model.dbt_driven_data.staging_dim_finance
[0m21:28:11.329911 [debug] [Thread-1 (]: Began running node model.dbt_driven_data.staging_dim_person
[0m21:28:11.332641 [info ] [Thread-1 (]: 4 of 5 START sql table model driven_staging.dim_person ......................... [RUN]
[0m21:28:11.334519 [debug] [Thread-1 (]: Re-using an available connection from the pool (formerly model.dbt_driven_data.staging_dim_finance, now model.dbt_driven_data.staging_dim_person)
[0m21:28:11.336109 [debug] [Thread-1 (]: Began compiling node model.dbt_driven_data.staging_dim_person
[0m21:28:11.344927 [debug] [Thread-1 (]: Writing injected SQL for node "model.dbt_driven_data.staging_dim_person"
[0m21:28:11.374561 [debug] [Thread-1 (]: Began executing node model.dbt_driven_data.staging_dim_person
[0m21:28:11.386651 [debug] [Thread-1 (]: Writing runtime sql for node "model.dbt_driven_data.staging_dim_person"
[0m21:28:11.424159 [debug] [Thread-1 (]: Using postgres connection "model.dbt_driven_data.staging_dim_person"
[0m21:28:11.426302 [debug] [Thread-1 (]: On model.dbt_driven_data.staging_dim_person: BEGIN
[0m21:28:11.428302 [debug] [Thread-1 (]: Opening a new connection, currently in state closed
[0m21:28:11.440170 [debug] [Thread-1 (]: SQL status: BEGIN in 0.012 seconds
[0m21:28:11.442229 [debug] [Thread-1 (]: Using postgres connection "model.dbt_driven_data.staging_dim_person"
[0m21:28:11.444141 [debug] [Thread-1 (]: On model.dbt_driven_data.staging_dim_person: /* {"app": "dbt", "dbt_version": "1.8.0", "profile_name": "default", "target_name": "dev", "node_id": "model.dbt_driven_data.staging_dim_person"} */

  
    

  create  table "airflow"."driven_staging"."dim_person__dbt_tmp"
  
  
    as
  
  (
     
 
WITH source_data AS ( 
    SELECT 
        unique_id, 
 
 
        person_name, 
        user_name, 
        email, 
        phone, 
        birth_date, 
        personal_number 
    FROM 
        "airflow"."driven_raw"."raw_batch_data" 
) 
 
SELECT 
    * 
FROM 
    source_data
  );
  
[0m21:28:11.464293 [debug] [Thread-1 (]: SQL status: SELECT 20 in 0.018 seconds
[0m21:28:11.483575 [debug] [Thread-1 (]: Using postgres connection "model.dbt_driven_data.staging_dim_person"
[0m21:28:11.485782 [debug] [Thread-1 (]: On model.dbt_driven_data.staging_dim_person: /* {"app": "dbt", "dbt_version": "1.8.0", "profile_name": "default", "target_name": "dev", "node_id": "model.dbt_driven_data.staging_dim_person"} */
alter table "airflow"."driven_staging"."dim_person" rename to "dim_person__dbt_backup"
[0m21:28:11.489548 [debug] [Thread-1 (]: SQL status: ALTER TABLE in 0.001 seconds
[0m21:28:11.500673 [debug] [Thread-1 (]: Using postgres connection "model.dbt_driven_data.staging_dim_person"
[0m21:28:11.503457 [debug] [Thread-1 (]: On model.dbt_driven_data.staging_dim_person: /* {"app": "dbt", "dbt_version": "1.8.0", "profile_name": "default", "target_name": "dev", "node_id": "model.dbt_driven_data.staging_dim_person"} */
alter table "airflow"."driven_staging"."dim_person__dbt_tmp" rename to "dim_person"
[0m21:28:11.508205 [debug] [Thread-1 (]: SQL status: ALTER TABLE in 0.001 seconds
[0m21:28:11.516186 [debug] [Thread-1 (]: On model.dbt_driven_data.staging_dim_person: COMMIT
[0m21:28:11.518789 [debug] [Thread-1 (]: Using postgres connection "model.dbt_driven_data.staging_dim_person"
[0m21:28:11.523775 [debug] [Thread-1 (]: On model.dbt_driven_data.staging_dim_person: COMMIT
[0m21:28:11.528269 [debug] [Thread-1 (]: SQL status: COMMIT in 0.002 seconds
[0m21:28:11.537601 [debug] [Thread-1 (]: Applying DROP to: "airflow"."driven_staging"."dim_person__dbt_backup"
[0m21:28:11.540275 [debug] [Thread-1 (]: Using postgres connection "model.dbt_driven_data.staging_dim_person"
[0m21:28:11.542187 [debug] [Thread-1 (]: On model.dbt_driven_data.staging_dim_person: /* {"app": "dbt", "dbt_version": "1.8.0", "profile_name": "default", "target_name": "dev", "node_id": "model.dbt_driven_data.staging_dim_person"} */
drop table if exists "airflow"."driven_staging"."dim_person__dbt_backup" cascade
[0m21:28:11.551327 [debug] [Thread-1 (]: SQL status: DROP TABLE in 0.007 seconds
[0m21:28:11.555290 [debug] [Thread-1 (]: On model.dbt_driven_data.staging_dim_person: Close
[0m21:28:11.557070 [debug] [Thread-1 (]: Sending event: {'category': 'dbt', 'action': 'run_model', 'label': '8bfd9072-33da-446e-80ea-d49ca091b806', 'context': [<snowplow_tracker.self_describing_json.SelfDescribingJson object at 0x7fcf88fe8680>]}
[0m21:28:11.563972 [info ] [Thread-1 (]: 4 of 5 OK created sql table model driven_staging.dim_person .................... [[32mSELECT 20[0m in 0.22s]
[0m21:28:11.567362 [debug] [Thread-1 (]: Finished running node model.dbt_driven_data.staging_dim_person
[0m21:28:11.569211 [debug] [Thread-1 (]: Began running node model.dbt_driven_data.staging_fact_network_usage
[0m21:28:11.571629 [info ] [Thread-1 (]: 5 of 5 START sql table model driven_staging.fact_network_usage ................. [RUN]
[0m21:28:11.574029 [debug] [Thread-1 (]: Re-using an available connection from the pool (formerly model.dbt_driven_data.staging_dim_person, now model.dbt_driven_data.staging_fact_network_usage)
[0m21:28:11.575718 [debug] [Thread-1 (]: Began compiling node model.dbt_driven_data.staging_fact_network_usage
[0m21:28:11.585364 [debug] [Thread-1 (]: Writing injected SQL for node "model.dbt_driven_data.staging_fact_network_usage"
[0m21:28:11.618098 [debug] [Thread-1 (]: Began executing node model.dbt_driven_data.staging_fact_network_usage
[0m21:28:11.630913 [debug] [Thread-1 (]: Writing runtime sql for node "model.dbt_driven_data.staging_fact_network_usage"
[0m21:28:11.670170 [debug] [Thread-1 (]: Using postgres connection "model.dbt_driven_data.staging_fact_network_usage"
[0m21:28:11.672060 [debug] [Thread-1 (]: On model.dbt_driven_data.staging_fact_network_usage: BEGIN
[0m21:28:11.673999 [debug] [Thread-1 (]: Opening a new connection, currently in state closed
[0m21:28:11.684611 [debug] [Thread-1 (]: SQL status: BEGIN in 0.010 seconds
[0m21:28:11.686346 [debug] [Thread-1 (]: Using postgres connection "model.dbt_driven_data.staging_fact_network_usage"
[0m21:28:11.688059 [debug] [Thread-1 (]: On model.dbt_driven_data.staging_fact_network_usage: /* {"app": "dbt", "dbt_version": "1.8.0", "profile_name": "default", "target_name": "dev", "node_id": "model.dbt_driven_data.staging_fact_network_usage"} */

  
    

  create  table "airflow"."driven_staging"."fact_network_usage__dbt_tmp"
  
  
    as
  
  (
     
 
WITH source_data AS ( 
    SELECT 
        unique_id, 
        session_duration, 
        download_speed, 
        upload_speed, 
        consumed_traffic 
    FROM 
        "airflow"."driven_raw"."raw_batch_data" 
) 
 
SELECT 
    * 
FROM 
    source_data
  );
  
[0m21:28:11.695476 [debug] [Thread-1 (]: SQL status: SELECT 20 in 0.006 seconds
[0m21:28:11.709090 [debug] [Thread-1 (]: Using postgres connection "model.dbt_driven_data.staging_fact_network_usage"
[0m21:28:11.711515 [debug] [Thread-1 (]: On model.dbt_driven_data.staging_fact_network_usage: /* {"app": "dbt", "dbt_version": "1.8.0", "profile_name": "default", "target_name": "dev", "node_id": "model.dbt_driven_data.staging_fact_network_usage"} */
alter table "airflow"."driven_staging"."fact_network_usage" rename to "fact_network_usage__dbt_backup"
[0m21:28:11.714487 [debug] [Thread-1 (]: SQL status: ALTER TABLE in 0.001 seconds
[0m21:28:11.723939 [debug] [Thread-1 (]: Using postgres connection "model.dbt_driven_data.staging_fact_network_usage"
[0m21:28:11.725708 [debug] [Thread-1 (]: On model.dbt_driven_data.staging_fact_network_usage: /* {"app": "dbt", "dbt_version": "1.8.0", "profile_name": "default", "target_name": "dev", "node_id": "model.dbt_driven_data.staging_fact_network_usage"} */
alter table "airflow"."driven_staging"."fact_network_usage__dbt_tmp" rename to "fact_network_usage"
[0m21:28:11.732818 [debug] [Thread-1 (]: SQL status: ALTER TABLE in 0.001 seconds
[0m21:28:11.742728 [debug] [Thread-1 (]: On model.dbt_driven_data.staging_fact_network_usage: COMMIT
[0m21:28:11.744842 [debug] [Thread-1 (]: Using postgres connection "model.dbt_driven_data.staging_fact_network_usage"
[0m21:28:11.746490 [debug] [Thread-1 (]: On model.dbt_driven_data.staging_fact_network_usage: COMMIT
[0m21:28:11.750026 [debug] [Thread-1 (]: SQL status: COMMIT in 0.002 seconds
[0m21:28:11.757520 [debug] [Thread-1 (]: Applying DROP to: "airflow"."driven_staging"."fact_network_usage__dbt_backup"
[0m21:28:11.760536 [debug] [Thread-1 (]: Using postgres connection "model.dbt_driven_data.staging_fact_network_usage"
[0m21:28:11.762392 [debug] [Thread-1 (]: On model.dbt_driven_data.staging_fact_network_usage: /* {"app": "dbt", "dbt_version": "1.8.0", "profile_name": "default", "target_name": "dev", "node_id": "model.dbt_driven_data.staging_fact_network_usage"} */
drop table if exists "airflow"."driven_staging"."fact_network_usage__dbt_backup" cascade
[0m21:28:11.768757 [debug] [Thread-1 (]: SQL status: DROP TABLE in 0.004 seconds
[0m21:28:11.772677 [debug] [Thread-1 (]: On model.dbt_driven_data.staging_fact_network_usage: Close
[0m21:28:11.775133 [debug] [Thread-1 (]: Sending event: {'category': 'dbt', 'action': 'run_model', 'label': '8bfd9072-33da-446e-80ea-d49ca091b806', 'context': [<snowplow_tracker.self_describing_json.SelfDescribingJson object at 0x7fcf88201a60>]}
[0m21:28:11.777494 [info ] [Thread-1 (]: 5 of 5 OK created sql table model driven_staging.fact_network_usage ............ [[32mSELECT 20[0m in 0.20s]
[0m21:28:11.780150 [debug] [Thread-1 (]: Finished running node model.dbt_driven_data.staging_fact_network_usage
[0m21:28:11.785322 [debug] [MainThread]: Using postgres connection "master"
[0m21:28:11.787289 [debug] [MainThread]: On master: BEGIN
[0m21:28:11.789098 [debug] [MainThread]: Opening a new connection, currently in state closed
[0m21:28:11.798257 [debug] [MainThread]: SQL status: BEGIN in 0.009 seconds
[0m21:28:11.799895 [debug] [MainThread]: On master: COMMIT
[0m21:28:11.801301 [debug] [MainThread]: Using postgres connection "master"
[0m21:28:11.803378 [debug] [MainThread]: On master: COMMIT
[0m21:28:11.805751 [debug] [MainThread]: SQL status: COMMIT in 0.000 seconds
[0m21:28:11.807266 [debug] [MainThread]: On master: Close
[0m21:28:11.809124 [debug] [MainThread]: Connection 'master' was properly closed.
[0m21:28:11.810627 [debug] [MainThread]: Connection 'model.dbt_driven_data.staging_fact_network_usage' was properly closed.
[0m21:28:11.813123 [info ] [MainThread]: 
[0m21:28:11.815334 [info ] [MainThread]: Finished running 5 table models in 0 hours 0 minutes and 1.64 seconds (1.64s).
[0m21:28:11.820123 [debug] [MainThread]: Command end result
[0m21:28:11.953557 [info ] [MainThread]: 
[0m21:28:11.955721 [info ] [MainThread]: [32mCompleted successfully[0m
[0m21:28:11.957247 [info ] [MainThread]: 
[0m21:28:11.958767 [info ] [MainThread]: Done. PASS=5 WARN=0 ERROR=0 SKIP=0 TOTAL=5
[0m21:28:11.961900 [debug] [MainThread]: Resource report: {"command_name": "run", "command_success": true, "command_wall_clock_time": 4.214896, "process_user_time": 6.887228, "process_kernel_time": 1.275412, "process_mem_max_rss": "118932", "process_in_blocks": "44984", "process_out_blocks": "0"}
[0m21:28:11.963706 [debug] [MainThread]: Command `dbt run` succeeded at 21:28:11.963415 after 4.22 seconds
[0m21:28:11.965227 [debug] [MainThread]: Sending event: {'category': 'dbt', 'action': 'invocation', 'label': 'end', 'context': [<snowplow_tracker.self_describing_json.SelfDescribingJson object at 0x7fcf8b6e6ea0>, <snowplow_tracker.self_describing_json.SelfDescribingJson object at 0x7fcf8b7df6e0>, <snowplow_tracker.self_describing_json.SelfDescribingJson object at 0x7fcf8b8de0f0>]}
[0m21:28:11.967074 [debug] [MainThread]: Flushing usage events
[0m21:28:21.588170 [debug] [MainThread]: Sending event: {'category': 'dbt', 'action': 'invocation', 'label': 'start', 'context': [<snowplow_tracker.self_describing_json.SelfDescribingJson object at 0x730b1e5f13d0>, <snowplow_tracker.self_describing_json.SelfDescribingJson object at 0x730b1d8de4e0>, <snowplow_tracker.self_describing_json.SelfDescribingJson object at 0x730b1dc8d970>]}


============================== 21:28:21.605067 | 9df845d8-3100-45fb-b574-966052258609 ==============================
[0m21:28:21.605067 [info ] [MainThread]: Running with dbt=1.8.0
[0m21:28:21.607458 [debug] [MainThread]: running dbt with arguments {'printer_width': '80', 'indirect_selection': 'eager', 'log_cache_events': 'False', 'write_json': 'True', 'partial_parse': 'True', 'cache_selected_only': 'False', 'profiles_dir': '/opt/airflow/dbt', 'version_check': 'True', 'debug': 'False', 'log_path': '/opt/airflow/dbt/logs', 'fail_fast': 'False', 'warn_error': 'None', 'use_colors': 'True', 'use_experimental_parser': 'False', 'no_print': 'None', 'quiet': 'False', 'log_format': 'default', 'invocation_command': 'dbt run --select tag:trusted', 'warn_error_options': 'WarnErrorOptions(include=[], exclude=[])', 'static_parser': 'True', 'target_path': 'None', 'introspect': 'True', 'send_anonymous_usage_stats': 'True'}
[0m21:28:22.157810 [debug] [MainThread]: Sending event: {'category': 'dbt', 'action': 'project_id', 'label': '9df845d8-3100-45fb-b574-966052258609', 'context': [<snowplow_tracker.self_describing_json.SelfDescribingJson object at 0x730b1edaf170>]}
[0m21:28:22.309465 [debug] [MainThread]: Sending event: {'category': 'dbt', 'action': 'adapter_info', 'label': '9df845d8-3100-45fb-b574-966052258609', 'context': [<snowplow_tracker.self_describing_json.SelfDescribingJson object at 0x730b1eb6e7b0>]}
[0m21:28:22.311627 [info ] [MainThread]: Registered adapter: postgres=1.8.2
[0m21:28:22.507659 [debug] [MainThread]: checksum: dbb12d416fdb55e3665e4828703bbedf40c5c90ed7ca6ff39bbbfb29b12b0a92, vars: {}, profile: , target: , version: 1.8.0
[0m21:28:23.116744 [debug] [MainThread]: Partial parsing enabled: 0 files deleted, 0 files added, 0 files changed.
[0m21:28:23.118606 [debug] [MainThread]: Partial parsing enabled, no changes found, skipping parsing
[0m21:28:23.213806 [debug] [MainThread]: Sending event: {'category': 'dbt', 'action': 'load_project', 'label': '9df845d8-3100-45fb-b574-966052258609', 'context': [<snowplow_tracker.self_describing_json.SelfDescribingJson object at 0x730b1da3dac0>]}
[0m21:28:23.505817 [debug] [MainThread]: Sending event: {'category': 'dbt', 'action': 'resource_counts', 'label': '9df845d8-3100-45fb-b574-966052258609', 'context': [<snowplow_tracker.self_describing_json.SelfDescribingJson object at 0x730b1c336ae0>]}
[0m21:28:23.507680 [info ] [MainThread]: Found 9 models, 10 sources, 428 macros
[0m21:28:23.509801 [debug] [MainThread]: Sending event: {'category': 'dbt', 'action': 'runnable_timing', 'label': '9df845d8-3100-45fb-b574-966052258609', 'context': [<snowplow_tracker.self_describing_json.SelfDescribingJson object at 0x730b1cb9f650>]}
[0m21:28:23.517400 [info ] [MainThread]: 
[0m21:28:23.519872 [debug] [MainThread]: Acquiring new postgres connection 'master'
[0m21:28:23.531844 [debug] [ThreadPool]: Acquiring new postgres connection 'list_airflow'
[0m21:28:23.615694 [debug] [ThreadPool]: Using postgres connection "list_airflow"
[0m21:28:23.616957 [debug] [ThreadPool]: On list_airflow: /* {"app": "dbt", "dbt_version": "1.8.0", "profile_name": "default", "target_name": "dev", "connection_name": "list_airflow"} */

    select distinct nspname from pg_namespace
  
[0m21:28:23.618107 [debug] [ThreadPool]: Opening a new connection, currently in state init
[0m21:28:23.627920 [debug] [ThreadPool]: SQL status: SELECT 7 in 0.010 seconds
[0m21:28:23.631909 [debug] [ThreadPool]: On list_airflow: Close
[0m21:28:23.637026 [debug] [ThreadPool]: Re-using an available connection from the pool (formerly list_airflow, now list_airflow_driven_staging)
[0m21:28:23.649765 [debug] [ThreadPool]: Using postgres connection "list_airflow_driven_staging"
[0m21:28:23.651156 [debug] [ThreadPool]: On list_airflow_driven_staging: BEGIN
[0m21:28:23.652268 [debug] [ThreadPool]: Opening a new connection, currently in state closed
[0m21:28:23.660978 [debug] [ThreadPool]: SQL status: BEGIN in 0.009 seconds
[0m21:28:23.662620 [debug] [ThreadPool]: Using postgres connection "list_airflow_driven_staging"
[0m21:28:23.663900 [debug] [ThreadPool]: On list_airflow_driven_staging: /* {"app": "dbt", "dbt_version": "1.8.0", "profile_name": "default", "target_name": "dev", "connection_name": "list_airflow_driven_staging"} */
select
      'airflow' as database,
      tablename as name,
      schemaname as schema,
      'table' as type
    from pg_tables
    where schemaname ilike 'driven_staging'
    union all
    select
      'airflow' as database,
      viewname as name,
      schemaname as schema,
      'view' as type
    from pg_views
    where schemaname ilike 'driven_staging'
    union all
    select
      'airflow' as database,
      matviewname as name,
      schemaname as schema,
      'materialized_view' as type
    from pg_matviews
    where schemaname ilike 'driven_staging'
  
[0m21:28:23.669630 [debug] [ThreadPool]: SQL status: SELECT 5 in 0.004 seconds
[0m21:28:23.673445 [debug] [ThreadPool]: On list_airflow_driven_staging: ROLLBACK
[0m21:28:23.676401 [debug] [ThreadPool]: On list_airflow_driven_staging: Close
[0m21:28:23.679779 [debug] [ThreadPool]: Re-using an available connection from the pool (formerly list_airflow_driven_staging, now list_airflow_driven_trusted)
[0m21:28:23.686048 [debug] [ThreadPool]: Using postgres connection "list_airflow_driven_trusted"
[0m21:28:23.687539 [debug] [ThreadPool]: On list_airflow_driven_trusted: BEGIN
[0m21:28:23.689159 [debug] [ThreadPool]: Opening a new connection, currently in state closed
[0m21:28:23.699315 [debug] [ThreadPool]: SQL status: BEGIN in 0.010 seconds
[0m21:28:23.700581 [debug] [ThreadPool]: Using postgres connection "list_airflow_driven_trusted"
[0m21:28:23.701800 [debug] [ThreadPool]: On list_airflow_driven_trusted: /* {"app": "dbt", "dbt_version": "1.8.0", "profile_name": "default", "target_name": "dev", "connection_name": "list_airflow_driven_trusted"} */
select
      'airflow' as database,
      tablename as name,
      schemaname as schema,
      'table' as type
    from pg_tables
    where schemaname ilike 'driven_trusted'
    union all
    select
      'airflow' as database,
      viewname as name,
      schemaname as schema,
      'view' as type
    from pg_views
    where schemaname ilike 'driven_trusted'
    union all
    select
      'airflow' as database,
      matviewname as name,
      schemaname as schema,
      'materialized_view' as type
    from pg_matviews
    where schemaname ilike 'driven_trusted'
  
[0m21:28:23.707756 [debug] [ThreadPool]: SQL status: SELECT 4 in 0.005 seconds
[0m21:28:23.711809 [debug] [ThreadPool]: On list_airflow_driven_trusted: ROLLBACK
[0m21:28:23.714378 [debug] [ThreadPool]: On list_airflow_driven_trusted: Close
[0m21:28:23.730039 [debug] [MainThread]: Using postgres connection "master"
[0m21:28:23.731520 [debug] [MainThread]: On master: BEGIN
[0m21:28:23.732666 [debug] [MainThread]: Opening a new connection, currently in state init
[0m21:28:23.740396 [debug] [MainThread]: SQL status: BEGIN in 0.008 seconds
[0m21:28:23.741796 [debug] [MainThread]: Using postgres connection "master"
[0m21:28:23.743260 [debug] [MainThread]: On master: /* {"app": "dbt", "dbt_version": "1.8.0", "profile_name": "default", "target_name": "dev", "connection_name": "master"} */
with relation as (
        select
            pg_rewrite.ev_class as class,
            pg_rewrite.oid as id
        from pg_rewrite
    ),
    class as (
        select
            oid as id,
            relname as name,
            relnamespace as schema,
            relkind as kind
        from pg_class
    ),
    dependency as (
        select distinct
            pg_depend.objid as id,
            pg_depend.refobjid as ref
        from pg_depend
    ),
    schema as (
        select
            pg_namespace.oid as id,
            pg_namespace.nspname as name
        from pg_namespace
        where nspname != 'information_schema' and nspname not like 'pg\_%'
    ),
    referenced as (
        select
            relation.id AS id,
            referenced_class.name ,
            referenced_class.schema ,
            referenced_class.kind
        from relation
        join class as referenced_class on relation.class=referenced_class.id
        where referenced_class.kind in ('r', 'v', 'm')
    ),
    relationships as (
        select
            referenced.name as referenced_name,
            referenced.schema as referenced_schema_id,
            dependent_class.name as dependent_name,
            dependent_class.schema as dependent_schema_id,
            referenced.kind as kind
        from referenced
        join dependency on referenced.id=dependency.id
        join class as dependent_class on dependency.ref=dependent_class.id
        where
            (referenced.name != dependent_class.name or
             referenced.schema != dependent_class.schema)
    )

    select
        referenced_schema.name as referenced_schema,
        relationships.referenced_name as referenced_name,
        dependent_schema.name as dependent_schema,
        relationships.dependent_name as dependent_name
    from relationships
    join schema as dependent_schema on relationships.dependent_schema_id=dependent_schema.id
    join schema as referenced_schema on relationships.referenced_schema_id=referenced_schema.id
    group by referenced_schema, referenced_name, dependent_schema, dependent_name
    order by referenced_schema, referenced_name, dependent_schema, dependent_name;
[0m21:28:23.750011 [debug] [MainThread]: SQL status: SELECT 0 in 0.005 seconds
[0m21:28:23.753770 [debug] [MainThread]: Sending event: {'category': 'dbt', 'action': 'runnable_timing', 'label': '9df845d8-3100-45fb-b574-966052258609', 'context': [<snowplow_tracker.self_describing_json.SelfDescribingJson object at 0x730b1ec6c5f0>]}
[0m21:28:23.755715 [debug] [MainThread]: On master: ROLLBACK
[0m21:28:23.759014 [debug] [MainThread]: Using postgres connection "master"
[0m21:28:23.761174 [debug] [MainThread]: On master: BEGIN
[0m21:28:23.763800 [debug] [MainThread]: SQL status: BEGIN in 0.001 seconds
[0m21:28:23.765181 [debug] [MainThread]: On master: COMMIT
[0m21:28:23.766456 [debug] [MainThread]: Using postgres connection "master"
[0m21:28:23.767767 [debug] [MainThread]: On master: COMMIT
[0m21:28:23.769579 [debug] [MainThread]: SQL status: COMMIT in 0.000 seconds
[0m21:28:23.770996 [debug] [MainThread]: On master: Close
[0m21:28:23.772572 [info ] [MainThread]: Concurrency: 1 threads (target='dev')
[0m21:28:23.773893 [info ] [MainThread]: 
[0m21:28:23.794706 [debug] [Thread-1 (]: Began running node model.dbt_driven_data.trusted_non_pii_data
[0m21:28:23.796509 [info ] [Thread-1 (]: 1 of 4 START sql table model driven_trusted.non_pii_data ....................... [RUN]
[0m21:28:23.798264 [debug] [Thread-1 (]: Re-using an available connection from the pool (formerly list_airflow_driven_trusted, now model.dbt_driven_data.trusted_non_pii_data)
[0m21:28:23.799531 [debug] [Thread-1 (]: Began compiling node model.dbt_driven_data.trusted_non_pii_data
[0m21:28:23.818901 [debug] [Thread-1 (]: Writing injected SQL for node "model.dbt_driven_data.trusted_non_pii_data"
[0m21:28:23.851896 [debug] [Thread-1 (]: Began executing node model.dbt_driven_data.trusted_non_pii_data
[0m21:28:23.946003 [debug] [Thread-1 (]: Writing runtime sql for node "model.dbt_driven_data.trusted_non_pii_data"
[0m21:28:23.984911 [debug] [Thread-1 (]: Using postgres connection "model.dbt_driven_data.trusted_non_pii_data"
[0m21:28:23.986693 [debug] [Thread-1 (]: On model.dbt_driven_data.trusted_non_pii_data: BEGIN
[0m21:28:23.988636 [debug] [Thread-1 (]: Opening a new connection, currently in state closed
[0m21:28:23.998609 [debug] [Thread-1 (]: SQL status: BEGIN in 0.010 seconds
[0m21:28:24.000474 [debug] [Thread-1 (]: Using postgres connection "model.dbt_driven_data.trusted_non_pii_data"
[0m21:28:24.002541 [debug] [Thread-1 (]: On model.dbt_driven_data.trusted_non_pii_data: /* {"app": "dbt", "dbt_version": "1.8.0", "profile_name": "default", "target_name": "dev", "node_id": "model.dbt_driven_data.trusted_non_pii_data"} */

  
    

  create  table "airflow"."driven_trusted"."non_pii_data__dbt_tmp"
  
  
    as
  
  (
     
 
WITH source_data AS ( 
    SELECT 
        '***MASKED***' AS person_name, 
        SUBSTRING(dp.user_name, 1, 5) || '*****'  user_name, 
        SUBSTRING(dp.email, 1, 5) || '*****' AS email, 
        '***MASKED***'  AS personal_number,  
        '***MASKED***' AS birth_date,  
        '***MASKED***' AS address, 
        '***MASKED***'  AS phone,  
        SUBSTRING(da.mac_address, 1, 5) || '*****' AS mac_address, 
        SUBSTRING(da.ip_address, 1, 5) || '*****' AS ip_address, 
        SUBSTRING(df.iban, 1, 5) || '*****' AS iban, 
        dd.accessed_at, 
        fnu.session_duration, 
        fnu.download_speed, 
        fnu.upload_speed, 
        fnu.consumed_traffic, 
        fnu.unique_id 
    FROM 
 
 
        "airflow"."driven_staging"."fact_network_usage" fnu 
    INNER JOIN 
        "airflow"."driven_staging"."dim_address" da ON 
fnu.unique_id = da.unique_id 
    INNER JOIN 
        "airflow"."driven_staging"."dim_date" dd ON da.unique_id = 
dd.unique_id 
    INNER JOIN 
        "airflow"."driven_staging"."dim_finance" df ON dd.unique_id 
= df.unique_id 
    INNER JOIN 
        "airflow"."driven_staging"."dim_person" dp ON df.unique_id 
= dp.unique_id 
) 
 
SELECT 
    * 
FROM 
    source_data
  );
  
[0m21:28:24.018745 [debug] [Thread-1 (]: SQL status: SELECT 20 in 0.014 seconds
[0m21:28:24.033306 [debug] [Thread-1 (]: Using postgres connection "model.dbt_driven_data.trusted_non_pii_data"
[0m21:28:24.034752 [debug] [Thread-1 (]: On model.dbt_driven_data.trusted_non_pii_data: /* {"app": "dbt", "dbt_version": "1.8.0", "profile_name": "default", "target_name": "dev", "node_id": "model.dbt_driven_data.trusted_non_pii_data"} */
alter table "airflow"."driven_trusted"."non_pii_data" rename to "non_pii_data__dbt_backup"
[0m21:28:24.037064 [debug] [Thread-1 (]: SQL status: ALTER TABLE in 0.001 seconds
[0m21:28:24.043752 [debug] [Thread-1 (]: Using postgres connection "model.dbt_driven_data.trusted_non_pii_data"
[0m21:28:24.045220 [debug] [Thread-1 (]: On model.dbt_driven_data.trusted_non_pii_data: /* {"app": "dbt", "dbt_version": "1.8.0", "profile_name": "default", "target_name": "dev", "node_id": "model.dbt_driven_data.trusted_non_pii_data"} */
alter table "airflow"."driven_trusted"."non_pii_data__dbt_tmp" rename to "non_pii_data"
[0m21:28:24.047220 [debug] [Thread-1 (]: SQL status: ALTER TABLE in 0.001 seconds
[0m21:28:24.088446 [debug] [Thread-1 (]: On model.dbt_driven_data.trusted_non_pii_data: COMMIT
[0m21:28:24.089969 [debug] [Thread-1 (]: Using postgres connection "model.dbt_driven_data.trusted_non_pii_data"
[0m21:28:24.091640 [debug] [Thread-1 (]: On model.dbt_driven_data.trusted_non_pii_data: COMMIT
[0m21:28:24.095621 [debug] [Thread-1 (]: SQL status: COMMIT in 0.002 seconds
[0m21:28:24.110785 [debug] [Thread-1 (]: Applying DROP to: "airflow"."driven_trusted"."non_pii_data__dbt_backup"
[0m21:28:24.123146 [debug] [Thread-1 (]: Using postgres connection "model.dbt_driven_data.trusted_non_pii_data"
[0m21:28:24.125021 [debug] [Thread-1 (]: On model.dbt_driven_data.trusted_non_pii_data: /* {"app": "dbt", "dbt_version": "1.8.0", "profile_name": "default", "target_name": "dev", "node_id": "model.dbt_driven_data.trusted_non_pii_data"} */
drop table if exists "airflow"."driven_trusted"."non_pii_data__dbt_backup" cascade
[0m21:28:24.130636 [debug] [Thread-1 (]: SQL status: DROP TABLE in 0.004 seconds
[0m21:28:24.135854 [debug] [Thread-1 (]: On model.dbt_driven_data.trusted_non_pii_data: Close
[0m21:28:24.139585 [debug] [Thread-1 (]: Sending event: {'category': 'dbt', 'action': 'run_model', 'label': '9df845d8-3100-45fb-b574-966052258609', 'context': [<snowplow_tracker.self_describing_json.SelfDescribingJson object at 0x730b1edada30>]}
[0m21:28:24.142086 [info ] [Thread-1 (]: 1 of 4 OK created sql table model driven_trusted.non_pii_data .................. [[32mSELECT 20[0m in 0.34s]
[0m21:28:24.144332 [debug] [Thread-1 (]: Finished running node model.dbt_driven_data.trusted_non_pii_data
[0m21:28:24.145894 [debug] [Thread-1 (]: Began running node model.dbt_driven_data.trusted_payment_data
[0m21:28:24.147562 [info ] [Thread-1 (]: 2 of 4 START sql table model driven_trusted.payment_data ....................... [RUN]
[0m21:28:24.149217 [debug] [Thread-1 (]: Re-using an available connection from the pool (formerly model.dbt_driven_data.trusted_non_pii_data, now model.dbt_driven_data.trusted_payment_data)
[0m21:28:24.150635 [debug] [Thread-1 (]: Began compiling node model.dbt_driven_data.trusted_payment_data
[0m21:28:24.158747 [debug] [Thread-1 (]: Writing injected SQL for node "model.dbt_driven_data.trusted_payment_data"
[0m21:28:24.196169 [debug] [Thread-1 (]: Began executing node model.dbt_driven_data.trusted_payment_data
[0m21:28:24.213496 [debug] [Thread-1 (]: Writing runtime sql for node "model.dbt_driven_data.trusted_payment_data"
[0m21:28:24.255583 [debug] [Thread-1 (]: Using postgres connection "model.dbt_driven_data.trusted_payment_data"
[0m21:28:24.257949 [debug] [Thread-1 (]: On model.dbt_driven_data.trusted_payment_data: BEGIN
[0m21:28:24.260128 [debug] [Thread-1 (]: Opening a new connection, currently in state closed
[0m21:28:24.269608 [debug] [Thread-1 (]: SQL status: BEGIN in 0.009 seconds
[0m21:28:24.273290 [debug] [Thread-1 (]: Using postgres connection "model.dbt_driven_data.trusted_payment_data"
[0m21:28:24.275525 [debug] [Thread-1 (]: On model.dbt_driven_data.trusted_payment_data: /* {"app": "dbt", "dbt_version": "1.8.0", "profile_name": "default", "target_name": "dev", "node_id": "model.dbt_driven_data.trusted_payment_data"} */

  
    

  create  table "airflow"."driven_trusted"."payment_data__dbt_tmp"
  
  
    as
  
  (
     
 
WITH source_data AS ( 
    SELECT 
        fnu.unique_id, 
        df.iban, 
        fnu.download_speed, 
        fnu.upload_speed, 
        fnu.session_duration, 
        fnu.consumed_traffic, 
        ((fnu.download_speed + fnu.upload_speed + 1)/2) + 
(fnu.consumed_traffic / (fnu.session_duration + 1)) AS payment_amount 
    FROM 
        "airflow"."driven_staging"."fact_network_usage" fnu 
    JOIN 
        "airflow"."driven_staging"."dim_finance" df 
    ON 
     fnu.unique_id = df.unique_id 
) 
 
SELECT 
    * 
FROM 
    source_data
  );
  
[0m21:28:24.286436 [debug] [Thread-1 (]: SQL status: SELECT 20 in 0.009 seconds
[0m21:28:24.299373 [debug] [Thread-1 (]: Using postgres connection "model.dbt_driven_data.trusted_payment_data"
[0m21:28:24.301566 [debug] [Thread-1 (]: On model.dbt_driven_data.trusted_payment_data: /* {"app": "dbt", "dbt_version": "1.8.0", "profile_name": "default", "target_name": "dev", "node_id": "model.dbt_driven_data.trusted_payment_data"} */
alter table "airflow"."driven_trusted"."payment_data" rename to "payment_data__dbt_backup"
[0m21:28:24.304517 [debug] [Thread-1 (]: SQL status: ALTER TABLE in 0.001 seconds
[0m21:28:24.313706 [debug] [Thread-1 (]: Using postgres connection "model.dbt_driven_data.trusted_payment_data"
[0m21:28:24.315282 [debug] [Thread-1 (]: On model.dbt_driven_data.trusted_payment_data: /* {"app": "dbt", "dbt_version": "1.8.0", "profile_name": "default", "target_name": "dev", "node_id": "model.dbt_driven_data.trusted_payment_data"} */
alter table "airflow"."driven_trusted"."payment_data__dbt_tmp" rename to "payment_data"
[0m21:28:24.317376 [debug] [Thread-1 (]: SQL status: ALTER TABLE in 0.001 seconds
[0m21:28:24.324857 [debug] [Thread-1 (]: On model.dbt_driven_data.trusted_payment_data: COMMIT
[0m21:28:24.326331 [debug] [Thread-1 (]: Using postgres connection "model.dbt_driven_data.trusted_payment_data"
[0m21:28:24.328003 [debug] [Thread-1 (]: On model.dbt_driven_data.trusted_payment_data: COMMIT
[0m21:28:24.331502 [debug] [Thread-1 (]: SQL status: COMMIT in 0.002 seconds
[0m21:28:24.342136 [debug] [Thread-1 (]: Applying DROP to: "airflow"."driven_trusted"."payment_data__dbt_backup"
[0m21:28:24.344989 [debug] [Thread-1 (]: Using postgres connection "model.dbt_driven_data.trusted_payment_data"
[0m21:28:24.346510 [debug] [Thread-1 (]: On model.dbt_driven_data.trusted_payment_data: /* {"app": "dbt", "dbt_version": "1.8.0", "profile_name": "default", "target_name": "dev", "node_id": "model.dbt_driven_data.trusted_payment_data"} */
drop table if exists "airflow"."driven_trusted"."payment_data__dbt_backup" cascade
[0m21:28:24.350938 [debug] [Thread-1 (]: SQL status: DROP TABLE in 0.003 seconds
[0m21:28:24.354434 [debug] [Thread-1 (]: On model.dbt_driven_data.trusted_payment_data: Close
[0m21:28:24.356681 [debug] [Thread-1 (]: Sending event: {'category': 'dbt', 'action': 'run_model', 'label': '9df845d8-3100-45fb-b574-966052258609', 'context': [<snowplow_tracker.self_describing_json.SelfDescribingJson object at 0x730b1b373890>]}
[0m21:28:24.358865 [info ] [Thread-1 (]: 2 of 4 OK created sql table model driven_trusted.payment_data .................. [[32mSELECT 20[0m in 0.21s]
[0m21:28:24.362773 [debug] [Thread-1 (]: Finished running node model.dbt_driven_data.trusted_payment_data
[0m21:28:24.364289 [debug] [Thread-1 (]: Began running node model.dbt_driven_data.trusted_pii_data
[0m21:28:24.366147 [info ] [Thread-1 (]: 3 of 4 START sql table model driven_trusted.pii_data ........................... [RUN]
[0m21:28:24.368276 [debug] [Thread-1 (]: Re-using an available connection from the pool (formerly model.dbt_driven_data.trusted_payment_data, now model.dbt_driven_data.trusted_pii_data)
[0m21:28:24.369907 [debug] [Thread-1 (]: Began compiling node model.dbt_driven_data.trusted_pii_data
[0m21:28:24.384277 [debug] [Thread-1 (]: Writing injected SQL for node "model.dbt_driven_data.trusted_pii_data"
[0m21:28:24.415961 [debug] [Thread-1 (]: Began executing node model.dbt_driven_data.trusted_pii_data
[0m21:28:24.427353 [debug] [Thread-1 (]: Writing runtime sql for node "model.dbt_driven_data.trusted_pii_data"
[0m21:28:24.459071 [debug] [Thread-1 (]: Using postgres connection "model.dbt_driven_data.trusted_pii_data"
[0m21:28:24.460461 [debug] [Thread-1 (]: On model.dbt_driven_data.trusted_pii_data: BEGIN
[0m21:28:24.462359 [debug] [Thread-1 (]: Opening a new connection, currently in state closed
[0m21:28:24.472019 [debug] [Thread-1 (]: SQL status: BEGIN in 0.009 seconds
[0m21:28:24.473687 [debug] [Thread-1 (]: Using postgres connection "model.dbt_driven_data.trusted_pii_data"
[0m21:28:24.475386 [debug] [Thread-1 (]: On model.dbt_driven_data.trusted_pii_data: /* {"app": "dbt", "dbt_version": "1.8.0", "profile_name": "default", "target_name": "dev", "node_id": "model.dbt_driven_data.trusted_pii_data"} */

  
    

  create  table "airflow"."driven_trusted"."pii_data__dbt_tmp"
  
  
    as
  
  (
     
 
WITH source_data AS ( 
    SELECT 
        dp.person_name, 
        dp.user_name, 
        dp.email, 
        dp.personal_number,  
        dp.birth_date,  
        da.address, 
        dp.phone,  
        da.mac_address, 
        da.ip_address, 
        df.iban, 
        dd.accessed_at, 
        fnu.session_duration, 
        fnu.download_speed, 
        fnu.upload_speed, 
 
 
        fnu.consumed_traffic, 
        fnu.unique_id 
    FROM 
        "airflow"."driven_staging"."fact_network_usage" fnu 
    INNER JOIN 
        "airflow"."driven_staging"."dim_address" da ON 
fnu.unique_id = da.unique_id 
    INNER JOIN 
        "airflow"."driven_staging"."dim_date" dd ON da.unique_id = 
dd.unique_id 
    INNER JOIN 
        "airflow"."driven_staging"."dim_finance" df ON dd.unique_id 
= df.unique_id 
    INNER JOIN 
        "airflow"."driven_staging"."dim_person" dp ON df.unique_id 
= dp.unique_id 
) 
 
SELECT 
    * 
FROM 
    source_data
  );
  
[0m21:28:24.487043 [debug] [Thread-1 (]: SQL status: SELECT 20 in 0.010 seconds
[0m21:28:24.495063 [debug] [Thread-1 (]: Using postgres connection "model.dbt_driven_data.trusted_pii_data"
[0m21:28:24.496895 [debug] [Thread-1 (]: On model.dbt_driven_data.trusted_pii_data: /* {"app": "dbt", "dbt_version": "1.8.0", "profile_name": "default", "target_name": "dev", "node_id": "model.dbt_driven_data.trusted_pii_data"} */
alter table "airflow"."driven_trusted"."pii_data" rename to "pii_data__dbt_backup"
[0m21:28:24.499293 [debug] [Thread-1 (]: SQL status: ALTER TABLE in 0.001 seconds
[0m21:28:24.507108 [debug] [Thread-1 (]: Using postgres connection "model.dbt_driven_data.trusted_pii_data"
[0m21:28:24.508494 [debug] [Thread-1 (]: On model.dbt_driven_data.trusted_pii_data: /* {"app": "dbt", "dbt_version": "1.8.0", "profile_name": "default", "target_name": "dev", "node_id": "model.dbt_driven_data.trusted_pii_data"} */
alter table "airflow"."driven_trusted"."pii_data__dbt_tmp" rename to "pii_data"
[0m21:28:24.510820 [debug] [Thread-1 (]: SQL status: ALTER TABLE in 0.001 seconds
[0m21:28:24.515740 [debug] [Thread-1 (]: On model.dbt_driven_data.trusted_pii_data: COMMIT
[0m21:28:24.517125 [debug] [Thread-1 (]: Using postgres connection "model.dbt_driven_data.trusted_pii_data"
[0m21:28:24.518715 [debug] [Thread-1 (]: On model.dbt_driven_data.trusted_pii_data: COMMIT
[0m21:28:24.522970 [debug] [Thread-1 (]: SQL status: COMMIT in 0.002 seconds
[0m21:28:24.528444 [debug] [Thread-1 (]: Applying DROP to: "airflow"."driven_trusted"."pii_data__dbt_backup"
[0m21:28:24.530976 [debug] [Thread-1 (]: Using postgres connection "model.dbt_driven_data.trusted_pii_data"
[0m21:28:24.532435 [debug] [Thread-1 (]: On model.dbt_driven_data.trusted_pii_data: /* {"app": "dbt", "dbt_version": "1.8.0", "profile_name": "default", "target_name": "dev", "node_id": "model.dbt_driven_data.trusted_pii_data"} */
drop table if exists "airflow"."driven_trusted"."pii_data__dbt_backup" cascade
[0m21:28:24.539920 [debug] [Thread-1 (]: SQL status: DROP TABLE in 0.006 seconds
[0m21:28:24.546457 [debug] [Thread-1 (]: On model.dbt_driven_data.trusted_pii_data: Close
[0m21:28:24.548547 [debug] [Thread-1 (]: Sending event: {'category': 'dbt', 'action': 'run_model', 'label': '9df845d8-3100-45fb-b574-966052258609', 'context': [<snowplow_tracker.self_describing_json.SelfDescribingJson object at 0x730b1a63c6e0>]}
[0m21:28:24.551223 [info ] [Thread-1 (]: 3 of 4 OK created sql table model driven_trusted.pii_data ...................... [[32mSELECT 20[0m in 0.18s]
[0m21:28:24.553705 [debug] [Thread-1 (]: Finished running node model.dbt_driven_data.trusted_pii_data
[0m21:28:24.556173 [debug] [Thread-1 (]: Began running node model.dbt_driven_data.trusted_technical_data
[0m21:28:24.557808 [info ] [Thread-1 (]: 4 of 4 START sql table model driven_trusted.technical_data ..................... [RUN]
[0m21:28:24.560010 [debug] [Thread-1 (]: Re-using an available connection from the pool (formerly model.dbt_driven_data.trusted_pii_data, now model.dbt_driven_data.trusted_technical_data)
[0m21:28:24.561936 [debug] [Thread-1 (]: Began compiling node model.dbt_driven_data.trusted_technical_data
[0m21:28:24.569749 [debug] [Thread-1 (]: Writing injected SQL for node "model.dbt_driven_data.trusted_technical_data"
[0m21:28:24.602482 [debug] [Thread-1 (]: Began executing node model.dbt_driven_data.trusted_technical_data
[0m21:28:24.612850 [debug] [Thread-1 (]: Writing runtime sql for node "model.dbt_driven_data.trusted_technical_data"
[0m21:28:24.649521 [debug] [Thread-1 (]: Using postgres connection "model.dbt_driven_data.trusted_technical_data"
[0m21:28:24.651213 [debug] [Thread-1 (]: On model.dbt_driven_data.trusted_technical_data: BEGIN
[0m21:28:24.653817 [debug] [Thread-1 (]: Opening a new connection, currently in state closed
[0m21:28:24.665518 [debug] [Thread-1 (]: SQL status: BEGIN in 0.012 seconds
[0m21:28:24.668226 [debug] [Thread-1 (]: Using postgres connection "model.dbt_driven_data.trusted_technical_data"
[0m21:28:24.671604 [debug] [Thread-1 (]: On model.dbt_driven_data.trusted_technical_data: /* {"app": "dbt", "dbt_version": "1.8.0", "profile_name": "default", "target_name": "dev", "node_id": "model.dbt_driven_data.trusted_technical_data"} */

  
    

  create  table "airflow"."driven_trusted"."technical_data__dbt_tmp"
  
  
    as
  
  (
     
 
WITH source_data AS ( 
    SELECT 
        fnu.unique_id, 
        da.address, 
        da.mac_address, 
        da.ip_address, 
        fnu.download_speed, 
        fnu.upload_speed, 
        ROUND((fnu.session_duration/60), 1) as min_session_duration, 
        CASE  
 
 
            WHEN fnu.download_speed < 50 OR fnu.upload_speed < 30 OR 
fnu.session_duration/60 < 1 THEN true 
            ELSE false 
        END AS technical_issue 
    FROM 
        "airflow"."driven_staging"."fact_network_usage" fnu 
    JOIN 
        "airflow"."driven_staging"."dim_address" da 
    ON 
     fnu.unique_id = da.unique_id 
) 
 
SELECT 
    * 
FROM 
    source_data
  );
  
[0m21:28:24.683831 [debug] [Thread-1 (]: SQL status: SELECT 20 in 0.011 seconds
[0m21:28:24.691123 [debug] [Thread-1 (]: Using postgres connection "model.dbt_driven_data.trusted_technical_data"
[0m21:28:24.692483 [debug] [Thread-1 (]: On model.dbt_driven_data.trusted_technical_data: /* {"app": "dbt", "dbt_version": "1.8.0", "profile_name": "default", "target_name": "dev", "node_id": "model.dbt_driven_data.trusted_technical_data"} */
alter table "airflow"."driven_trusted"."technical_data" rename to "technical_data__dbt_backup"
[0m21:28:24.695235 [debug] [Thread-1 (]: SQL status: ALTER TABLE in 0.001 seconds
[0m21:28:24.704496 [debug] [Thread-1 (]: Using postgres connection "model.dbt_driven_data.trusted_technical_data"
[0m21:28:24.706140 [debug] [Thread-1 (]: On model.dbt_driven_data.trusted_technical_data: /* {"app": "dbt", "dbt_version": "1.8.0", "profile_name": "default", "target_name": "dev", "node_id": "model.dbt_driven_data.trusted_technical_data"} */
alter table "airflow"."driven_trusted"."technical_data__dbt_tmp" rename to "technical_data"
[0m21:28:24.708334 [debug] [Thread-1 (]: SQL status: ALTER TABLE in 0.001 seconds
[0m21:28:24.713040 [debug] [Thread-1 (]: On model.dbt_driven_data.trusted_technical_data: COMMIT
[0m21:28:24.714967 [debug] [Thread-1 (]: Using postgres connection "model.dbt_driven_data.trusted_technical_data"
[0m21:28:24.717456 [debug] [Thread-1 (]: On model.dbt_driven_data.trusted_technical_data: COMMIT
[0m21:28:24.723226 [debug] [Thread-1 (]: SQL status: COMMIT in 0.003 seconds
[0m21:28:24.728787 [debug] [Thread-1 (]: Applying DROP to: "airflow"."driven_trusted"."technical_data__dbt_backup"
[0m21:28:24.731249 [debug] [Thread-1 (]: Using postgres connection "model.dbt_driven_data.trusted_technical_data"
[0m21:28:24.732522 [debug] [Thread-1 (]: On model.dbt_driven_data.trusted_technical_data: /* {"app": "dbt", "dbt_version": "1.8.0", "profile_name": "default", "target_name": "dev", "node_id": "model.dbt_driven_data.trusted_technical_data"} */
drop table if exists "airflow"."driven_trusted"."technical_data__dbt_backup" cascade
[0m21:28:24.738323 [debug] [Thread-1 (]: SQL status: DROP TABLE in 0.004 seconds
[0m21:28:24.741657 [debug] [Thread-1 (]: On model.dbt_driven_data.trusted_technical_data: Close
[0m21:28:24.743412 [debug] [Thread-1 (]: Sending event: {'category': 'dbt', 'action': 'run_model', 'label': '9df845d8-3100-45fb-b574-966052258609', 'context': [<snowplow_tracker.self_describing_json.SelfDescribingJson object at 0x730b1a63c590>]}
[0m21:28:24.747152 [info ] [Thread-1 (]: 4 of 4 OK created sql table model driven_trusted.technical_data ................ [[32mSELECT 20[0m in 0.18s]
[0m21:28:24.749032 [debug] [Thread-1 (]: Finished running node model.dbt_driven_data.trusted_technical_data
[0m21:28:24.753240 [debug] [MainThread]: Using postgres connection "master"
[0m21:28:24.754655 [debug] [MainThread]: On master: BEGIN
[0m21:28:24.756420 [debug] [MainThread]: Opening a new connection, currently in state closed
[0m21:28:24.766808 [debug] [MainThread]: SQL status: BEGIN in 0.010 seconds
[0m21:28:24.768465 [debug] [MainThread]: On master: COMMIT
[0m21:28:24.770547 [debug] [MainThread]: Using postgres connection "master"
[0m21:28:24.771983 [debug] [MainThread]: On master: COMMIT
[0m21:28:24.773510 [debug] [MainThread]: SQL status: COMMIT in 0.000 seconds
[0m21:28:24.774895 [debug] [MainThread]: On master: Close
[0m21:28:24.776749 [debug] [MainThread]: Connection 'master' was properly closed.
[0m21:28:24.780620 [debug] [MainThread]: Connection 'model.dbt_driven_data.trusted_technical_data' was properly closed.
[0m21:28:24.782198 [info ] [MainThread]: 
[0m21:28:24.783743 [info ] [MainThread]: Finished running 4 table models in 0 hours 0 minutes and 1.26 seconds (1.26s).
[0m21:28:24.787808 [debug] [MainThread]: Command end result
[0m21:28:24.926354 [info ] [MainThread]: 
[0m21:28:24.928950 [info ] [MainThread]: [32mCompleted successfully[0m
[0m21:28:24.932360 [info ] [MainThread]: 
[0m21:28:24.940151 [info ] [MainThread]: Done. PASS=4 WARN=0 ERROR=0 SKIP=0 TOTAL=4
[0m21:28:24.947721 [debug] [MainThread]: Resource report: {"command_name": "run", "command_success": true, "command_wall_clock_time": 3.5052679, "process_user_time": 7.13543, "process_kernel_time": 0.679375, "process_mem_max_rss": "119036", "process_in_blocks": "8", "process_out_blocks": "0"}
[0m21:28:24.952037 [debug] [MainThread]: Command `dbt run` succeeded at 21:28:24.951469 after 3.51 seconds
[0m21:28:24.956220 [debug] [MainThread]: Sending event: {'category': 'dbt', 'action': 'invocation', 'label': 'end', 'context': [<snowplow_tracker.self_describing_json.SelfDescribingJson object at 0x730b1e0d9730>, <snowplow_tracker.self_describing_json.SelfDescribingJson object at 0x730b1bf58320>, <snowplow_tracker.self_describing_json.SelfDescribingJson object at 0x730b1a652690>]}
[0m21:28:24.959166 [debug] [MainThread]: Flushing usage events
[0m01:19:15.921857 [debug] [MainThread]: Sending event: {'category': 'dbt', 'action': 'invocation', 'label': 'start', 'context': [<snowplow_tracker.self_describing_json.SelfDescribingJson object at 0x7e58fe803410>, <snowplow_tracker.self_describing_json.SelfDescribingJson object at 0x7e58fe7fc890>, <snowplow_tracker.self_describing_json.SelfDescribingJson object at 0x7e58fe801a60>]}


============================== 01:19:16.031322 | 09adbe3a-308a-4f33-99d4-a23e4759ece1 ==============================
[0m01:19:16.031322 [info ] [MainThread]: Running with dbt=1.8.0
[0m01:19:16.035135 [debug] [MainThread]: running dbt with arguments {'printer_width': '80', 'indirect_selection': 'eager', 'write_json': 'True', 'log_cache_events': 'False', 'partial_parse': 'True', 'cache_selected_only': 'False', 'profiles_dir': '/opt/airflow/dbt', 'version_check': 'True', 'fail_fast': 'False', 'log_path': '/opt/airflow/dbt/logs', 'debug': 'False', 'warn_error': 'None', 'use_colors': 'True', 'use_experimental_parser': 'False', 'no_print': 'None', 'quiet': 'False', 'log_format': 'default', 'invocation_command': 'dbt run --select tag:staging', 'static_parser': 'True', 'introspect': 'True', 'target_path': 'None', 'warn_error_options': 'WarnErrorOptions(include=[], exclude=[])', 'send_anonymous_usage_stats': 'True'}
[0m01:19:17.817420 [debug] [MainThread]: Sending event: {'category': 'dbt', 'action': 'project_id', 'label': '09adbe3a-308a-4f33-99d4-a23e4759ece1', 'context': [<snowplow_tracker.self_describing_json.SelfDescribingJson object at 0x7e58ff7002f0>]}
[0m01:19:18.060676 [debug] [MainThread]: Sending event: {'category': 'dbt', 'action': 'adapter_info', 'label': '09adbe3a-308a-4f33-99d4-a23e4759ece1', 'context': [<snowplow_tracker.self_describing_json.SelfDescribingJson object at 0x7e58fe437380>]}
[0m01:19:18.088869 [info ] [MainThread]: Registered adapter: postgres=1.8.2
[0m01:19:18.682185 [debug] [MainThread]: checksum: dbb12d416fdb55e3665e4828703bbedf40c5c90ed7ca6ff39bbbfb29b12b0a92, vars: {}, profile: , target: , version: 1.8.0
[0m01:19:19.884686 [debug] [MainThread]: Partial parsing enabled: 0 files deleted, 0 files added, 0 files changed.
[0m01:19:19.887969 [debug] [MainThread]: Partial parsing enabled, no changes found, skipping parsing
[0m01:19:20.105705 [debug] [MainThread]: Sending event: {'category': 'dbt', 'action': 'load_project', 'label': '09adbe3a-308a-4f33-99d4-a23e4759ece1', 'context': [<snowplow_tracker.self_describing_json.SelfDescribingJson object at 0x7e58fe3dcf50>]}
[0m01:19:21.067640 [debug] [MainThread]: Sending event: {'category': 'dbt', 'action': 'resource_counts', 'label': '09adbe3a-308a-4f33-99d4-a23e4759ece1', 'context': [<snowplow_tracker.self_describing_json.SelfDescribingJson object at 0x7e58fe3126f0>]}
[0m01:19:21.070332 [info ] [MainThread]: Found 9 models, 10 sources, 428 macros
[0m01:19:21.072567 [debug] [MainThread]: Sending event: {'category': 'dbt', 'action': 'runnable_timing', 'label': '09adbe3a-308a-4f33-99d4-a23e4759ece1', 'context': [<snowplow_tracker.self_describing_json.SelfDescribingJson object at 0x7e58fe801a60>]}
[0m01:19:21.082528 [info ] [MainThread]: 
[0m01:19:21.096447 [debug] [MainThread]: Acquiring new postgres connection 'master'
[0m01:19:21.143184 [debug] [ThreadPool]: Acquiring new postgres connection 'list_airflow'
[0m01:19:21.491758 [debug] [ThreadPool]: Using postgres connection "list_airflow"
[0m01:19:21.497647 [debug] [ThreadPool]: On list_airflow: /* {"app": "dbt", "dbt_version": "1.8.0", "profile_name": "default", "target_name": "dev", "connection_name": "list_airflow"} */

    select distinct nspname from pg_namespace
  
[0m01:19:21.502019 [debug] [ThreadPool]: Opening a new connection, currently in state init
[0m01:19:21.582220 [debug] [ThreadPool]: SQL status: SELECT 7 in 0.077 seconds
[0m01:19:21.589158 [debug] [ThreadPool]: On list_airflow: Close
[0m01:19:21.601311 [debug] [ThreadPool]: Re-using an available connection from the pool (formerly list_airflow, now list_airflow_driven_trusted)
[0m01:19:21.634495 [debug] [ThreadPool]: Using postgres connection "list_airflow_driven_trusted"
[0m01:19:21.636684 [debug] [ThreadPool]: On list_airflow_driven_trusted: BEGIN
[0m01:19:21.639103 [debug] [ThreadPool]: Opening a new connection, currently in state closed
[0m01:19:21.730881 [debug] [ThreadPool]: SQL status: BEGIN in 0.092 seconds
[0m01:19:21.733000 [debug] [ThreadPool]: Using postgres connection "list_airflow_driven_trusted"
[0m01:19:21.735323 [debug] [ThreadPool]: On list_airflow_driven_trusted: /* {"app": "dbt", "dbt_version": "1.8.0", "profile_name": "default", "target_name": "dev", "connection_name": "list_airflow_driven_trusted"} */
select
      'airflow' as database,
      tablename as name,
      schemaname as schema,
      'table' as type
    from pg_tables
    where schemaname ilike 'driven_trusted'
    union all
    select
      'airflow' as database,
      viewname as name,
      schemaname as schema,
      'view' as type
    from pg_views
    where schemaname ilike 'driven_trusted'
    union all
    select
      'airflow' as database,
      matviewname as name,
      schemaname as schema,
      'materialized_view' as type
    from pg_matviews
    where schemaname ilike 'driven_trusted'
  
[0m01:19:21.803481 [debug] [ThreadPool]: SQL status: SELECT 4 in 0.055 seconds
[0m01:19:21.813124 [debug] [ThreadPool]: On list_airflow_driven_trusted: ROLLBACK
[0m01:19:21.817944 [debug] [ThreadPool]: On list_airflow_driven_trusted: Close
[0m01:19:21.824973 [debug] [ThreadPool]: Re-using an available connection from the pool (formerly list_airflow_driven_trusted, now list_airflow_driven_staging)
[0m01:19:21.849236 [debug] [ThreadPool]: Using postgres connection "list_airflow_driven_staging"
[0m01:19:21.857504 [debug] [ThreadPool]: On list_airflow_driven_staging: BEGIN
[0m01:19:21.859851 [debug] [ThreadPool]: Opening a new connection, currently in state closed
[0m01:19:21.895352 [debug] [ThreadPool]: SQL status: BEGIN in 0.036 seconds
[0m01:19:21.897449 [debug] [ThreadPool]: Using postgres connection "list_airflow_driven_staging"
[0m01:19:21.899882 [debug] [ThreadPool]: On list_airflow_driven_staging: /* {"app": "dbt", "dbt_version": "1.8.0", "profile_name": "default", "target_name": "dev", "connection_name": "list_airflow_driven_staging"} */
select
      'airflow' as database,
      tablename as name,
      schemaname as schema,
      'table' as type
    from pg_tables
    where schemaname ilike 'driven_staging'
    union all
    select
      'airflow' as database,
      viewname as name,
      schemaname as schema,
      'view' as type
    from pg_views
    where schemaname ilike 'driven_staging'
    union all
    select
      'airflow' as database,
      matviewname as name,
      schemaname as schema,
      'materialized_view' as type
    from pg_matviews
    where schemaname ilike 'driven_staging'
  
[0m01:19:21.910597 [debug] [ThreadPool]: SQL status: SELECT 5 in 0.008 seconds
[0m01:19:21.918306 [debug] [ThreadPool]: On list_airflow_driven_staging: ROLLBACK
[0m01:19:21.922249 [debug] [ThreadPool]: On list_airflow_driven_staging: Close
[0m01:19:21.951923 [debug] [MainThread]: Using postgres connection "master"
[0m01:19:21.953904 [debug] [MainThread]: On master: BEGIN
[0m01:19:21.956516 [debug] [MainThread]: Opening a new connection, currently in state init
[0m01:19:21.973825 [debug] [MainThread]: SQL status: BEGIN in 0.018 seconds
[0m01:19:21.976611 [debug] [MainThread]: Using postgres connection "master"
[0m01:19:21.979569 [debug] [MainThread]: On master: /* {"app": "dbt", "dbt_version": "1.8.0", "profile_name": "default", "target_name": "dev", "connection_name": "master"} */
with relation as (
        select
            pg_rewrite.ev_class as class,
            pg_rewrite.oid as id
        from pg_rewrite
    ),
    class as (
        select
            oid as id,
            relname as name,
            relnamespace as schema,
            relkind as kind
        from pg_class
    ),
    dependency as (
        select distinct
            pg_depend.objid as id,
            pg_depend.refobjid as ref
        from pg_depend
    ),
    schema as (
        select
            pg_namespace.oid as id,
            pg_namespace.nspname as name
        from pg_namespace
        where nspname != 'information_schema' and nspname not like 'pg\_%'
    ),
    referenced as (
        select
            relation.id AS id,
            referenced_class.name ,
            referenced_class.schema ,
            referenced_class.kind
        from relation
        join class as referenced_class on relation.class=referenced_class.id
        where referenced_class.kind in ('r', 'v', 'm')
    ),
    relationships as (
        select
            referenced.name as referenced_name,
            referenced.schema as referenced_schema_id,
            dependent_class.name as dependent_name,
            dependent_class.schema as dependent_schema_id,
            referenced.kind as kind
        from referenced
        join dependency on referenced.id=dependency.id
        join class as dependent_class on dependency.ref=dependent_class.id
        where
            (referenced.name != dependent_class.name or
             referenced.schema != dependent_class.schema)
    )

    select
        referenced_schema.name as referenced_schema,
        relationships.referenced_name as referenced_name,
        dependent_schema.name as dependent_schema,
        relationships.dependent_name as dependent_name
    from relationships
    join schema as dependent_schema on relationships.dependent_schema_id=dependent_schema.id
    join schema as referenced_schema on relationships.referenced_schema_id=referenced_schema.id
    group by referenced_schema, referenced_name, dependent_schema, dependent_name
    order by referenced_schema, referenced_name, dependent_schema, dependent_name;
[0m01:19:21.996229 [debug] [MainThread]: SQL status: SELECT 0 in 0.014 seconds
[0m01:19:22.001923 [debug] [MainThread]: Sending event: {'category': 'dbt', 'action': 'runnable_timing', 'label': '09adbe3a-308a-4f33-99d4-a23e4759ece1', 'context': [<snowplow_tracker.self_describing_json.SelfDescribingJson object at 0x7e58fe3f8f80>]}
[0m01:19:22.004672 [debug] [MainThread]: On master: ROLLBACK
[0m01:19:22.007655 [debug] [MainThread]: Using postgres connection "master"
[0m01:19:22.010004 [debug] [MainThread]: On master: BEGIN
[0m01:19:22.013671 [debug] [MainThread]: SQL status: BEGIN in 0.001 seconds
[0m01:19:22.015739 [debug] [MainThread]: On master: COMMIT
[0m01:19:22.017331 [debug] [MainThread]: Using postgres connection "master"
[0m01:19:22.019238 [debug] [MainThread]: On master: COMMIT
[0m01:19:22.022081 [debug] [MainThread]: SQL status: COMMIT in 0.001 seconds
[0m01:19:22.024425 [debug] [MainThread]: On master: Close
[0m01:19:22.026998 [info ] [MainThread]: Concurrency: 1 threads (target='dev')
[0m01:19:22.034945 [info ] [MainThread]: 
[0m01:19:22.106679 [debug] [Thread-1 (]: Began running node model.dbt_driven_data.staging_dim_address
[0m01:19:22.119807 [info ] [Thread-1 (]: 1 of 5 START sql table model driven_staging.dim_address ........................ [RUN]
[0m01:19:22.128789 [debug] [Thread-1 (]: Re-using an available connection from the pool (formerly list_airflow_driven_staging, now model.dbt_driven_data.staging_dim_address)
[0m01:19:22.131298 [debug] [Thread-1 (]: Began compiling node model.dbt_driven_data.staging_dim_address
[0m01:19:22.177586 [debug] [Thread-1 (]: Writing injected SQL for node "model.dbt_driven_data.staging_dim_address"
[0m01:19:22.280813 [debug] [Thread-1 (]: Began executing node model.dbt_driven_data.staging_dim_address
[0m01:19:22.725402 [debug] [Thread-1 (]: Writing runtime sql for node "model.dbt_driven_data.staging_dim_address"
[0m01:19:22.933210 [debug] [Thread-1 (]: Using postgres connection "model.dbt_driven_data.staging_dim_address"
[0m01:19:22.968809 [debug] [Thread-1 (]: On model.dbt_driven_data.staging_dim_address: BEGIN
[0m01:19:22.979028 [debug] [Thread-1 (]: Opening a new connection, currently in state closed
[0m01:19:23.204351 [debug] [Thread-1 (]: SQL status: BEGIN in 0.225 seconds
[0m01:19:23.211323 [debug] [Thread-1 (]: Using postgres connection "model.dbt_driven_data.staging_dim_address"
[0m01:19:23.217769 [debug] [Thread-1 (]: On model.dbt_driven_data.staging_dim_address: /* {"app": "dbt", "dbt_version": "1.8.0", "profile_name": "default", "target_name": "dev", "node_id": "model.dbt_driven_data.staging_dim_address"} */

  
    

  create  table "airflow"."driven_staging"."dim_address__dbt_tmp"
  
  
    as
  
  (
     
 
WITH source_data AS ( 
    SELECT 
        unique_id, 
        address, 
        mac_address, 
        ip_address 
    FROM 
        "airflow"."driven_raw"."raw_batch_data" 
) 
 
SELECT 
    * 
FROM 
    source_data
  );
  
[0m01:19:23.335686 [debug] [Thread-1 (]: SQL status: SELECT 30 in 0.109 seconds
[0m01:19:23.393770 [debug] [Thread-1 (]: Using postgres connection "model.dbt_driven_data.staging_dim_address"
[0m01:19:23.397157 [debug] [Thread-1 (]: On model.dbt_driven_data.staging_dim_address: /* {"app": "dbt", "dbt_version": "1.8.0", "profile_name": "default", "target_name": "dev", "node_id": "model.dbt_driven_data.staging_dim_address"} */
alter table "airflow"."driven_staging"."dim_address" rename to "dim_address__dbt_backup"
[0m01:19:23.411364 [debug] [Thread-1 (]: SQL status: ALTER TABLE in 0.010 seconds
[0m01:19:23.452604 [debug] [Thread-1 (]: Using postgres connection "model.dbt_driven_data.staging_dim_address"
[0m01:19:23.462371 [debug] [Thread-1 (]: On model.dbt_driven_data.staging_dim_address: /* {"app": "dbt", "dbt_version": "1.8.0", "profile_name": "default", "target_name": "dev", "node_id": "model.dbt_driven_data.staging_dim_address"} */
alter table "airflow"."driven_staging"."dim_address__dbt_tmp" rename to "dim_address"
[0m01:19:23.481520 [debug] [Thread-1 (]: SQL status: ALTER TABLE in 0.001 seconds
[0m01:19:23.701668 [debug] [Thread-1 (]: On model.dbt_driven_data.staging_dim_address: COMMIT
[0m01:19:23.725303 [debug] [Thread-1 (]: Using postgres connection "model.dbt_driven_data.staging_dim_address"
[0m01:19:23.739839 [debug] [Thread-1 (]: On model.dbt_driven_data.staging_dim_address: COMMIT
[0m01:19:23.793166 [debug] [Thread-1 (]: SQL status: COMMIT in 0.036 seconds
[0m01:19:23.883637 [debug] [Thread-1 (]: Applying DROP to: "airflow"."driven_staging"."dim_address__dbt_backup"
[0m01:19:23.990275 [debug] [Thread-1 (]: Using postgres connection "model.dbt_driven_data.staging_dim_address"
[0m01:19:24.015661 [debug] [Thread-1 (]: On model.dbt_driven_data.staging_dim_address: /* {"app": "dbt", "dbt_version": "1.8.0", "profile_name": "default", "target_name": "dev", "node_id": "model.dbt_driven_data.staging_dim_address"} */
drop table if exists "airflow"."driven_staging"."dim_address__dbt_backup" cascade
[0m01:19:24.179525 [debug] [Thread-1 (]: SQL status: DROP TABLE in 0.154 seconds
[0m01:19:24.349575 [debug] [Thread-1 (]: On model.dbt_driven_data.staging_dim_address: Close
[0m01:19:24.453271 [debug] [Thread-1 (]: Sending event: {'category': 'dbt', 'action': 'run_model', 'label': '09adbe3a-308a-4f33-99d4-a23e4759ece1', 'context': [<snowplow_tracker.self_describing_json.SelfDescribingJson object at 0x7e58ffe5a9f0>]}
[0m01:19:24.530267 [info ] [Thread-1 (]: 1 of 5 OK created sql table model driven_staging.dim_address ................... [[32mSELECT 30[0m in 2.29s]
[0m01:19:24.548829 [debug] [Thread-1 (]: Finished running node model.dbt_driven_data.staging_dim_address
[0m01:19:24.604578 [debug] [Thread-1 (]: Began running node model.dbt_driven_data.staging_dim_date
[0m01:19:24.640069 [info ] [Thread-1 (]: 2 of 5 START sql table model driven_staging.dim_date ........................... [RUN]
[0m01:19:24.679542 [debug] [Thread-1 (]: Re-using an available connection from the pool (formerly model.dbt_driven_data.staging_dim_address, now model.dbt_driven_data.staging_dim_date)
[0m01:19:24.690264 [debug] [Thread-1 (]: Began compiling node model.dbt_driven_data.staging_dim_date
[0m01:19:24.837853 [debug] [Thread-1 (]: Writing injected SQL for node "model.dbt_driven_data.staging_dim_date"
[0m01:19:25.263495 [debug] [Thread-1 (]: Began executing node model.dbt_driven_data.staging_dim_date
[0m01:19:25.312402 [debug] [Thread-1 (]: Writing runtime sql for node "model.dbt_driven_data.staging_dim_date"
[0m01:19:25.910907 [debug] [Thread-1 (]: Using postgres connection "model.dbt_driven_data.staging_dim_date"
[0m01:19:25.933895 [debug] [Thread-1 (]: On model.dbt_driven_data.staging_dim_date: BEGIN
[0m01:19:25.936880 [debug] [Thread-1 (]: Opening a new connection, currently in state closed
[0m01:19:26.164552 [debug] [Thread-1 (]: SQL status: BEGIN in 0.219 seconds
[0m01:19:26.167913 [debug] [Thread-1 (]: Using postgres connection "model.dbt_driven_data.staging_dim_date"
[0m01:19:26.171411 [debug] [Thread-1 (]: On model.dbt_driven_data.staging_dim_date: /* {"app": "dbt", "dbt_version": "1.8.0", "profile_name": "default", "target_name": "dev", "node_id": "model.dbt_driven_data.staging_dim_date"} */

  
    

  create  table "airflow"."driven_staging"."dim_date__dbt_tmp"
  
  
    as
  
  (
     
 
WITH source_data AS ( 
 
 
    SELECT 
        unique_id, 
        accessed_at 
    FROM 
        "airflow"."driven_raw"."raw_batch_data" 
) 
 
SELECT 
    * 
FROM 
    source_data
  );
  
[0m01:19:26.205631 [debug] [Thread-1 (]: SQL status: SELECT 30 in 0.031 seconds
[0m01:19:26.241066 [debug] [Thread-1 (]: Using postgres connection "model.dbt_driven_data.staging_dim_date"
[0m01:19:26.243838 [debug] [Thread-1 (]: On model.dbt_driven_data.staging_dim_date: /* {"app": "dbt", "dbt_version": "1.8.0", "profile_name": "default", "target_name": "dev", "node_id": "model.dbt_driven_data.staging_dim_date"} */
alter table "airflow"."driven_staging"."dim_date" rename to "dim_date__dbt_backup"
[0m01:19:26.249272 [debug] [Thread-1 (]: SQL status: ALTER TABLE in 0.002 seconds
[0m01:19:26.268140 [debug] [Thread-1 (]: Using postgres connection "model.dbt_driven_data.staging_dim_date"
[0m01:19:26.270356 [debug] [Thread-1 (]: On model.dbt_driven_data.staging_dim_date: /* {"app": "dbt", "dbt_version": "1.8.0", "profile_name": "default", "target_name": "dev", "node_id": "model.dbt_driven_data.staging_dim_date"} */
alter table "airflow"."driven_staging"."dim_date__dbt_tmp" rename to "dim_date"
[0m01:19:26.273882 [debug] [Thread-1 (]: SQL status: ALTER TABLE in 0.001 seconds
[0m01:19:26.286722 [debug] [Thread-1 (]: On model.dbt_driven_data.staging_dim_date: COMMIT
[0m01:19:26.294056 [debug] [Thread-1 (]: Using postgres connection "model.dbt_driven_data.staging_dim_date"
[0m01:19:26.297683 [debug] [Thread-1 (]: On model.dbt_driven_data.staging_dim_date: COMMIT
[0m01:19:26.305071 [debug] [Thread-1 (]: SQL status: COMMIT in 0.003 seconds
[0m01:19:26.331908 [debug] [Thread-1 (]: Applying DROP to: "airflow"."driven_staging"."dim_date__dbt_backup"
[0m01:19:26.346106 [debug] [Thread-1 (]: Using postgres connection "model.dbt_driven_data.staging_dim_date"
[0m01:19:26.350568 [debug] [Thread-1 (]: On model.dbt_driven_data.staging_dim_date: /* {"app": "dbt", "dbt_version": "1.8.0", "profile_name": "default", "target_name": "dev", "node_id": "model.dbt_driven_data.staging_dim_date"} */
drop table if exists "airflow"."driven_staging"."dim_date__dbt_backup" cascade
[0m01:19:26.395281 [debug] [Thread-1 (]: SQL status: DROP TABLE in 0.042 seconds
[0m01:19:26.406682 [debug] [Thread-1 (]: On model.dbt_driven_data.staging_dim_date: Close
[0m01:19:26.411725 [debug] [Thread-1 (]: Sending event: {'category': 'dbt', 'action': 'run_model', 'label': '09adbe3a-308a-4f33-99d4-a23e4759ece1', 'context': [<snowplow_tracker.self_describing_json.SelfDescribingJson object at 0x7e58fc33fce0>]}
[0m01:19:26.451034 [info ] [Thread-1 (]: 2 of 5 OK created sql table model driven_staging.dim_date ...................... [[32mSELECT 30[0m in 1.73s]
[0m01:19:26.460279 [debug] [Thread-1 (]: Finished running node model.dbt_driven_data.staging_dim_date
[0m01:19:26.473768 [debug] [Thread-1 (]: Began running node model.dbt_driven_data.staging_dim_finance
[0m01:19:26.478362 [info ] [Thread-1 (]: 3 of 5 START sql table model driven_staging.dim_finance ........................ [RUN]
[0m01:19:26.488897 [debug] [Thread-1 (]: Re-using an available connection from the pool (formerly model.dbt_driven_data.staging_dim_date, now model.dbt_driven_data.staging_dim_finance)
[0m01:19:26.513820 [debug] [Thread-1 (]: Began compiling node model.dbt_driven_data.staging_dim_finance
[0m01:19:26.555173 [debug] [Thread-1 (]: Writing injected SQL for node "model.dbt_driven_data.staging_dim_finance"
[0m01:19:26.741482 [debug] [Thread-1 (]: Began executing node model.dbt_driven_data.staging_dim_finance
[0m01:19:26.793577 [debug] [Thread-1 (]: Writing runtime sql for node "model.dbt_driven_data.staging_dim_finance"
[0m01:19:27.228932 [debug] [Thread-1 (]: Using postgres connection "model.dbt_driven_data.staging_dim_finance"
[0m01:19:27.272355 [debug] [Thread-1 (]: On model.dbt_driven_data.staging_dim_finance: BEGIN
[0m01:19:27.288323 [debug] [Thread-1 (]: Opening a new connection, currently in state closed
[0m01:19:27.372629 [debug] [Thread-1 (]: SQL status: BEGIN in 0.083 seconds
[0m01:19:27.380668 [debug] [Thread-1 (]: Using postgres connection "model.dbt_driven_data.staging_dim_finance"
[0m01:19:27.392958 [debug] [Thread-1 (]: On model.dbt_driven_data.staging_dim_finance: /* {"app": "dbt", "dbt_version": "1.8.0", "profile_name": "default", "target_name": "dev", "node_id": "model.dbt_driven_data.staging_dim_finance"} */

  
    

  create  table "airflow"."driven_staging"."dim_finance__dbt_tmp"
  
  
    as
  
  (
     
 
WITH source_data AS ( 
    SELECT 
        unique_id, 
        iban 
    FROM 
        "airflow"."driven_raw"."raw_batch_data" 
) 
 
SELECT 
    * 
FROM 
    source_data
  );
  
[0m01:19:27.452615 [debug] [Thread-1 (]: SQL status: SELECT 30 in 0.052 seconds
[0m01:19:27.484276 [debug] [Thread-1 (]: Using postgres connection "model.dbt_driven_data.staging_dim_finance"
[0m01:19:27.491837 [debug] [Thread-1 (]: On model.dbt_driven_data.staging_dim_finance: /* {"app": "dbt", "dbt_version": "1.8.0", "profile_name": "default", "target_name": "dev", "node_id": "model.dbt_driven_data.staging_dim_finance"} */
alter table "airflow"."driven_staging"."dim_finance" rename to "dim_finance__dbt_backup"
[0m01:19:27.516584 [debug] [Thread-1 (]: SQL status: ALTER TABLE in 0.021 seconds
[0m01:19:27.591513 [debug] [Thread-1 (]: Using postgres connection "model.dbt_driven_data.staging_dim_finance"
[0m01:19:27.593978 [debug] [Thread-1 (]: On model.dbt_driven_data.staging_dim_finance: /* {"app": "dbt", "dbt_version": "1.8.0", "profile_name": "default", "target_name": "dev", "node_id": "model.dbt_driven_data.staging_dim_finance"} */
alter table "airflow"."driven_staging"."dim_finance__dbt_tmp" rename to "dim_finance"
[0m01:19:27.601946 [debug] [Thread-1 (]: SQL status: ALTER TABLE in 0.003 seconds
[0m01:19:27.611727 [debug] [Thread-1 (]: On model.dbt_driven_data.staging_dim_finance: COMMIT
[0m01:19:27.617248 [debug] [Thread-1 (]: Using postgres connection "model.dbt_driven_data.staging_dim_finance"
[0m01:19:27.622317 [debug] [Thread-1 (]: On model.dbt_driven_data.staging_dim_finance: COMMIT
[0m01:19:27.644979 [debug] [Thread-1 (]: SQL status: COMMIT in 0.019 seconds
[0m01:19:27.660782 [debug] [Thread-1 (]: Applying DROP to: "airflow"."driven_staging"."dim_finance__dbt_backup"
[0m01:19:27.672457 [debug] [Thread-1 (]: Using postgres connection "model.dbt_driven_data.staging_dim_finance"
[0m01:19:27.679630 [debug] [Thread-1 (]: On model.dbt_driven_data.staging_dim_finance: /* {"app": "dbt", "dbt_version": "1.8.0", "profile_name": "default", "target_name": "dev", "node_id": "model.dbt_driven_data.staging_dim_finance"} */
drop table if exists "airflow"."driven_staging"."dim_finance__dbt_backup" cascade
[0m01:19:27.695084 [debug] [Thread-1 (]: SQL status: DROP TABLE in 0.011 seconds
[0m01:19:27.702077 [debug] [Thread-1 (]: On model.dbt_driven_data.staging_dim_finance: Close
[0m01:19:27.738646 [debug] [Thread-1 (]: Sending event: {'category': 'dbt', 'action': 'run_model', 'label': '09adbe3a-308a-4f33-99d4-a23e4759ece1', 'context': [<snowplow_tracker.self_describing_json.SelfDescribingJson object at 0x7e58fb7c2660>]}
[0m01:19:27.743515 [info ] [Thread-1 (]: 3 of 5 OK created sql table model driven_staging.dim_finance ................... [[32mSELECT 30[0m in 1.23s]
[0m01:19:27.755958 [debug] [Thread-1 (]: Finished running node model.dbt_driven_data.staging_dim_finance
[0m01:19:27.760845 [debug] [Thread-1 (]: Began running node model.dbt_driven_data.staging_dim_person
[0m01:19:27.771668 [info ] [Thread-1 (]: 4 of 5 START sql table model driven_staging.dim_person ......................... [RUN]
[0m01:19:27.780624 [debug] [Thread-1 (]: Re-using an available connection from the pool (formerly model.dbt_driven_data.staging_dim_finance, now model.dbt_driven_data.staging_dim_person)
[0m01:19:27.790122 [debug] [Thread-1 (]: Began compiling node model.dbt_driven_data.staging_dim_person
[0m01:19:27.819936 [debug] [Thread-1 (]: Writing injected SQL for node "model.dbt_driven_data.staging_dim_person"
[0m01:19:27.910242 [debug] [Thread-1 (]: Began executing node model.dbt_driven_data.staging_dim_person
[0m01:19:27.943680 [debug] [Thread-1 (]: Writing runtime sql for node "model.dbt_driven_data.staging_dim_person"
[0m01:19:28.055844 [debug] [Thread-1 (]: Using postgres connection "model.dbt_driven_data.staging_dim_person"
[0m01:19:28.067448 [debug] [Thread-1 (]: On model.dbt_driven_data.staging_dim_person: BEGIN
[0m01:19:28.082048 [debug] [Thread-1 (]: Opening a new connection, currently in state closed
[0m01:19:28.705355 [debug] [Thread-1 (]: SQL status: BEGIN in 0.616 seconds
[0m01:19:28.714281 [debug] [Thread-1 (]: Using postgres connection "model.dbt_driven_data.staging_dim_person"
[0m01:19:28.719148 [debug] [Thread-1 (]: On model.dbt_driven_data.staging_dim_person: /* {"app": "dbt", "dbt_version": "1.8.0", "profile_name": "default", "target_name": "dev", "node_id": "model.dbt_driven_data.staging_dim_person"} */

  
    

  create  table "airflow"."driven_staging"."dim_person__dbt_tmp"
  
  
    as
  
  (
     
 
WITH source_data AS ( 
    SELECT 
        unique_id, 
 
 
        person_name, 
        user_name, 
        email, 
        phone, 
        birth_date, 
        personal_number 
    FROM 
        "airflow"."driven_raw"."raw_batch_data" 
) 
 
SELECT 
    * 
FROM 
    source_data
  );
  
[0m01:19:28.778613 [debug] [Thread-1 (]: SQL status: SELECT 30 in 0.056 seconds
[0m01:19:28.797940 [debug] [Thread-1 (]: Using postgres connection "model.dbt_driven_data.staging_dim_person"
[0m01:19:28.807726 [debug] [Thread-1 (]: On model.dbt_driven_data.staging_dim_person: /* {"app": "dbt", "dbt_version": "1.8.0", "profile_name": "default", "target_name": "dev", "node_id": "model.dbt_driven_data.staging_dim_person"} */
alter table "airflow"."driven_staging"."dim_person" rename to "dim_person__dbt_backup"
[0m01:19:28.818655 [debug] [Thread-1 (]: SQL status: ALTER TABLE in 0.008 seconds
[0m01:19:28.836098 [debug] [Thread-1 (]: Using postgres connection "model.dbt_driven_data.staging_dim_person"
[0m01:19:28.838082 [debug] [Thread-1 (]: On model.dbt_driven_data.staging_dim_person: /* {"app": "dbt", "dbt_version": "1.8.0", "profile_name": "default", "target_name": "dev", "node_id": "model.dbt_driven_data.staging_dim_person"} */
alter table "airflow"."driven_staging"."dim_person__dbt_tmp" rename to "dim_person"
[0m01:19:28.841642 [debug] [Thread-1 (]: SQL status: ALTER TABLE in 0.001 seconds
[0m01:19:28.859326 [debug] [Thread-1 (]: On model.dbt_driven_data.staging_dim_person: COMMIT
[0m01:19:28.869898 [debug] [Thread-1 (]: Using postgres connection "model.dbt_driven_data.staging_dim_person"
[0m01:19:28.874384 [debug] [Thread-1 (]: On model.dbt_driven_data.staging_dim_person: COMMIT
[0m01:19:28.884747 [debug] [Thread-1 (]: SQL status: COMMIT in 0.008 seconds
[0m01:19:28.893451 [debug] [Thread-1 (]: Applying DROP to: "airflow"."driven_staging"."dim_person__dbt_backup"
[0m01:19:28.906288 [debug] [Thread-1 (]: Using postgres connection "model.dbt_driven_data.staging_dim_person"
[0m01:19:28.915570 [debug] [Thread-1 (]: On model.dbt_driven_data.staging_dim_person: /* {"app": "dbt", "dbt_version": "1.8.0", "profile_name": "default", "target_name": "dev", "node_id": "model.dbt_driven_data.staging_dim_person"} */
drop table if exists "airflow"."driven_staging"."dim_person__dbt_backup" cascade
[0m01:19:28.937314 [debug] [Thread-1 (]: SQL status: DROP TABLE in 0.014 seconds
[0m01:19:28.943116 [debug] [Thread-1 (]: On model.dbt_driven_data.staging_dim_person: Close
[0m01:19:28.958714 [debug] [Thread-1 (]: Sending event: {'category': 'dbt', 'action': 'run_model', 'label': '09adbe3a-308a-4f33-99d4-a23e4759ece1', 'context': [<snowplow_tracker.self_describing_json.SelfDescribingJson object at 0x7e58fc373920>]}
[0m01:19:28.961980 [info ] [Thread-1 (]: 4 of 5 OK created sql table model driven_staging.dim_person .................... [[32mSELECT 30[0m in 1.17s]
[0m01:19:28.967166 [debug] [Thread-1 (]: Finished running node model.dbt_driven_data.staging_dim_person
[0m01:19:28.974977 [debug] [Thread-1 (]: Began running node model.dbt_driven_data.staging_fact_network_usage
[0m01:19:28.980973 [info ] [Thread-1 (]: 5 of 5 START sql table model driven_staging.fact_network_usage ................. [RUN]
[0m01:19:28.984179 [debug] [Thread-1 (]: Re-using an available connection from the pool (formerly model.dbt_driven_data.staging_dim_person, now model.dbt_driven_data.staging_fact_network_usage)
[0m01:19:28.987028 [debug] [Thread-1 (]: Began compiling node model.dbt_driven_data.staging_fact_network_usage
[0m01:19:29.007493 [debug] [Thread-1 (]: Writing injected SQL for node "model.dbt_driven_data.staging_fact_network_usage"
[0m01:19:29.063742 [debug] [Thread-1 (]: Began executing node model.dbt_driven_data.staging_fact_network_usage
[0m01:19:29.089962 [debug] [Thread-1 (]: Writing runtime sql for node "model.dbt_driven_data.staging_fact_network_usage"
[0m01:19:29.146929 [debug] [Thread-1 (]: Using postgres connection "model.dbt_driven_data.staging_fact_network_usage"
[0m01:19:29.151697 [debug] [Thread-1 (]: On model.dbt_driven_data.staging_fact_network_usage: BEGIN
[0m01:19:29.155079 [debug] [Thread-1 (]: Opening a new connection, currently in state closed
[0m01:19:29.383893 [debug] [Thread-1 (]: SQL status: BEGIN in 0.229 seconds
[0m01:19:29.386821 [debug] [Thread-1 (]: Using postgres connection "model.dbt_driven_data.staging_fact_network_usage"
[0m01:19:29.389289 [debug] [Thread-1 (]: On model.dbt_driven_data.staging_fact_network_usage: /* {"app": "dbt", "dbt_version": "1.8.0", "profile_name": "default", "target_name": "dev", "node_id": "model.dbt_driven_data.staging_fact_network_usage"} */

  
    

  create  table "airflow"."driven_staging"."fact_network_usage__dbt_tmp"
  
  
    as
  
  (
     
 
WITH source_data AS ( 
    SELECT 
        unique_id, 
        session_duration, 
        download_speed, 
        upload_speed, 
        consumed_traffic 
    FROM 
        "airflow"."driven_raw"."raw_batch_data" 
) 
 
SELECT 
    * 
FROM 
    source_data
  );
  
[0m01:19:29.414905 [debug] [Thread-1 (]: SQL status: SELECT 30 in 0.022 seconds
[0m01:19:29.433348 [debug] [Thread-1 (]: Using postgres connection "model.dbt_driven_data.staging_fact_network_usage"
[0m01:19:29.437547 [debug] [Thread-1 (]: On model.dbt_driven_data.staging_fact_network_usage: /* {"app": "dbt", "dbt_version": "1.8.0", "profile_name": "default", "target_name": "dev", "node_id": "model.dbt_driven_data.staging_fact_network_usage"} */
alter table "airflow"."driven_staging"."fact_network_usage" rename to "fact_network_usage__dbt_backup"
[0m01:19:29.441868 [debug] [Thread-1 (]: SQL status: ALTER TABLE in 0.001 seconds
[0m01:19:29.464623 [debug] [Thread-1 (]: Using postgres connection "model.dbt_driven_data.staging_fact_network_usage"
[0m01:19:29.472238 [debug] [Thread-1 (]: On model.dbt_driven_data.staging_fact_network_usage: /* {"app": "dbt", "dbt_version": "1.8.0", "profile_name": "default", "target_name": "dev", "node_id": "model.dbt_driven_data.staging_fact_network_usage"} */
alter table "airflow"."driven_staging"."fact_network_usage__dbt_tmp" rename to "fact_network_usage"
[0m01:19:29.481145 [debug] [Thread-1 (]: SQL status: ALTER TABLE in 0.006 seconds
[0m01:19:29.493344 [debug] [Thread-1 (]: On model.dbt_driven_data.staging_fact_network_usage: COMMIT
[0m01:19:29.495638 [debug] [Thread-1 (]: Using postgres connection "model.dbt_driven_data.staging_fact_network_usage"
[0m01:19:29.499145 [debug] [Thread-1 (]: On model.dbt_driven_data.staging_fact_network_usage: COMMIT
[0m01:19:29.506043 [debug] [Thread-1 (]: SQL status: COMMIT in 0.004 seconds
[0m01:19:29.526902 [debug] [Thread-1 (]: Applying DROP to: "airflow"."driven_staging"."fact_network_usage__dbt_backup"
[0m01:19:29.530998 [debug] [Thread-1 (]: Using postgres connection "model.dbt_driven_data.staging_fact_network_usage"
[0m01:19:29.533662 [debug] [Thread-1 (]: On model.dbt_driven_data.staging_fact_network_usage: /* {"app": "dbt", "dbt_version": "1.8.0", "profile_name": "default", "target_name": "dev", "node_id": "model.dbt_driven_data.staging_fact_network_usage"} */
drop table if exists "airflow"."driven_staging"."fact_network_usage__dbt_backup" cascade
[0m01:19:29.559829 [debug] [Thread-1 (]: SQL status: DROP TABLE in 0.023 seconds
[0m01:19:29.565729 [debug] [Thread-1 (]: On model.dbt_driven_data.staging_fact_network_usage: Close
[0m01:19:29.584372 [debug] [Thread-1 (]: Sending event: {'category': 'dbt', 'action': 'run_model', 'label': '09adbe3a-308a-4f33-99d4-a23e4759ece1', 'context': [<snowplow_tracker.self_describing_json.SelfDescribingJson object at 0x7e58fb76c8c0>]}
[0m01:19:29.589776 [info ] [Thread-1 (]: 5 of 5 OK created sql table model driven_staging.fact_network_usage ............ [[32mSELECT 30[0m in 0.59s]
[0m01:19:29.598589 [debug] [Thread-1 (]: Finished running node model.dbt_driven_data.staging_fact_network_usage
[0m01:19:29.613933 [debug] [MainThread]: Using postgres connection "master"
[0m01:19:29.616869 [debug] [MainThread]: On master: BEGIN
[0m01:19:29.629177 [debug] [MainThread]: Opening a new connection, currently in state closed
[0m01:19:30.154748 [debug] [MainThread]: SQL status: BEGIN in 0.514 seconds
[0m01:19:30.190331 [debug] [MainThread]: On master: COMMIT
[0m01:19:30.222030 [debug] [MainThread]: Using postgres connection "master"
[0m01:19:30.252423 [debug] [MainThread]: On master: COMMIT
[0m01:19:30.281794 [debug] [MainThread]: SQL status: COMMIT in 0.001 seconds
[0m01:19:30.287848 [debug] [MainThread]: On master: Close
[0m01:19:30.295503 [debug] [MainThread]: Connection 'master' was properly closed.
[0m01:19:30.317895 [debug] [MainThread]: Connection 'model.dbt_driven_data.staging_fact_network_usage' was properly closed.
[0m01:19:30.339831 [info ] [MainThread]: 
[0m01:19:30.345349 [info ] [MainThread]: Finished running 5 table models in 0 hours 0 minutes and 9.23 seconds (9.23s).
[0m01:19:30.364879 [debug] [MainThread]: Command end result
[0m01:19:30.933097 [info ] [MainThread]: 
[0m01:19:30.944631 [info ] [MainThread]: [32mCompleted successfully[0m
[0m01:19:30.950035 [info ] [MainThread]: 
[0m01:19:30.954384 [info ] [MainThread]: Done. PASS=5 WARN=0 ERROR=0 SKIP=0 TOTAL=5
[0m01:19:31.009021 [debug] [MainThread]: Resource report: {"command_name": "run", "command_success": true, "command_wall_clock_time": 15.478922, "process_user_time": 10.625921, "process_kernel_time": 1.961131, "process_mem_max_rss": "108100", "process_in_blocks": "148928", "process_out_blocks": "4056"}
[0m01:19:31.023876 [debug] [MainThread]: Command `dbt run` succeeded at 01:19:31.017687 after 15.49 seconds
[0m01:19:31.028771 [debug] [MainThread]: Sending event: {'category': 'dbt', 'action': 'invocation', 'label': 'end', 'context': [<snowplow_tracker.self_describing_json.SelfDescribingJson object at 0x7e58fe7fc590>, <snowplow_tracker.self_describing_json.SelfDescribingJson object at 0x7e58feb4f6e0>, <snowplow_tracker.self_describing_json.SelfDescribingJson object at 0x7e58fe4d65a0>]}
[0m01:19:31.033267 [debug] [MainThread]: Flushing usage events
[0m01:20:02.772198 [debug] [MainThread]: Sending event: {'category': 'dbt', 'action': 'invocation', 'label': 'start', 'context': [<snowplow_tracker.self_describing_json.SelfDescribingJson object at 0x75d062de67e0>, <snowplow_tracker.self_describing_json.SelfDescribingJson object at 0x75d0631facf0>, <snowplow_tracker.self_describing_json.SelfDescribingJson object at 0x75d0631fa5d0>]}


============================== 01:20:02.799111 | 887bf948-e03e-4fca-bc03-8f385ae66a70 ==============================
[0m01:20:02.799111 [info ] [MainThread]: Running with dbt=1.8.0
[0m01:20:02.802149 [debug] [MainThread]: running dbt with arguments {'printer_width': '80', 'indirect_selection': 'eager', 'write_json': 'True', 'log_cache_events': 'False', 'partial_parse': 'True', 'cache_selected_only': 'False', 'profiles_dir': '/opt/airflow/dbt', 'fail_fast': 'False', 'debug': 'False', 'log_path': '/opt/airflow/dbt/logs', 'version_check': 'True', 'warn_error': 'None', 'use_colors': 'True', 'use_experimental_parser': 'False', 'no_print': 'None', 'quiet': 'False', 'log_format': 'default', 'invocation_command': 'dbt run --select tag:trusted', 'static_parser': 'True', 'warn_error_options': 'WarnErrorOptions(include=[], exclude=[])', 'target_path': 'None', 'introspect': 'True', 'send_anonymous_usage_stats': 'True'}
[0m01:20:03.700458 [debug] [MainThread]: Sending event: {'category': 'dbt', 'action': 'project_id', 'label': '887bf948-e03e-4fca-bc03-8f385ae66a70', 'context': [<snowplow_tracker.self_describing_json.SelfDescribingJson object at 0x75d065c4fd70>]}
[0m01:20:04.034336 [debug] [MainThread]: Sending event: {'category': 'dbt', 'action': 'adapter_info', 'label': '887bf948-e03e-4fca-bc03-8f385ae66a70', 'context': [<snowplow_tracker.self_describing_json.SelfDescribingJson object at 0x75d062cdbf20>]}
[0m01:20:04.049489 [info ] [MainThread]: Registered adapter: postgres=1.8.2
[0m01:20:05.051115 [debug] [MainThread]: checksum: dbb12d416fdb55e3665e4828703bbedf40c5c90ed7ca6ff39bbbfb29b12b0a92, vars: {}, profile: , target: , version: 1.8.0
[0m01:20:06.225894 [debug] [MainThread]: Partial parsing enabled: 0 files deleted, 0 files added, 0 files changed.
[0m01:20:06.233995 [debug] [MainThread]: Partial parsing enabled, no changes found, skipping parsing
[0m01:20:06.402167 [debug] [MainThread]: Sending event: {'category': 'dbt', 'action': 'load_project', 'label': '887bf948-e03e-4fca-bc03-8f385ae66a70', 'context': [<snowplow_tracker.self_describing_json.SelfDescribingJson object at 0x75d061557f50>]}
[0m01:20:07.098296 [debug] [MainThread]: Sending event: {'category': 'dbt', 'action': 'resource_counts', 'label': '887bf948-e03e-4fca-bc03-8f385ae66a70', 'context': [<snowplow_tracker.self_describing_json.SelfDescribingJson object at 0x75d061585910>]}
[0m01:20:07.104227 [info ] [MainThread]: Found 9 models, 10 sources, 428 macros
[0m01:20:07.107608 [debug] [MainThread]: Sending event: {'category': 'dbt', 'action': 'runnable_timing', 'label': '887bf948-e03e-4fca-bc03-8f385ae66a70', 'context': [<snowplow_tracker.self_describing_json.SelfDescribingJson object at 0x75d062cdb0b0>]}
[0m01:20:07.117586 [info ] [MainThread]: 
[0m01:20:07.122481 [debug] [MainThread]: Acquiring new postgres connection 'master'
[0m01:20:07.144292 [debug] [ThreadPool]: Acquiring new postgres connection 'list_airflow'
[0m01:20:07.360042 [debug] [ThreadPool]: Using postgres connection "list_airflow"
[0m01:20:07.370270 [debug] [ThreadPool]: On list_airflow: /* {"app": "dbt", "dbt_version": "1.8.0", "profile_name": "default", "target_name": "dev", "connection_name": "list_airflow"} */

    select distinct nspname from pg_namespace
  
[0m01:20:07.374177 [debug] [ThreadPool]: Opening a new connection, currently in state init
[0m01:20:07.649465 [debug] [ThreadPool]: SQL status: SELECT 7 in 0.269 seconds
[0m01:20:07.662949 [debug] [ThreadPool]: On list_airflow: Close
[0m01:20:07.673791 [debug] [ThreadPool]: Re-using an available connection from the pool (formerly list_airflow, now list_airflow_driven_trusted)
[0m01:20:07.695326 [debug] [ThreadPool]: Using postgres connection "list_airflow_driven_trusted"
[0m01:20:07.697359 [debug] [ThreadPool]: On list_airflow_driven_trusted: BEGIN
[0m01:20:07.699726 [debug] [ThreadPool]: Opening a new connection, currently in state closed
[0m01:20:07.758414 [debug] [ThreadPool]: SQL status: BEGIN in 0.059 seconds
[0m01:20:07.760259 [debug] [ThreadPool]: Using postgres connection "list_airflow_driven_trusted"
[0m01:20:07.762507 [debug] [ThreadPool]: On list_airflow_driven_trusted: /* {"app": "dbt", "dbt_version": "1.8.0", "profile_name": "default", "target_name": "dev", "connection_name": "list_airflow_driven_trusted"} */
select
      'airflow' as database,
      tablename as name,
      schemaname as schema,
      'table' as type
    from pg_tables
    where schemaname ilike 'driven_trusted'
    union all
    select
      'airflow' as database,
      viewname as name,
      schemaname as schema,
      'view' as type
    from pg_views
    where schemaname ilike 'driven_trusted'
    union all
    select
      'airflow' as database,
      matviewname as name,
      schemaname as schema,
      'materialized_view' as type
    from pg_matviews
    where schemaname ilike 'driven_trusted'
  
[0m01:20:07.774850 [debug] [ThreadPool]: SQL status: SELECT 4 in 0.010 seconds
[0m01:20:07.782116 [debug] [ThreadPool]: On list_airflow_driven_trusted: ROLLBACK
[0m01:20:07.786435 [debug] [ThreadPool]: On list_airflow_driven_trusted: Close
[0m01:20:07.790824 [debug] [ThreadPool]: Re-using an available connection from the pool (formerly list_airflow_driven_trusted, now list_airflow_driven_staging)
[0m01:20:07.801607 [debug] [ThreadPool]: Using postgres connection "list_airflow_driven_staging"
[0m01:20:07.803303 [debug] [ThreadPool]: On list_airflow_driven_staging: BEGIN
[0m01:20:07.804842 [debug] [ThreadPool]: Opening a new connection, currently in state closed
[0m01:20:07.819670 [debug] [ThreadPool]: SQL status: BEGIN in 0.015 seconds
[0m01:20:07.822219 [debug] [ThreadPool]: Using postgres connection "list_airflow_driven_staging"
[0m01:20:07.824771 [debug] [ThreadPool]: On list_airflow_driven_staging: /* {"app": "dbt", "dbt_version": "1.8.0", "profile_name": "default", "target_name": "dev", "connection_name": "list_airflow_driven_staging"} */
select
      'airflow' as database,
      tablename as name,
      schemaname as schema,
      'table' as type
    from pg_tables
    where schemaname ilike 'driven_staging'
    union all
    select
      'airflow' as database,
      viewname as name,
      schemaname as schema,
      'view' as type
    from pg_views
    where schemaname ilike 'driven_staging'
    union all
    select
      'airflow' as database,
      matviewname as name,
      schemaname as schema,
      'materialized_view' as type
    from pg_matviews
    where schemaname ilike 'driven_staging'
  
[0m01:20:07.840703 [debug] [ThreadPool]: SQL status: SELECT 5 in 0.013 seconds
[0m01:20:07.846352 [debug] [ThreadPool]: On list_airflow_driven_staging: ROLLBACK
[0m01:20:07.849064 [debug] [ThreadPool]: On list_airflow_driven_staging: Close
[0m01:20:07.884753 [debug] [MainThread]: Using postgres connection "master"
[0m01:20:07.888528 [debug] [MainThread]: On master: BEGIN
[0m01:20:07.897427 [debug] [MainThread]: Opening a new connection, currently in state init
[0m01:20:07.913506 [debug] [MainThread]: SQL status: BEGIN in 0.017 seconds
[0m01:20:07.915952 [debug] [MainThread]: Using postgres connection "master"
[0m01:20:07.918610 [debug] [MainThread]: On master: /* {"app": "dbt", "dbt_version": "1.8.0", "profile_name": "default", "target_name": "dev", "connection_name": "master"} */
with relation as (
        select
            pg_rewrite.ev_class as class,
            pg_rewrite.oid as id
        from pg_rewrite
    ),
    class as (
        select
            oid as id,
            relname as name,
            relnamespace as schema,
            relkind as kind
        from pg_class
    ),
    dependency as (
        select distinct
            pg_depend.objid as id,
            pg_depend.refobjid as ref
        from pg_depend
    ),
    schema as (
        select
            pg_namespace.oid as id,
            pg_namespace.nspname as name
        from pg_namespace
        where nspname != 'information_schema' and nspname not like 'pg\_%'
    ),
    referenced as (
        select
            relation.id AS id,
            referenced_class.name ,
            referenced_class.schema ,
            referenced_class.kind
        from relation
        join class as referenced_class on relation.class=referenced_class.id
        where referenced_class.kind in ('r', 'v', 'm')
    ),
    relationships as (
        select
            referenced.name as referenced_name,
            referenced.schema as referenced_schema_id,
            dependent_class.name as dependent_name,
            dependent_class.schema as dependent_schema_id,
            referenced.kind as kind
        from referenced
        join dependency on referenced.id=dependency.id
        join class as dependent_class on dependency.ref=dependent_class.id
        where
            (referenced.name != dependent_class.name or
             referenced.schema != dependent_class.schema)
    )

    select
        referenced_schema.name as referenced_schema,
        relationships.referenced_name as referenced_name,
        dependent_schema.name as dependent_schema,
        relationships.dependent_name as dependent_name
    from relationships
    join schema as dependent_schema on relationships.dependent_schema_id=dependent_schema.id
    join schema as referenced_schema on relationships.referenced_schema_id=referenced_schema.id
    group by referenced_schema, referenced_name, dependent_schema, dependent_name
    order by referenced_schema, referenced_name, dependent_schema, dependent_name;
[0m01:20:07.934117 [debug] [MainThread]: SQL status: SELECT 0 in 0.013 seconds
[0m01:20:07.940612 [debug] [MainThread]: Sending event: {'category': 'dbt', 'action': 'runnable_timing', 'label': '887bf948-e03e-4fca-bc03-8f385ae66a70', 'context': [<snowplow_tracker.self_describing_json.SelfDescribingJson object at 0x75d064758d70>]}
[0m01:20:07.944214 [debug] [MainThread]: On master: ROLLBACK
[0m01:20:07.949389 [debug] [MainThread]: Using postgres connection "master"
[0m01:20:07.953572 [debug] [MainThread]: On master: BEGIN
[0m01:20:07.960881 [debug] [MainThread]: SQL status: BEGIN in 0.002 seconds
[0m01:20:07.963806 [debug] [MainThread]: On master: COMMIT
[0m01:20:07.974143 [debug] [MainThread]: Using postgres connection "master"
[0m01:20:07.976756 [debug] [MainThread]: On master: COMMIT
[0m01:20:07.979968 [debug] [MainThread]: SQL status: COMMIT in 0.001 seconds
[0m01:20:07.982798 [debug] [MainThread]: On master: Close
[0m01:20:07.985934 [info ] [MainThread]: Concurrency: 1 threads (target='dev')
[0m01:20:07.994171 [info ] [MainThread]: 
[0m01:20:08.048020 [debug] [Thread-1 (]: Began running node model.dbt_driven_data.trusted_non_pii_data
[0m01:20:08.050800 [info ] [Thread-1 (]: 1 of 4 START sql table model driven_trusted.non_pii_data ....................... [RUN]
[0m01:20:08.054174 [debug] [Thread-1 (]: Re-using an available connection from the pool (formerly list_airflow_driven_staging, now model.dbt_driven_data.trusted_non_pii_data)
[0m01:20:08.056586 [debug] [Thread-1 (]: Began compiling node model.dbt_driven_data.trusted_non_pii_data
[0m01:20:08.115222 [debug] [Thread-1 (]: Writing injected SQL for node "model.dbt_driven_data.trusted_non_pii_data"
[0m01:20:08.182846 [debug] [Thread-1 (]: Began executing node model.dbt_driven_data.trusted_non_pii_data
[0m01:20:08.382978 [debug] [Thread-1 (]: Writing runtime sql for node "model.dbt_driven_data.trusted_non_pii_data"
[0m01:20:08.458122 [debug] [Thread-1 (]: Using postgres connection "model.dbt_driven_data.trusted_non_pii_data"
[0m01:20:08.460532 [debug] [Thread-1 (]: On model.dbt_driven_data.trusted_non_pii_data: BEGIN
[0m01:20:08.463570 [debug] [Thread-1 (]: Opening a new connection, currently in state closed
[0m01:20:08.485873 [debug] [Thread-1 (]: SQL status: BEGIN in 0.022 seconds
[0m01:20:08.494483 [debug] [Thread-1 (]: Using postgres connection "model.dbt_driven_data.trusted_non_pii_data"
[0m01:20:08.502967 [debug] [Thread-1 (]: On model.dbt_driven_data.trusted_non_pii_data: /* {"app": "dbt", "dbt_version": "1.8.0", "profile_name": "default", "target_name": "dev", "node_id": "model.dbt_driven_data.trusted_non_pii_data"} */

  
    

  create  table "airflow"."driven_trusted"."non_pii_data__dbt_tmp"
  
  
    as
  
  (
     
 
WITH source_data AS ( 
    SELECT 
        '***MASKED***' AS person_name, 
        SUBSTRING(dp.user_name, 1, 5) || '*****'  user_name, 
        SUBSTRING(dp.email, 1, 5) || '*****' AS email, 
        '***MASKED***'  AS personal_number,  
        '***MASKED***' AS birth_date,  
        '***MASKED***' AS address, 
        '***MASKED***'  AS phone,  
        SUBSTRING(da.mac_address, 1, 5) || '*****' AS mac_address, 
        SUBSTRING(da.ip_address, 1, 5) || '*****' AS ip_address, 
        SUBSTRING(df.iban, 1, 5) || '*****' AS iban, 
        dd.accessed_at, 
        fnu.session_duration, 
        fnu.download_speed, 
        fnu.upload_speed, 
        fnu.consumed_traffic, 
        fnu.unique_id 
    FROM 
 
 
        "airflow"."driven_staging"."fact_network_usage" fnu 
    INNER JOIN 
        "airflow"."driven_staging"."dim_address" da ON 
fnu.unique_id = da.unique_id 
    INNER JOIN 
        "airflow"."driven_staging"."dim_date" dd ON da.unique_id = 
dd.unique_id 
    INNER JOIN 
        "airflow"."driven_staging"."dim_finance" df ON dd.unique_id 
= df.unique_id 
    INNER JOIN 
        "airflow"."driven_staging"."dim_person" dp ON df.unique_id 
= dp.unique_id 
) 
 
SELECT 
    * 
FROM 
    source_data
  );
  
[0m01:20:08.553936 [debug] [Thread-1 (]: SQL status: SELECT 30 in 0.047 seconds
[0m01:20:08.604977 [debug] [Thread-1 (]: Using postgres connection "model.dbt_driven_data.trusted_non_pii_data"
[0m01:20:08.610492 [debug] [Thread-1 (]: On model.dbt_driven_data.trusted_non_pii_data: /* {"app": "dbt", "dbt_version": "1.8.0", "profile_name": "default", "target_name": "dev", "node_id": "model.dbt_driven_data.trusted_non_pii_data"} */
alter table "airflow"."driven_trusted"."non_pii_data" rename to "non_pii_data__dbt_backup"
[0m01:20:08.619206 [debug] [Thread-1 (]: SQL status: ALTER TABLE in 0.003 seconds
[0m01:20:08.647893 [debug] [Thread-1 (]: Using postgres connection "model.dbt_driven_data.trusted_non_pii_data"
[0m01:20:08.650752 [debug] [Thread-1 (]: On model.dbt_driven_data.trusted_non_pii_data: /* {"app": "dbt", "dbt_version": "1.8.0", "profile_name": "default", "target_name": "dev", "node_id": "model.dbt_driven_data.trusted_non_pii_data"} */
alter table "airflow"."driven_trusted"."non_pii_data__dbt_tmp" rename to "non_pii_data"
[0m01:20:08.660388 [debug] [Thread-1 (]: SQL status: ALTER TABLE in 0.001 seconds
[0m01:20:08.728118 [debug] [Thread-1 (]: On model.dbt_driven_data.trusted_non_pii_data: COMMIT
[0m01:20:08.730362 [debug] [Thread-1 (]: Using postgres connection "model.dbt_driven_data.trusted_non_pii_data"
[0m01:20:08.732620 [debug] [Thread-1 (]: On model.dbt_driven_data.trusted_non_pii_data: COMMIT
[0m01:20:08.736818 [debug] [Thread-1 (]: SQL status: COMMIT in 0.002 seconds
[0m01:20:08.777388 [debug] [Thread-1 (]: Applying DROP to: "airflow"."driven_trusted"."non_pii_data__dbt_backup"
[0m01:20:08.832001 [debug] [Thread-1 (]: Using postgres connection "model.dbt_driven_data.trusted_non_pii_data"
[0m01:20:08.835010 [debug] [Thread-1 (]: On model.dbt_driven_data.trusted_non_pii_data: /* {"app": "dbt", "dbt_version": "1.8.0", "profile_name": "default", "target_name": "dev", "node_id": "model.dbt_driven_data.trusted_non_pii_data"} */
drop table if exists "airflow"."driven_trusted"."non_pii_data__dbt_backup" cascade
[0m01:20:08.846697 [debug] [Thread-1 (]: SQL status: DROP TABLE in 0.009 seconds
[0m01:20:08.857470 [debug] [Thread-1 (]: On model.dbt_driven_data.trusted_non_pii_data: Close
[0m01:20:08.866153 [debug] [Thread-1 (]: Sending event: {'category': 'dbt', 'action': 'run_model', 'label': '887bf948-e03e-4fca-bc03-8f385ae66a70', 'context': [<snowplow_tracker.self_describing_json.SelfDescribingJson object at 0x75d06469e060>]}
[0m01:20:08.869852 [info ] [Thread-1 (]: 1 of 4 OK created sql table model driven_trusted.non_pii_data .................. [[32mSELECT 30[0m in 0.81s]
[0m01:20:08.880537 [debug] [Thread-1 (]: Finished running node model.dbt_driven_data.trusted_non_pii_data
[0m01:20:08.883968 [debug] [Thread-1 (]: Began running node model.dbt_driven_data.trusted_payment_data
[0m01:20:08.886956 [info ] [Thread-1 (]: 2 of 4 START sql table model driven_trusted.payment_data ....................... [RUN]
[0m01:20:08.895001 [debug] [Thread-1 (]: Re-using an available connection from the pool (formerly model.dbt_driven_data.trusted_non_pii_data, now model.dbt_driven_data.trusted_payment_data)
[0m01:20:08.899285 [debug] [Thread-1 (]: Began compiling node model.dbt_driven_data.trusted_payment_data
[0m01:20:08.924659 [debug] [Thread-1 (]: Writing injected SQL for node "model.dbt_driven_data.trusted_payment_data"
[0m01:20:08.979945 [debug] [Thread-1 (]: Began executing node model.dbt_driven_data.trusted_payment_data
[0m01:20:08.992652 [debug] [Thread-1 (]: Writing runtime sql for node "model.dbt_driven_data.trusted_payment_data"
[0m01:20:09.050946 [debug] [Thread-1 (]: Using postgres connection "model.dbt_driven_data.trusted_payment_data"
[0m01:20:09.053489 [debug] [Thread-1 (]: On model.dbt_driven_data.trusted_payment_data: BEGIN
[0m01:20:09.057217 [debug] [Thread-1 (]: Opening a new connection, currently in state closed
[0m01:20:09.079298 [debug] [Thread-1 (]: SQL status: BEGIN in 0.022 seconds
[0m01:20:09.083395 [debug] [Thread-1 (]: Using postgres connection "model.dbt_driven_data.trusted_payment_data"
[0m01:20:09.086349 [debug] [Thread-1 (]: On model.dbt_driven_data.trusted_payment_data: /* {"app": "dbt", "dbt_version": "1.8.0", "profile_name": "default", "target_name": "dev", "node_id": "model.dbt_driven_data.trusted_payment_data"} */

  
    

  create  table "airflow"."driven_trusted"."payment_data__dbt_tmp"
  
  
    as
  
  (
     
 
WITH source_data AS ( 
    SELECT 
        fnu.unique_id, 
        df.iban, 
        fnu.download_speed, 
        fnu.upload_speed, 
        fnu.session_duration, 
        fnu.consumed_traffic, 
        ((fnu.download_speed + fnu.upload_speed + 1)/2) + 
(fnu.consumed_traffic / (fnu.session_duration + 1)) AS payment_amount 
    FROM 
        "airflow"."driven_staging"."fact_network_usage" fnu 
    JOIN 
        "airflow"."driven_staging"."dim_finance" df 
    ON 
     fnu.unique_id = df.unique_id 
) 
 
SELECT 
    * 
FROM 
    source_data
  );
  
[0m01:20:09.097648 [debug] [Thread-1 (]: SQL status: SELECT 30 in 0.009 seconds
[0m01:20:09.109828 [debug] [Thread-1 (]: Using postgres connection "model.dbt_driven_data.trusted_payment_data"
[0m01:20:09.118769 [debug] [Thread-1 (]: On model.dbt_driven_data.trusted_payment_data: /* {"app": "dbt", "dbt_version": "1.8.0", "profile_name": "default", "target_name": "dev", "node_id": "model.dbt_driven_data.trusted_payment_data"} */
alter table "airflow"."driven_trusted"."payment_data" rename to "payment_data__dbt_backup"
[0m01:20:09.141419 [debug] [Thread-1 (]: SQL status: ALTER TABLE in 0.017 seconds
[0m01:20:09.166861 [debug] [Thread-1 (]: Using postgres connection "model.dbt_driven_data.trusted_payment_data"
[0m01:20:09.170878 [debug] [Thread-1 (]: On model.dbt_driven_data.trusted_payment_data: /* {"app": "dbt", "dbt_version": "1.8.0", "profile_name": "default", "target_name": "dev", "node_id": "model.dbt_driven_data.trusted_payment_data"} */
alter table "airflow"."driven_trusted"."payment_data__dbt_tmp" rename to "payment_data"
[0m01:20:09.179935 [debug] [Thread-1 (]: SQL status: ALTER TABLE in 0.001 seconds
[0m01:20:09.191780 [debug] [Thread-1 (]: On model.dbt_driven_data.trusted_payment_data: COMMIT
[0m01:20:09.194660 [debug] [Thread-1 (]: Using postgres connection "model.dbt_driven_data.trusted_payment_data"
[0m01:20:09.196780 [debug] [Thread-1 (]: On model.dbt_driven_data.trusted_payment_data: COMMIT
[0m01:20:09.202649 [debug] [Thread-1 (]: SQL status: COMMIT in 0.003 seconds
[0m01:20:09.211528 [debug] [Thread-1 (]: Applying DROP to: "airflow"."driven_trusted"."payment_data__dbt_backup"
[0m01:20:09.215734 [debug] [Thread-1 (]: Using postgres connection "model.dbt_driven_data.trusted_payment_data"
[0m01:20:09.218431 [debug] [Thread-1 (]: On model.dbt_driven_data.trusted_payment_data: /* {"app": "dbt", "dbt_version": "1.8.0", "profile_name": "default", "target_name": "dev", "node_id": "model.dbt_driven_data.trusted_payment_data"} */
drop table if exists "airflow"."driven_trusted"."payment_data__dbt_backup" cascade
[0m01:20:09.242591 [debug] [Thread-1 (]: SQL status: DROP TABLE in 0.021 seconds
[0m01:20:09.249134 [debug] [Thread-1 (]: On model.dbt_driven_data.trusted_payment_data: Close
[0m01:20:09.257506 [debug] [Thread-1 (]: Sending event: {'category': 'dbt', 'action': 'run_model', 'label': '887bf948-e03e-4fca-bc03-8f385ae66a70', 'context': [<snowplow_tracker.self_describing_json.SelfDescribingJson object at 0x75d05be1aa50>]}
[0m01:20:09.261240 [info ] [Thread-1 (]: 2 of 4 OK created sql table model driven_trusted.payment_data .................. [[32mSELECT 30[0m in 0.36s]
[0m01:20:09.265110 [debug] [Thread-1 (]: Finished running node model.dbt_driven_data.trusted_payment_data
[0m01:20:09.267259 [debug] [Thread-1 (]: Began running node model.dbt_driven_data.trusted_pii_data
[0m01:20:09.269689 [info ] [Thread-1 (]: 3 of 4 START sql table model driven_trusted.pii_data ........................... [RUN]
[0m01:20:09.272504 [debug] [Thread-1 (]: Re-using an available connection from the pool (formerly model.dbt_driven_data.trusted_payment_data, now model.dbt_driven_data.trusted_pii_data)
[0m01:20:09.274659 [debug] [Thread-1 (]: Began compiling node model.dbt_driven_data.trusted_pii_data
[0m01:20:09.286670 [debug] [Thread-1 (]: Writing injected SQL for node "model.dbt_driven_data.trusted_pii_data"
[0m01:20:09.330729 [debug] [Thread-1 (]: Began executing node model.dbt_driven_data.trusted_pii_data
[0m01:20:09.347859 [debug] [Thread-1 (]: Writing runtime sql for node "model.dbt_driven_data.trusted_pii_data"
[0m01:20:09.394483 [debug] [Thread-1 (]: Using postgres connection "model.dbt_driven_data.trusted_pii_data"
[0m01:20:09.396377 [debug] [Thread-1 (]: On model.dbt_driven_data.trusted_pii_data: BEGIN
[0m01:20:09.398370 [debug] [Thread-1 (]: Opening a new connection, currently in state closed
[0m01:20:09.411086 [debug] [Thread-1 (]: SQL status: BEGIN in 0.012 seconds
[0m01:20:09.413846 [debug] [Thread-1 (]: Using postgres connection "model.dbt_driven_data.trusted_pii_data"
[0m01:20:09.416863 [debug] [Thread-1 (]: On model.dbt_driven_data.trusted_pii_data: /* {"app": "dbt", "dbt_version": "1.8.0", "profile_name": "default", "target_name": "dev", "node_id": "model.dbt_driven_data.trusted_pii_data"} */

  
    

  create  table "airflow"."driven_trusted"."pii_data__dbt_tmp"
  
  
    as
  
  (
     
 
WITH source_data AS ( 
    SELECT 
        dp.person_name, 
        dp.user_name, 
        dp.email, 
        dp.personal_number,  
        dp.birth_date,  
        da.address, 
        dp.phone,  
        da.mac_address, 
        da.ip_address, 
        df.iban, 
        dd.accessed_at, 
        fnu.session_duration, 
        fnu.download_speed, 
        fnu.upload_speed, 
 
 
        fnu.consumed_traffic, 
        fnu.unique_id 
    FROM 
        "airflow"."driven_staging"."fact_network_usage" fnu 
    INNER JOIN 
        "airflow"."driven_staging"."dim_address" da ON 
fnu.unique_id = da.unique_id 
    INNER JOIN 
        "airflow"."driven_staging"."dim_date" dd ON da.unique_id = 
dd.unique_id 
    INNER JOIN 
        "airflow"."driven_staging"."dim_finance" df ON dd.unique_id 
= df.unique_id 
    INNER JOIN 
        "airflow"."driven_staging"."dim_person" dp ON df.unique_id 
= dp.unique_id 
) 
 
SELECT 
    * 
FROM 
    source_data
  );
  
[0m01:20:09.431722 [debug] [Thread-1 (]: SQL status: SELECT 30 in 0.012 seconds
[0m01:20:09.442317 [debug] [Thread-1 (]: Using postgres connection "model.dbt_driven_data.trusted_pii_data"
[0m01:20:09.444928 [debug] [Thread-1 (]: On model.dbt_driven_data.trusted_pii_data: /* {"app": "dbt", "dbt_version": "1.8.0", "profile_name": "default", "target_name": "dev", "node_id": "model.dbt_driven_data.trusted_pii_data"} */
alter table "airflow"."driven_trusted"."pii_data" rename to "pii_data__dbt_backup"
[0m01:20:09.449012 [debug] [Thread-1 (]: SQL status: ALTER TABLE in 0.002 seconds
[0m01:20:09.460339 [debug] [Thread-1 (]: Using postgres connection "model.dbt_driven_data.trusted_pii_data"
[0m01:20:09.462568 [debug] [Thread-1 (]: On model.dbt_driven_data.trusted_pii_data: /* {"app": "dbt", "dbt_version": "1.8.0", "profile_name": "default", "target_name": "dev", "node_id": "model.dbt_driven_data.trusted_pii_data"} */
alter table "airflow"."driven_trusted"."pii_data__dbt_tmp" rename to "pii_data"
[0m01:20:09.465558 [debug] [Thread-1 (]: SQL status: ALTER TABLE in 0.001 seconds
[0m01:20:09.475178 [debug] [Thread-1 (]: On model.dbt_driven_data.trusted_pii_data: COMMIT
[0m01:20:09.477247 [debug] [Thread-1 (]: Using postgres connection "model.dbt_driven_data.trusted_pii_data"
[0m01:20:09.480050 [debug] [Thread-1 (]: On model.dbt_driven_data.trusted_pii_data: COMMIT
[0m01:20:09.484867 [debug] [Thread-1 (]: SQL status: COMMIT in 0.003 seconds
[0m01:20:09.494488 [debug] [Thread-1 (]: Applying DROP to: "airflow"."driven_trusted"."pii_data__dbt_backup"
[0m01:20:09.497291 [debug] [Thread-1 (]: Using postgres connection "model.dbt_driven_data.trusted_pii_data"
[0m01:20:09.499228 [debug] [Thread-1 (]: On model.dbt_driven_data.trusted_pii_data: /* {"app": "dbt", "dbt_version": "1.8.0", "profile_name": "default", "target_name": "dev", "node_id": "model.dbt_driven_data.trusted_pii_data"} */
drop table if exists "airflow"."driven_trusted"."pii_data__dbt_backup" cascade
[0m01:20:09.505472 [debug] [Thread-1 (]: SQL status: DROP TABLE in 0.004 seconds
[0m01:20:09.509436 [debug] [Thread-1 (]: On model.dbt_driven_data.trusted_pii_data: Close
[0m01:20:09.511369 [debug] [Thread-1 (]: Sending event: {'category': 'dbt', 'action': 'run_model', 'label': '887bf948-e03e-4fca-bc03-8f385ae66a70', 'context': [<snowplow_tracker.self_describing_json.SelfDescribingJson object at 0x75d05be495b0>]}
[0m01:20:09.514984 [info ] [Thread-1 (]: 3 of 4 OK created sql table model driven_trusted.pii_data ...................... [[32mSELECT 30[0m in 0.24s]
[0m01:20:09.517401 [debug] [Thread-1 (]: Finished running node model.dbt_driven_data.trusted_pii_data
[0m01:20:09.519312 [debug] [Thread-1 (]: Began running node model.dbt_driven_data.trusted_technical_data
[0m01:20:09.521539 [info ] [Thread-1 (]: 4 of 4 START sql table model driven_trusted.technical_data ..................... [RUN]
[0m01:20:09.524184 [debug] [Thread-1 (]: Re-using an available connection from the pool (formerly model.dbt_driven_data.trusted_pii_data, now model.dbt_driven_data.trusted_technical_data)
[0m01:20:09.525747 [debug] [Thread-1 (]: Began compiling node model.dbt_driven_data.trusted_technical_data
[0m01:20:09.534421 [debug] [Thread-1 (]: Writing injected SQL for node "model.dbt_driven_data.trusted_technical_data"
[0m01:20:09.575190 [debug] [Thread-1 (]: Began executing node model.dbt_driven_data.trusted_technical_data
[0m01:20:09.592058 [debug] [Thread-1 (]: Writing runtime sql for node "model.dbt_driven_data.trusted_technical_data"
[0m01:20:09.635330 [debug] [Thread-1 (]: Using postgres connection "model.dbt_driven_data.trusted_technical_data"
[0m01:20:09.637777 [debug] [Thread-1 (]: On model.dbt_driven_data.trusted_technical_data: BEGIN
[0m01:20:09.639812 [debug] [Thread-1 (]: Opening a new connection, currently in state closed
[0m01:20:09.653210 [debug] [Thread-1 (]: SQL status: BEGIN in 0.013 seconds
[0m01:20:09.656256 [debug] [Thread-1 (]: Using postgres connection "model.dbt_driven_data.trusted_technical_data"
[0m01:20:09.659144 [debug] [Thread-1 (]: On model.dbt_driven_data.trusted_technical_data: /* {"app": "dbt", "dbt_version": "1.8.0", "profile_name": "default", "target_name": "dev", "node_id": "model.dbt_driven_data.trusted_technical_data"} */

  
    

  create  table "airflow"."driven_trusted"."technical_data__dbt_tmp"
  
  
    as
  
  (
     
 
WITH source_data AS ( 
    SELECT 
        fnu.unique_id, 
        da.address, 
        da.mac_address, 
        da.ip_address, 
        fnu.download_speed, 
        fnu.upload_speed, 
        ROUND((fnu.session_duration/60), 1) as min_session_duration, 
        CASE  
 
 
            WHEN fnu.download_speed < 50 OR fnu.upload_speed < 30 OR 
fnu.session_duration/60 < 1 THEN true 
            ELSE false 
        END AS technical_issue 
    FROM 
        "airflow"."driven_staging"."fact_network_usage" fnu 
    JOIN 
        "airflow"."driven_staging"."dim_address" da 
    ON 
     fnu.unique_id = da.unique_id 
) 
 
SELECT 
    * 
FROM 
    source_data
  );
  
[0m01:20:09.676995 [debug] [Thread-1 (]: SQL status: SELECT 30 in 0.015 seconds
[0m01:20:09.688792 [debug] [Thread-1 (]: Using postgres connection "model.dbt_driven_data.trusted_technical_data"
[0m01:20:09.690647 [debug] [Thread-1 (]: On model.dbt_driven_data.trusted_technical_data: /* {"app": "dbt", "dbt_version": "1.8.0", "profile_name": "default", "target_name": "dev", "node_id": "model.dbt_driven_data.trusted_technical_data"} */
alter table "airflow"."driven_trusted"."technical_data" rename to "technical_data__dbt_backup"
[0m01:20:09.693712 [debug] [Thread-1 (]: SQL status: ALTER TABLE in 0.001 seconds
[0m01:20:09.705152 [debug] [Thread-1 (]: Using postgres connection "model.dbt_driven_data.trusted_technical_data"
[0m01:20:09.712048 [debug] [Thread-1 (]: On model.dbt_driven_data.trusted_technical_data: /* {"app": "dbt", "dbt_version": "1.8.0", "profile_name": "default", "target_name": "dev", "node_id": "model.dbt_driven_data.trusted_technical_data"} */
alter table "airflow"."driven_trusted"."technical_data__dbt_tmp" rename to "technical_data"
[0m01:20:09.726992 [debug] [Thread-1 (]: SQL status: ALTER TABLE in 0.002 seconds
[0m01:20:09.734642 [debug] [Thread-1 (]: On model.dbt_driven_data.trusted_technical_data: COMMIT
[0m01:20:09.737162 [debug] [Thread-1 (]: Using postgres connection "model.dbt_driven_data.trusted_technical_data"
[0m01:20:09.739429 [debug] [Thread-1 (]: On model.dbt_driven_data.trusted_technical_data: COMMIT
[0m01:20:09.744795 [debug] [Thread-1 (]: SQL status: COMMIT in 0.003 seconds
[0m01:20:09.751470 [debug] [Thread-1 (]: Applying DROP to: "airflow"."driven_trusted"."technical_data__dbt_backup"
[0m01:20:09.757433 [debug] [Thread-1 (]: Using postgres connection "model.dbt_driven_data.trusted_technical_data"
[0m01:20:09.760099 [debug] [Thread-1 (]: On model.dbt_driven_data.trusted_technical_data: /* {"app": "dbt", "dbt_version": "1.8.0", "profile_name": "default", "target_name": "dev", "node_id": "model.dbt_driven_data.trusted_technical_data"} */
drop table if exists "airflow"."driven_trusted"."technical_data__dbt_backup" cascade
[0m01:20:09.766805 [debug] [Thread-1 (]: SQL status: DROP TABLE in 0.005 seconds
[0m01:20:09.773339 [debug] [Thread-1 (]: On model.dbt_driven_data.trusted_technical_data: Close
[0m01:20:09.776282 [debug] [Thread-1 (]: Sending event: {'category': 'dbt', 'action': 'run_model', 'label': '887bf948-e03e-4fca-bc03-8f385ae66a70', 'context': [<snowplow_tracker.self_describing_json.SelfDescribingJson object at 0x75d05be240e0>]}
[0m01:20:09.779160 [info ] [Thread-1 (]: 4 of 4 OK created sql table model driven_trusted.technical_data ................ [[32mSELECT 30[0m in 0.25s]
[0m01:20:09.783430 [debug] [Thread-1 (]: Finished running node model.dbt_driven_data.trusted_technical_data
[0m01:20:09.788976 [debug] [MainThread]: Using postgres connection "master"
[0m01:20:09.791545 [debug] [MainThread]: On master: BEGIN
[0m01:20:09.793336 [debug] [MainThread]: Opening a new connection, currently in state closed
[0m01:20:09.804133 [debug] [MainThread]: SQL status: BEGIN in 0.011 seconds
[0m01:20:09.806501 [debug] [MainThread]: On master: COMMIT
[0m01:20:09.808502 [debug] [MainThread]: Using postgres connection "master"
[0m01:20:09.810510 [debug] [MainThread]: On master: COMMIT
[0m01:20:09.813086 [debug] [MainThread]: SQL status: COMMIT in 0.001 seconds
[0m01:20:09.814712 [debug] [MainThread]: On master: Close
[0m01:20:09.817122 [debug] [MainThread]: Connection 'master' was properly closed.
[0m01:20:09.819417 [debug] [MainThread]: Connection 'model.dbt_driven_data.trusted_technical_data' was properly closed.
[0m01:20:09.821503 [info ] [MainThread]: 
[0m01:20:09.823990 [info ] [MainThread]: Finished running 4 table models in 0 hours 0 minutes and 2.70 seconds (2.70s).
[0m01:20:09.831083 [debug] [MainThread]: Command end result
[0m01:20:09.971734 [info ] [MainThread]: 
[0m01:20:09.973802 [info ] [MainThread]: [32mCompleted successfully[0m
[0m01:20:09.976101 [info ] [MainThread]: 
[0m01:20:09.978834 [info ] [MainThread]: Done. PASS=4 WARN=0 ERROR=0 SKIP=0 TOTAL=4
[0m01:20:09.995987 [debug] [MainThread]: Resource report: {"command_name": "run", "command_success": true, "command_wall_clock_time": 7.452206, "process_user_time": 10.791854, "process_kernel_time": 1.724408, "process_mem_max_rss": "105520", "process_in_blocks": "147184", "process_out_blocks": "0"}
[0m01:20:10.005175 [debug] [MainThread]: Command `dbt run` succeeded at 01:20:10.004771 after 7.46 seconds
[0m01:20:10.007138 [debug] [MainThread]: Sending event: {'category': 'dbt', 'action': 'invocation', 'label': 'end', 'context': [<snowplow_tracker.self_describing_json.SelfDescribingJson object at 0x75d062de47a0>, <snowplow_tracker.self_describing_json.SelfDescribingJson object at 0x75d0634346b0>, <snowplow_tracker.self_describing_json.SelfDescribingJson object at 0x75d05bfa06b0>]}
[0m01:20:10.009266 [debug] [MainThread]: Flushing usage events
[0m03:44:36.362540 [debug] [MainThread]: Sending event: {'category': 'dbt', 'action': 'invocation', 'label': 'start', 'context': [<snowplow_tracker.self_describing_json.SelfDescribingJson object at 0x7ee3bc1e0bf0>, <snowplow_tracker.self_describing_json.SelfDescribingJson object at 0x7ee3b97beb70>, <snowplow_tracker.self_describing_json.SelfDescribingJson object at 0x7ee3b97bcb60>]}


============================== 03:44:36.439933 | 40cd1234-f528-4736-bf5d-87fe34b8ddf8 ==============================
[0m03:44:36.439933 [info ] [MainThread]: Running with dbt=1.8.0
[0m03:44:36.444003 [debug] [MainThread]: running dbt with arguments {'printer_width': '80', 'indirect_selection': 'eager', 'write_json': 'True', 'log_cache_events': 'False', 'partial_parse': 'True', 'cache_selected_only': 'False', 'profiles_dir': '/opt/airflow/dbt', 'debug': 'False', 'version_check': 'True', 'log_path': '/opt/airflow/dbt/logs', 'warn_error': 'None', 'fail_fast': 'False', 'use_colors': 'True', 'use_experimental_parser': 'False', 'no_print': 'None', 'quiet': 'False', 'warn_error_options': 'WarnErrorOptions(include=[], exclude=[])', 'invocation_command': 'dbt run --select tag:staging', 'log_format': 'default', 'introspect': 'True', 'target_path': 'None', 'static_parser': 'True', 'send_anonymous_usage_stats': 'True'}
[0m03:44:37.535823 [debug] [MainThread]: Sending event: {'category': 'dbt', 'action': 'project_id', 'label': '40cd1234-f528-4736-bf5d-87fe34b8ddf8', 'context': [<snowplow_tracker.self_describing_json.SelfDescribingJson object at 0x7ee3ba698470>]}
[0m03:44:37.757039 [debug] [MainThread]: Sending event: {'category': 'dbt', 'action': 'adapter_info', 'label': '40cd1234-f528-4736-bf5d-87fe34b8ddf8', 'context': [<snowplow_tracker.self_describing_json.SelfDescribingJson object at 0x7ee3b9d39340>]}
[0m03:44:37.765196 [info ] [MainThread]: Registered adapter: postgres=1.8.2
[0m03:44:38.407364 [debug] [MainThread]: checksum: dbb12d416fdb55e3665e4828703bbedf40c5c90ed7ca6ff39bbbfb29b12b0a92, vars: {}, profile: , target: , version: 1.8.0
[0m03:44:39.294163 [debug] [MainThread]: Partial parsing enabled: 0 files deleted, 0 files added, 0 files changed.
[0m03:44:39.301839 [debug] [MainThread]: Partial parsing enabled, no changes found, skipping parsing
[0m03:44:39.390017 [debug] [MainThread]: Sending event: {'category': 'dbt', 'action': 'load_project', 'label': '40cd1234-f528-4736-bf5d-87fe34b8ddf8', 'context': [<snowplow_tracker.self_describing_json.SelfDescribingJson object at 0x7ee3b8b0d820>]}
[0m03:44:39.910815 [debug] [MainThread]: Sending event: {'category': 'dbt', 'action': 'resource_counts', 'label': '40cd1234-f528-4736-bf5d-87fe34b8ddf8', 'context': [<snowplow_tracker.self_describing_json.SelfDescribingJson object at 0x7ee3b8a95730>]}
[0m03:44:39.919853 [info ] [MainThread]: Found 9 models, 10 sources, 428 macros
[0m03:44:39.921814 [debug] [MainThread]: Sending event: {'category': 'dbt', 'action': 'runnable_timing', 'label': '40cd1234-f528-4736-bf5d-87fe34b8ddf8', 'context': [<snowplow_tracker.self_describing_json.SelfDescribingJson object at 0x7ee3b7fd2270>]}
[0m03:44:39.928440 [info ] [MainThread]: 
[0m03:44:39.932183 [debug] [MainThread]: Acquiring new postgres connection 'master'
[0m03:44:39.957650 [debug] [ThreadPool]: Acquiring new postgres connection 'list_airflow'
[0m03:44:40.187753 [debug] [ThreadPool]: Using postgres connection "list_airflow"
[0m03:44:40.204215 [debug] [ThreadPool]: On list_airflow: /* {"app": "dbt", "dbt_version": "1.8.0", "profile_name": "default", "target_name": "dev", "connection_name": "list_airflow"} */

    select distinct nspname from pg_namespace
  
[0m03:44:40.206699 [debug] [ThreadPool]: Opening a new connection, currently in state init
[0m03:44:40.800913 [debug] [ThreadPool]: SQL status: SELECT 7 in 0.587 seconds
[0m03:44:40.820070 [debug] [ThreadPool]: On list_airflow: Close
[0m03:44:40.834312 [debug] [ThreadPool]: Acquiring new postgres connection 'list_airflow_driven_trusted'
[0m03:44:40.849723 [debug] [ThreadPool]: Using postgres connection "list_airflow_driven_trusted"
[0m03:44:40.851197 [debug] [ThreadPool]: On list_airflow_driven_trusted: BEGIN
[0m03:44:40.852615 [debug] [ThreadPool]: Opening a new connection, currently in state init
[0m03:44:41.898571 [debug] [ThreadPool]: SQL status: BEGIN in 1.041 seconds
[0m03:44:41.904742 [debug] [ThreadPool]: Using postgres connection "list_airflow_driven_trusted"
[0m03:44:41.906520 [debug] [ThreadPool]: On list_airflow_driven_trusted: /* {"app": "dbt", "dbt_version": "1.8.0", "profile_name": "default", "target_name": "dev", "connection_name": "list_airflow_driven_trusted"} */
select
      'airflow' as database,
      tablename as name,
      schemaname as schema,
      'table' as type
    from pg_tables
    where schemaname ilike 'driven_trusted'
    union all
    select
      'airflow' as database,
      viewname as name,
      schemaname as schema,
      'view' as type
    from pg_views
    where schemaname ilike 'driven_trusted'
    union all
    select
      'airflow' as database,
      matviewname as name,
      schemaname as schema,
      'materialized_view' as type
    from pg_matviews
    where schemaname ilike 'driven_trusted'
  
[0m03:44:41.934123 [debug] [ThreadPool]: SQL status: SELECT 4 in 0.026 seconds
[0m03:44:41.940322 [debug] [ThreadPool]: On list_airflow_driven_trusted: ROLLBACK
[0m03:44:41.946186 [debug] [ThreadPool]: On list_airflow_driven_trusted: Close
[0m03:44:41.950688 [debug] [ThreadPool]: Re-using an available connection from the pool (formerly list_airflow_driven_trusted, now list_airflow_driven_staging)
[0m03:44:41.959562 [debug] [ThreadPool]: Using postgres connection "list_airflow_driven_staging"
[0m03:44:41.961425 [debug] [ThreadPool]: On list_airflow_driven_staging: BEGIN
[0m03:44:41.963305 [debug] [ThreadPool]: Opening a new connection, currently in state closed
[0m03:44:42.439971 [debug] [ThreadPool]: SQL status: BEGIN in 0.473 seconds
[0m03:44:42.451325 [debug] [ThreadPool]: Using postgres connection "list_airflow_driven_staging"
[0m03:44:42.453430 [debug] [ThreadPool]: On list_airflow_driven_staging: /* {"app": "dbt", "dbt_version": "1.8.0", "profile_name": "default", "target_name": "dev", "connection_name": "list_airflow_driven_staging"} */
select
      'airflow' as database,
      tablename as name,
      schemaname as schema,
      'table' as type
    from pg_tables
    where schemaname ilike 'driven_staging'
    union all
    select
      'airflow' as database,
      viewname as name,
      schemaname as schema,
      'view' as type
    from pg_views
    where schemaname ilike 'driven_staging'
    union all
    select
      'airflow' as database,
      matviewname as name,
      schemaname as schema,
      'materialized_view' as type
    from pg_matviews
    where schemaname ilike 'driven_staging'
  
[0m03:44:42.467018 [debug] [ThreadPool]: SQL status: SELECT 5 in 0.012 seconds
[0m03:44:42.472267 [debug] [ThreadPool]: On list_airflow_driven_staging: ROLLBACK
[0m03:44:42.474353 [debug] [ThreadPool]: On list_airflow_driven_staging: Close
[0m03:44:42.504088 [debug] [MainThread]: Using postgres connection "master"
[0m03:44:42.505999 [debug] [MainThread]: On master: BEGIN
[0m03:44:42.507802 [debug] [MainThread]: Opening a new connection, currently in state init
[0m03:44:42.960324 [debug] [MainThread]: SQL status: BEGIN in 0.449 seconds
[0m03:44:42.967285 [debug] [MainThread]: Using postgres connection "master"
[0m03:44:42.968988 [debug] [MainThread]: On master: /* {"app": "dbt", "dbt_version": "1.8.0", "profile_name": "default", "target_name": "dev", "connection_name": "master"} */
with relation as (
        select
            pg_rewrite.ev_class as class,
            pg_rewrite.oid as id
        from pg_rewrite
    ),
    class as (
        select
            oid as id,
            relname as name,
            relnamespace as schema,
            relkind as kind
        from pg_class
    ),
    dependency as (
        select distinct
            pg_depend.objid as id,
            pg_depend.refobjid as ref
        from pg_depend
    ),
    schema as (
        select
            pg_namespace.oid as id,
            pg_namespace.nspname as name
        from pg_namespace
        where nspname != 'information_schema' and nspname not like 'pg\_%'
    ),
    referenced as (
        select
            relation.id AS id,
            referenced_class.name ,
            referenced_class.schema ,
            referenced_class.kind
        from relation
        join class as referenced_class on relation.class=referenced_class.id
        where referenced_class.kind in ('r', 'v', 'm')
    ),
    relationships as (
        select
            referenced.name as referenced_name,
            referenced.schema as referenced_schema_id,
            dependent_class.name as dependent_name,
            dependent_class.schema as dependent_schema_id,
            referenced.kind as kind
        from referenced
        join dependency on referenced.id=dependency.id
        join class as dependent_class on dependency.ref=dependent_class.id
        where
            (referenced.name != dependent_class.name or
             referenced.schema != dependent_class.schema)
    )

    select
        referenced_schema.name as referenced_schema,
        relationships.referenced_name as referenced_name,
        dependent_schema.name as dependent_schema,
        relationships.dependent_name as dependent_name
    from relationships
    join schema as dependent_schema on relationships.dependent_schema_id=dependent_schema.id
    join schema as referenced_schema on relationships.referenced_schema_id=referenced_schema.id
    group by referenced_schema, referenced_name, dependent_schema, dependent_name
    order by referenced_schema, referenced_name, dependent_schema, dependent_name;
[0m03:44:42.994000 [debug] [MainThread]: SQL status: SELECT 0 in 0.022 seconds
[0m03:44:42.999138 [debug] [MainThread]: Sending event: {'category': 'dbt', 'action': 'runnable_timing', 'label': '40cd1234-f528-4736-bf5d-87fe34b8ddf8', 'context': [<snowplow_tracker.self_describing_json.SelfDescribingJson object at 0x7ee3b77626c0>]}
[0m03:44:43.002485 [debug] [MainThread]: On master: ROLLBACK
[0m03:44:43.007529 [debug] [MainThread]: Using postgres connection "master"
[0m03:44:43.009198 [debug] [MainThread]: On master: BEGIN
[0m03:44:43.017514 [debug] [MainThread]: SQL status: BEGIN in 0.006 seconds
[0m03:44:43.019350 [debug] [MainThread]: On master: COMMIT
[0m03:44:43.021660 [debug] [MainThread]: Using postgres connection "master"
[0m03:44:43.023321 [debug] [MainThread]: On master: COMMIT
[0m03:44:43.025794 [debug] [MainThread]: SQL status: COMMIT in 0.001 seconds
[0m03:44:43.027509 [debug] [MainThread]: On master: Close
[0m03:44:43.029780 [info ] [MainThread]: Concurrency: 1 threads (target='dev')
[0m03:44:43.031900 [info ] [MainThread]: 
[0m03:44:43.098239 [debug] [Thread-1 (]: Began running node model.dbt_driven_data.staging_dim_address
[0m03:44:43.126820 [info ] [Thread-1 (]: 1 of 5 START sql table model driven_staging.dim_address ........................ [RUN]
[0m03:44:43.135913 [debug] [Thread-1 (]: Re-using an available connection from the pool (formerly list_airflow_driven_staging, now model.dbt_driven_data.staging_dim_address)
[0m03:44:43.137587 [debug] [Thread-1 (]: Began compiling node model.dbt_driven_data.staging_dim_address
[0m03:44:43.172796 [debug] [Thread-1 (]: Writing injected SQL for node "model.dbt_driven_data.staging_dim_address"
[0m03:44:43.218945 [debug] [Thread-1 (]: Began executing node model.dbt_driven_data.staging_dim_address
[0m03:44:43.367112 [debug] [Thread-1 (]: Writing runtime sql for node "model.dbt_driven_data.staging_dim_address"
[0m03:44:43.481718 [debug] [Thread-1 (]: Using postgres connection "model.dbt_driven_data.staging_dim_address"
[0m03:44:43.483131 [debug] [Thread-1 (]: On model.dbt_driven_data.staging_dim_address: BEGIN
[0m03:44:43.484420 [debug] [Thread-1 (]: Opening a new connection, currently in state closed
[0m03:44:43.715840 [debug] [Thread-1 (]: SQL status: BEGIN in 0.231 seconds
[0m03:44:43.718012 [debug] [Thread-1 (]: Using postgres connection "model.dbt_driven_data.staging_dim_address"
[0m03:44:43.719177 [debug] [Thread-1 (]: On model.dbt_driven_data.staging_dim_address: /* {"app": "dbt", "dbt_version": "1.8.0", "profile_name": "default", "target_name": "dev", "node_id": "model.dbt_driven_data.staging_dim_address"} */

  
    

  create  table "airflow"."driven_staging"."dim_address__dbt_tmp"
  
  
    as
  
  (
     
 
WITH source_data AS ( 
    SELECT 
        unique_id, 
        address, 
        mac_address, 
        ip_address 
    FROM 
        "airflow"."driven_raw"."raw_batch_data" 
) 
 
SELECT 
    * 
FROM 
    source_data
  );
  
[0m03:44:43.743412 [debug] [Thread-1 (]: SQL status: SELECT 183 in 0.023 seconds
[0m03:44:43.756538 [debug] [Thread-1 (]: Using postgres connection "model.dbt_driven_data.staging_dim_address"
[0m03:44:43.757681 [debug] [Thread-1 (]: On model.dbt_driven_data.staging_dim_address: /* {"app": "dbt", "dbt_version": "1.8.0", "profile_name": "default", "target_name": "dev", "node_id": "model.dbt_driven_data.staging_dim_address"} */
alter table "airflow"."driven_staging"."dim_address" rename to "dim_address__dbt_backup"
[0m03:44:43.760738 [debug] [Thread-1 (]: SQL status: ALTER TABLE in 0.002 seconds
[0m03:44:43.765846 [debug] [Thread-1 (]: Using postgres connection "model.dbt_driven_data.staging_dim_address"
[0m03:44:43.766931 [debug] [Thread-1 (]: On model.dbt_driven_data.staging_dim_address: /* {"app": "dbt", "dbt_version": "1.8.0", "profile_name": "default", "target_name": "dev", "node_id": "model.dbt_driven_data.staging_dim_address"} */
alter table "airflow"."driven_staging"."dim_address__dbt_tmp" rename to "dim_address"
[0m03:44:43.768216 [debug] [Thread-1 (]: SQL status: ALTER TABLE in 0.000 seconds
[0m03:44:43.799822 [debug] [Thread-1 (]: On model.dbt_driven_data.staging_dim_address: COMMIT
[0m03:44:43.800781 [debug] [Thread-1 (]: Using postgres connection "model.dbt_driven_data.staging_dim_address"
[0m03:44:43.801734 [debug] [Thread-1 (]: On model.dbt_driven_data.staging_dim_address: COMMIT
[0m03:44:43.804448 [debug] [Thread-1 (]: SQL status: COMMIT in 0.002 seconds
[0m03:44:43.817052 [debug] [Thread-1 (]: Applying DROP to: "airflow"."driven_staging"."dim_address__dbt_backup"
[0m03:44:43.831894 [debug] [Thread-1 (]: Using postgres connection "model.dbt_driven_data.staging_dim_address"
[0m03:44:43.833288 [debug] [Thread-1 (]: On model.dbt_driven_data.staging_dim_address: /* {"app": "dbt", "dbt_version": "1.8.0", "profile_name": "default", "target_name": "dev", "node_id": "model.dbt_driven_data.staging_dim_address"} */
drop table if exists "airflow"."driven_staging"."dim_address__dbt_backup" cascade
[0m03:44:43.845606 [debug] [Thread-1 (]: SQL status: DROP TABLE in 0.011 seconds
[0m03:44:43.850199 [debug] [Thread-1 (]: On model.dbt_driven_data.staging_dim_address: Close
[0m03:44:43.857730 [debug] [Thread-1 (]: Sending event: {'category': 'dbt', 'action': 'run_model', 'label': '40cd1234-f528-4736-bf5d-87fe34b8ddf8', 'context': [<snowplow_tracker.self_describing_json.SelfDescribingJson object at 0x7ee3ba65aed0>]}
[0m03:44:43.861195 [info ] [Thread-1 (]: 1 of 5 OK created sql table model driven_staging.dim_address ................... [[32mSELECT 183[0m in 0.72s]
[0m03:44:43.863571 [debug] [Thread-1 (]: Finished running node model.dbt_driven_data.staging_dim_address
[0m03:44:43.864948 [debug] [Thread-1 (]: Began running node model.dbt_driven_data.staging_dim_date
[0m03:44:43.866778 [info ] [Thread-1 (]: 2 of 5 START sql table model driven_staging.dim_date ........................... [RUN]
[0m03:44:43.868454 [debug] [Thread-1 (]: Re-using an available connection from the pool (formerly model.dbt_driven_data.staging_dim_address, now model.dbt_driven_data.staging_dim_date)
[0m03:44:43.869671 [debug] [Thread-1 (]: Began compiling node model.dbt_driven_data.staging_dim_date
[0m03:44:43.878832 [debug] [Thread-1 (]: Writing injected SQL for node "model.dbt_driven_data.staging_dim_date"
[0m03:44:43.909132 [debug] [Thread-1 (]: Began executing node model.dbt_driven_data.staging_dim_date
[0m03:44:43.920044 [debug] [Thread-1 (]: Writing runtime sql for node "model.dbt_driven_data.staging_dim_date"
[0m03:44:43.950459 [debug] [Thread-1 (]: Using postgres connection "model.dbt_driven_data.staging_dim_date"
[0m03:44:43.953016 [debug] [Thread-1 (]: On model.dbt_driven_data.staging_dim_date: BEGIN
[0m03:44:43.955118 [debug] [Thread-1 (]: Opening a new connection, currently in state closed
[0m03:44:43.973513 [debug] [Thread-1 (]: SQL status: BEGIN in 0.018 seconds
[0m03:44:43.974835 [debug] [Thread-1 (]: Using postgres connection "model.dbt_driven_data.staging_dim_date"
[0m03:44:43.976293 [debug] [Thread-1 (]: On model.dbt_driven_data.staging_dim_date: /* {"app": "dbt", "dbt_version": "1.8.0", "profile_name": "default", "target_name": "dev", "node_id": "model.dbt_driven_data.staging_dim_date"} */

  
    

  create  table "airflow"."driven_staging"."dim_date__dbt_tmp"
  
  
    as
  
  (
     
 
WITH source_data AS ( 
 
 
    SELECT 
        unique_id, 
        accessed_at 
    FROM 
        "airflow"."driven_raw"."raw_batch_data" 
) 
 
SELECT 
    * 
FROM 
    source_data
  );
  
[0m03:44:43.982952 [debug] [Thread-1 (]: SQL status: SELECT 183 in 0.005 seconds
[0m03:44:43.989179 [debug] [Thread-1 (]: Using postgres connection "model.dbt_driven_data.staging_dim_date"
[0m03:44:43.990526 [debug] [Thread-1 (]: On model.dbt_driven_data.staging_dim_date: /* {"app": "dbt", "dbt_version": "1.8.0", "profile_name": "default", "target_name": "dev", "node_id": "model.dbt_driven_data.staging_dim_date"} */
alter table "airflow"."driven_staging"."dim_date" rename to "dim_date__dbt_backup"
[0m03:44:43.992248 [debug] [Thread-1 (]: SQL status: ALTER TABLE in 0.001 seconds
[0m03:44:44.000621 [debug] [Thread-1 (]: Using postgres connection "model.dbt_driven_data.staging_dim_date"
[0m03:44:44.002780 [debug] [Thread-1 (]: On model.dbt_driven_data.staging_dim_date: /* {"app": "dbt", "dbt_version": "1.8.0", "profile_name": "default", "target_name": "dev", "node_id": "model.dbt_driven_data.staging_dim_date"} */
alter table "airflow"."driven_staging"."dim_date__dbt_tmp" rename to "dim_date"
[0m03:44:44.005528 [debug] [Thread-1 (]: SQL status: ALTER TABLE in 0.001 seconds
[0m03:44:44.009980 [debug] [Thread-1 (]: On model.dbt_driven_data.staging_dim_date: COMMIT
[0m03:44:44.011240 [debug] [Thread-1 (]: Using postgres connection "model.dbt_driven_data.staging_dim_date"
[0m03:44:44.012702 [debug] [Thread-1 (]: On model.dbt_driven_data.staging_dim_date: COMMIT
[0m03:44:44.016044 [debug] [Thread-1 (]: SQL status: COMMIT in 0.002 seconds
[0m03:44:44.023964 [debug] [Thread-1 (]: Applying DROP to: "airflow"."driven_staging"."dim_date__dbt_backup"
[0m03:44:44.026523 [debug] [Thread-1 (]: Using postgres connection "model.dbt_driven_data.staging_dim_date"
[0m03:44:44.028397 [debug] [Thread-1 (]: On model.dbt_driven_data.staging_dim_date: /* {"app": "dbt", "dbt_version": "1.8.0", "profile_name": "default", "target_name": "dev", "node_id": "model.dbt_driven_data.staging_dim_date"} */
drop table if exists "airflow"."driven_staging"."dim_date__dbt_backup" cascade
[0m03:44:44.033381 [debug] [Thread-1 (]: SQL status: DROP TABLE in 0.004 seconds
[0m03:44:44.037459 [debug] [Thread-1 (]: On model.dbt_driven_data.staging_dim_date: Close
[0m03:44:44.039648 [debug] [Thread-1 (]: Sending event: {'category': 'dbt', 'action': 'run_model', 'label': '40cd1234-f528-4736-bf5d-87fe34b8ddf8', 'context': [<snowplow_tracker.self_describing_json.SelfDescribingJson object at 0x7ee3b572ff20>]}
[0m03:44:44.041548 [info ] [Thread-1 (]: 2 of 5 OK created sql table model driven_staging.dim_date ...................... [[32mSELECT 183[0m in 0.17s]
[0m03:44:44.043556 [debug] [Thread-1 (]: Finished running node model.dbt_driven_data.staging_dim_date
[0m03:44:44.044869 [debug] [Thread-1 (]: Began running node model.dbt_driven_data.staging_dim_finance
[0m03:44:44.046278 [info ] [Thread-1 (]: 3 of 5 START sql table model driven_staging.dim_finance ........................ [RUN]
[0m03:44:44.047690 [debug] [Thread-1 (]: Re-using an available connection from the pool (formerly model.dbt_driven_data.staging_dim_date, now model.dbt_driven_data.staging_dim_finance)
[0m03:44:44.048743 [debug] [Thread-1 (]: Began compiling node model.dbt_driven_data.staging_dim_finance
[0m03:44:44.054581 [debug] [Thread-1 (]: Writing injected SQL for node "model.dbt_driven_data.staging_dim_finance"
[0m03:44:44.089203 [debug] [Thread-1 (]: Began executing node model.dbt_driven_data.staging_dim_finance
[0m03:44:44.100370 [debug] [Thread-1 (]: Writing runtime sql for node "model.dbt_driven_data.staging_dim_finance"
[0m03:44:44.130557 [debug] [Thread-1 (]: Using postgres connection "model.dbt_driven_data.staging_dim_finance"
[0m03:44:44.132114 [debug] [Thread-1 (]: On model.dbt_driven_data.staging_dim_finance: BEGIN
[0m03:44:44.133641 [debug] [Thread-1 (]: Opening a new connection, currently in state closed
[0m03:44:44.143011 [debug] [Thread-1 (]: SQL status: BEGIN in 0.009 seconds
[0m03:44:44.150842 [debug] [Thread-1 (]: Using postgres connection "model.dbt_driven_data.staging_dim_finance"
[0m03:44:44.151947 [debug] [Thread-1 (]: On model.dbt_driven_data.staging_dim_finance: /* {"app": "dbt", "dbt_version": "1.8.0", "profile_name": "default", "target_name": "dev", "node_id": "model.dbt_driven_data.staging_dim_finance"} */

  
    

  create  table "airflow"."driven_staging"."dim_finance__dbt_tmp"
  
  
    as
  
  (
     
 
WITH source_data AS ( 
    SELECT 
        unique_id, 
        iban 
    FROM 
        "airflow"."driven_raw"."raw_batch_data" 
) 
 
SELECT 
    * 
FROM 
    source_data
  );
  
[0m03:44:44.157129 [debug] [Thread-1 (]: SQL status: SELECT 183 in 0.004 seconds
[0m03:44:44.165303 [debug] [Thread-1 (]: Using postgres connection "model.dbt_driven_data.staging_dim_finance"
[0m03:44:44.167087 [debug] [Thread-1 (]: On model.dbt_driven_data.staging_dim_finance: /* {"app": "dbt", "dbt_version": "1.8.0", "profile_name": "default", "target_name": "dev", "node_id": "model.dbt_driven_data.staging_dim_finance"} */
alter table "airflow"."driven_staging"."dim_finance" rename to "dim_finance__dbt_backup"
[0m03:44:44.170796 [debug] [Thread-1 (]: SQL status: ALTER TABLE in 0.001 seconds
[0m03:44:44.179244 [debug] [Thread-1 (]: Using postgres connection "model.dbt_driven_data.staging_dim_finance"
[0m03:44:44.180561 [debug] [Thread-1 (]: On model.dbt_driven_data.staging_dim_finance: /* {"app": "dbt", "dbt_version": "1.8.0", "profile_name": "default", "target_name": "dev", "node_id": "model.dbt_driven_data.staging_dim_finance"} */
alter table "airflow"."driven_staging"."dim_finance__dbt_tmp" rename to "dim_finance"
[0m03:44:44.182642 [debug] [Thread-1 (]: SQL status: ALTER TABLE in 0.001 seconds
[0m03:44:44.186582 [debug] [Thread-1 (]: On model.dbt_driven_data.staging_dim_finance: COMMIT
[0m03:44:44.187610 [debug] [Thread-1 (]: Using postgres connection "model.dbt_driven_data.staging_dim_finance"
[0m03:44:44.188448 [debug] [Thread-1 (]: On model.dbt_driven_data.staging_dim_finance: COMMIT
[0m03:44:44.190765 [debug] [Thread-1 (]: SQL status: COMMIT in 0.001 seconds
[0m03:44:44.194870 [debug] [Thread-1 (]: Applying DROP to: "airflow"."driven_staging"."dim_finance__dbt_backup"
[0m03:44:44.196981 [debug] [Thread-1 (]: Using postgres connection "model.dbt_driven_data.staging_dim_finance"
[0m03:44:44.198793 [debug] [Thread-1 (]: On model.dbt_driven_data.staging_dim_finance: /* {"app": "dbt", "dbt_version": "1.8.0", "profile_name": "default", "target_name": "dev", "node_id": "model.dbt_driven_data.staging_dim_finance"} */
drop table if exists "airflow"."driven_staging"."dim_finance__dbt_backup" cascade
[0m03:44:44.202087 [debug] [Thread-1 (]: SQL status: DROP TABLE in 0.002 seconds
[0m03:44:44.204912 [debug] [Thread-1 (]: On model.dbt_driven_data.staging_dim_finance: Close
[0m03:44:44.206561 [debug] [Thread-1 (]: Sending event: {'category': 'dbt', 'action': 'run_model', 'label': '40cd1234-f528-4736-bf5d-87fe34b8ddf8', 'context': [<snowplow_tracker.self_describing_json.SelfDescribingJson object at 0x7ee3b6f32660>]}
[0m03:44:44.208120 [info ] [Thread-1 (]: 3 of 5 OK created sql table model driven_staging.dim_finance ................... [[32mSELECT 183[0m in 0.16s]
[0m03:44:44.210035 [debug] [Thread-1 (]: Finished running node model.dbt_driven_data.staging_dim_finance
[0m03:44:44.211406 [debug] [Thread-1 (]: Began running node model.dbt_driven_data.staging_dim_person
[0m03:44:44.213031 [info ] [Thread-1 (]: 4 of 5 START sql table model driven_staging.dim_person ......................... [RUN]
[0m03:44:44.214989 [debug] [Thread-1 (]: Re-using an available connection from the pool (formerly model.dbt_driven_data.staging_dim_finance, now model.dbt_driven_data.staging_dim_person)
[0m03:44:44.216446 [debug] [Thread-1 (]: Began compiling node model.dbt_driven_data.staging_dim_person
[0m03:44:44.221721 [debug] [Thread-1 (]: Writing injected SQL for node "model.dbt_driven_data.staging_dim_person"
[0m03:44:44.245902 [debug] [Thread-1 (]: Began executing node model.dbt_driven_data.staging_dim_person
[0m03:44:44.256067 [debug] [Thread-1 (]: Writing runtime sql for node "model.dbt_driven_data.staging_dim_person"
[0m03:44:44.281724 [debug] [Thread-1 (]: Using postgres connection "model.dbt_driven_data.staging_dim_person"
[0m03:44:44.283566 [debug] [Thread-1 (]: On model.dbt_driven_data.staging_dim_person: BEGIN
[0m03:44:44.285325 [debug] [Thread-1 (]: Opening a new connection, currently in state closed
[0m03:44:44.294108 [debug] [Thread-1 (]: SQL status: BEGIN in 0.009 seconds
[0m03:44:44.295948 [debug] [Thread-1 (]: Using postgres connection "model.dbt_driven_data.staging_dim_person"
[0m03:44:44.297537 [debug] [Thread-1 (]: On model.dbt_driven_data.staging_dim_person: /* {"app": "dbt", "dbt_version": "1.8.0", "profile_name": "default", "target_name": "dev", "node_id": "model.dbt_driven_data.staging_dim_person"} */

  
    

  create  table "airflow"."driven_staging"."dim_person__dbt_tmp"
  
  
    as
  
  (
     
 
WITH source_data AS ( 
    SELECT 
        unique_id, 
 
 
        person_name, 
        user_name, 
        email, 
        phone, 
        birth_date, 
        personal_number 
    FROM 
        "airflow"."driven_raw"."raw_batch_data" 
) 
 
SELECT 
    * 
FROM 
    source_data
  );
  
[0m03:44:44.312054 [debug] [Thread-1 (]: SQL status: SELECT 183 in 0.013 seconds
[0m03:44:44.319031 [debug] [Thread-1 (]: Using postgres connection "model.dbt_driven_data.staging_dim_person"
[0m03:44:44.320215 [debug] [Thread-1 (]: On model.dbt_driven_data.staging_dim_person: /* {"app": "dbt", "dbt_version": "1.8.0", "profile_name": "default", "target_name": "dev", "node_id": "model.dbt_driven_data.staging_dim_person"} */
alter table "airflow"."driven_staging"."dim_person" rename to "dim_person__dbt_backup"
[0m03:44:44.321684 [debug] [Thread-1 (]: SQL status: ALTER TABLE in 0.001 seconds
[0m03:44:44.327569 [debug] [Thread-1 (]: Using postgres connection "model.dbt_driven_data.staging_dim_person"
[0m03:44:44.328842 [debug] [Thread-1 (]: On model.dbt_driven_data.staging_dim_person: /* {"app": "dbt", "dbt_version": "1.8.0", "profile_name": "default", "target_name": "dev", "node_id": "model.dbt_driven_data.staging_dim_person"} */
alter table "airflow"."driven_staging"."dim_person__dbt_tmp" rename to "dim_person"
[0m03:44:44.331441 [debug] [Thread-1 (]: SQL status: ALTER TABLE in 0.001 seconds
[0m03:44:44.337632 [debug] [Thread-1 (]: On model.dbt_driven_data.staging_dim_person: COMMIT
[0m03:44:44.339271 [debug] [Thread-1 (]: Using postgres connection "model.dbt_driven_data.staging_dim_person"
[0m03:44:44.340248 [debug] [Thread-1 (]: On model.dbt_driven_data.staging_dim_person: COMMIT
[0m03:44:44.343725 [debug] [Thread-1 (]: SQL status: COMMIT in 0.002 seconds
[0m03:44:44.348549 [debug] [Thread-1 (]: Applying DROP to: "airflow"."driven_staging"."dim_person__dbt_backup"
[0m03:44:44.350634 [debug] [Thread-1 (]: Using postgres connection "model.dbt_driven_data.staging_dim_person"
[0m03:44:44.351854 [debug] [Thread-1 (]: On model.dbt_driven_data.staging_dim_person: /* {"app": "dbt", "dbt_version": "1.8.0", "profile_name": "default", "target_name": "dev", "node_id": "model.dbt_driven_data.staging_dim_person"} */
drop table if exists "airflow"."driven_staging"."dim_person__dbt_backup" cascade
[0m03:44:44.357478 [debug] [Thread-1 (]: SQL status: DROP TABLE in 0.004 seconds
[0m03:44:44.360592 [debug] [Thread-1 (]: On model.dbt_driven_data.staging_dim_person: Close
[0m03:44:44.362014 [debug] [Thread-1 (]: Sending event: {'category': 'dbt', 'action': 'run_model', 'label': '40cd1234-f528-4736-bf5d-87fe34b8ddf8', 'context': [<snowplow_tracker.self_describing_json.SelfDescribingJson object at 0x7ee3b6b55730>]}
[0m03:44:44.363475 [info ] [Thread-1 (]: 4 of 5 OK created sql table model driven_staging.dim_person .................... [[32mSELECT 183[0m in 0.15s]
[0m03:44:44.365001 [debug] [Thread-1 (]: Finished running node model.dbt_driven_data.staging_dim_person
[0m03:44:44.366192 [debug] [Thread-1 (]: Began running node model.dbt_driven_data.staging_fact_network_usage
[0m03:44:44.367450 [info ] [Thread-1 (]: 5 of 5 START sql table model driven_staging.fact_network_usage ................. [RUN]
[0m03:44:44.368618 [debug] [Thread-1 (]: Re-using an available connection from the pool (formerly model.dbt_driven_data.staging_dim_person, now model.dbt_driven_data.staging_fact_network_usage)
[0m03:44:44.369575 [debug] [Thread-1 (]: Began compiling node model.dbt_driven_data.staging_fact_network_usage
[0m03:44:44.375039 [debug] [Thread-1 (]: Writing injected SQL for node "model.dbt_driven_data.staging_fact_network_usage"
[0m03:44:44.394499 [debug] [Thread-1 (]: Began executing node model.dbt_driven_data.staging_fact_network_usage
[0m03:44:44.400472 [debug] [Thread-1 (]: Writing runtime sql for node "model.dbt_driven_data.staging_fact_network_usage"
[0m03:44:44.420580 [debug] [Thread-1 (]: Using postgres connection "model.dbt_driven_data.staging_fact_network_usage"
[0m03:44:44.421940 [debug] [Thread-1 (]: On model.dbt_driven_data.staging_fact_network_usage: BEGIN
[0m03:44:44.423435 [debug] [Thread-1 (]: Opening a new connection, currently in state closed
[0m03:44:44.430059 [debug] [Thread-1 (]: SQL status: BEGIN in 0.006 seconds
[0m03:44:44.431567 [debug] [Thread-1 (]: Using postgres connection "model.dbt_driven_data.staging_fact_network_usage"
[0m03:44:44.432967 [debug] [Thread-1 (]: On model.dbt_driven_data.staging_fact_network_usage: /* {"app": "dbt", "dbt_version": "1.8.0", "profile_name": "default", "target_name": "dev", "node_id": "model.dbt_driven_data.staging_fact_network_usage"} */

  
    

  create  table "airflow"."driven_staging"."fact_network_usage__dbt_tmp"
  
  
    as
  
  (
     
 
WITH source_data AS ( 
    SELECT 
        unique_id, 
        session_duration, 
        download_speed, 
        upload_speed, 
        consumed_traffic 
    FROM 
        "airflow"."driven_raw"."raw_batch_data" 
) 
 
SELECT 
    * 
FROM 
    source_data
  );
  
[0m03:44:44.436931 [debug] [Thread-1 (]: SQL status: SELECT 183 in 0.002 seconds
[0m03:44:44.441817 [debug] [Thread-1 (]: Using postgres connection "model.dbt_driven_data.staging_fact_network_usage"
[0m03:44:44.442858 [debug] [Thread-1 (]: On model.dbt_driven_data.staging_fact_network_usage: /* {"app": "dbt", "dbt_version": "1.8.0", "profile_name": "default", "target_name": "dev", "node_id": "model.dbt_driven_data.staging_fact_network_usage"} */
alter table "airflow"."driven_staging"."fact_network_usage" rename to "fact_network_usage__dbt_backup"
[0m03:44:44.444261 [debug] [Thread-1 (]: SQL status: ALTER TABLE in 0.000 seconds
[0m03:44:44.449583 [debug] [Thread-1 (]: Using postgres connection "model.dbt_driven_data.staging_fact_network_usage"
[0m03:44:44.451073 [debug] [Thread-1 (]: On model.dbt_driven_data.staging_fact_network_usage: /* {"app": "dbt", "dbt_version": "1.8.0", "profile_name": "default", "target_name": "dev", "node_id": "model.dbt_driven_data.staging_fact_network_usage"} */
alter table "airflow"."driven_staging"."fact_network_usage__dbt_tmp" rename to "fact_network_usage"
[0m03:44:44.453023 [debug] [Thread-1 (]: SQL status: ALTER TABLE in 0.001 seconds
[0m03:44:44.456869 [debug] [Thread-1 (]: On model.dbt_driven_data.staging_fact_network_usage: COMMIT
[0m03:44:44.458028 [debug] [Thread-1 (]: Using postgres connection "model.dbt_driven_data.staging_fact_network_usage"
[0m03:44:44.459142 [debug] [Thread-1 (]: On model.dbt_driven_data.staging_fact_network_usage: COMMIT
[0m03:44:44.461814 [debug] [Thread-1 (]: SQL status: COMMIT in 0.002 seconds
[0m03:44:44.467498 [debug] [Thread-1 (]: Applying DROP to: "airflow"."driven_staging"."fact_network_usage__dbt_backup"
[0m03:44:44.469086 [debug] [Thread-1 (]: Using postgres connection "model.dbt_driven_data.staging_fact_network_usage"
[0m03:44:44.470484 [debug] [Thread-1 (]: On model.dbt_driven_data.staging_fact_network_usage: /* {"app": "dbt", "dbt_version": "1.8.0", "profile_name": "default", "target_name": "dev", "node_id": "model.dbt_driven_data.staging_fact_network_usage"} */
drop table if exists "airflow"."driven_staging"."fact_network_usage__dbt_backup" cascade
[0m03:44:44.474462 [debug] [Thread-1 (]: SQL status: DROP TABLE in 0.002 seconds
[0m03:44:44.477914 [debug] [Thread-1 (]: On model.dbt_driven_data.staging_fact_network_usage: Close
[0m03:44:44.479339 [debug] [Thread-1 (]: Sending event: {'category': 'dbt', 'action': 'run_model', 'label': '40cd1234-f528-4736-bf5d-87fe34b8ddf8', 'context': [<snowplow_tracker.self_describing_json.SelfDescribingJson object at 0x7ee3b57da4e0>]}
[0m03:44:44.480727 [info ] [Thread-1 (]: 5 of 5 OK created sql table model driven_staging.fact_network_usage ............ [[32mSELECT 183[0m in 0.11s]
[0m03:44:44.482353 [debug] [Thread-1 (]: Finished running node model.dbt_driven_data.staging_fact_network_usage
[0m03:44:44.485420 [debug] [MainThread]: Using postgres connection "master"
[0m03:44:44.486622 [debug] [MainThread]: On master: BEGIN
[0m03:44:44.487863 [debug] [MainThread]: Opening a new connection, currently in state closed
[0m03:44:44.493976 [debug] [MainThread]: SQL status: BEGIN in 0.006 seconds
[0m03:44:44.495129 [debug] [MainThread]: On master: COMMIT
[0m03:44:44.496007 [debug] [MainThread]: Using postgres connection "master"
[0m03:44:44.496821 [debug] [MainThread]: On master: COMMIT
[0m03:44:44.498027 [debug] [MainThread]: SQL status: COMMIT in 0.000 seconds
[0m03:44:44.499000 [debug] [MainThread]: On master: Close
[0m03:44:44.500013 [debug] [MainThread]: Connection 'master' was properly closed.
[0m03:44:44.500817 [debug] [MainThread]: Connection 'list_airflow' was properly closed.
[0m03:44:44.501757 [debug] [MainThread]: Connection 'model.dbt_driven_data.staging_fact_network_usage' was properly closed.
[0m03:44:44.504717 [info ] [MainThread]: 
[0m03:44:44.506111 [info ] [MainThread]: Finished running 5 table models in 0 hours 0 minutes and 4.57 seconds (4.57s).
[0m03:44:44.510469 [debug] [MainThread]: Command end result
[0m03:44:44.605935 [info ] [MainThread]: 
[0m03:44:44.607329 [info ] [MainThread]: [32mCompleted successfully[0m
[0m03:44:44.608465 [info ] [MainThread]: 
[0m03:44:44.610558 [info ] [MainThread]: Done. PASS=5 WARN=0 ERROR=0 SKIP=0 TOTAL=5
[0m03:44:44.626877 [debug] [MainThread]: Resource report: {"command_name": "run", "command_success": true, "command_wall_clock_time": 8.856397, "process_user_time": 7.151436, "process_kernel_time": 3.091186, "process_mem_max_rss": "106088", "process_in_blocks": "441712", "process_out_blocks": "4056"}
[0m03:44:44.631841 [debug] [MainThread]: Command `dbt run` succeeded at 03:44:44.631556 after 8.86 seconds
[0m03:44:44.632852 [debug] [MainThread]: Sending event: {'category': 'dbt', 'action': 'invocation', 'label': 'end', 'context': [<snowplow_tracker.self_describing_json.SelfDescribingJson object at 0x7ee3b9e943e0>, <snowplow_tracker.self_describing_json.SelfDescribingJson object at 0x7ee3b938b260>, <snowplow_tracker.self_describing_json.SelfDescribingJson object at 0x7ee3b938af90>]}
[0m03:44:44.633780 [debug] [MainThread]: Flushing usage events
[0m03:44:50.944542 [debug] [MainThread]: Sending event: {'category': 'dbt', 'action': 'invocation', 'label': 'start', 'context': [<snowplow_tracker.self_describing_json.SelfDescribingJson object at 0x76a2645f5370>, <snowplow_tracker.self_describing_json.SelfDescribingJson object at 0x76a2648cd190>, <snowplow_tracker.self_describing_json.SelfDescribingJson object at 0x76a2654d8b30>]}


============================== 03:44:50.952685 | c3299d12-1e8c-4057-8373-929b3d6f42f1 ==============================
[0m03:44:50.952685 [info ] [MainThread]: Running with dbt=1.8.0
[0m03:44:50.953860 [debug] [MainThread]: running dbt with arguments {'printer_width': '80', 'indirect_selection': 'eager', 'log_cache_events': 'False', 'write_json': 'True', 'partial_parse': 'True', 'cache_selected_only': 'False', 'profiles_dir': '/opt/airflow/dbt', 'debug': 'False', 'version_check': 'True', 'log_path': '/opt/airflow/dbt/logs', 'fail_fast': 'False', 'warn_error': 'None', 'use_colors': 'True', 'use_experimental_parser': 'False', 'no_print': 'None', 'quiet': 'False', 'log_format': 'default', 'invocation_command': 'dbt run --select tag:trusted', 'static_parser': 'True', 'introspect': 'True', 'target_path': 'None', 'warn_error_options': 'WarnErrorOptions(include=[], exclude=[])', 'send_anonymous_usage_stats': 'True'}
[0m03:44:51.289561 [debug] [MainThread]: Sending event: {'category': 'dbt', 'action': 'project_id', 'label': 'c3299d12-1e8c-4057-8373-929b3d6f42f1', 'context': [<snowplow_tracker.self_describing_json.SelfDescribingJson object at 0x76a26420b020>]}
[0m03:44:51.352946 [debug] [MainThread]: Sending event: {'category': 'dbt', 'action': 'adapter_info', 'label': 'c3299d12-1e8c-4057-8373-929b3d6f42f1', 'context': [<snowplow_tracker.self_describing_json.SelfDescribingJson object at 0x76a2648cd100>]}
[0m03:44:51.354824 [info ] [MainThread]: Registered adapter: postgres=1.8.2
[0m03:44:51.469632 [debug] [MainThread]: checksum: dbb12d416fdb55e3665e4828703bbedf40c5c90ed7ca6ff39bbbfb29b12b0a92, vars: {}, profile: , target: , version: 1.8.0
[0m03:44:51.722804 [debug] [MainThread]: Partial parsing enabled: 0 files deleted, 0 files added, 0 files changed.
[0m03:44:51.723833 [debug] [MainThread]: Partial parsing enabled, no changes found, skipping parsing
[0m03:44:51.768569 [debug] [MainThread]: Sending event: {'category': 'dbt', 'action': 'load_project', 'label': 'c3299d12-1e8c-4057-8373-929b3d6f42f1', 'context': [<snowplow_tracker.self_describing_json.SelfDescribingJson object at 0x76a2645f53a0>]}
[0m03:44:51.934657 [debug] [MainThread]: Sending event: {'category': 'dbt', 'action': 'resource_counts', 'label': 'c3299d12-1e8c-4057-8373-929b3d6f42f1', 'context': [<snowplow_tracker.self_describing_json.SelfDescribingJson object at 0x76a262d6d5e0>]}
[0m03:44:51.936136 [info ] [MainThread]: Found 9 models, 10 sources, 428 macros
[0m03:44:51.937589 [debug] [MainThread]: Sending event: {'category': 'dbt', 'action': 'runnable_timing', 'label': 'c3299d12-1e8c-4057-8373-929b3d6f42f1', 'context': [<snowplow_tracker.self_describing_json.SelfDescribingJson object at 0x76a264dbd910>]}
[0m03:44:51.941368 [info ] [MainThread]: 
[0m03:44:51.942890 [debug] [MainThread]: Acquiring new postgres connection 'master'
[0m03:44:51.949740 [debug] [ThreadPool]: Acquiring new postgres connection 'list_airflow'
[0m03:44:52.014736 [debug] [ThreadPool]: Using postgres connection "list_airflow"
[0m03:44:52.015887 [debug] [ThreadPool]: On list_airflow: /* {"app": "dbt", "dbt_version": "1.8.0", "profile_name": "default", "target_name": "dev", "connection_name": "list_airflow"} */

    select distinct nspname from pg_namespace
  
[0m03:44:52.016650 [debug] [ThreadPool]: Opening a new connection, currently in state init
[0m03:44:52.024142 [debug] [ThreadPool]: SQL status: SELECT 7 in 0.007 seconds
[0m03:44:52.026399 [debug] [ThreadPool]: On list_airflow: Close
[0m03:44:52.029294 [debug] [ThreadPool]: Re-using an available connection from the pool (formerly list_airflow, now list_airflow_driven_staging)
[0m03:44:52.036070 [debug] [ThreadPool]: Using postgres connection "list_airflow_driven_staging"
[0m03:44:52.036869 [debug] [ThreadPool]: On list_airflow_driven_staging: BEGIN
[0m03:44:52.037514 [debug] [ThreadPool]: Opening a new connection, currently in state closed
[0m03:44:52.042980 [debug] [ThreadPool]: SQL status: BEGIN in 0.005 seconds
[0m03:44:52.044095 [debug] [ThreadPool]: Using postgres connection "list_airflow_driven_staging"
[0m03:44:52.044832 [debug] [ThreadPool]: On list_airflow_driven_staging: /* {"app": "dbt", "dbt_version": "1.8.0", "profile_name": "default", "target_name": "dev", "connection_name": "list_airflow_driven_staging"} */
select
      'airflow' as database,
      tablename as name,
      schemaname as schema,
      'table' as type
    from pg_tables
    where schemaname ilike 'driven_staging'
    union all
    select
      'airflow' as database,
      viewname as name,
      schemaname as schema,
      'view' as type
    from pg_views
    where schemaname ilike 'driven_staging'
    union all
    select
      'airflow' as database,
      matviewname as name,
      schemaname as schema,
      'materialized_view' as type
    from pg_matviews
    where schemaname ilike 'driven_staging'
  
[0m03:44:52.048699 [debug] [ThreadPool]: SQL status: SELECT 5 in 0.003 seconds
[0m03:44:52.050575 [debug] [ThreadPool]: On list_airflow_driven_staging: ROLLBACK
[0m03:44:52.051385 [debug] [ThreadPool]: On list_airflow_driven_staging: Close
[0m03:44:52.052279 [debug] [ThreadPool]: Re-using an available connection from the pool (formerly list_airflow_driven_staging, now list_airflow_driven_trusted)
[0m03:44:52.056465 [debug] [ThreadPool]: Using postgres connection "list_airflow_driven_trusted"
[0m03:44:52.057444 [debug] [ThreadPool]: On list_airflow_driven_trusted: BEGIN
[0m03:44:52.058654 [debug] [ThreadPool]: Opening a new connection, currently in state closed
[0m03:44:52.064361 [debug] [ThreadPool]: SQL status: BEGIN in 0.006 seconds
[0m03:44:52.065188 [debug] [ThreadPool]: Using postgres connection "list_airflow_driven_trusted"
[0m03:44:52.065866 [debug] [ThreadPool]: On list_airflow_driven_trusted: /* {"app": "dbt", "dbt_version": "1.8.0", "profile_name": "default", "target_name": "dev", "connection_name": "list_airflow_driven_trusted"} */
select
      'airflow' as database,
      tablename as name,
      schemaname as schema,
      'table' as type
    from pg_tables
    where schemaname ilike 'driven_trusted'
    union all
    select
      'airflow' as database,
      viewname as name,
      schemaname as schema,
      'view' as type
    from pg_views
    where schemaname ilike 'driven_trusted'
    union all
    select
      'airflow' as database,
      matviewname as name,
      schemaname as schema,
      'materialized_view' as type
    from pg_matviews
    where schemaname ilike 'driven_trusted'
  
[0m03:44:52.069551 [debug] [ThreadPool]: SQL status: SELECT 4 in 0.003 seconds
[0m03:44:52.071509 [debug] [ThreadPool]: On list_airflow_driven_trusted: ROLLBACK
[0m03:44:52.072330 [debug] [ThreadPool]: On list_airflow_driven_trusted: Close
[0m03:44:52.081041 [debug] [MainThread]: Using postgres connection "master"
[0m03:44:52.082042 [debug] [MainThread]: On master: BEGIN
[0m03:44:52.083086 [debug] [MainThread]: Opening a new connection, currently in state init
[0m03:44:52.088357 [debug] [MainThread]: SQL status: BEGIN in 0.005 seconds
[0m03:44:52.089259 [debug] [MainThread]: Using postgres connection "master"
[0m03:44:52.090648 [debug] [MainThread]: On master: /* {"app": "dbt", "dbt_version": "1.8.0", "profile_name": "default", "target_name": "dev", "connection_name": "master"} */
with relation as (
        select
            pg_rewrite.ev_class as class,
            pg_rewrite.oid as id
        from pg_rewrite
    ),
    class as (
        select
            oid as id,
            relname as name,
            relnamespace as schema,
            relkind as kind
        from pg_class
    ),
    dependency as (
        select distinct
            pg_depend.objid as id,
            pg_depend.refobjid as ref
        from pg_depend
    ),
    schema as (
        select
            pg_namespace.oid as id,
            pg_namespace.nspname as name
        from pg_namespace
        where nspname != 'information_schema' and nspname not like 'pg\_%'
    ),
    referenced as (
        select
            relation.id AS id,
            referenced_class.name ,
            referenced_class.schema ,
            referenced_class.kind
        from relation
        join class as referenced_class on relation.class=referenced_class.id
        where referenced_class.kind in ('r', 'v', 'm')
    ),
    relationships as (
        select
            referenced.name as referenced_name,
            referenced.schema as referenced_schema_id,
            dependent_class.name as dependent_name,
            dependent_class.schema as dependent_schema_id,
            referenced.kind as kind
        from referenced
        join dependency on referenced.id=dependency.id
        join class as dependent_class on dependency.ref=dependent_class.id
        where
            (referenced.name != dependent_class.name or
             referenced.schema != dependent_class.schema)
    )

    select
        referenced_schema.name as referenced_schema,
        relationships.referenced_name as referenced_name,
        dependent_schema.name as dependent_schema,
        relationships.dependent_name as dependent_name
    from relationships
    join schema as dependent_schema on relationships.dependent_schema_id=dependent_schema.id
    join schema as referenced_schema on relationships.referenced_schema_id=referenced_schema.id
    group by referenced_schema, referenced_name, dependent_schema, dependent_name
    order by referenced_schema, referenced_name, dependent_schema, dependent_name;
[0m03:44:52.095673 [debug] [MainThread]: SQL status: SELECT 0 in 0.004 seconds
[0m03:44:52.097761 [debug] [MainThread]: Sending event: {'category': 'dbt', 'action': 'runnable_timing', 'label': 'c3299d12-1e8c-4057-8373-929b3d6f42f1', 'context': [<snowplow_tracker.self_describing_json.SelfDescribingJson object at 0x76a262d6d5e0>]}
[0m03:44:52.098800 [debug] [MainThread]: On master: ROLLBACK
[0m03:44:52.099809 [debug] [MainThread]: Using postgres connection "master"
[0m03:44:52.100478 [debug] [MainThread]: On master: BEGIN
[0m03:44:52.101551 [debug] [MainThread]: SQL status: BEGIN in 0.000 seconds
[0m03:44:52.102411 [debug] [MainThread]: On master: COMMIT
[0m03:44:52.103150 [debug] [MainThread]: Using postgres connection "master"
[0m03:44:52.103849 [debug] [MainThread]: On master: COMMIT
[0m03:44:52.104908 [debug] [MainThread]: SQL status: COMMIT in 0.000 seconds
[0m03:44:52.106261 [debug] [MainThread]: On master: Close
[0m03:44:52.107887 [info ] [MainThread]: Concurrency: 1 threads (target='dev')
[0m03:44:52.109141 [info ] [MainThread]: 
[0m03:44:52.120573 [debug] [Thread-1 (]: Began running node model.dbt_driven_data.trusted_non_pii_data
[0m03:44:52.121658 [info ] [Thread-1 (]: 1 of 4 START sql table model driven_trusted.non_pii_data ....................... [RUN]
[0m03:44:52.123120 [debug] [Thread-1 (]: Re-using an available connection from the pool (formerly list_airflow_driven_trusted, now model.dbt_driven_data.trusted_non_pii_data)
[0m03:44:52.124349 [debug] [Thread-1 (]: Began compiling node model.dbt_driven_data.trusted_non_pii_data
[0m03:44:52.134871 [debug] [Thread-1 (]: Writing injected SQL for node "model.dbt_driven_data.trusted_non_pii_data"
[0m03:44:52.158467 [debug] [Thread-1 (]: Began executing node model.dbt_driven_data.trusted_non_pii_data
[0m03:44:52.203930 [debug] [Thread-1 (]: Writing runtime sql for node "model.dbt_driven_data.trusted_non_pii_data"
[0m03:44:52.224650 [debug] [Thread-1 (]: Using postgres connection "model.dbt_driven_data.trusted_non_pii_data"
[0m03:44:52.226352 [debug] [Thread-1 (]: On model.dbt_driven_data.trusted_non_pii_data: BEGIN
[0m03:44:52.227440 [debug] [Thread-1 (]: Opening a new connection, currently in state closed
[0m03:44:52.232877 [debug] [Thread-1 (]: SQL status: BEGIN in 0.005 seconds
[0m03:44:52.235787 [debug] [Thread-1 (]: Using postgres connection "model.dbt_driven_data.trusted_non_pii_data"
[0m03:44:52.236715 [debug] [Thread-1 (]: On model.dbt_driven_data.trusted_non_pii_data: /* {"app": "dbt", "dbt_version": "1.8.0", "profile_name": "default", "target_name": "dev", "node_id": "model.dbt_driven_data.trusted_non_pii_data"} */

  
    

  create  table "airflow"."driven_trusted"."non_pii_data__dbt_tmp"
  
  
    as
  
  (
     
 
WITH source_data AS ( 
    SELECT 
        '***MASKED***' AS person_name, 
        SUBSTRING(dp.user_name, 1, 5) || '*****'  user_name, 
        SUBSTRING(dp.email, 1, 5) || '*****' AS email, 
        '***MASKED***'  AS personal_number,  
        '***MASKED***' AS birth_date,  
        '***MASKED***' AS address, 
        '***MASKED***'  AS phone,  
        SUBSTRING(da.mac_address, 1, 5) || '*****' AS mac_address, 
        SUBSTRING(da.ip_address, 1, 5) || '*****' AS ip_address, 
        SUBSTRING(df.iban, 1, 5) || '*****' AS iban, 
        dd.accessed_at, 
        fnu.session_duration, 
        fnu.download_speed, 
        fnu.upload_speed, 
        fnu.consumed_traffic, 
        fnu.unique_id 
    FROM 
 
 
        "airflow"."driven_staging"."fact_network_usage" fnu 
    INNER JOIN 
        "airflow"."driven_staging"."dim_address" da ON 
fnu.unique_id = da.unique_id 
    INNER JOIN 
        "airflow"."driven_staging"."dim_date" dd ON da.unique_id = 
dd.unique_id 
    INNER JOIN 
        "airflow"."driven_staging"."dim_finance" df ON dd.unique_id 
= df.unique_id 
    INNER JOIN 
        "airflow"."driven_staging"."dim_person" dp ON df.unique_id 
= dp.unique_id 
) 
 
SELECT 
    * 
FROM 
    source_data
  );
  
[0m03:44:52.246389 [debug] [Thread-1 (]: SQL status: SELECT 183 in 0.009 seconds
[0m03:44:52.255163 [debug] [Thread-1 (]: Using postgres connection "model.dbt_driven_data.trusted_non_pii_data"
[0m03:44:52.256020 [debug] [Thread-1 (]: On model.dbt_driven_data.trusted_non_pii_data: /* {"app": "dbt", "dbt_version": "1.8.0", "profile_name": "default", "target_name": "dev", "node_id": "model.dbt_driven_data.trusted_non_pii_data"} */
alter table "airflow"."driven_trusted"."non_pii_data" rename to "non_pii_data__dbt_backup"
[0m03:44:52.257265 [debug] [Thread-1 (]: SQL status: ALTER TABLE in 0.000 seconds
[0m03:44:52.261107 [debug] [Thread-1 (]: Using postgres connection "model.dbt_driven_data.trusted_non_pii_data"
[0m03:44:52.261980 [debug] [Thread-1 (]: On model.dbt_driven_data.trusted_non_pii_data: /* {"app": "dbt", "dbt_version": "1.8.0", "profile_name": "default", "target_name": "dev", "node_id": "model.dbt_driven_data.trusted_non_pii_data"} */
alter table "airflow"."driven_trusted"."non_pii_data__dbt_tmp" rename to "non_pii_data"
[0m03:44:52.263516 [debug] [Thread-1 (]: SQL status: ALTER TABLE in 0.000 seconds
[0m03:44:52.289191 [debug] [Thread-1 (]: On model.dbt_driven_data.trusted_non_pii_data: COMMIT
[0m03:44:52.290308 [debug] [Thread-1 (]: Using postgres connection "model.dbt_driven_data.trusted_non_pii_data"
[0m03:44:52.291164 [debug] [Thread-1 (]: On model.dbt_driven_data.trusted_non_pii_data: COMMIT
[0m03:44:52.294039 [debug] [Thread-1 (]: SQL status: COMMIT in 0.002 seconds
[0m03:44:52.302279 [debug] [Thread-1 (]: Applying DROP to: "airflow"."driven_trusted"."non_pii_data__dbt_backup"
[0m03:44:52.309221 [debug] [Thread-1 (]: Using postgres connection "model.dbt_driven_data.trusted_non_pii_data"
[0m03:44:52.310271 [debug] [Thread-1 (]: On model.dbt_driven_data.trusted_non_pii_data: /* {"app": "dbt", "dbt_version": "1.8.0", "profile_name": "default", "target_name": "dev", "node_id": "model.dbt_driven_data.trusted_non_pii_data"} */
drop table if exists "airflow"."driven_trusted"."non_pii_data__dbt_backup" cascade
[0m03:44:52.315016 [debug] [Thread-1 (]: SQL status: DROP TABLE in 0.004 seconds
[0m03:44:52.318800 [debug] [Thread-1 (]: On model.dbt_driven_data.trusted_non_pii_data: Close
[0m03:44:52.320809 [debug] [Thread-1 (]: Sending event: {'category': 'dbt', 'action': 'run_model', 'label': 'c3299d12-1e8c-4057-8373-929b3d6f42f1', 'context': [<snowplow_tracker.self_describing_json.SelfDescribingJson object at 0x76a265ab9fd0>]}
[0m03:44:52.321979 [info ] [Thread-1 (]: 1 of 4 OK created sql table model driven_trusted.non_pii_data .................. [[32mSELECT 183[0m in 0.20s]
[0m03:44:52.323468 [debug] [Thread-1 (]: Finished running node model.dbt_driven_data.trusted_non_pii_data
[0m03:44:52.324502 [debug] [Thread-1 (]: Began running node model.dbt_driven_data.trusted_payment_data
[0m03:44:52.325615 [info ] [Thread-1 (]: 2 of 4 START sql table model driven_trusted.payment_data ....................... [RUN]
[0m03:44:52.326640 [debug] [Thread-1 (]: Re-using an available connection from the pool (formerly model.dbt_driven_data.trusted_non_pii_data, now model.dbt_driven_data.trusted_payment_data)
[0m03:44:52.327536 [debug] [Thread-1 (]: Began compiling node model.dbt_driven_data.trusted_payment_data
[0m03:44:52.331989 [debug] [Thread-1 (]: Writing injected SQL for node "model.dbt_driven_data.trusted_payment_data"
[0m03:44:52.348210 [debug] [Thread-1 (]: Began executing node model.dbt_driven_data.trusted_payment_data
[0m03:44:52.353110 [debug] [Thread-1 (]: Writing runtime sql for node "model.dbt_driven_data.trusted_payment_data"
[0m03:44:52.370809 [debug] [Thread-1 (]: Using postgres connection "model.dbt_driven_data.trusted_payment_data"
[0m03:44:52.371884 [debug] [Thread-1 (]: On model.dbt_driven_data.trusted_payment_data: BEGIN
[0m03:44:52.373106 [debug] [Thread-1 (]: Opening a new connection, currently in state closed
[0m03:44:52.378878 [debug] [Thread-1 (]: SQL status: BEGIN in 0.006 seconds
[0m03:44:52.380127 [debug] [Thread-1 (]: Using postgres connection "model.dbt_driven_data.trusted_payment_data"
[0m03:44:52.381123 [debug] [Thread-1 (]: On model.dbt_driven_data.trusted_payment_data: /* {"app": "dbt", "dbt_version": "1.8.0", "profile_name": "default", "target_name": "dev", "node_id": "model.dbt_driven_data.trusted_payment_data"} */

  
    

  create  table "airflow"."driven_trusted"."payment_data__dbt_tmp"
  
  
    as
  
  (
     
 
WITH source_data AS ( 
    SELECT 
        fnu.unique_id, 
        df.iban, 
        fnu.download_speed, 
        fnu.upload_speed, 
        fnu.session_duration, 
        fnu.consumed_traffic, 
        ((fnu.download_speed + fnu.upload_speed + 1)/2) + 
(fnu.consumed_traffic / (fnu.session_duration + 1)) AS payment_amount 
    FROM 
        "airflow"."driven_staging"."fact_network_usage" fnu 
    JOIN 
        "airflow"."driven_staging"."dim_finance" df 
    ON 
     fnu.unique_id = df.unique_id 
) 
 
SELECT 
    * 
FROM 
    source_data
  );
  
[0m03:44:52.385172 [debug] [Thread-1 (]: SQL status: SELECT 183 in 0.003 seconds
[0m03:44:52.389429 [debug] [Thread-1 (]: Using postgres connection "model.dbt_driven_data.trusted_payment_data"
[0m03:44:52.390341 [debug] [Thread-1 (]: On model.dbt_driven_data.trusted_payment_data: /* {"app": "dbt", "dbt_version": "1.8.0", "profile_name": "default", "target_name": "dev", "node_id": "model.dbt_driven_data.trusted_payment_data"} */
alter table "airflow"."driven_trusted"."payment_data" rename to "payment_data__dbt_backup"
[0m03:44:52.392155 [debug] [Thread-1 (]: SQL status: ALTER TABLE in 0.001 seconds
[0m03:44:52.396070 [debug] [Thread-1 (]: Using postgres connection "model.dbt_driven_data.trusted_payment_data"
[0m03:44:52.396943 [debug] [Thread-1 (]: On model.dbt_driven_data.trusted_payment_data: /* {"app": "dbt", "dbt_version": "1.8.0", "profile_name": "default", "target_name": "dev", "node_id": "model.dbt_driven_data.trusted_payment_data"} */
alter table "airflow"."driven_trusted"."payment_data__dbt_tmp" rename to "payment_data"
[0m03:44:52.398095 [debug] [Thread-1 (]: SQL status: ALTER TABLE in 0.000 seconds
[0m03:44:52.401041 [debug] [Thread-1 (]: On model.dbt_driven_data.trusted_payment_data: COMMIT
[0m03:44:52.402153 [debug] [Thread-1 (]: Using postgres connection "model.dbt_driven_data.trusted_payment_data"
[0m03:44:52.403499 [debug] [Thread-1 (]: On model.dbt_driven_data.trusted_payment_data: COMMIT
[0m03:44:52.406696 [debug] [Thread-1 (]: SQL status: COMMIT in 0.002 seconds
[0m03:44:52.411051 [debug] [Thread-1 (]: Applying DROP to: "airflow"."driven_trusted"."payment_data__dbt_backup"
[0m03:44:52.413200 [debug] [Thread-1 (]: Using postgres connection "model.dbt_driven_data.trusted_payment_data"
[0m03:44:52.414525 [debug] [Thread-1 (]: On model.dbt_driven_data.trusted_payment_data: /* {"app": "dbt", "dbt_version": "1.8.0", "profile_name": "default", "target_name": "dev", "node_id": "model.dbt_driven_data.trusted_payment_data"} */
drop table if exists "airflow"."driven_trusted"."payment_data__dbt_backup" cascade
[0m03:44:52.417919 [debug] [Thread-1 (]: SQL status: DROP TABLE in 0.002 seconds
[0m03:44:52.420274 [debug] [Thread-1 (]: On model.dbt_driven_data.trusted_payment_data: Close
[0m03:44:52.421548 [debug] [Thread-1 (]: Sending event: {'category': 'dbt', 'action': 'run_model', 'label': 'c3299d12-1e8c-4057-8373-929b3d6f42f1', 'context': [<snowplow_tracker.self_describing_json.SelfDescribingJson object at 0x76a260418890>]}
[0m03:44:52.422822 [info ] [Thread-1 (]: 2 of 4 OK created sql table model driven_trusted.payment_data .................. [[32mSELECT 183[0m in 0.09s]
[0m03:44:52.424383 [debug] [Thread-1 (]: Finished running node model.dbt_driven_data.trusted_payment_data
[0m03:44:52.425480 [debug] [Thread-1 (]: Began running node model.dbt_driven_data.trusted_pii_data
[0m03:44:52.426666 [info ] [Thread-1 (]: 3 of 4 START sql table model driven_trusted.pii_data ........................... [RUN]
[0m03:44:52.427832 [debug] [Thread-1 (]: Re-using an available connection from the pool (formerly model.dbt_driven_data.trusted_payment_data, now model.dbt_driven_data.trusted_pii_data)
[0m03:44:52.429175 [debug] [Thread-1 (]: Began compiling node model.dbt_driven_data.trusted_pii_data
[0m03:44:52.436293 [debug] [Thread-1 (]: Writing injected SQL for node "model.dbt_driven_data.trusted_pii_data"
[0m03:44:52.456665 [debug] [Thread-1 (]: Began executing node model.dbt_driven_data.trusted_pii_data
[0m03:44:52.464489 [debug] [Thread-1 (]: Writing runtime sql for node "model.dbt_driven_data.trusted_pii_data"
[0m03:44:52.484309 [debug] [Thread-1 (]: Using postgres connection "model.dbt_driven_data.trusted_pii_data"
[0m03:44:52.485087 [debug] [Thread-1 (]: On model.dbt_driven_data.trusted_pii_data: BEGIN
[0m03:44:52.485745 [debug] [Thread-1 (]: Opening a new connection, currently in state closed
[0m03:44:52.490755 [debug] [Thread-1 (]: SQL status: BEGIN in 0.005 seconds
[0m03:44:52.491844 [debug] [Thread-1 (]: Using postgres connection "model.dbt_driven_data.trusted_pii_data"
[0m03:44:52.492922 [debug] [Thread-1 (]: On model.dbt_driven_data.trusted_pii_data: /* {"app": "dbt", "dbt_version": "1.8.0", "profile_name": "default", "target_name": "dev", "node_id": "model.dbt_driven_data.trusted_pii_data"} */

  
    

  create  table "airflow"."driven_trusted"."pii_data__dbt_tmp"
  
  
    as
  
  (
     
 
WITH source_data AS ( 
    SELECT 
        dp.person_name, 
        dp.user_name, 
        dp.email, 
        dp.personal_number,  
        dp.birth_date,  
        da.address, 
        dp.phone,  
        da.mac_address, 
        da.ip_address, 
        df.iban, 
        dd.accessed_at, 
        fnu.session_duration, 
        fnu.download_speed, 
        fnu.upload_speed, 
 
 
        fnu.consumed_traffic, 
        fnu.unique_id 
    FROM 
        "airflow"."driven_staging"."fact_network_usage" fnu 
    INNER JOIN 
        "airflow"."driven_staging"."dim_address" da ON 
fnu.unique_id = da.unique_id 
    INNER JOIN 
        "airflow"."driven_staging"."dim_date" dd ON da.unique_id = 
dd.unique_id 
    INNER JOIN 
        "airflow"."driven_staging"."dim_finance" df ON dd.unique_id 
= df.unique_id 
    INNER JOIN 
        "airflow"."driven_staging"."dim_person" dp ON df.unique_id 
= dp.unique_id 
) 
 
SELECT 
    * 
FROM 
    source_data
  );
  
[0m03:44:52.502199 [debug] [Thread-1 (]: SQL status: SELECT 183 in 0.008 seconds
[0m03:44:52.506515 [debug] [Thread-1 (]: Using postgres connection "model.dbt_driven_data.trusted_pii_data"
[0m03:44:52.507635 [debug] [Thread-1 (]: On model.dbt_driven_data.trusted_pii_data: /* {"app": "dbt", "dbt_version": "1.8.0", "profile_name": "default", "target_name": "dev", "node_id": "model.dbt_driven_data.trusted_pii_data"} */
alter table "airflow"."driven_trusted"."pii_data" rename to "pii_data__dbt_backup"
[0m03:44:52.509317 [debug] [Thread-1 (]: SQL status: ALTER TABLE in 0.001 seconds
[0m03:44:52.514822 [debug] [Thread-1 (]: Using postgres connection "model.dbt_driven_data.trusted_pii_data"
[0m03:44:52.515769 [debug] [Thread-1 (]: On model.dbt_driven_data.trusted_pii_data: /* {"app": "dbt", "dbt_version": "1.8.0", "profile_name": "default", "target_name": "dev", "node_id": "model.dbt_driven_data.trusted_pii_data"} */
alter table "airflow"."driven_trusted"."pii_data__dbt_tmp" rename to "pii_data"
[0m03:44:52.517080 [debug] [Thread-1 (]: SQL status: ALTER TABLE in 0.000 seconds
[0m03:44:52.519861 [debug] [Thread-1 (]: On model.dbt_driven_data.trusted_pii_data: COMMIT
[0m03:44:52.520867 [debug] [Thread-1 (]: Using postgres connection "model.dbt_driven_data.trusted_pii_data"
[0m03:44:52.521759 [debug] [Thread-1 (]: On model.dbt_driven_data.trusted_pii_data: COMMIT
[0m03:44:52.524159 [debug] [Thread-1 (]: SQL status: COMMIT in 0.002 seconds
[0m03:44:52.528862 [debug] [Thread-1 (]: Applying DROP to: "airflow"."driven_trusted"."pii_data__dbt_backup"
[0m03:44:52.530562 [debug] [Thread-1 (]: Using postgres connection "model.dbt_driven_data.trusted_pii_data"
[0m03:44:52.531453 [debug] [Thread-1 (]: On model.dbt_driven_data.trusted_pii_data: /* {"app": "dbt", "dbt_version": "1.8.0", "profile_name": "default", "target_name": "dev", "node_id": "model.dbt_driven_data.trusted_pii_data"} */
drop table if exists "airflow"."driven_trusted"."pii_data__dbt_backup" cascade
[0m03:44:52.535160 [debug] [Thread-1 (]: SQL status: DROP TABLE in 0.003 seconds
[0m03:44:52.537446 [debug] [Thread-1 (]: On model.dbt_driven_data.trusted_pii_data: Close
[0m03:44:52.538609 [debug] [Thread-1 (]: Sending event: {'category': 'dbt', 'action': 'run_model', 'label': 'c3299d12-1e8c-4057-8373-929b3d6f42f1', 'context': [<snowplow_tracker.self_describing_json.SelfDescribingJson object at 0x76a260424710>]}
[0m03:44:52.539814 [info ] [Thread-1 (]: 3 of 4 OK created sql table model driven_trusted.pii_data ...................... [[32mSELECT 183[0m in 0.11s]
[0m03:44:52.541460 [debug] [Thread-1 (]: Finished running node model.dbt_driven_data.trusted_pii_data
[0m03:44:52.542639 [debug] [Thread-1 (]: Began running node model.dbt_driven_data.trusted_technical_data
[0m03:44:52.543917 [info ] [Thread-1 (]: 4 of 4 START sql table model driven_trusted.technical_data ..................... [RUN]
[0m03:44:52.544974 [debug] [Thread-1 (]: Re-using an available connection from the pool (formerly model.dbt_driven_data.trusted_pii_data, now model.dbt_driven_data.trusted_technical_data)
[0m03:44:52.545742 [debug] [Thread-1 (]: Began compiling node model.dbt_driven_data.trusted_technical_data
[0m03:44:52.549734 [debug] [Thread-1 (]: Writing injected SQL for node "model.dbt_driven_data.trusted_technical_data"
[0m03:44:52.567196 [debug] [Thread-1 (]: Began executing node model.dbt_driven_data.trusted_technical_data
[0m03:44:52.571912 [debug] [Thread-1 (]: Writing runtime sql for node "model.dbt_driven_data.trusted_technical_data"
[0m03:44:52.591928 [debug] [Thread-1 (]: Using postgres connection "model.dbt_driven_data.trusted_technical_data"
[0m03:44:52.592898 [debug] [Thread-1 (]: On model.dbt_driven_data.trusted_technical_data: BEGIN
[0m03:44:52.593711 [debug] [Thread-1 (]: Opening a new connection, currently in state closed
[0m03:44:52.599335 [debug] [Thread-1 (]: SQL status: BEGIN in 0.005 seconds
[0m03:44:52.600417 [debug] [Thread-1 (]: Using postgres connection "model.dbt_driven_data.trusted_technical_data"
[0m03:44:52.601306 [debug] [Thread-1 (]: On model.dbt_driven_data.trusted_technical_data: /* {"app": "dbt", "dbt_version": "1.8.0", "profile_name": "default", "target_name": "dev", "node_id": "model.dbt_driven_data.trusted_technical_data"} */

  
    

  create  table "airflow"."driven_trusted"."technical_data__dbt_tmp"
  
  
    as
  
  (
     
 
WITH source_data AS ( 
    SELECT 
        fnu.unique_id, 
        da.address, 
        da.mac_address, 
        da.ip_address, 
        fnu.download_speed, 
        fnu.upload_speed, 
        ROUND((fnu.session_duration/60), 1) as min_session_duration, 
        CASE  
 
 
            WHEN fnu.download_speed < 50 OR fnu.upload_speed < 30 OR 
fnu.session_duration/60 < 1 THEN true 
            ELSE false 
        END AS technical_issue 
    FROM 
        "airflow"."driven_staging"."fact_network_usage" fnu 
    JOIN 
        "airflow"."driven_staging"."dim_address" da 
    ON 
     fnu.unique_id = da.unique_id 
) 
 
SELECT 
    * 
FROM 
    source_data
  );
  
[0m03:44:52.609431 [debug] [Thread-1 (]: SQL status: SELECT 183 in 0.007 seconds
[0m03:44:52.614018 [debug] [Thread-1 (]: Using postgres connection "model.dbt_driven_data.trusted_technical_data"
[0m03:44:52.614945 [debug] [Thread-1 (]: On model.dbt_driven_data.trusted_technical_data: /* {"app": "dbt", "dbt_version": "1.8.0", "profile_name": "default", "target_name": "dev", "node_id": "model.dbt_driven_data.trusted_technical_data"} */
alter table "airflow"."driven_trusted"."technical_data" rename to "technical_data__dbt_backup"
[0m03:44:52.616401 [debug] [Thread-1 (]: SQL status: ALTER TABLE in 0.001 seconds
[0m03:44:52.620729 [debug] [Thread-1 (]: Using postgres connection "model.dbt_driven_data.trusted_technical_data"
[0m03:44:52.621709 [debug] [Thread-1 (]: On model.dbt_driven_data.trusted_technical_data: /* {"app": "dbt", "dbt_version": "1.8.0", "profile_name": "default", "target_name": "dev", "node_id": "model.dbt_driven_data.trusted_technical_data"} */
alter table "airflow"."driven_trusted"."technical_data__dbt_tmp" rename to "technical_data"
[0m03:44:52.623469 [debug] [Thread-1 (]: SQL status: ALTER TABLE in 0.001 seconds
[0m03:44:52.627089 [debug] [Thread-1 (]: On model.dbt_driven_data.trusted_technical_data: COMMIT
[0m03:44:52.628358 [debug] [Thread-1 (]: Using postgres connection "model.dbt_driven_data.trusted_technical_data"
[0m03:44:52.629304 [debug] [Thread-1 (]: On model.dbt_driven_data.trusted_technical_data: COMMIT
[0m03:44:52.631875 [debug] [Thread-1 (]: SQL status: COMMIT in 0.002 seconds
[0m03:44:52.635372 [debug] [Thread-1 (]: Applying DROP to: "airflow"."driven_trusted"."technical_data__dbt_backup"
[0m03:44:52.636785 [debug] [Thread-1 (]: Using postgres connection "model.dbt_driven_data.trusted_technical_data"
[0m03:44:52.638013 [debug] [Thread-1 (]: On model.dbt_driven_data.trusted_technical_data: /* {"app": "dbt", "dbt_version": "1.8.0", "profile_name": "default", "target_name": "dev", "node_id": "model.dbt_driven_data.trusted_technical_data"} */
drop table if exists "airflow"."driven_trusted"."technical_data__dbt_backup" cascade
[0m03:44:52.642812 [debug] [Thread-1 (]: SQL status: DROP TABLE in 0.003 seconds
[0m03:44:52.645208 [debug] [Thread-1 (]: On model.dbt_driven_data.trusted_technical_data: Close
[0m03:44:52.646357 [debug] [Thread-1 (]: Sending event: {'category': 'dbt', 'action': 'run_model', 'label': 'c3299d12-1e8c-4057-8373-929b3d6f42f1', 'context': [<snowplow_tracker.self_describing_json.SelfDescribingJson object at 0x76a2621bbb00>]}
[0m03:44:52.647583 [info ] [Thread-1 (]: 4 of 4 OK created sql table model driven_trusted.technical_data ................ [[32mSELECT 183[0m in 0.10s]
[0m03:44:52.649198 [debug] [Thread-1 (]: Finished running node model.dbt_driven_data.trusted_technical_data
[0m03:44:52.651748 [debug] [MainThread]: Using postgres connection "master"
[0m03:44:52.652584 [debug] [MainThread]: On master: BEGIN
[0m03:44:52.653378 [debug] [MainThread]: Opening a new connection, currently in state closed
[0m03:44:52.659240 [debug] [MainThread]: SQL status: BEGIN in 0.006 seconds
[0m03:44:52.660171 [debug] [MainThread]: On master: COMMIT
[0m03:44:52.660966 [debug] [MainThread]: Using postgres connection "master"
[0m03:44:52.661720 [debug] [MainThread]: On master: COMMIT
[0m03:44:52.662856 [debug] [MainThread]: SQL status: COMMIT in 0.000 seconds
[0m03:44:52.663731 [debug] [MainThread]: On master: Close
[0m03:44:52.664745 [debug] [MainThread]: Connection 'master' was properly closed.
[0m03:44:52.665583 [debug] [MainThread]: Connection 'model.dbt_driven_data.trusted_technical_data' was properly closed.
[0m03:44:52.666632 [info ] [MainThread]: 
[0m03:44:52.667497 [info ] [MainThread]: Finished running 4 table models in 0 hours 0 minutes and 0.72 seconds (0.72s).
[0m03:44:52.669382 [debug] [MainThread]: Command end result
[0m03:44:52.731626 [info ] [MainThread]: 
[0m03:44:52.732814 [info ] [MainThread]: [32mCompleted successfully[0m
[0m03:44:52.733745 [info ] [MainThread]: 
[0m03:44:52.735082 [info ] [MainThread]: Done. PASS=4 WARN=0 ERROR=0 SKIP=0 TOTAL=4
[0m03:44:52.737060 [debug] [MainThread]: Resource report: {"command_name": "run", "command_success": true, "command_wall_clock_time": 1.8699535, "process_user_time": 3.646764, "process_kernel_time": 0.384959, "process_mem_max_rss": "118772", "process_in_blocks": "92048", "process_out_blocks": "0"}
[0m03:44:52.738182 [debug] [MainThread]: Command `dbt run` succeeded at 03:44:52.737975 after 1.87 seconds
[0m03:44:52.739044 [debug] [MainThread]: Sending event: {'category': 'dbt', 'action': 'invocation', 'label': 'end', 'context': [<snowplow_tracker.self_describing_json.SelfDescribingJson object at 0x76a266ddb1d0>, <snowplow_tracker.self_describing_json.SelfDescribingJson object at 0x76a262d68170>, <snowplow_tracker.self_describing_json.SelfDescribingJson object at 0x76a260443920>]}
[0m03:44:52.739831 [debug] [MainThread]: Flushing usage events
