[2025-07-07T00:08:46.374+0000] {processor.py:186} INFO - Started process (PID=335) to work on /opt/airflow/dags/driven_data_pipeline.py
[2025-07-07T00:08:46.379+0000] {processor.py:914} INFO - Processing file /opt/airflow/dags/driven_data_pipeline.py for tasks to queue
[2025-07-07T00:08:46.404+0000] {logging_mixin.py:190} INFO - [2025-07-07T00:08:46.397+0000] {dagbag.py:588} INFO - Filling up the DagBag from /opt/airflow/dags/driven_data_pipeline.py
[2025-07-07T00:08:47.842+0000] {processor.py:925} INFO - DAG(s) 'extract_raw_data_pipeline' retrieved from /opt/airflow/dags/driven_data_pipeline.py
[2025-07-07T00:08:47.921+0000] {logging_mixin.py:190} INFO - [2025-07-07T00:08:47.921+0000] {dag.py:3239} INFO - Sync 1 DAGs
[2025-07-07T00:08:47.980+0000] {logging_mixin.py:190} INFO - [2025-07-07T00:08:47.980+0000] {dag.py:4180} INFO - Setting next_dagrun for extract_raw_data_pipeline to 2025-07-06 07:59:00+00:00, run_after=2025-07-07 07:00:00+00:00
[2025-07-07T00:08:48.018+0000] {processor.py:208} INFO - Processing /opt/airflow/dags/driven_data_pipeline.py took 1.669 seconds
[2025-07-07T00:09:18.577+0000] {processor.py:186} INFO - Started process (PID=343) to work on /opt/airflow/dags/driven_data_pipeline.py
[2025-07-07T00:09:18.578+0000] {processor.py:914} INFO - Processing file /opt/airflow/dags/driven_data_pipeline.py for tasks to queue
[2025-07-07T00:09:18.583+0000] {logging_mixin.py:190} INFO - [2025-07-07T00:09:18.582+0000] {dagbag.py:588} INFO - Filling up the DagBag from /opt/airflow/dags/driven_data_pipeline.py
[2025-07-07T00:09:19.229+0000] {processor.py:925} INFO - DAG(s) 'extract_raw_data_pipeline' retrieved from /opt/airflow/dags/driven_data_pipeline.py
[2025-07-07T00:09:19.270+0000] {logging_mixin.py:190} INFO - [2025-07-07T00:09:19.270+0000] {dag.py:3239} INFO - Sync 1 DAGs
[2025-07-07T00:09:19.322+0000] {logging_mixin.py:190} INFO - [2025-07-07T00:09:19.322+0000] {dag.py:4180} INFO - Setting next_dagrun for extract_raw_data_pipeline to 2025-07-06 07:59:00+00:00, run_after=2025-07-07 07:00:00+00:00
[2025-07-07T00:09:19.364+0000] {processor.py:208} INFO - Processing /opt/airflow/dags/driven_data_pipeline.py took 0.809 seconds
[2025-07-07T00:09:50.098+0000] {processor.py:186} INFO - Started process (PID=351) to work on /opt/airflow/dags/driven_data_pipeline.py
[2025-07-07T00:09:50.102+0000] {processor.py:914} INFO - Processing file /opt/airflow/dags/driven_data_pipeline.py for tasks to queue
[2025-07-07T00:09:50.117+0000] {logging_mixin.py:190} INFO - [2025-07-07T00:09:50.116+0000] {dagbag.py:588} INFO - Filling up the DagBag from /opt/airflow/dags/driven_data_pipeline.py
[2025-07-07T00:09:50.730+0000] {processor.py:925} INFO - DAG(s) 'extract_raw_data_pipeline' retrieved from /opt/airflow/dags/driven_data_pipeline.py
[2025-07-07T00:09:50.854+0000] {logging_mixin.py:190} INFO - [2025-07-07T00:09:50.853+0000] {dag.py:3239} INFO - Sync 1 DAGs
[2025-07-07T00:09:50.917+0000] {logging_mixin.py:190} INFO - [2025-07-07T00:09:50.917+0000] {dag.py:4180} INFO - Setting next_dagrun for extract_raw_data_pipeline to 2025-07-06 07:59:00+00:00, run_after=2025-07-07 07:00:00+00:00
[2025-07-07T00:09:50.997+0000] {processor.py:208} INFO - Processing /opt/airflow/dags/driven_data_pipeline.py took 0.936 seconds
[2025-07-07T00:10:25.001+0000] {processor.py:186} INFO - Started process (PID=359) to work on /opt/airflow/dags/driven_data_pipeline.py
[2025-07-07T00:10:25.005+0000] {processor.py:914} INFO - Processing file /opt/airflow/dags/driven_data_pipeline.py for tasks to queue
[2025-07-07T00:10:25.008+0000] {logging_mixin.py:190} INFO - [2025-07-07T00:10:25.008+0000] {dagbag.py:588} INFO - Filling up the DagBag from /opt/airflow/dags/driven_data_pipeline.py
[2025-07-07T00:10:27.090+0000] {processor.py:925} INFO - DAG(s) 'extract_raw_data_pipeline' retrieved from /opt/airflow/dags/driven_data_pipeline.py
[2025-07-07T00:10:27.194+0000] {logging_mixin.py:190} INFO - [2025-07-07T00:10:27.193+0000] {dag.py:3239} INFO - Sync 1 DAGs
[2025-07-07T00:10:27.263+0000] {logging_mixin.py:190} INFO - [2025-07-07T00:10:27.263+0000] {dag.py:4180} INFO - Setting next_dagrun for extract_raw_data_pipeline to 2025-07-06 07:59:00+00:00, run_after=2025-07-07 07:00:00+00:00
[2025-07-07T00:10:27.365+0000] {processor.py:208} INFO - Processing /opt/airflow/dags/driven_data_pipeline.py took 3.332 seconds
[2025-07-07T00:12:44.531+0000] {processor.py:186} INFO - Started process (PID=58) to work on /opt/airflow/dags/driven_data_pipeline.py
[2025-07-07T00:12:44.685+0000] {processor.py:914} INFO - Processing file /opt/airflow/dags/driven_data_pipeline.py for tasks to queue
[2025-07-07T00:12:44.700+0000] {logging_mixin.py:190} INFO - [2025-07-07T00:12:44.698+0000] {dagbag.py:588} INFO - Filling up the DagBag from /opt/airflow/dags/driven_data_pipeline.py
[2025-07-07T00:12:59.163+0000] {processor.py:925} INFO - DAG(s) 'extract_raw_data_pipeline' retrieved from /opt/airflow/dags/driven_data_pipeline.py
[2025-07-07T00:12:59.309+0000] {logging_mixin.py:190} INFO - [2025-07-07T00:12:59.308+0000] {dag.py:3239} INFO - Sync 1 DAGs
[2025-07-07T00:12:59.362+0000] {logging_mixin.py:190} INFO - [2025-07-07T00:12:59.362+0000] {dag.py:4180} INFO - Setting next_dagrun for extract_raw_data_pipeline to 2025-07-06 07:59:00+00:00, run_after=2025-07-07 07:00:00+00:00
[2025-07-07T00:12:59.411+0000] {processor.py:208} INFO - Processing /opt/airflow/dags/driven_data_pipeline.py took 15.010 seconds
[2025-07-07T00:13:30.549+0000] {processor.py:186} INFO - Started process (PID=66) to work on /opt/airflow/dags/driven_data_pipeline.py
[2025-07-07T00:13:31.059+0000] {processor.py:914} INFO - Processing file /opt/airflow/dags/driven_data_pipeline.py for tasks to queue
[2025-07-07T00:13:31.085+0000] {logging_mixin.py:190} INFO - [2025-07-07T00:13:31.083+0000] {dagbag.py:588} INFO - Filling up the DagBag from /opt/airflow/dags/driven_data_pipeline.py
[2025-07-07T00:13:55.388+0000] {processor.py:925} INFO - DAG(s) 'extract_raw_data_pipeline' retrieved from /opt/airflow/dags/driven_data_pipeline.py
[2025-07-07T00:13:55.557+0000] {logging_mixin.py:190} INFO - [2025-07-07T00:13:55.554+0000] {dag.py:3239} INFO - Sync 1 DAGs
[2025-07-07T00:13:55.645+0000] {logging_mixin.py:190} INFO - [2025-07-07T00:13:55.645+0000] {dag.py:4180} INFO - Setting next_dagrun for extract_raw_data_pipeline to 2025-07-06 07:59:00+00:00, run_after=2025-07-07 07:00:00+00:00
[2025-07-07T00:13:55.708+0000] {processor.py:208} INFO - Processing /opt/airflow/dags/driven_data_pipeline.py took 25.641 seconds
[2025-07-07T00:14:26.434+0000] {processor.py:186} INFO - Started process (PID=79) to work on /opt/airflow/dags/driven_data_pipeline.py
[2025-07-07T00:14:26.435+0000] {processor.py:914} INFO - Processing file /opt/airflow/dags/driven_data_pipeline.py for tasks to queue
[2025-07-07T00:14:26.455+0000] {logging_mixin.py:190} INFO - [2025-07-07T00:14:26.454+0000] {dagbag.py:588} INFO - Filling up the DagBag from /opt/airflow/dags/driven_data_pipeline.py
[2025-07-07T00:14:56.372+0000] {processor.py:925} INFO - DAG(s) 'extract_raw_data_pipeline' retrieved from /opt/airflow/dags/driven_data_pipeline.py
[2025-07-07T00:14:57.383+0000] {logging_mixin.py:190} INFO - [2025-07-07T00:14:57.381+0000] {dag.py:3239} INFO - Sync 1 DAGs
[2025-07-07T00:14:57.429+0000] {logging_mixin.py:190} INFO - [2025-07-07T00:14:57.428+0000] {dag.py:4180} INFO - Setting next_dagrun for extract_raw_data_pipeline to 2025-07-06 07:59:00+00:00, run_after=2025-07-07 07:00:00+00:00
[2025-07-07T00:14:57.468+0000] {processor.py:208} INFO - Processing /opt/airflow/dags/driven_data_pipeline.py took 31.062 seconds
[2025-07-07T00:15:27.848+0000] {processor.py:186} INFO - Started process (PID=88) to work on /opt/airflow/dags/driven_data_pipeline.py
[2025-07-07T00:15:27.851+0000] {processor.py:914} INFO - Processing file /opt/airflow/dags/driven_data_pipeline.py for tasks to queue
[2025-07-07T00:15:27.858+0000] {logging_mixin.py:190} INFO - [2025-07-07T00:15:27.856+0000] {dagbag.py:588} INFO - Filling up the DagBag from /opt/airflow/dags/driven_data_pipeline.py
[2025-07-07T00:15:29.072+0000] {processor.py:925} INFO - DAG(s) 'extract_raw_data_pipeline' retrieved from /opt/airflow/dags/driven_data_pipeline.py
[2025-07-07T00:15:29.109+0000] {logging_mixin.py:190} INFO - [2025-07-07T00:15:29.109+0000] {dag.py:3239} INFO - Sync 1 DAGs
[2025-07-07T00:15:29.138+0000] {logging_mixin.py:190} INFO - [2025-07-07T00:15:29.137+0000] {dag.py:4180} INFO - Setting next_dagrun for extract_raw_data_pipeline to 2025-07-06 07:59:00+00:00, run_after=2025-07-07 07:00:00+00:00
[2025-07-07T00:15:29.160+0000] {processor.py:208} INFO - Processing /opt/airflow/dags/driven_data_pipeline.py took 1.333 seconds
[2025-07-07T00:21:47.798+0000] {processor.py:186} INFO - Started process (PID=66) to work on /opt/airflow/dags/driven_data_pipeline.py
[2025-07-07T00:21:47.803+0000] {processor.py:914} INFO - Processing file /opt/airflow/dags/driven_data_pipeline.py for tasks to queue
[2025-07-07T00:21:47.814+0000] {logging_mixin.py:190} INFO - [2025-07-07T00:21:47.811+0000] {dagbag.py:588} INFO - Filling up the DagBag from /opt/airflow/dags/driven_data_pipeline.py
[2025-07-07T00:22:12.913+0000] {processor.py:925} INFO - DAG(s) 'extract_raw_data_pipeline' retrieved from /opt/airflow/dags/driven_data_pipeline.py
[2025-07-07T00:22:13.020+0000] {logging_mixin.py:190} INFO - [2025-07-07T00:22:13.019+0000] {dag.py:3239} INFO - Sync 1 DAGs
[2025-07-07T00:22:13.130+0000] {logging_mixin.py:190} INFO - [2025-07-07T00:22:13.130+0000] {dag.py:4180} INFO - Setting next_dagrun for extract_raw_data_pipeline to 2025-07-06 07:59:00+00:00, run_after=2025-07-07 07:00:00+00:00
[2025-07-07T00:22:13.186+0000] {processor.py:208} INFO - Processing /opt/airflow/dags/driven_data_pipeline.py took 25.084 seconds
[2025-07-07T00:22:44.266+0000] {processor.py:186} INFO - Started process (PID=80) to work on /opt/airflow/dags/driven_data_pipeline.py
[2025-07-07T00:22:44.280+0000] {processor.py:914} INFO - Processing file /opt/airflow/dags/driven_data_pipeline.py for tasks to queue
[2025-07-07T00:22:44.718+0000] {logging_mixin.py:190} INFO - [2025-07-07T00:22:44.716+0000] {dagbag.py:588} INFO - Filling up the DagBag from /opt/airflow/dags/driven_data_pipeline.py
[2025-07-07T00:22:48.641+0000] {processor.py:925} INFO - DAG(s) 'extract_raw_data_pipeline' retrieved from /opt/airflow/dags/driven_data_pipeline.py
[2025-07-07T00:26:24.078+0000] {processor.py:186} INFO - Started process (PID=72) to work on /opt/airflow/dags/driven_data_pipeline.py
[2025-07-07T00:26:24.082+0000] {processor.py:914} INFO - Processing file /opt/airflow/dags/driven_data_pipeline.py for tasks to queue
[2025-07-07T00:26:24.090+0000] {logging_mixin.py:190} INFO - [2025-07-07T00:26:24.089+0000] {dagbag.py:588} INFO - Filling up the DagBag from /opt/airflow/dags/driven_data_pipeline.py
[2025-07-07T00:26:38.443+0000] {processor.py:925} INFO - DAG(s) 'extract_raw_data_pipeline' retrieved from /opt/airflow/dags/driven_data_pipeline.py
[2025-07-07T00:26:40.111+0000] {logging_mixin.py:190} INFO - [2025-07-07T00:26:40.111+0000] {dag.py:3239} INFO - Sync 1 DAGs
[2025-07-07T00:26:40.555+0000] {logging_mixin.py:190} INFO - [2025-07-07T00:26:40.554+0000] {dag.py:4180} INFO - Setting next_dagrun for extract_raw_data_pipeline to 2025-07-06 07:59:00+00:00, run_after=2025-07-07 07:00:00+00:00
[2025-07-07T00:26:41.060+0000] {processor.py:208} INFO - Processing /opt/airflow/dags/driven_data_pipeline.py took 17.002 seconds
[2025-07-07T00:27:31.999+0000] {processor.py:186} INFO - Started process (PID=80) to work on /opt/airflow/dags/driven_data_pipeline.py
[2025-07-07T00:27:32.037+0000] {processor.py:914} INFO - Processing file /opt/airflow/dags/driven_data_pipeline.py for tasks to queue
[2025-07-07T00:27:32.132+0000] {logging_mixin.py:190} INFO - [2025-07-07T00:27:32.122+0000] {dagbag.py:588} INFO - Filling up the DagBag from /opt/airflow/dags/driven_data_pipeline.py
[2025-07-07T00:27:38.581+0000] {processor.py:925} INFO - DAG(s) 'extract_raw_data_pipeline' retrieved from /opt/airflow/dags/driven_data_pipeline.py
[2025-07-07T00:27:38.676+0000] {logging_mixin.py:190} INFO - [2025-07-07T00:27:38.675+0000] {dag.py:3239} INFO - Sync 1 DAGs
[2025-07-07T00:27:38.771+0000] {logging_mixin.py:190} INFO - [2025-07-07T00:27:38.770+0000] {dag.py:4180} INFO - Setting next_dagrun for extract_raw_data_pipeline to 2025-07-06 07:59:00+00:00, run_after=2025-07-07 07:00:00+00:00
[2025-07-07T00:27:38.837+0000] {processor.py:208} INFO - Processing /opt/airflow/dags/driven_data_pipeline.py took 6.905 seconds
[2025-07-07T00:28:09.072+0000] {processor.py:186} INFO - Started process (PID=94) to work on /opt/airflow/dags/driven_data_pipeline.py
[2025-07-07T00:28:09.074+0000] {processor.py:914} INFO - Processing file /opt/airflow/dags/driven_data_pipeline.py for tasks to queue
[2025-07-07T00:28:09.086+0000] {logging_mixin.py:190} INFO - [2025-07-07T00:28:09.085+0000] {dagbag.py:588} INFO - Filling up the DagBag from /opt/airflow/dags/driven_data_pipeline.py
[2025-07-07T00:28:10.287+0000] {processor.py:925} INFO - DAG(s) 'extract_raw_data_pipeline' retrieved from /opt/airflow/dags/driven_data_pipeline.py
[2025-07-07T00:28:10.344+0000] {logging_mixin.py:190} INFO - [2025-07-07T00:28:10.344+0000] {dag.py:3239} INFO - Sync 1 DAGs
[2025-07-07T00:28:10.412+0000] {logging_mixin.py:190} INFO - [2025-07-07T00:28:10.411+0000] {dag.py:4180} INFO - Setting next_dagrun for extract_raw_data_pipeline to 2025-07-06 07:59:00+00:00, run_after=2025-07-07 07:00:00+00:00
[2025-07-07T00:28:10.456+0000] {processor.py:208} INFO - Processing /opt/airflow/dags/driven_data_pipeline.py took 1.402 seconds
[2025-07-07T00:28:41.274+0000] {processor.py:186} INFO - Started process (PID=102) to work on /opt/airflow/dags/driven_data_pipeline.py
[2025-07-07T00:28:41.294+0000] {processor.py:914} INFO - Processing file /opt/airflow/dags/driven_data_pipeline.py for tasks to queue
[2025-07-07T00:28:41.305+0000] {logging_mixin.py:190} INFO - [2025-07-07T00:28:41.304+0000] {dagbag.py:588} INFO - Filling up the DagBag from /opt/airflow/dags/driven_data_pipeline.py
[2025-07-07T00:28:43.008+0000] {processor.py:925} INFO - DAG(s) 'extract_raw_data_pipeline' retrieved from /opt/airflow/dags/driven_data_pipeline.py
[2025-07-07T00:28:43.121+0000] {logging_mixin.py:190} INFO - [2025-07-07T00:28:43.120+0000] {dag.py:3239} INFO - Sync 1 DAGs
[2025-07-07T00:28:43.175+0000] {logging_mixin.py:190} INFO - [2025-07-07T00:28:43.175+0000] {dag.py:4180} INFO - Setting next_dagrun for extract_raw_data_pipeline to 2025-07-06 07:59:00+00:00, run_after=2025-07-07 07:00:00+00:00
[2025-07-07T00:28:43.214+0000] {processor.py:208} INFO - Processing /opt/airflow/dags/driven_data_pipeline.py took 1.957 seconds
[2025-07-07T00:29:13.541+0000] {processor.py:186} INFO - Started process (PID=111) to work on /opt/airflow/dags/driven_data_pipeline.py
[2025-07-07T00:29:13.543+0000] {processor.py:914} INFO - Processing file /opt/airflow/dags/driven_data_pipeline.py for tasks to queue
[2025-07-07T00:29:13.551+0000] {logging_mixin.py:190} INFO - [2025-07-07T00:29:13.550+0000] {dagbag.py:588} INFO - Filling up the DagBag from /opt/airflow/dags/driven_data_pipeline.py
[2025-07-07T00:29:14.165+0000] {processor.py:925} INFO - DAG(s) 'extract_raw_data_pipeline' retrieved from /opt/airflow/dags/driven_data_pipeline.py
[2025-07-07T00:29:14.212+0000] {logging_mixin.py:190} INFO - [2025-07-07T00:29:14.212+0000] {dag.py:3239} INFO - Sync 1 DAGs
[2025-07-07T00:29:14.250+0000] {logging_mixin.py:190} INFO - [2025-07-07T00:29:14.250+0000] {dag.py:4180} INFO - Setting next_dagrun for extract_raw_data_pipeline to 2025-07-06 07:59:00+00:00, run_after=2025-07-07 07:00:00+00:00
[2025-07-07T00:29:14.289+0000] {processor.py:208} INFO - Processing /opt/airflow/dags/driven_data_pipeline.py took 0.768 seconds
[2025-07-07T00:29:45.051+0000] {processor.py:186} INFO - Started process (PID=119) to work on /opt/airflow/dags/driven_data_pipeline.py
[2025-07-07T00:29:45.054+0000] {processor.py:914} INFO - Processing file /opt/airflow/dags/driven_data_pipeline.py for tasks to queue
[2025-07-07T00:29:45.063+0000] {logging_mixin.py:190} INFO - [2025-07-07T00:29:45.060+0000] {dagbag.py:588} INFO - Filling up the DagBag from /opt/airflow/dags/driven_data_pipeline.py
[2025-07-07T00:29:46.006+0000] {processor.py:925} INFO - DAG(s) 'extract_raw_data_pipeline' retrieved from /opt/airflow/dags/driven_data_pipeline.py
[2025-07-07T00:29:46.096+0000] {logging_mixin.py:190} INFO - [2025-07-07T00:29:46.095+0000] {dag.py:3239} INFO - Sync 1 DAGs
[2025-07-07T00:29:46.166+0000] {logging_mixin.py:190} INFO - [2025-07-07T00:29:46.165+0000] {dag.py:4180} INFO - Setting next_dagrun for extract_raw_data_pipeline to 2025-07-06 07:59:00+00:00, run_after=2025-07-07 07:00:00+00:00
[2025-07-07T00:29:46.215+0000] {processor.py:208} INFO - Processing /opt/airflow/dags/driven_data_pipeline.py took 1.182 seconds
[2025-07-07T00:30:17.606+0000] {processor.py:186} INFO - Started process (PID=127) to work on /opt/airflow/dags/driven_data_pipeline.py
[2025-07-07T00:30:17.608+0000] {processor.py:914} INFO - Processing file /opt/airflow/dags/driven_data_pipeline.py for tasks to queue
[2025-07-07T00:30:17.637+0000] {logging_mixin.py:190} INFO - [2025-07-07T00:30:17.611+0000] {dagbag.py:588} INFO - Filling up the DagBag from /opt/airflow/dags/driven_data_pipeline.py
[2025-07-07T00:30:18.451+0000] {processor.py:925} INFO - DAG(s) 'extract_raw_data_pipeline' retrieved from /opt/airflow/dags/driven_data_pipeline.py
[2025-07-07T00:30:18.487+0000] {logging_mixin.py:190} INFO - [2025-07-07T00:30:18.487+0000] {dag.py:3239} INFO - Sync 1 DAGs
[2025-07-07T00:30:18.517+0000] {logging_mixin.py:190} INFO - [2025-07-07T00:30:18.517+0000] {dag.py:4180} INFO - Setting next_dagrun for extract_raw_data_pipeline to 2025-07-06 07:59:00+00:00, run_after=2025-07-07 07:00:00+00:00
[2025-07-07T00:30:18.548+0000] {processor.py:208} INFO - Processing /opt/airflow/dags/driven_data_pipeline.py took 0.952 seconds
[2025-07-07T00:30:49.058+0000] {processor.py:186} INFO - Started process (PID=136) to work on /opt/airflow/dags/driven_data_pipeline.py
[2025-07-07T00:30:49.061+0000] {processor.py:914} INFO - Processing file /opt/airflow/dags/driven_data_pipeline.py for tasks to queue
[2025-07-07T00:30:49.071+0000] {logging_mixin.py:190} INFO - [2025-07-07T00:30:49.071+0000] {dagbag.py:588} INFO - Filling up the DagBag from /opt/airflow/dags/driven_data_pipeline.py
[2025-07-07T00:30:49.664+0000] {processor.py:925} INFO - DAG(s) 'extract_raw_data_pipeline' retrieved from /opt/airflow/dags/driven_data_pipeline.py
[2025-07-07T00:30:49.711+0000] {logging_mixin.py:190} INFO - [2025-07-07T00:30:49.711+0000] {dag.py:3239} INFO - Sync 1 DAGs
[2025-07-07T00:30:49.744+0000] {logging_mixin.py:190} INFO - [2025-07-07T00:30:49.744+0000] {dag.py:4180} INFO - Setting next_dagrun for extract_raw_data_pipeline to 2025-07-06 07:59:00+00:00, run_after=2025-07-07 07:00:00+00:00
[2025-07-07T00:30:49.776+0000] {processor.py:208} INFO - Processing /opt/airflow/dags/driven_data_pipeline.py took 0.740 seconds
[2025-07-07T00:31:20.344+0000] {processor.py:186} INFO - Started process (PID=144) to work on /opt/airflow/dags/driven_data_pipeline.py
[2025-07-07T00:31:20.346+0000] {processor.py:914} INFO - Processing file /opt/airflow/dags/driven_data_pipeline.py for tasks to queue
[2025-07-07T00:31:20.350+0000] {logging_mixin.py:190} INFO - [2025-07-07T00:31:20.350+0000] {dagbag.py:588} INFO - Filling up the DagBag from /opt/airflow/dags/driven_data_pipeline.py
[2025-07-07T00:31:20.850+0000] {processor.py:925} INFO - DAG(s) 'extract_raw_data_pipeline' retrieved from /opt/airflow/dags/driven_data_pipeline.py
[2025-07-07T00:31:20.888+0000] {logging_mixin.py:190} INFO - [2025-07-07T00:31:20.887+0000] {dag.py:3239} INFO - Sync 1 DAGs
[2025-07-07T00:31:20.921+0000] {logging_mixin.py:190} INFO - [2025-07-07T00:31:20.921+0000] {dag.py:4180} INFO - Setting next_dagrun for extract_raw_data_pipeline to 2025-07-06 07:59:00+00:00, run_after=2025-07-07 07:00:00+00:00
[2025-07-07T00:31:20.969+0000] {processor.py:208} INFO - Processing /opt/airflow/dags/driven_data_pipeline.py took 0.636 seconds
[2025-07-07T00:31:51.316+0000] {processor.py:186} INFO - Started process (PID=152) to work on /opt/airflow/dags/driven_data_pipeline.py
[2025-07-07T00:31:51.318+0000] {processor.py:914} INFO - Processing file /opt/airflow/dags/driven_data_pipeline.py for tasks to queue
[2025-07-07T00:31:51.321+0000] {logging_mixin.py:190} INFO - [2025-07-07T00:31:51.321+0000] {dagbag.py:588} INFO - Filling up the DagBag from /opt/airflow/dags/driven_data_pipeline.py
[2025-07-07T00:31:55.217+0000] {processor.py:925} INFO - DAG(s) 'extract_raw_data_pipeline' retrieved from /opt/airflow/dags/driven_data_pipeline.py
[2025-07-07T00:31:55.243+0000] {logging_mixin.py:190} INFO - [2025-07-07T00:31:55.243+0000] {dag.py:3239} INFO - Sync 1 DAGs
[2025-07-07T00:31:55.272+0000] {logging_mixin.py:190} INFO - [2025-07-07T00:31:55.272+0000] {dag.py:4180} INFO - Setting next_dagrun for extract_raw_data_pipeline to 2025-07-06 07:59:00+00:00, run_after=2025-07-07 07:00:00+00:00
[2025-07-07T00:31:55.292+0000] {processor.py:208} INFO - Processing /opt/airflow/dags/driven_data_pipeline.py took 3.982 seconds
[2025-07-07T00:32:26.366+0000] {processor.py:186} INFO - Started process (PID=160) to work on /opt/airflow/dags/driven_data_pipeline.py
[2025-07-07T00:32:26.381+0000] {processor.py:914} INFO - Processing file /opt/airflow/dags/driven_data_pipeline.py for tasks to queue
[2025-07-07T00:32:26.400+0000] {logging_mixin.py:190} INFO - [2025-07-07T00:32:26.398+0000] {dagbag.py:588} INFO - Filling up the DagBag from /opt/airflow/dags/driven_data_pipeline.py
[2025-07-07T00:32:27.358+0000] {processor.py:925} INFO - DAG(s) 'extract_raw_data_pipeline' retrieved from /opt/airflow/dags/driven_data_pipeline.py
[2025-07-07T00:32:27.420+0000] {logging_mixin.py:190} INFO - [2025-07-07T00:32:27.420+0000] {dag.py:3239} INFO - Sync 1 DAGs
[2025-07-07T00:32:27.463+0000] {logging_mixin.py:190} INFO - [2025-07-07T00:32:27.463+0000] {dag.py:4180} INFO - Setting next_dagrun for extract_raw_data_pipeline to 2025-07-06 07:59:00+00:00, run_after=2025-07-07 07:00:00+00:00
[2025-07-07T00:32:27.731+0000] {processor.py:208} INFO - Processing /opt/airflow/dags/driven_data_pipeline.py took 1.383 seconds
[2025-07-07T00:32:58.515+0000] {processor.py:186} INFO - Started process (PID=168) to work on /opt/airflow/dags/driven_data_pipeline.py
[2025-07-07T00:32:58.519+0000] {processor.py:914} INFO - Processing file /opt/airflow/dags/driven_data_pipeline.py for tasks to queue
[2025-07-07T00:32:58.528+0000] {logging_mixin.py:190} INFO - [2025-07-07T00:32:58.528+0000] {dagbag.py:588} INFO - Filling up the DagBag from /opt/airflow/dags/driven_data_pipeline.py
[2025-07-07T00:32:59.696+0000] {processor.py:925} INFO - DAG(s) 'extract_raw_data_pipeline' retrieved from /opt/airflow/dags/driven_data_pipeline.py
[2025-07-07T00:32:59.726+0000] {logging_mixin.py:190} INFO - [2025-07-07T00:32:59.725+0000] {dag.py:3239} INFO - Sync 1 DAGs
[2025-07-07T00:32:59.755+0000] {logging_mixin.py:190} INFO - [2025-07-07T00:32:59.755+0000] {dag.py:4180} INFO - Setting next_dagrun for extract_raw_data_pipeline to 2025-07-06 07:59:00+00:00, run_after=2025-07-07 07:00:00+00:00
[2025-07-07T00:32:59.783+0000] {processor.py:208} INFO - Processing /opt/airflow/dags/driven_data_pipeline.py took 1.318 seconds
[2025-07-07T00:33:30.350+0000] {processor.py:186} INFO - Started process (PID=176) to work on /opt/airflow/dags/driven_data_pipeline.py
[2025-07-07T00:33:30.355+0000] {processor.py:914} INFO - Processing file /opt/airflow/dags/driven_data_pipeline.py for tasks to queue
[2025-07-07T00:33:30.363+0000] {logging_mixin.py:190} INFO - [2025-07-07T00:33:30.362+0000] {dagbag.py:588} INFO - Filling up the DagBag from /opt/airflow/dags/driven_data_pipeline.py
[2025-07-07T00:33:31.082+0000] {processor.py:925} INFO - DAG(s) 'extract_raw_data_pipeline' retrieved from /opt/airflow/dags/driven_data_pipeline.py
[2025-07-07T00:33:31.125+0000] {logging_mixin.py:190} INFO - [2025-07-07T00:33:31.125+0000] {dag.py:3239} INFO - Sync 1 DAGs
[2025-07-07T00:33:31.164+0000] {logging_mixin.py:190} INFO - [2025-07-07T00:33:31.164+0000] {dag.py:4180} INFO - Setting next_dagrun for extract_raw_data_pipeline to 2025-07-06 07:59:00+00:00, run_after=2025-07-07 07:00:00+00:00
[2025-07-07T00:33:31.199+0000] {processor.py:208} INFO - Processing /opt/airflow/dags/driven_data_pipeline.py took 0.876 seconds
[2025-07-07T00:34:02.195+0000] {processor.py:186} INFO - Started process (PID=185) to work on /opt/airflow/dags/driven_data_pipeline.py
[2025-07-07T00:34:02.199+0000] {processor.py:914} INFO - Processing file /opt/airflow/dags/driven_data_pipeline.py for tasks to queue
[2025-07-07T00:34:02.207+0000] {logging_mixin.py:190} INFO - [2025-07-07T00:34:02.205+0000] {dagbag.py:588} INFO - Filling up the DagBag from /opt/airflow/dags/driven_data_pipeline.py
[2025-07-07T00:34:02.515+0000] {processor.py:925} INFO - DAG(s) 'extract_raw_data_pipeline' retrieved from /opt/airflow/dags/driven_data_pipeline.py
[2025-07-07T00:34:02.558+0000] {logging_mixin.py:190} INFO - [2025-07-07T00:34:02.558+0000] {dag.py:3239} INFO - Sync 1 DAGs
[2025-07-07T00:34:02.598+0000] {logging_mixin.py:190} INFO - [2025-07-07T00:34:02.598+0000] {dag.py:4180} INFO - Setting next_dagrun for extract_raw_data_pipeline to 2025-07-06 07:59:00+00:00, run_after=2025-07-07 07:00:00+00:00
[2025-07-07T00:34:02.860+0000] {processor.py:208} INFO - Processing /opt/airflow/dags/driven_data_pipeline.py took 0.686 seconds
[2025-07-07T00:34:34.053+0000] {processor.py:186} INFO - Started process (PID=194) to work on /opt/airflow/dags/driven_data_pipeline.py
[2025-07-07T00:34:34.055+0000] {processor.py:914} INFO - Processing file /opt/airflow/dags/driven_data_pipeline.py for tasks to queue
[2025-07-07T00:34:34.059+0000] {logging_mixin.py:190} INFO - [2025-07-07T00:34:34.058+0000] {dagbag.py:588} INFO - Filling up the DagBag from /opt/airflow/dags/driven_data_pipeline.py
[2025-07-07T00:34:34.550+0000] {processor.py:925} INFO - DAG(s) 'extract_raw_data_pipeline' retrieved from /opt/airflow/dags/driven_data_pipeline.py
[2025-07-07T00:34:34.625+0000] {logging_mixin.py:190} INFO - [2025-07-07T00:34:34.625+0000] {dag.py:3239} INFO - Sync 1 DAGs
[2025-07-07T00:34:34.650+0000] {logging_mixin.py:190} INFO - [2025-07-07T00:34:34.650+0000] {dag.py:4180} INFO - Setting next_dagrun for extract_raw_data_pipeline to 2025-07-06 07:59:00+00:00, run_after=2025-07-07 07:00:00+00:00
[2025-07-07T00:34:34.770+0000] {processor.py:208} INFO - Processing /opt/airflow/dags/driven_data_pipeline.py took 0.728 seconds
[2025-07-07T00:35:05.183+0000] {processor.py:186} INFO - Started process (PID=202) to work on /opt/airflow/dags/driven_data_pipeline.py
[2025-07-07T00:35:05.194+0000] {processor.py:914} INFO - Processing file /opt/airflow/dags/driven_data_pipeline.py for tasks to queue
[2025-07-07T00:35:05.198+0000] {logging_mixin.py:190} INFO - [2025-07-07T00:35:05.198+0000] {dagbag.py:588} INFO - Filling up the DagBag from /opt/airflow/dags/driven_data_pipeline.py
[2025-07-07T00:35:05.442+0000] {processor.py:925} INFO - DAG(s) 'extract_raw_data_pipeline' retrieved from /opt/airflow/dags/driven_data_pipeline.py
[2025-07-07T00:35:05.470+0000] {logging_mixin.py:190} INFO - [2025-07-07T00:35:05.469+0000] {dag.py:3239} INFO - Sync 1 DAGs
[2025-07-07T00:35:05.496+0000] {logging_mixin.py:190} INFO - [2025-07-07T00:35:05.495+0000] {dag.py:4180} INFO - Setting next_dagrun for extract_raw_data_pipeline to 2025-07-06 07:59:00+00:00, run_after=2025-07-07 07:00:00+00:00
[2025-07-07T00:35:05.518+0000] {processor.py:208} INFO - Processing /opt/airflow/dags/driven_data_pipeline.py took 0.351 seconds
[2025-07-07T00:35:35.903+0000] {processor.py:186} INFO - Started process (PID=210) to work on /opt/airflow/dags/driven_data_pipeline.py
[2025-07-07T00:35:35.905+0000] {processor.py:914} INFO - Processing file /opt/airflow/dags/driven_data_pipeline.py for tasks to queue
[2025-07-07T00:35:35.908+0000] {logging_mixin.py:190} INFO - [2025-07-07T00:35:35.908+0000] {dagbag.py:588} INFO - Filling up the DagBag from /opt/airflow/dags/driven_data_pipeline.py
[2025-07-07T00:35:36.117+0000] {processor.py:925} INFO - DAG(s) 'extract_raw_data_pipeline' retrieved from /opt/airflow/dags/driven_data_pipeline.py
[2025-07-07T00:35:36.148+0000] {logging_mixin.py:190} INFO - [2025-07-07T00:35:36.148+0000] {dag.py:3239} INFO - Sync 1 DAGs
[2025-07-07T00:35:36.176+0000] {logging_mixin.py:190} INFO - [2025-07-07T00:35:36.175+0000] {dag.py:4180} INFO - Setting next_dagrun for extract_raw_data_pipeline to 2025-07-06 07:59:00+00:00, run_after=2025-07-07 07:00:00+00:00
[2025-07-07T00:35:36.202+0000] {processor.py:208} INFO - Processing /opt/airflow/dags/driven_data_pipeline.py took 0.309 seconds
[2025-07-07T00:36:06.375+0000] {processor.py:186} INFO - Started process (PID=218) to work on /opt/airflow/dags/driven_data_pipeline.py
[2025-07-07T00:36:06.376+0000] {processor.py:914} INFO - Processing file /opt/airflow/dags/driven_data_pipeline.py for tasks to queue
[2025-07-07T00:36:06.380+0000] {logging_mixin.py:190} INFO - [2025-07-07T00:36:06.380+0000] {dagbag.py:588} INFO - Filling up the DagBag from /opt/airflow/dags/driven_data_pipeline.py
[2025-07-07T00:36:06.579+0000] {processor.py:925} INFO - DAG(s) 'extract_raw_data_pipeline' retrieved from /opt/airflow/dags/driven_data_pipeline.py
[2025-07-07T00:36:06.613+0000] {logging_mixin.py:190} INFO - [2025-07-07T00:36:06.613+0000] {dag.py:3239} INFO - Sync 1 DAGs
[2025-07-07T00:36:06.642+0000] {logging_mixin.py:190} INFO - [2025-07-07T00:36:06.642+0000] {dag.py:4180} INFO - Setting next_dagrun for extract_raw_data_pipeline to 2025-07-06 07:59:00+00:00, run_after=2025-07-07 07:00:00+00:00
[2025-07-07T00:36:06.667+0000] {processor.py:208} INFO - Processing /opt/airflow/dags/driven_data_pipeline.py took 0.301 seconds
[2025-07-07T00:36:37.279+0000] {processor.py:186} INFO - Started process (PID=226) to work on /opt/airflow/dags/driven_data_pipeline.py
[2025-07-07T00:36:37.281+0000] {processor.py:914} INFO - Processing file /opt/airflow/dags/driven_data_pipeline.py for tasks to queue
[2025-07-07T00:36:37.284+0000] {logging_mixin.py:190} INFO - [2025-07-07T00:36:37.284+0000] {dagbag.py:588} INFO - Filling up the DagBag from /opt/airflow/dags/driven_data_pipeline.py
[2025-07-07T00:36:37.481+0000] {processor.py:925} INFO - DAG(s) 'extract_raw_data_pipeline' retrieved from /opt/airflow/dags/driven_data_pipeline.py
[2025-07-07T00:36:37.510+0000] {logging_mixin.py:190} INFO - [2025-07-07T00:36:37.510+0000] {dag.py:3239} INFO - Sync 1 DAGs
[2025-07-07T00:36:37.536+0000] {logging_mixin.py:190} INFO - [2025-07-07T00:36:37.536+0000] {dag.py:4180} INFO - Setting next_dagrun for extract_raw_data_pipeline to 2025-07-06 07:59:00+00:00, run_after=2025-07-07 07:00:00+00:00
[2025-07-07T00:36:37.559+0000] {processor.py:208} INFO - Processing /opt/airflow/dags/driven_data_pipeline.py took 0.287 seconds
[2025-07-07T00:37:07.760+0000] {processor.py:186} INFO - Started process (PID=234) to work on /opt/airflow/dags/driven_data_pipeline.py
[2025-07-07T00:37:07.762+0000] {processor.py:914} INFO - Processing file /opt/airflow/dags/driven_data_pipeline.py for tasks to queue
[2025-07-07T00:37:07.766+0000] {logging_mixin.py:190} INFO - [2025-07-07T00:37:07.766+0000] {dagbag.py:588} INFO - Filling up the DagBag from /opt/airflow/dags/driven_data_pipeline.py
[2025-07-07T00:37:07.988+0000] {processor.py:925} INFO - DAG(s) 'extract_raw_data_pipeline' retrieved from /opt/airflow/dags/driven_data_pipeline.py
[2025-07-07T00:37:08.028+0000] {logging_mixin.py:190} INFO - [2025-07-07T00:37:08.027+0000] {dag.py:3239} INFO - Sync 1 DAGs
[2025-07-07T00:37:08.062+0000] {logging_mixin.py:190} INFO - [2025-07-07T00:37:08.061+0000] {dag.py:4180} INFO - Setting next_dagrun for extract_raw_data_pipeline to 2025-07-06 07:59:00+00:00, run_after=2025-07-07 07:00:00+00:00
[2025-07-07T00:37:08.085+0000] {processor.py:208} INFO - Processing /opt/airflow/dags/driven_data_pipeline.py took 0.333 seconds
[2025-07-07T00:37:38.486+0000] {processor.py:186} INFO - Started process (PID=242) to work on /opt/airflow/dags/driven_data_pipeline.py
[2025-07-07T00:37:38.487+0000] {processor.py:914} INFO - Processing file /opt/airflow/dags/driven_data_pipeline.py for tasks to queue
[2025-07-07T00:37:38.491+0000] {logging_mixin.py:190} INFO - [2025-07-07T00:37:38.490+0000] {dagbag.py:588} INFO - Filling up the DagBag from /opt/airflow/dags/driven_data_pipeline.py
[2025-07-07T00:37:38.714+0000] {processor.py:925} INFO - DAG(s) 'extract_raw_data_pipeline' retrieved from /opt/airflow/dags/driven_data_pipeline.py
[2025-07-07T00:37:38.745+0000] {logging_mixin.py:190} INFO - [2025-07-07T00:37:38.744+0000] {dag.py:3239} INFO - Sync 1 DAGs
[2025-07-07T00:37:38.774+0000] {logging_mixin.py:190} INFO - [2025-07-07T00:37:38.773+0000] {dag.py:4180} INFO - Setting next_dagrun for extract_raw_data_pipeline to 2025-07-06 07:59:00+00:00, run_after=2025-07-07 07:00:00+00:00
[2025-07-07T00:37:38.797+0000] {processor.py:208} INFO - Processing /opt/airflow/dags/driven_data_pipeline.py took 0.321 seconds
[2025-07-07T00:38:09.074+0000] {processor.py:186} INFO - Started process (PID=251) to work on /opt/airflow/dags/driven_data_pipeline.py
[2025-07-07T00:38:09.076+0000] {processor.py:914} INFO - Processing file /opt/airflow/dags/driven_data_pipeline.py for tasks to queue
[2025-07-07T00:38:09.080+0000] {logging_mixin.py:190} INFO - [2025-07-07T00:38:09.080+0000] {dagbag.py:588} INFO - Filling up the DagBag from /opt/airflow/dags/driven_data_pipeline.py
[2025-07-07T00:38:09.351+0000] {processor.py:925} INFO - DAG(s) 'extract_raw_data_pipeline' retrieved from /opt/airflow/dags/driven_data_pipeline.py
[2025-07-07T00:38:09.501+0000] {logging_mixin.py:190} INFO - [2025-07-07T00:38:09.499+0000] {dag.py:3239} INFO - Sync 1 DAGs
[2025-07-07T00:38:09.608+0000] {logging_mixin.py:190} INFO - [2025-07-07T00:38:09.607+0000] {dag.py:4180} INFO - Setting next_dagrun for extract_raw_data_pipeline to 2025-07-06 07:59:00+00:00, run_after=2025-07-07 07:00:00+00:00
[2025-07-07T00:38:09.765+0000] {processor.py:208} INFO - Processing /opt/airflow/dags/driven_data_pipeline.py took 0.700 seconds
[2025-07-07T00:38:40.271+0000] {processor.py:186} INFO - Started process (PID=259) to work on /opt/airflow/dags/driven_data_pipeline.py
[2025-07-07T00:38:40.273+0000] {processor.py:914} INFO - Processing file /opt/airflow/dags/driven_data_pipeline.py for tasks to queue
[2025-07-07T00:38:40.277+0000] {logging_mixin.py:190} INFO - [2025-07-07T00:38:40.276+0000] {dagbag.py:588} INFO - Filling up the DagBag from /opt/airflow/dags/driven_data_pipeline.py
[2025-07-07T00:38:40.487+0000] {processor.py:925} INFO - DAG(s) 'extract_raw_data_pipeline' retrieved from /opt/airflow/dags/driven_data_pipeline.py
[2025-07-07T00:38:40.522+0000] {logging_mixin.py:190} INFO - [2025-07-07T00:38:40.521+0000] {dag.py:3239} INFO - Sync 1 DAGs
[2025-07-07T00:38:40.595+0000] {logging_mixin.py:190} INFO - [2025-07-07T00:38:40.595+0000] {dag.py:4180} INFO - Setting next_dagrun for extract_raw_data_pipeline to 2025-07-06 07:59:00+00:00, run_after=2025-07-07 07:00:00+00:00
[2025-07-07T00:38:40.618+0000] {processor.py:208} INFO - Processing /opt/airflow/dags/driven_data_pipeline.py took 0.356 seconds
[2025-07-07T00:39:10.689+0000] {processor.py:186} INFO - Started process (PID=267) to work on /opt/airflow/dags/driven_data_pipeline.py
[2025-07-07T00:39:10.691+0000] {processor.py:914} INFO - Processing file /opt/airflow/dags/driven_data_pipeline.py for tasks to queue
[2025-07-07T00:39:10.696+0000] {logging_mixin.py:190} INFO - [2025-07-07T00:39:10.695+0000] {dagbag.py:588} INFO - Filling up the DagBag from /opt/airflow/dags/driven_data_pipeline.py
[2025-07-07T00:39:10.915+0000] {processor.py:925} INFO - DAG(s) 'extract_raw_data_pipeline' retrieved from /opt/airflow/dags/driven_data_pipeline.py
[2025-07-07T00:39:10.948+0000] {logging_mixin.py:190} INFO - [2025-07-07T00:39:10.948+0000] {dag.py:3239} INFO - Sync 1 DAGs
[2025-07-07T00:39:10.975+0000] {logging_mixin.py:190} INFO - [2025-07-07T00:39:10.975+0000] {dag.py:4180} INFO - Setting next_dagrun for extract_raw_data_pipeline to 2025-07-06 07:59:00+00:00, run_after=2025-07-07 07:00:00+00:00
[2025-07-07T00:39:10.997+0000] {processor.py:208} INFO - Processing /opt/airflow/dags/driven_data_pipeline.py took 0.319 seconds
[2025-07-07T00:41:39.147+0000] {processor.py:186} INFO - Started process (PID=66) to work on /opt/airflow/dags/driven_data_pipeline.py
[2025-07-07T00:41:39.154+0000] {processor.py:914} INFO - Processing file /opt/airflow/dags/driven_data_pipeline.py for tasks to queue
[2025-07-07T00:41:39.167+0000] {logging_mixin.py:190} INFO - [2025-07-07T00:41:39.163+0000] {dagbag.py:588} INFO - Filling up the DagBag from /opt/airflow/dags/driven_data_pipeline.py
[2025-07-07T00:41:41.249+0000] {processor.py:925} INFO - DAG(s) 'extract_raw_data_pipeline' retrieved from /opt/airflow/dags/driven_data_pipeline.py
[2025-07-07T00:41:41.364+0000] {logging_mixin.py:190} INFO - [2025-07-07T00:41:41.363+0000] {dag.py:3239} INFO - Sync 1 DAGs
[2025-07-07T00:41:41.439+0000] {logging_mixin.py:190} INFO - [2025-07-07T00:41:41.438+0000] {dag.py:4180} INFO - Setting next_dagrun for extract_raw_data_pipeline to 2025-07-06 07:59:00+00:00, run_after=2025-07-07 07:00:00+00:00
[2025-07-07T00:41:41.518+0000] {processor.py:208} INFO - Processing /opt/airflow/dags/driven_data_pipeline.py took 2.402 seconds
[2025-07-07T00:42:12.368+0000] {processor.py:186} INFO - Started process (PID=73) to work on /opt/airflow/dags/driven_data_pipeline.py
[2025-07-07T00:42:12.371+0000] {processor.py:914} INFO - Processing file /opt/airflow/dags/driven_data_pipeline.py for tasks to queue
[2025-07-07T00:42:12.379+0000] {logging_mixin.py:190} INFO - [2025-07-07T00:42:12.378+0000] {dagbag.py:588} INFO - Filling up the DagBag from /opt/airflow/dags/driven_data_pipeline.py
[2025-07-07T00:42:14.354+0000] {processor.py:925} INFO - DAG(s) 'extract_raw_data_pipeline' retrieved from /opt/airflow/dags/driven_data_pipeline.py
[2025-07-07T00:42:14.445+0000] {logging_mixin.py:190} INFO - [2025-07-07T00:42:14.442+0000] {dag.py:3239} INFO - Sync 1 DAGs
[2025-07-07T00:42:14.523+0000] {logging_mixin.py:190} INFO - [2025-07-07T00:42:14.522+0000] {dag.py:4180} INFO - Setting next_dagrun for extract_raw_data_pipeline to 2025-07-06 07:59:00+00:00, run_after=2025-07-07 07:00:00+00:00
[2025-07-07T00:42:14.566+0000] {processor.py:208} INFO - Processing /opt/airflow/dags/driven_data_pipeline.py took 2.212 seconds
[2025-07-07T00:42:45.281+0000] {processor.py:186} INFO - Started process (PID=81) to work on /opt/airflow/dags/driven_data_pipeline.py
[2025-07-07T00:42:45.291+0000] {processor.py:914} INFO - Processing file /opt/airflow/dags/driven_data_pipeline.py for tasks to queue
[2025-07-07T00:42:45.298+0000] {logging_mixin.py:190} INFO - [2025-07-07T00:42:45.297+0000] {dagbag.py:588} INFO - Filling up the DagBag from /opt/airflow/dags/driven_data_pipeline.py
[2025-07-07T00:42:50.540+0000] {processor.py:925} INFO - DAG(s) 'extract_raw_data_pipeline' retrieved from /opt/airflow/dags/driven_data_pipeline.py
[2025-07-07T00:42:50.651+0000] {logging_mixin.py:190} INFO - [2025-07-07T00:42:50.649+0000] {dag.py:3239} INFO - Sync 1 DAGs
[2025-07-07T00:42:50.713+0000] {logging_mixin.py:190} INFO - [2025-07-07T00:42:50.712+0000] {dag.py:4180} INFO - Setting next_dagrun for extract_raw_data_pipeline to 2025-07-06 07:59:00+00:00, run_after=2025-07-07 07:00:00+00:00
[2025-07-07T00:42:50.782+0000] {processor.py:208} INFO - Processing /opt/airflow/dags/driven_data_pipeline.py took 5.522 seconds
[2025-07-07T00:43:21.200+0000] {processor.py:186} INFO - Started process (PID=89) to work on /opt/airflow/dags/driven_data_pipeline.py
[2025-07-07T00:43:21.202+0000] {processor.py:914} INFO - Processing file /opt/airflow/dags/driven_data_pipeline.py for tasks to queue
[2025-07-07T00:43:21.205+0000] {logging_mixin.py:190} INFO - [2025-07-07T00:43:21.204+0000] {dagbag.py:588} INFO - Filling up the DagBag from /opt/airflow/dags/driven_data_pipeline.py
[2025-07-07T00:43:25.925+0000] {processor.py:925} INFO - DAG(s) 'extract_raw_data_pipeline' retrieved from /opt/airflow/dags/driven_data_pipeline.py
[2025-07-07T00:43:26.315+0000] {logging_mixin.py:190} INFO - [2025-07-07T00:43:26.314+0000] {dag.py:3239} INFO - Sync 1 DAGs
[2025-07-07T00:43:28.033+0000] {logging_mixin.py:190} INFO - [2025-07-07T00:43:28.033+0000] {dag.py:4180} INFO - Setting next_dagrun for extract_raw_data_pipeline to 2025-07-06 07:59:00+00:00, run_after=2025-07-07 07:00:00+00:00
[2025-07-07T00:43:30.731+0000] {processor.py:208} INFO - Processing /opt/airflow/dags/driven_data_pipeline.py took 9.489 seconds
[2025-07-07T00:44:03.511+0000] {processor.py:186} INFO - Started process (PID=104) to work on /opt/airflow/dags/driven_data_pipeline.py
[2025-07-07T00:44:04.165+0000] {processor.py:914} INFO - Processing file /opt/airflow/dags/driven_data_pipeline.py for tasks to queue
[2025-07-07T00:44:04.172+0000] {logging_mixin.py:190} INFO - [2025-07-07T00:44:04.171+0000] {dagbag.py:588} INFO - Filling up the DagBag from /opt/airflow/dags/driven_data_pipeline.py
[2025-07-07T00:44:22.825+0000] {processor.py:925} INFO - DAG(s) 'extract_raw_data_pipeline' retrieved from /opt/airflow/dags/driven_data_pipeline.py
[2025-07-07T00:44:23.923+0000] {logging_mixin.py:190} INFO - [2025-07-07T00:44:23.923+0000] {dag.py:3239} INFO - Sync 1 DAGs
[2025-07-07T00:44:24.061+0000] {logging_mixin.py:190} INFO - [2025-07-07T00:44:24.061+0000] {dag.py:4180} INFO - Setting next_dagrun for extract_raw_data_pipeline to 2025-07-06 07:59:00+00:00, run_after=2025-07-07 07:00:00+00:00
[2025-07-07T00:44:24.111+0000] {processor.py:208} INFO - Processing /opt/airflow/dags/driven_data_pipeline.py took 22.196 seconds
[2025-07-07T00:44:54.382+0000] {processor.py:186} INFO - Started process (PID=112) to work on /opt/airflow/dags/driven_data_pipeline.py
[2025-07-07T00:44:54.385+0000] {processor.py:914} INFO - Processing file /opt/airflow/dags/driven_data_pipeline.py for tasks to queue
[2025-07-07T00:44:54.394+0000] {logging_mixin.py:190} INFO - [2025-07-07T00:44:54.391+0000] {dagbag.py:588} INFO - Filling up the DagBag from /opt/airflow/dags/driven_data_pipeline.py
[2025-07-07T00:44:55.161+0000] {processor.py:925} INFO - DAG(s) 'extract_raw_data_pipeline' retrieved from /opt/airflow/dags/driven_data_pipeline.py
[2025-07-07T00:44:55.210+0000] {logging_mixin.py:190} INFO - [2025-07-07T00:44:55.209+0000] {dag.py:3239} INFO - Sync 1 DAGs
[2025-07-07T00:44:55.274+0000] {logging_mixin.py:190} INFO - [2025-07-07T00:44:55.274+0000] {dag.py:4180} INFO - Setting next_dagrun for extract_raw_data_pipeline to 2025-07-06 07:59:00+00:00, run_after=2025-07-07 07:00:00+00:00
[2025-07-07T00:44:55.333+0000] {processor.py:208} INFO - Processing /opt/airflow/dags/driven_data_pipeline.py took 0.967 seconds
[2025-07-07T00:45:25.952+0000] {processor.py:186} INFO - Started process (PID=121) to work on /opt/airflow/dags/driven_data_pipeline.py
[2025-07-07T00:45:25.954+0000] {processor.py:914} INFO - Processing file /opt/airflow/dags/driven_data_pipeline.py for tasks to queue
[2025-07-07T00:45:25.957+0000] {logging_mixin.py:190} INFO - [2025-07-07T00:45:25.957+0000] {dagbag.py:588} INFO - Filling up the DagBag from /opt/airflow/dags/driven_data_pipeline.py
[2025-07-07T00:45:26.374+0000] {processor.py:925} INFO - DAG(s) 'extract_raw_data_pipeline' retrieved from /opt/airflow/dags/driven_data_pipeline.py
[2025-07-07T00:45:26.403+0000] {logging_mixin.py:190} INFO - [2025-07-07T00:45:26.403+0000] {dag.py:3239} INFO - Sync 1 DAGs
[2025-07-07T00:45:26.427+0000] {logging_mixin.py:190} INFO - [2025-07-07T00:45:26.426+0000] {dag.py:4180} INFO - Setting next_dagrun for extract_raw_data_pipeline to 2025-07-06 07:59:00+00:00, run_after=2025-07-07 07:00:00+00:00
[2025-07-07T00:45:26.447+0000] {processor.py:208} INFO - Processing /opt/airflow/dags/driven_data_pipeline.py took 0.502 seconds
[2025-07-07T00:45:56.949+0000] {processor.py:186} INFO - Started process (PID=129) to work on /opt/airflow/dags/driven_data_pipeline.py
[2025-07-07T00:45:56.951+0000] {processor.py:914} INFO - Processing file /opt/airflow/dags/driven_data_pipeline.py for tasks to queue
[2025-07-07T00:45:56.954+0000] {logging_mixin.py:190} INFO - [2025-07-07T00:45:56.953+0000] {dagbag.py:588} INFO - Filling up the DagBag from /opt/airflow/dags/driven_data_pipeline.py
[2025-07-07T00:45:57.321+0000] {processor.py:925} INFO - DAG(s) 'extract_raw_data_pipeline' retrieved from /opt/airflow/dags/driven_data_pipeline.py
[2025-07-07T00:45:57.352+0000] {logging_mixin.py:190} INFO - [2025-07-07T00:45:57.352+0000] {dag.py:3239} INFO - Sync 1 DAGs
[2025-07-07T00:45:57.380+0000] {logging_mixin.py:190} INFO - [2025-07-07T00:45:57.380+0000] {dag.py:4180} INFO - Setting next_dagrun for extract_raw_data_pipeline to 2025-07-06 07:59:00+00:00, run_after=2025-07-07 07:00:00+00:00
[2025-07-07T00:45:57.402+0000] {processor.py:208} INFO - Processing /opt/airflow/dags/driven_data_pipeline.py took 0.460 seconds
[2025-07-07T00:46:27.912+0000] {processor.py:186} INFO - Started process (PID=137) to work on /opt/airflow/dags/driven_data_pipeline.py
[2025-07-07T00:46:27.913+0000] {processor.py:914} INFO - Processing file /opt/airflow/dags/driven_data_pipeline.py for tasks to queue
[2025-07-07T00:46:27.917+0000] {logging_mixin.py:190} INFO - [2025-07-07T00:46:27.916+0000] {dagbag.py:588} INFO - Filling up the DagBag from /opt/airflow/dags/driven_data_pipeline.py
[2025-07-07T00:46:28.307+0000] {processor.py:925} INFO - DAG(s) 'extract_raw_data_pipeline' retrieved from /opt/airflow/dags/driven_data_pipeline.py
[2025-07-07T00:46:28.334+0000] {logging_mixin.py:190} INFO - [2025-07-07T00:46:28.334+0000] {dag.py:3239} INFO - Sync 1 DAGs
[2025-07-07T00:46:28.360+0000] {logging_mixin.py:190} INFO - [2025-07-07T00:46:28.360+0000] {dag.py:4180} INFO - Setting next_dagrun for extract_raw_data_pipeline to 2025-07-06 07:59:00+00:00, run_after=2025-07-07 07:00:00+00:00
[2025-07-07T00:46:28.382+0000] {processor.py:208} INFO - Processing /opt/airflow/dags/driven_data_pipeline.py took 0.478 seconds
[2025-07-07T00:46:59.089+0000] {processor.py:186} INFO - Started process (PID=145) to work on /opt/airflow/dags/driven_data_pipeline.py
[2025-07-07T00:46:59.091+0000] {processor.py:914} INFO - Processing file /opt/airflow/dags/driven_data_pipeline.py for tasks to queue
[2025-07-07T00:46:59.094+0000] {logging_mixin.py:190} INFO - [2025-07-07T00:46:59.093+0000] {dagbag.py:588} INFO - Filling up the DagBag from /opt/airflow/dags/driven_data_pipeline.py
[2025-07-07T00:46:59.285+0000] {processor.py:925} INFO - DAG(s) 'extract_raw_data_pipeline' retrieved from /opt/airflow/dags/driven_data_pipeline.py
[2025-07-07T00:46:59.315+0000] {logging_mixin.py:190} INFO - [2025-07-07T00:46:59.315+0000] {dag.py:3239} INFO - Sync 1 DAGs
[2025-07-07T00:46:59.342+0000] {logging_mixin.py:190} INFO - [2025-07-07T00:46:59.342+0000] {dag.py:4180} INFO - Setting next_dagrun for extract_raw_data_pipeline to 2025-07-06 07:59:00+00:00, run_after=2025-07-07 07:00:00+00:00
[2025-07-07T00:46:59.378+0000] {processor.py:208} INFO - Processing /opt/airflow/dags/driven_data_pipeline.py took 0.296 seconds
[2025-07-07T00:47:29.609+0000] {processor.py:186} INFO - Started process (PID=153) to work on /opt/airflow/dags/driven_data_pipeline.py
[2025-07-07T00:47:29.610+0000] {processor.py:914} INFO - Processing file /opt/airflow/dags/driven_data_pipeline.py for tasks to queue
[2025-07-07T00:47:29.614+0000] {logging_mixin.py:190} INFO - [2025-07-07T00:47:29.613+0000] {dagbag.py:588} INFO - Filling up the DagBag from /opt/airflow/dags/driven_data_pipeline.py
[2025-07-07T00:47:29.864+0000] {processor.py:925} INFO - DAG(s) 'extract_raw_data_pipeline' retrieved from /opt/airflow/dags/driven_data_pipeline.py
[2025-07-07T00:47:29.902+0000] {logging_mixin.py:190} INFO - [2025-07-07T00:47:29.902+0000] {dag.py:3239} INFO - Sync 1 DAGs
[2025-07-07T00:47:29.933+0000] {logging_mixin.py:190} INFO - [2025-07-07T00:47:29.933+0000] {dag.py:4180} INFO - Setting next_dagrun for extract_raw_data_pipeline to 2025-07-06 07:59:00+00:00, run_after=2025-07-07 07:00:00+00:00
[2025-07-07T00:47:29.962+0000] {processor.py:208} INFO - Processing /opt/airflow/dags/driven_data_pipeline.py took 0.361 seconds
[2025-07-07T00:48:00.285+0000] {processor.py:186} INFO - Started process (PID=167) to work on /opt/airflow/dags/driven_data_pipeline.py
[2025-07-07T00:48:00.288+0000] {processor.py:914} INFO - Processing file /opt/airflow/dags/driven_data_pipeline.py for tasks to queue
[2025-07-07T00:48:00.292+0000] {logging_mixin.py:190} INFO - [2025-07-07T00:48:00.291+0000] {dagbag.py:588} INFO - Filling up the DagBag from /opt/airflow/dags/driven_data_pipeline.py
[2025-07-07T00:48:00.499+0000] {processor.py:925} INFO - DAG(s) 'extract_raw_data_pipeline' retrieved from /opt/airflow/dags/driven_data_pipeline.py
[2025-07-07T00:48:00.525+0000] {logging_mixin.py:190} INFO - [2025-07-07T00:48:00.525+0000] {dag.py:3239} INFO - Sync 1 DAGs
[2025-07-07T00:48:00.553+0000] {logging_mixin.py:190} INFO - [2025-07-07T00:48:00.552+0000] {dag.py:4180} INFO - Setting next_dagrun for extract_raw_data_pipeline to 2025-07-06 07:59:00+00:00, run_after=2025-07-07 07:00:00+00:00
[2025-07-07T00:48:00.584+0000] {processor.py:208} INFO - Processing /opt/airflow/dags/driven_data_pipeline.py took 0.312 seconds
[2025-07-07T00:48:30.733+0000] {processor.py:186} INFO - Started process (PID=175) to work on /opt/airflow/dags/driven_data_pipeline.py
[2025-07-07T00:48:30.735+0000] {processor.py:914} INFO - Processing file /opt/airflow/dags/driven_data_pipeline.py for tasks to queue
[2025-07-07T00:48:30.739+0000] {logging_mixin.py:190} INFO - [2025-07-07T00:48:30.738+0000] {dagbag.py:588} INFO - Filling up the DagBag from /opt/airflow/dags/driven_data_pipeline.py
[2025-07-07T00:48:30.996+0000] {processor.py:925} INFO - DAG(s) 'extract_raw_data_pipeline' retrieved from /opt/airflow/dags/driven_data_pipeline.py
[2025-07-07T00:48:31.029+0000] {logging_mixin.py:190} INFO - [2025-07-07T00:48:31.028+0000] {dag.py:3239} INFO - Sync 1 DAGs
[2025-07-07T00:48:31.063+0000] {logging_mixin.py:190} INFO - [2025-07-07T00:48:31.063+0000] {dag.py:4180} INFO - Setting next_dagrun for extract_raw_data_pipeline to 2025-07-06 07:59:00+00:00, run_after=2025-07-07 07:00:00+00:00
[2025-07-07T00:48:31.087+0000] {processor.py:208} INFO - Processing /opt/airflow/dags/driven_data_pipeline.py took 0.363 seconds
[2025-07-07T00:49:01.215+0000] {processor.py:186} INFO - Started process (PID=183) to work on /opt/airflow/dags/driven_data_pipeline.py
[2025-07-07T00:49:01.216+0000] {processor.py:914} INFO - Processing file /opt/airflow/dags/driven_data_pipeline.py for tasks to queue
[2025-07-07T00:49:01.220+0000] {logging_mixin.py:190} INFO - [2025-07-07T00:49:01.220+0000] {dagbag.py:588} INFO - Filling up the DagBag from /opt/airflow/dags/driven_data_pipeline.py
[2025-07-07T00:49:01.467+0000] {processor.py:925} INFO - DAG(s) 'extract_raw_data_pipeline' retrieved from /opt/airflow/dags/driven_data_pipeline.py
[2025-07-07T00:49:01.507+0000] {logging_mixin.py:190} INFO - [2025-07-07T00:49:01.506+0000] {dag.py:3239} INFO - Sync 1 DAGs
[2025-07-07T00:49:01.542+0000] {logging_mixin.py:190} INFO - [2025-07-07T00:49:01.542+0000] {dag.py:4180} INFO - Setting next_dagrun for extract_raw_data_pipeline to 2025-07-06 07:59:00+00:00, run_after=2025-07-07 07:00:00+00:00
[2025-07-07T00:49:01.570+0000] {processor.py:208} INFO - Processing /opt/airflow/dags/driven_data_pipeline.py took 0.363 seconds
[2025-07-07T00:49:31.729+0000] {processor.py:186} INFO - Started process (PID=191) to work on /opt/airflow/dags/driven_data_pipeline.py
[2025-07-07T00:49:31.731+0000] {processor.py:914} INFO - Processing file /opt/airflow/dags/driven_data_pipeline.py for tasks to queue
[2025-07-07T00:49:31.741+0000] {logging_mixin.py:190} INFO - [2025-07-07T00:49:31.735+0000] {dagbag.py:588} INFO - Filling up the DagBag from /opt/airflow/dags/driven_data_pipeline.py
[2025-07-07T00:49:31.949+0000] {processor.py:925} INFO - DAG(s) 'extract_raw_data_pipeline' retrieved from /opt/airflow/dags/driven_data_pipeline.py
[2025-07-07T00:49:31.987+0000] {logging_mixin.py:190} INFO - [2025-07-07T00:49:31.987+0000] {dag.py:3239} INFO - Sync 1 DAGs
[2025-07-07T00:49:32.021+0000] {logging_mixin.py:190} INFO - [2025-07-07T00:49:32.021+0000] {dag.py:4180} INFO - Setting next_dagrun for extract_raw_data_pipeline to 2025-07-06 07:59:00+00:00, run_after=2025-07-07 07:00:00+00:00
[2025-07-07T00:49:32.045+0000] {processor.py:208} INFO - Processing /opt/airflow/dags/driven_data_pipeline.py took 0.326 seconds
[2025-07-07T00:50:02.385+0000] {processor.py:186} INFO - Started process (PID=199) to work on /opt/airflow/dags/driven_data_pipeline.py
[2025-07-07T00:50:02.387+0000] {processor.py:914} INFO - Processing file /opt/airflow/dags/driven_data_pipeline.py for tasks to queue
[2025-07-07T00:50:02.390+0000] {logging_mixin.py:190} INFO - [2025-07-07T00:50:02.390+0000] {dagbag.py:588} INFO - Filling up the DagBag from /opt/airflow/dags/driven_data_pipeline.py
[2025-07-07T00:50:02.608+0000] {processor.py:925} INFO - DAG(s) 'extract_raw_data_pipeline' retrieved from /opt/airflow/dags/driven_data_pipeline.py
[2025-07-07T00:50:02.644+0000] {logging_mixin.py:190} INFO - [2025-07-07T00:50:02.644+0000] {dag.py:3239} INFO - Sync 1 DAGs
[2025-07-07T00:50:02.679+0000] {logging_mixin.py:190} INFO - [2025-07-07T00:50:02.678+0000] {dag.py:4180} INFO - Setting next_dagrun for extract_raw_data_pipeline to 2025-07-06 07:59:00+00:00, run_after=2025-07-07 07:00:00+00:00
[2025-07-07T00:50:02.712+0000] {processor.py:208} INFO - Processing /opt/airflow/dags/driven_data_pipeline.py took 0.335 seconds
[2025-07-07T00:50:33.095+0000] {processor.py:186} INFO - Started process (PID=207) to work on /opt/airflow/dags/driven_data_pipeline.py
[2025-07-07T00:50:33.097+0000] {processor.py:914} INFO - Processing file /opt/airflow/dags/driven_data_pipeline.py for tasks to queue
[2025-07-07T00:50:33.100+0000] {logging_mixin.py:190} INFO - [2025-07-07T00:50:33.099+0000] {dagbag.py:588} INFO - Filling up the DagBag from /opt/airflow/dags/driven_data_pipeline.py
[2025-07-07T00:50:33.325+0000] {processor.py:925} INFO - DAG(s) 'extract_raw_data_pipeline' retrieved from /opt/airflow/dags/driven_data_pipeline.py
[2025-07-07T00:50:33.368+0000] {logging_mixin.py:190} INFO - [2025-07-07T00:50:33.367+0000] {dag.py:3239} INFO - Sync 1 DAGs
[2025-07-07T00:50:33.402+0000] {logging_mixin.py:190} INFO - [2025-07-07T00:50:33.401+0000] {dag.py:4180} INFO - Setting next_dagrun for extract_raw_data_pipeline to 2025-07-06 07:59:00+00:00, run_after=2025-07-07 07:00:00+00:00
[2025-07-07T00:50:33.433+0000] {processor.py:208} INFO - Processing /opt/airflow/dags/driven_data_pipeline.py took 0.349 seconds
[2025-07-07T00:51:03.678+0000] {processor.py:186} INFO - Started process (PID=215) to work on /opt/airflow/dags/driven_data_pipeline.py
[2025-07-07T00:51:03.680+0000] {processor.py:914} INFO - Processing file /opt/airflow/dags/driven_data_pipeline.py for tasks to queue
[2025-07-07T00:51:03.684+0000] {logging_mixin.py:190} INFO - [2025-07-07T00:51:03.684+0000] {dagbag.py:588} INFO - Filling up the DagBag from /opt/airflow/dags/driven_data_pipeline.py
[2025-07-07T00:51:03.952+0000] {processor.py:925} INFO - DAG(s) 'extract_raw_data_pipeline' retrieved from /opt/airflow/dags/driven_data_pipeline.py
[2025-07-07T00:51:03.991+0000] {logging_mixin.py:190} INFO - [2025-07-07T00:51:03.991+0000] {dag.py:3239} INFO - Sync 1 DAGs
[2025-07-07T00:51:04.026+0000] {logging_mixin.py:190} INFO - [2025-07-07T00:51:04.026+0000] {dag.py:4180} INFO - Setting next_dagrun for extract_raw_data_pipeline to 2025-07-06 07:59:00+00:00, run_after=2025-07-07 07:00:00+00:00
[2025-07-07T00:51:04.054+0000] {processor.py:208} INFO - Processing /opt/airflow/dags/driven_data_pipeline.py took 0.385 seconds
[2025-07-07T00:51:34.505+0000] {processor.py:186} INFO - Started process (PID=223) to work on /opt/airflow/dags/driven_data_pipeline.py
[2025-07-07T00:51:34.506+0000] {processor.py:914} INFO - Processing file /opt/airflow/dags/driven_data_pipeline.py for tasks to queue
[2025-07-07T00:51:34.510+0000] {logging_mixin.py:190} INFO - [2025-07-07T00:51:34.509+0000] {dagbag.py:588} INFO - Filling up the DagBag from /opt/airflow/dags/driven_data_pipeline.py
[2025-07-07T00:51:34.726+0000] {processor.py:925} INFO - DAG(s) 'extract_raw_data_pipeline' retrieved from /opt/airflow/dags/driven_data_pipeline.py
[2025-07-07T00:51:34.761+0000] {logging_mixin.py:190} INFO - [2025-07-07T00:51:34.760+0000] {dag.py:3239} INFO - Sync 1 DAGs
[2025-07-07T00:51:34.791+0000] {logging_mixin.py:190} INFO - [2025-07-07T00:51:34.791+0000] {dag.py:4180} INFO - Setting next_dagrun for extract_raw_data_pipeline to 2025-07-06 07:59:00+00:00, run_after=2025-07-07 07:00:00+00:00
[2025-07-07T00:51:34.817+0000] {processor.py:208} INFO - Processing /opt/airflow/dags/driven_data_pipeline.py took 0.321 seconds
[2025-07-07T00:52:05.199+0000] {processor.py:186} INFO - Started process (PID=231) to work on /opt/airflow/dags/driven_data_pipeline.py
[2025-07-07T00:52:05.201+0000] {processor.py:914} INFO - Processing file /opt/airflow/dags/driven_data_pipeline.py for tasks to queue
[2025-07-07T00:52:05.204+0000] {logging_mixin.py:190} INFO - [2025-07-07T00:52:05.203+0000] {dagbag.py:588} INFO - Filling up the DagBag from /opt/airflow/dags/driven_data_pipeline.py
[2025-07-07T00:52:05.414+0000] {processor.py:925} INFO - DAG(s) 'extract_raw_data_pipeline' retrieved from /opt/airflow/dags/driven_data_pipeline.py
[2025-07-07T00:52:05.445+0000] {logging_mixin.py:190} INFO - [2025-07-07T00:52:05.445+0000] {dag.py:3239} INFO - Sync 1 DAGs
[2025-07-07T00:52:05.474+0000] {logging_mixin.py:190} INFO - [2025-07-07T00:52:05.474+0000] {dag.py:4180} INFO - Setting next_dagrun for extract_raw_data_pipeline to 2025-07-06 07:59:00+00:00, run_after=2025-07-07 07:00:00+00:00
[2025-07-07T00:52:05.499+0000] {processor.py:208} INFO - Processing /opt/airflow/dags/driven_data_pipeline.py took 0.308 seconds
[2025-07-07T00:52:35.838+0000] {processor.py:186} INFO - Started process (PID=239) to work on /opt/airflow/dags/driven_data_pipeline.py
[2025-07-07T00:52:35.840+0000] {processor.py:914} INFO - Processing file /opt/airflow/dags/driven_data_pipeline.py for tasks to queue
[2025-07-07T00:52:35.844+0000] {logging_mixin.py:190} INFO - [2025-07-07T00:52:35.843+0000] {dagbag.py:588} INFO - Filling up the DagBag from /opt/airflow/dags/driven_data_pipeline.py
[2025-07-07T00:52:36.036+0000] {processor.py:925} INFO - DAG(s) 'extract_raw_data_pipeline' retrieved from /opt/airflow/dags/driven_data_pipeline.py
[2025-07-07T00:52:36.073+0000] {logging_mixin.py:190} INFO - [2025-07-07T00:52:36.072+0000] {dag.py:3239} INFO - Sync 1 DAGs
[2025-07-07T00:52:36.113+0000] {logging_mixin.py:190} INFO - [2025-07-07T00:52:36.113+0000] {dag.py:4180} INFO - Setting next_dagrun for extract_raw_data_pipeline to 2025-07-06 07:59:00+00:00, run_after=2025-07-07 07:00:00+00:00
[2025-07-07T00:52:36.150+0000] {processor.py:208} INFO - Processing /opt/airflow/dags/driven_data_pipeline.py took 0.320 seconds
[2025-07-07T00:53:06.536+0000] {processor.py:186} INFO - Started process (PID=247) to work on /opt/airflow/dags/driven_data_pipeline.py
[2025-07-07T00:53:06.539+0000] {processor.py:914} INFO - Processing file /opt/airflow/dags/driven_data_pipeline.py for tasks to queue
[2025-07-07T00:53:06.547+0000] {logging_mixin.py:190} INFO - [2025-07-07T00:53:06.546+0000] {dagbag.py:588} INFO - Filling up the DagBag from /opt/airflow/dags/driven_data_pipeline.py
[2025-07-07T00:53:07.283+0000] {processor.py:925} INFO - DAG(s) 'extract_raw_data_pipeline' retrieved from /opt/airflow/dags/driven_data_pipeline.py
[2025-07-07T00:53:07.377+0000] {logging_mixin.py:190} INFO - [2025-07-07T00:53:07.376+0000] {dag.py:3239} INFO - Sync 1 DAGs
[2025-07-07T00:53:07.446+0000] {logging_mixin.py:190} INFO - [2025-07-07T00:53:07.445+0000] {dag.py:4180} INFO - Setting next_dagrun for extract_raw_data_pipeline to 2025-07-06 07:59:00+00:00, run_after=2025-07-07 07:00:00+00:00
[2025-07-07T00:53:07.510+0000] {processor.py:208} INFO - Processing /opt/airflow/dags/driven_data_pipeline.py took 0.990 seconds
[2025-07-07T00:53:37.989+0000] {processor.py:186} INFO - Started process (PID=255) to work on /opt/airflow/dags/driven_data_pipeline.py
[2025-07-07T00:53:37.991+0000] {processor.py:914} INFO - Processing file /opt/airflow/dags/driven_data_pipeline.py for tasks to queue
[2025-07-07T00:53:37.996+0000] {logging_mixin.py:190} INFO - [2025-07-07T00:53:37.995+0000] {dagbag.py:588} INFO - Filling up the DagBag from /opt/airflow/dags/driven_data_pipeline.py
[2025-07-07T00:53:38.236+0000] {processor.py:925} INFO - DAG(s) 'extract_raw_data_pipeline' retrieved from /opt/airflow/dags/driven_data_pipeline.py
[2025-07-07T00:53:38.276+0000] {logging_mixin.py:190} INFO - [2025-07-07T00:53:38.275+0000] {dag.py:3239} INFO - Sync 1 DAGs
[2025-07-07T00:53:38.302+0000] {logging_mixin.py:190} INFO - [2025-07-07T00:53:38.301+0000] {dag.py:4180} INFO - Setting next_dagrun for extract_raw_data_pipeline to 2025-07-06 07:59:00+00:00, run_after=2025-07-07 07:00:00+00:00
[2025-07-07T00:53:38.329+0000] {processor.py:208} INFO - Processing /opt/airflow/dags/driven_data_pipeline.py took 0.350 seconds
[2025-07-07T00:54:08.455+0000] {processor.py:186} INFO - Started process (PID=264) to work on /opt/airflow/dags/driven_data_pipeline.py
[2025-07-07T00:54:08.457+0000] {processor.py:914} INFO - Processing file /opt/airflow/dags/driven_data_pipeline.py for tasks to queue
[2025-07-07T00:54:08.461+0000] {logging_mixin.py:190} INFO - [2025-07-07T00:54:08.460+0000] {dagbag.py:588} INFO - Filling up the DagBag from /opt/airflow/dags/driven_data_pipeline.py
[2025-07-07T00:54:08.672+0000] {processor.py:925} INFO - DAG(s) 'extract_raw_data_pipeline' retrieved from /opt/airflow/dags/driven_data_pipeline.py
[2025-07-07T00:54:08.713+0000] {logging_mixin.py:190} INFO - [2025-07-07T00:54:08.713+0000] {dag.py:3239} INFO - Sync 1 DAGs
[2025-07-07T00:54:08.746+0000] {logging_mixin.py:190} INFO - [2025-07-07T00:54:08.746+0000] {dag.py:4180} INFO - Setting next_dagrun for extract_raw_data_pipeline to 2025-07-06 07:59:00+00:00, run_after=2025-07-07 07:00:00+00:00
[2025-07-07T00:54:08.777+0000] {processor.py:208} INFO - Processing /opt/airflow/dags/driven_data_pipeline.py took 0.330 seconds
[2025-07-07T00:54:38.997+0000] {processor.py:186} INFO - Started process (PID=272) to work on /opt/airflow/dags/driven_data_pipeline.py
[2025-07-07T00:54:38.998+0000] {processor.py:914} INFO - Processing file /opt/airflow/dags/driven_data_pipeline.py for tasks to queue
[2025-07-07T00:54:39.001+0000] {logging_mixin.py:190} INFO - [2025-07-07T00:54:39.000+0000] {dagbag.py:588} INFO - Filling up the DagBag from /opt/airflow/dags/driven_data_pipeline.py
[2025-07-07T00:54:39.193+0000] {processor.py:925} INFO - DAG(s) 'extract_raw_data_pipeline' retrieved from /opt/airflow/dags/driven_data_pipeline.py
[2025-07-07T00:54:39.227+0000] {logging_mixin.py:190} INFO - [2025-07-07T00:54:39.227+0000] {dag.py:3239} INFO - Sync 1 DAGs
[2025-07-07T00:54:39.258+0000] {logging_mixin.py:190} INFO - [2025-07-07T00:54:39.257+0000] {dag.py:4180} INFO - Setting next_dagrun for extract_raw_data_pipeline to 2025-07-06 07:59:00+00:00, run_after=2025-07-07 07:00:00+00:00
[2025-07-07T00:54:39.281+0000] {processor.py:208} INFO - Processing /opt/airflow/dags/driven_data_pipeline.py took 0.292 seconds
[2025-07-07T00:55:09.551+0000] {processor.py:186} INFO - Started process (PID=280) to work on /opt/airflow/dags/driven_data_pipeline.py
[2025-07-07T00:55:09.552+0000] {processor.py:914} INFO - Processing file /opt/airflow/dags/driven_data_pipeline.py for tasks to queue
[2025-07-07T00:55:09.557+0000] {logging_mixin.py:190} INFO - [2025-07-07T00:55:09.556+0000] {dagbag.py:588} INFO - Filling up the DagBag from /opt/airflow/dags/driven_data_pipeline.py
[2025-07-07T00:55:09.754+0000] {processor.py:925} INFO - DAG(s) 'extract_raw_data_pipeline' retrieved from /opt/airflow/dags/driven_data_pipeline.py
[2025-07-07T00:55:09.786+0000] {logging_mixin.py:190} INFO - [2025-07-07T00:55:09.786+0000] {dag.py:3239} INFO - Sync 1 DAGs
[2025-07-07T00:55:09.815+0000] {logging_mixin.py:190} INFO - [2025-07-07T00:55:09.815+0000] {dag.py:4180} INFO - Setting next_dagrun for extract_raw_data_pipeline to 2025-07-06 07:59:00+00:00, run_after=2025-07-07 07:00:00+00:00
[2025-07-07T00:55:09.839+0000] {processor.py:208} INFO - Processing /opt/airflow/dags/driven_data_pipeline.py took 0.299 seconds
[2025-07-07T00:55:40.420+0000] {processor.py:186} INFO - Started process (PID=288) to work on /opt/airflow/dags/driven_data_pipeline.py
[2025-07-07T00:55:40.422+0000] {processor.py:914} INFO - Processing file /opt/airflow/dags/driven_data_pipeline.py for tasks to queue
[2025-07-07T00:55:40.425+0000] {logging_mixin.py:190} INFO - [2025-07-07T00:55:40.425+0000] {dagbag.py:588} INFO - Filling up the DagBag from /opt/airflow/dags/driven_data_pipeline.py
[2025-07-07T00:55:40.611+0000] {processor.py:925} INFO - DAG(s) 'extract_raw_data_pipeline' retrieved from /opt/airflow/dags/driven_data_pipeline.py
[2025-07-07T00:55:40.638+0000] {logging_mixin.py:190} INFO - [2025-07-07T00:55:40.638+0000] {dag.py:3239} INFO - Sync 1 DAGs
[2025-07-07T00:55:40.665+0000] {logging_mixin.py:190} INFO - [2025-07-07T00:55:40.665+0000] {dag.py:4180} INFO - Setting next_dagrun for extract_raw_data_pipeline to 2025-07-06 07:59:00+00:00, run_after=2025-07-07 07:00:00+00:00
[2025-07-07T00:55:40.688+0000] {processor.py:208} INFO - Processing /opt/airflow/dags/driven_data_pipeline.py took 0.275 seconds
[2025-07-07T00:56:10.924+0000] {processor.py:186} INFO - Started process (PID=296) to work on /opt/airflow/dags/driven_data_pipeline.py
[2025-07-07T00:56:10.925+0000] {processor.py:914} INFO - Processing file /opt/airflow/dags/driven_data_pipeline.py for tasks to queue
[2025-07-07T00:56:10.929+0000] {logging_mixin.py:190} INFO - [2025-07-07T00:56:10.928+0000] {dagbag.py:588} INFO - Filling up the DagBag from /opt/airflow/dags/driven_data_pipeline.py
[2025-07-07T00:56:11.114+0000] {processor.py:925} INFO - DAG(s) 'extract_raw_data_pipeline' retrieved from /opt/airflow/dags/driven_data_pipeline.py
[2025-07-07T00:56:11.145+0000] {logging_mixin.py:190} INFO - [2025-07-07T00:56:11.145+0000] {dag.py:3239} INFO - Sync 1 DAGs
[2025-07-07T00:56:11.174+0000] {logging_mixin.py:190} INFO - [2025-07-07T00:56:11.174+0000] {dag.py:4180} INFO - Setting next_dagrun for extract_raw_data_pipeline to 2025-07-06 07:59:00+00:00, run_after=2025-07-07 07:00:00+00:00
[2025-07-07T00:56:11.198+0000] {processor.py:208} INFO - Processing /opt/airflow/dags/driven_data_pipeline.py took 0.282 seconds
[2025-07-07T00:56:41.635+0000] {processor.py:186} INFO - Started process (PID=304) to work on /opt/airflow/dags/driven_data_pipeline.py
[2025-07-07T00:56:41.637+0000] {processor.py:914} INFO - Processing file /opt/airflow/dags/driven_data_pipeline.py for tasks to queue
[2025-07-07T00:56:41.640+0000] {logging_mixin.py:190} INFO - [2025-07-07T00:56:41.639+0000] {dagbag.py:588} INFO - Filling up the DagBag from /opt/airflow/dags/driven_data_pipeline.py
[2025-07-07T00:56:41.844+0000] {processor.py:925} INFO - DAG(s) 'extract_raw_data_pipeline' retrieved from /opt/airflow/dags/driven_data_pipeline.py
[2025-07-07T00:56:41.879+0000] {logging_mixin.py:190} INFO - [2025-07-07T00:56:41.878+0000] {dag.py:3239} INFO - Sync 1 DAGs
[2025-07-07T00:56:41.911+0000] {logging_mixin.py:190} INFO - [2025-07-07T00:56:41.911+0000] {dag.py:4180} INFO - Setting next_dagrun for extract_raw_data_pipeline to 2025-07-06 07:59:00+00:00, run_after=2025-07-07 07:00:00+00:00
[2025-07-07T00:56:41.938+0000] {processor.py:208} INFO - Processing /opt/airflow/dags/driven_data_pipeline.py took 0.311 seconds
[2025-07-07T00:57:12.157+0000] {processor.py:186} INFO - Started process (PID=312) to work on /opt/airflow/dags/driven_data_pipeline.py
[2025-07-07T00:57:12.161+0000] {processor.py:914} INFO - Processing file /opt/airflow/dags/driven_data_pipeline.py for tasks to queue
[2025-07-07T00:57:12.206+0000] {logging_mixin.py:190} INFO - [2025-07-07T00:57:12.204+0000] {dagbag.py:588} INFO - Filling up the DagBag from /opt/airflow/dags/driven_data_pipeline.py
[2025-07-07T00:57:13.811+0000] {processor.py:925} INFO - DAG(s) 'extract_raw_data_pipeline' retrieved from /opt/airflow/dags/driven_data_pipeline.py
[2025-07-07T00:57:13.967+0000] {logging_mixin.py:190} INFO - [2025-07-07T00:57:13.966+0000] {dag.py:3239} INFO - Sync 1 DAGs
[2025-07-07T00:57:14.129+0000] {logging_mixin.py:190} INFO - [2025-07-07T00:57:14.129+0000] {dag.py:4180} INFO - Setting next_dagrun for extract_raw_data_pipeline to 2025-07-06 07:59:00+00:00, run_after=2025-07-07 07:00:00+00:00
[2025-07-07T00:57:14.194+0000] {processor.py:208} INFO - Processing /opt/airflow/dags/driven_data_pipeline.py took 2.084 seconds
[2025-07-07T00:57:57.744+0000] {processor.py:186} INFO - Started process (PID=314) to work on /opt/airflow/dags/driven_data_pipeline.py
[2025-07-07T00:57:57.774+0000] {processor.py:914} INFO - Processing file /opt/airflow/dags/driven_data_pipeline.py for tasks to queue
[2025-07-07T00:57:57.853+0000] {logging_mixin.py:190} INFO - [2025-07-07T00:57:57.836+0000] {dagbag.py:588} INFO - Filling up the DagBag from /opt/airflow/dags/driven_data_pipeline.py
[2025-07-07T00:58:01.577+0000] {processor.py:925} INFO - DAG(s) 'extract_raw_data_pipeline' retrieved from /opt/airflow/dags/driven_data_pipeline.py
[2025-07-07T00:58:01.804+0000] {logging_mixin.py:190} INFO - [2025-07-07T00:58:01.803+0000] {dag.py:3239} INFO - Sync 1 DAGs
[2025-07-07T00:58:01.905+0000] {logging_mixin.py:190} INFO - [2025-07-07T00:58:01.904+0000] {dag.py:4180} INFO - Setting next_dagrun for extract_raw_data_pipeline to 2025-07-06 07:59:00+00:00, run_after=2025-07-07 07:00:00+00:00
[2025-07-07T00:58:01.966+0000] {processor.py:208} INFO - Processing /opt/airflow/dags/driven_data_pipeline.py took 4.277 seconds
[2025-07-07T00:58:32.875+0000] {processor.py:186} INFO - Started process (PID=334) to work on /opt/airflow/dags/driven_data_pipeline.py
[2025-07-07T00:58:32.886+0000] {processor.py:914} INFO - Processing file /opt/airflow/dags/driven_data_pipeline.py for tasks to queue
[2025-07-07T00:58:32.905+0000] {logging_mixin.py:190} INFO - [2025-07-07T00:58:32.899+0000] {dagbag.py:588} INFO - Filling up the DagBag from /opt/airflow/dags/driven_data_pipeline.py
[2025-07-07T00:58:34.328+0000] {processor.py:925} INFO - DAG(s) 'extract_raw_data_pipeline' retrieved from /opt/airflow/dags/driven_data_pipeline.py
[2025-07-07T00:58:34.402+0000] {logging_mixin.py:190} INFO - [2025-07-07T00:58:34.402+0000] {dag.py:3239} INFO - Sync 1 DAGs
[2025-07-07T00:58:34.469+0000] {logging_mixin.py:190} INFO - [2025-07-07T00:58:34.469+0000] {dag.py:4180} INFO - Setting next_dagrun for extract_raw_data_pipeline to 2025-07-06 07:59:00+00:00, run_after=2025-07-07 07:00:00+00:00
[2025-07-07T00:58:34.508+0000] {processor.py:208} INFO - Processing /opt/airflow/dags/driven_data_pipeline.py took 1.685 seconds
[2025-07-07T00:58:42.651+0000] {processor.py:186} INFO - Started process (PID=342) to work on /opt/airflow/dags/driven_data_pipeline.py
[2025-07-07T00:58:42.653+0000] {processor.py:914} INFO - Processing file /opt/airflow/dags/driven_data_pipeline.py for tasks to queue
[2025-07-07T00:58:42.660+0000] {logging_mixin.py:190} INFO - [2025-07-07T00:58:42.659+0000] {dagbag.py:588} INFO - Filling up the DagBag from /opt/airflow/dags/driven_data_pipeline.py
[2025-07-07T00:58:43.375+0000] {processor.py:925} INFO - DAG(s) 'extract_raw_data_pipeline' retrieved from /opt/airflow/dags/driven_data_pipeline.py
[2025-07-07T00:58:43.460+0000] {logging_mixin.py:190} INFO - [2025-07-07T00:58:43.459+0000] {taskinstance.py:3312} ERROR - {'DAG Id': 'extract_raw_data_pipeline', 'Task Id': 'extract_raw_data', 'Run Id': 'manual__2025-07-07T00:57:24.368721+00:00', 'Hostname': 'c0d9a9916235', 'External Executor Id': 'e87ff3b5-0228-4736-9ccf-13d813c60633'}
[2025-07-07T00:58:43.544+0000] {logging_mixin.py:190} INFO - [2025-07-07T00:58:43.544+0000] {taskinstance.py:1225} INFO - Marking task as FAILED. dag_id=extract_raw_data_pipeline, task_id=extract_raw_data, run_id=manual__2025-07-07T00:57:24.368721+00:00, execution_date=20250707T005724, start_date=20250707T005817, end_date=20250707T005843
[2025-07-07T00:58:43.579+0000] {logging_mixin.py:190} INFO - [2025-07-07T00:58:43.579+0000] {processor.py:876} INFO - Executed callback for <TaskInstance: extract_raw_data_pipeline.extract_raw_data manual__2025-07-07T00:57:24.368721+00:00 [failed]> in state failed
[2025-07-07T00:58:43.632+0000] {logging_mixin.py:190} INFO - [2025-07-07T00:58:43.632+0000] {dag.py:3239} INFO - Sync 1 DAGs
[2025-07-07T00:58:43.692+0000] {logging_mixin.py:190} INFO - [2025-07-07T00:58:43.692+0000] {dag.py:4180} INFO - Setting next_dagrun for extract_raw_data_pipeline to 2025-07-06 07:59:00+00:00, run_after=2025-07-07 07:00:00+00:00
[2025-07-07T00:58:43.743+0000] {processor.py:208} INFO - Processing /opt/airflow/dags/driven_data_pipeline.py took 1.109 seconds
[2025-07-07T00:58:52.719+0000] {processor.py:186} INFO - Started process (PID=344) to work on /opt/airflow/dags/driven_data_pipeline.py
[2025-07-07T00:58:52.720+0000] {processor.py:914} INFO - Processing file /opt/airflow/dags/driven_data_pipeline.py for tasks to queue
[2025-07-07T00:58:52.724+0000] {logging_mixin.py:190} INFO - [2025-07-07T00:58:52.723+0000] {dagbag.py:588} INFO - Filling up the DagBag from /opt/airflow/dags/driven_data_pipeline.py
[2025-07-07T00:58:52.994+0000] {processor.py:925} INFO - DAG(s) 'extract_raw_data_pipeline' retrieved from /opt/airflow/dags/driven_data_pipeline.py
[2025-07-07T00:58:53.018+0000] {logging_mixin.py:190} INFO - [2025-07-07T00:58:53.018+0000] {taskinstance.py:3312} ERROR - {'DAG Id': 'extract_raw_data_pipeline', 'Task Id': 'create_raw_schema', 'Run Id': 'manual__2025-07-07T00:57:24.368721+00:00', 'Hostname': 'c0d9a9916235', 'External Executor Id': 'f542f1de-fe22-4ce2-8800-535c5a6582eb'}
[2025-07-07T00:58:53.051+0000] {logging_mixin.py:190} INFO - [2025-07-07T00:58:53.051+0000] {taskinstance.py:1225} INFO - Marking task as FAILED. dag_id=extract_raw_data_pipeline, task_id=create_raw_schema, run_id=manual__2025-07-07T00:57:24.368721+00:00, execution_date=20250707T005724, start_date=20250707T005817, end_date=20250707T005853
[2025-07-07T00:58:53.068+0000] {logging_mixin.py:190} INFO - [2025-07-07T00:58:53.068+0000] {processor.py:876} INFO - Executed callback for <TaskInstance: extract_raw_data_pipeline.create_raw_schema manual__2025-07-07T00:57:24.368721+00:00 [failed]> in state failed
[2025-07-07T00:58:53.072+0000] {logging_mixin.py:190} INFO - [2025-07-07T00:58:53.072+0000] {taskinstance.py:3312} ERROR - {'DAG Id': 'extract_raw_data_pipeline', 'Task Id': 'create_raw_schema', 'Run Id': 'manual__2025-07-07T00:57:24.368721+00:00', 'Hostname': 'c0d9a9916235', 'External Executor Id': 'f542f1de-fe22-4ce2-8800-535c5a6582eb'}
[2025-07-07T00:58:53.084+0000] {logging_mixin.py:190} INFO - [2025-07-07T00:58:53.084+0000] {taskinstance.py:1225} INFO - Marking task as FAILED. dag_id=extract_raw_data_pipeline, task_id=create_raw_schema, run_id=manual__2025-07-07T00:57:24.368721+00:00, execution_date=20250707T005724, start_date=20250707T005817, end_date=20250707T005853
[2025-07-07T00:58:53.090+0000] {logging_mixin.py:190} INFO - [2025-07-07T00:58:53.090+0000] {processor.py:876} INFO - Executed callback for <TaskInstance: extract_raw_data_pipeline.create_raw_schema manual__2025-07-07T00:57:24.368721+00:00 [failed]> in state failed
[2025-07-07T00:58:53.110+0000] {logging_mixin.py:190} INFO - [2025-07-07T00:58:53.110+0000] {dag.py:3239} INFO - Sync 1 DAGs
[2025-07-07T00:58:53.135+0000] {logging_mixin.py:190} INFO - [2025-07-07T00:58:53.134+0000] {dag.py:4180} INFO - Setting next_dagrun for extract_raw_data_pipeline to 2025-07-06 07:59:00+00:00, run_after=2025-07-07 07:00:00+00:00
[2025-07-07T00:58:53.156+0000] {processor.py:208} INFO - Processing /opt/airflow/dags/driven_data_pipeline.py took 0.446 seconds
[2025-07-07T00:59:23.774+0000] {processor.py:186} INFO - Started process (PID=352) to work on /opt/airflow/dags/driven_data_pipeline.py
[2025-07-07T00:59:23.777+0000] {processor.py:914} INFO - Processing file /opt/airflow/dags/driven_data_pipeline.py for tasks to queue
[2025-07-07T00:59:23.785+0000] {logging_mixin.py:190} INFO - [2025-07-07T00:59:23.783+0000] {dagbag.py:588} INFO - Filling up the DagBag from /opt/airflow/dags/driven_data_pipeline.py
[2025-07-07T00:59:31.454+0000] {processor.py:925} INFO - DAG(s) 'extract_raw_data_pipeline' retrieved from /opt/airflow/dags/driven_data_pipeline.py
[2025-07-07T01:04:07.393+0000] {processor.py:186} INFO - Started process (PID=354) to work on /opt/airflow/dags/driven_data_pipeline.py
[2025-07-07T01:04:08.105+0000] {processor.py:914} INFO - Processing file /opt/airflow/dags/driven_data_pipeline.py for tasks to queue
[2025-07-07T01:04:09.557+0000] {logging_mixin.py:190} INFO - [2025-07-07T01:04:08.875+0000] {dagbag.py:588} INFO - Filling up the DagBag from /opt/airflow/dags/driven_data_pipeline.py
[2025-07-07T01:06:04.893+0000] {logging_mixin.py:190} INFO - [2025-07-07T01:06:04.856+0000] {timeout.py:68} ERROR - Process timed out, PID: 354
[2025-07-07T01:06:11.555+0000] {processor.py:186} INFO - Started process (PID=363) to work on /opt/airflow/dags/driven_data_pipeline.py
[2025-07-07T01:06:11.557+0000] {processor.py:914} INFO - Processing file /opt/airflow/dags/driven_data_pipeline.py for tasks to queue
[2025-07-07T01:06:11.559+0000] {logging_mixin.py:190} INFO - [2025-07-07T01:06:11.558+0000] {dagbag.py:588} INFO - Filling up the DagBag from /opt/airflow/dags/driven_data_pipeline.py
[2025-07-07T01:06:12.421+0000] {processor.py:925} INFO - DAG(s) 'extract_raw_data_pipeline' retrieved from /opt/airflow/dags/driven_data_pipeline.py
[2025-07-07T01:06:12.875+0000] {logging_mixin.py:190} INFO - [2025-07-07T01:06:12.859+0000] {dag.py:3239} INFO - Sync 1 DAGs
[2025-07-07T01:06:12.914+0000] {logging_mixin.py:190} INFO - [2025-07-07T01:06:12.914+0000] {dag.py:4180} INFO - Setting next_dagrun for extract_raw_data_pipeline to 2025-07-06 07:59:00+00:00, run_after=2025-07-07 07:00:00+00:00
[2025-07-07T01:06:12.953+0000] {processor.py:208} INFO - Processing /opt/airflow/dags/driven_data_pipeline.py took 1.407 seconds
[2025-07-07T01:06:43.115+0000] {processor.py:186} INFO - Started process (PID=371) to work on /opt/airflow/dags/driven_data_pipeline.py
[2025-07-07T01:06:43.117+0000] {processor.py:914} INFO - Processing file /opt/airflow/dags/driven_data_pipeline.py for tasks to queue
[2025-07-07T01:06:43.119+0000] {logging_mixin.py:190} INFO - [2025-07-07T01:06:43.119+0000] {dagbag.py:588} INFO - Filling up the DagBag from /opt/airflow/dags/driven_data_pipeline.py
[2025-07-07T01:06:43.410+0000] {processor.py:925} INFO - DAG(s) 'extract_raw_data_pipeline' retrieved from /opt/airflow/dags/driven_data_pipeline.py
[2025-07-07T01:06:43.442+0000] {logging_mixin.py:190} INFO - [2025-07-07T01:06:43.441+0000] {dag.py:3239} INFO - Sync 1 DAGs
[2025-07-07T01:06:43.470+0000] {logging_mixin.py:190} INFO - [2025-07-07T01:06:43.469+0000] {dag.py:4180} INFO - Setting next_dagrun for extract_raw_data_pipeline to 2025-07-06 07:59:00+00:00, run_after=2025-07-07 07:00:00+00:00
[2025-07-07T01:06:43.496+0000] {processor.py:208} INFO - Processing /opt/airflow/dags/driven_data_pipeline.py took 0.389 seconds
[2025-07-07T01:07:13.927+0000] {processor.py:186} INFO - Started process (PID=379) to work on /opt/airflow/dags/driven_data_pipeline.py
[2025-07-07T01:07:13.929+0000] {processor.py:914} INFO - Processing file /opt/airflow/dags/driven_data_pipeline.py for tasks to queue
[2025-07-07T01:07:13.932+0000] {logging_mixin.py:190} INFO - [2025-07-07T01:07:13.932+0000] {dagbag.py:588} INFO - Filling up the DagBag from /opt/airflow/dags/driven_data_pipeline.py
[2025-07-07T01:07:14.352+0000] {processor.py:925} INFO - DAG(s) 'extract_raw_data_pipeline' retrieved from /opt/airflow/dags/driven_data_pipeline.py
[2025-07-07T01:07:14.431+0000] {logging_mixin.py:190} INFO - [2025-07-07T01:07:14.430+0000] {dag.py:3239} INFO - Sync 1 DAGs
[2025-07-07T01:07:14.499+0000] {logging_mixin.py:190} INFO - [2025-07-07T01:07:14.498+0000] {dag.py:4180} INFO - Setting next_dagrun for extract_raw_data_pipeline to 2025-07-06 07:59:00+00:00, run_after=2025-07-07 07:00:00+00:00
[2025-07-07T01:07:14.542+0000] {processor.py:208} INFO - Processing /opt/airflow/dags/driven_data_pipeline.py took 0.628 seconds
[2025-07-07T01:07:45.087+0000] {processor.py:186} INFO - Started process (PID=388) to work on /opt/airflow/dags/driven_data_pipeline.py
[2025-07-07T01:07:45.090+0000] {processor.py:914} INFO - Processing file /opt/airflow/dags/driven_data_pipeline.py for tasks to queue
[2025-07-07T01:07:45.092+0000] {logging_mixin.py:190} INFO - [2025-07-07T01:07:45.091+0000] {dagbag.py:588} INFO - Filling up the DagBag from /opt/airflow/dags/driven_data_pipeline.py
[2025-07-07T01:07:47.133+0000] {processor.py:925} INFO - DAG(s) 'extract_raw_data_pipeline' retrieved from /opt/airflow/dags/driven_data_pipeline.py
[2025-07-07T01:07:47.179+0000] {logging_mixin.py:190} INFO - [2025-07-07T01:07:47.178+0000] {dag.py:3239} INFO - Sync 1 DAGs
[2025-07-07T01:07:47.239+0000] {logging_mixin.py:190} INFO - [2025-07-07T01:07:47.239+0000] {dag.py:4180} INFO - Setting next_dagrun for extract_raw_data_pipeline to 2025-07-06 07:59:00+00:00, run_after=2025-07-07 07:00:00+00:00
[2025-07-07T01:07:47.292+0000] {processor.py:208} INFO - Processing /opt/airflow/dags/driven_data_pipeline.py took 2.218 seconds
[2025-07-07T01:08:17.732+0000] {processor.py:186} INFO - Started process (PID=396) to work on /opt/airflow/dags/driven_data_pipeline.py
[2025-07-07T01:08:17.734+0000] {processor.py:914} INFO - Processing file /opt/airflow/dags/driven_data_pipeline.py for tasks to queue
[2025-07-07T01:08:17.736+0000] {logging_mixin.py:190} INFO - [2025-07-07T01:08:17.735+0000] {dagbag.py:588} INFO - Filling up the DagBag from /opt/airflow/dags/driven_data_pipeline.py
[2025-07-07T01:08:18.094+0000] {processor.py:925} INFO - DAG(s) 'extract_raw_data_pipeline' retrieved from /opt/airflow/dags/driven_data_pipeline.py
[2025-07-07T01:08:18.184+0000] {logging_mixin.py:190} INFO - [2025-07-07T01:08:18.183+0000] {dag.py:3239} INFO - Sync 1 DAGs
[2025-07-07T01:08:18.275+0000] {logging_mixin.py:190} INFO - [2025-07-07T01:08:18.274+0000] {dag.py:4180} INFO - Setting next_dagrun for extract_raw_data_pipeline to 2025-07-06 07:59:00+00:00, run_after=2025-07-07 07:00:00+00:00
[2025-07-07T01:08:18.325+0000] {processor.py:208} INFO - Processing /opt/airflow/dags/driven_data_pipeline.py took 0.603 seconds
[2025-07-07T01:08:48.857+0000] {processor.py:186} INFO - Started process (PID=404) to work on /opt/airflow/dags/driven_data_pipeline.py
[2025-07-07T01:08:48.858+0000] {processor.py:914} INFO - Processing file /opt/airflow/dags/driven_data_pipeline.py for tasks to queue
[2025-07-07T01:08:48.860+0000] {logging_mixin.py:190} INFO - [2025-07-07T01:08:48.860+0000] {dagbag.py:588} INFO - Filling up the DagBag from /opt/airflow/dags/driven_data_pipeline.py
[2025-07-07T01:08:55.107+0000] {processor.py:925} INFO - DAG(s) 'extract_raw_data_pipeline' retrieved from /opt/airflow/dags/driven_data_pipeline.py
[2025-07-07T01:08:56.086+0000] {logging_mixin.py:190} INFO - [2025-07-07T01:08:56.086+0000] {dag.py:3239} INFO - Sync 1 DAGs
[2025-07-07T01:08:56.107+0000] {logging_mixin.py:190} INFO - [2025-07-07T01:08:56.107+0000] {dag.py:4180} INFO - Setting next_dagrun for extract_raw_data_pipeline to 2025-07-06 07:59:00+00:00, run_after=2025-07-07 07:00:00+00:00
[2025-07-07T01:08:58.543+0000] {processor.py:208} INFO - Processing /opt/airflow/dags/driven_data_pipeline.py took 9.695 seconds
[2025-07-07T01:09:28.900+0000] {processor.py:186} INFO - Started process (PID=406) to work on /opt/airflow/dags/driven_data_pipeline.py
[2025-07-07T01:09:28.903+0000] {processor.py:914} INFO - Processing file /opt/airflow/dags/driven_data_pipeline.py for tasks to queue
[2025-07-07T01:09:28.909+0000] {logging_mixin.py:190} INFO - [2025-07-07T01:09:28.907+0000] {dagbag.py:588} INFO - Filling up the DagBag from /opt/airflow/dags/driven_data_pipeline.py
[2025-07-07T01:09:29.890+0000] {processor.py:925} INFO - DAG(s) 'extract_raw_data_pipeline' retrieved from /opt/airflow/dags/driven_data_pipeline.py
[2025-07-07T01:09:30.044+0000] {logging_mixin.py:190} INFO - [2025-07-07T01:09:30.033+0000] {dag.py:3239} INFO - Sync 1 DAGs
[2025-07-07T01:09:30.224+0000] {logging_mixin.py:190} INFO - [2025-07-07T01:09:30.223+0000] {dag.py:4180} INFO - Setting next_dagrun for extract_raw_data_pipeline to 2025-07-06 07:59:00+00:00, run_after=2025-07-07 07:00:00+00:00
[2025-07-07T01:09:30.392+0000] {processor.py:208} INFO - Processing /opt/airflow/dags/driven_data_pipeline.py took 1.531 seconds
[2025-07-07T01:10:01.180+0000] {processor.py:186} INFO - Started process (PID=414) to work on /opt/airflow/dags/driven_data_pipeline.py
[2025-07-07T01:10:01.195+0000] {processor.py:914} INFO - Processing file /opt/airflow/dags/driven_data_pipeline.py for tasks to queue
[2025-07-07T01:10:01.201+0000] {logging_mixin.py:190} INFO - [2025-07-07T01:10:01.200+0000] {dagbag.py:588} INFO - Filling up the DagBag from /opt/airflow/dags/driven_data_pipeline.py
[2025-07-07T01:10:02.463+0000] {processor.py:925} INFO - DAG(s) 'extract_raw_data_pipeline' retrieved from /opt/airflow/dags/driven_data_pipeline.py
[2025-07-07T01:10:02.567+0000] {logging_mixin.py:190} INFO - [2025-07-07T01:10:02.566+0000] {dag.py:3239} INFO - Sync 1 DAGs
[2025-07-07T01:10:02.677+0000] {logging_mixin.py:190} INFO - [2025-07-07T01:10:02.676+0000] {dag.py:4180} INFO - Setting next_dagrun for extract_raw_data_pipeline to 2025-07-06 07:59:00+00:00, run_after=2025-07-07 07:00:00+00:00
[2025-07-07T01:10:02.766+0000] {processor.py:208} INFO - Processing /opt/airflow/dags/driven_data_pipeline.py took 1.629 seconds
[2025-07-07T01:10:33.593+0000] {processor.py:186} INFO - Started process (PID=427) to work on /opt/airflow/dags/driven_data_pipeline.py
[2025-07-07T01:10:33.597+0000] {processor.py:914} INFO - Processing file /opt/airflow/dags/driven_data_pipeline.py for tasks to queue
[2025-07-07T01:10:33.612+0000] {logging_mixin.py:190} INFO - [2025-07-07T01:10:33.610+0000] {dagbag.py:588} INFO - Filling up the DagBag from /opt/airflow/dags/driven_data_pipeline.py
[2025-07-07T01:10:34.875+0000] {processor.py:925} INFO - DAG(s) 'extract_raw_data_pipeline' retrieved from /opt/airflow/dags/driven_data_pipeline.py
[2025-07-07T01:10:35.162+0000] {logging_mixin.py:190} INFO - [2025-07-07T01:10:35.161+0000] {dag.py:3239} INFO - Sync 1 DAGs
[2025-07-07T01:10:35.371+0000] {logging_mixin.py:190} INFO - [2025-07-07T01:10:35.370+0000] {dag.py:4180} INFO - Setting next_dagrun for extract_raw_data_pipeline to 2025-07-06 07:59:00+00:00, run_after=2025-07-07 07:00:00+00:00
[2025-07-07T01:10:35.542+0000] {processor.py:208} INFO - Processing /opt/airflow/dags/driven_data_pipeline.py took 2.018 seconds
[2025-07-07T01:11:06.308+0000] {processor.py:186} INFO - Started process (PID=435) to work on /opt/airflow/dags/driven_data_pipeline.py
[2025-07-07T01:11:06.322+0000] {processor.py:914} INFO - Processing file /opt/airflow/dags/driven_data_pipeline.py for tasks to queue
[2025-07-07T01:11:06.336+0000] {logging_mixin.py:190} INFO - [2025-07-07T01:11:06.326+0000] {dagbag.py:588} INFO - Filling up the DagBag from /opt/airflow/dags/driven_data_pipeline.py
[2025-07-07T01:11:07.655+0000] {processor.py:925} INFO - DAG(s) 'extract_raw_data_pipeline' retrieved from /opt/airflow/dags/driven_data_pipeline.py
[2025-07-07T01:11:07.809+0000] {logging_mixin.py:190} INFO - [2025-07-07T01:11:07.805+0000] {dag.py:3239} INFO - Sync 1 DAGs
[2025-07-07T01:11:08.000+0000] {logging_mixin.py:190} INFO - [2025-07-07T01:11:07.999+0000] {dag.py:4180} INFO - Setting next_dagrun for extract_raw_data_pipeline to 2025-07-06 07:59:00+00:00, run_after=2025-07-07 07:00:00+00:00
[2025-07-07T01:11:08.126+0000] {processor.py:208} INFO - Processing /opt/airflow/dags/driven_data_pipeline.py took 1.886 seconds
[2025-07-07T01:11:39.372+0000] {processor.py:186} INFO - Started process (PID=444) to work on /opt/airflow/dags/driven_data_pipeline.py
[2025-07-07T01:11:39.381+0000] {processor.py:914} INFO - Processing file /opt/airflow/dags/driven_data_pipeline.py for tasks to queue
[2025-07-07T01:11:39.393+0000] {logging_mixin.py:190} INFO - [2025-07-07T01:11:39.386+0000] {dagbag.py:588} INFO - Filling up the DagBag from /opt/airflow/dags/driven_data_pipeline.py
[2025-07-07T01:11:40.626+0000] {processor.py:925} INFO - DAG(s) 'extract_raw_data_pipeline' retrieved from /opt/airflow/dags/driven_data_pipeline.py
[2025-07-07T01:11:40.839+0000] {logging_mixin.py:190} INFO - [2025-07-07T01:11:40.838+0000] {dag.py:3239} INFO - Sync 1 DAGs
[2025-07-07T01:11:41.052+0000] {logging_mixin.py:190} INFO - [2025-07-07T01:11:41.051+0000] {dag.py:4180} INFO - Setting next_dagrun for extract_raw_data_pipeline to 2025-07-06 07:59:00+00:00, run_after=2025-07-07 07:00:00+00:00
[2025-07-07T01:11:41.158+0000] {processor.py:208} INFO - Processing /opt/airflow/dags/driven_data_pipeline.py took 1.846 seconds
[2025-07-07T01:12:11.955+0000] {processor.py:186} INFO - Started process (PID=452) to work on /opt/airflow/dags/driven_data_pipeline.py
[2025-07-07T01:12:11.958+0000] {processor.py:914} INFO - Processing file /opt/airflow/dags/driven_data_pipeline.py for tasks to queue
[2025-07-07T01:12:11.964+0000] {logging_mixin.py:190} INFO - [2025-07-07T01:12:11.962+0000] {dagbag.py:588} INFO - Filling up the DagBag from /opt/airflow/dags/driven_data_pipeline.py
[2025-07-07T01:12:12.543+0000] {processor.py:925} INFO - DAG(s) 'extract_raw_data_pipeline' retrieved from /opt/airflow/dags/driven_data_pipeline.py
[2025-07-07T01:12:12.679+0000] {logging_mixin.py:190} INFO - [2025-07-07T01:12:12.678+0000] {dag.py:3239} INFO - Sync 1 DAGs
[2025-07-07T01:12:12.807+0000] {logging_mixin.py:190} INFO - [2025-07-07T01:12:12.806+0000] {dag.py:4180} INFO - Setting next_dagrun for extract_raw_data_pipeline to 2025-07-06 07:59:00+00:00, run_after=2025-07-07 07:00:00+00:00
[2025-07-07T01:12:12.886+0000] {processor.py:208} INFO - Processing /opt/airflow/dags/driven_data_pipeline.py took 0.955 seconds
[2025-07-07T01:12:17.250+0000] {processor.py:186} INFO - Started process (PID=454) to work on /opt/airflow/dags/driven_data_pipeline.py
[2025-07-07T01:12:17.257+0000] {processor.py:914} INFO - Processing file /opt/airflow/dags/driven_data_pipeline.py for tasks to queue
[2025-07-07T01:12:17.263+0000] {logging_mixin.py:190} INFO - [2025-07-07T01:12:17.261+0000] {dagbag.py:588} INFO - Filling up the DagBag from /opt/airflow/dags/driven_data_pipeline.py
[2025-07-07T01:12:17.389+0000] {processor.py:925} INFO - DAG(s) 'extract_raw_data_pipeline' retrieved from /opt/airflow/dags/driven_data_pipeline.py
[2025-07-07T01:12:18.125+0000] {logging_mixin.py:190} INFO - [2025-07-07T01:12:18.125+0000] {dag.py:3239} INFO - Sync 1 DAGs
[2025-07-07T01:12:18.203+0000] {logging_mixin.py:190} INFO - [2025-07-07T01:12:18.203+0000] {dag.py:4180} INFO - Setting next_dagrun for extract_raw_data_pipeline to 2025-07-06 07:59:00+00:00, run_after=2025-07-07 07:00:00+00:00
[2025-07-07T01:12:18.299+0000] {processor.py:208} INFO - Processing /opt/airflow/dags/driven_data_pipeline.py took 1.081 seconds
[2025-07-07T01:15:49.425+0000] {processor.py:186} INFO - Started process (PID=79) to work on /opt/airflow/dags/driven_data_pipeline.py
[2025-07-07T01:15:49.428+0000] {processor.py:914} INFO - Processing file /opt/airflow/dags/driven_data_pipeline.py for tasks to queue
[2025-07-07T01:15:49.457+0000] {logging_mixin.py:190} INFO - [2025-07-07T01:15:49.454+0000] {dagbag.py:588} INFO - Filling up the DagBag from /opt/airflow/dags/driven_data_pipeline.py
[2025-07-07T01:15:49.800+0000] {processor.py:925} INFO - DAG(s) 'extract_raw_data_pipeline' retrieved from /opt/airflow/dags/driven_data_pipeline.py
[2025-07-07T01:15:50.087+0000] {logging_mixin.py:190} INFO - [2025-07-07T01:15:50.086+0000] {dag.py:3239} INFO - Sync 1 DAGs
[2025-07-07T01:15:50.235+0000] {logging_mixin.py:190} INFO - [2025-07-07T01:15:50.234+0000] {dag.py:4180} INFO - Setting next_dagrun for extract_raw_data_pipeline to 2025-07-06 07:59:00+00:00, run_after=2025-07-07 07:00:00+00:00
[2025-07-07T01:15:50.326+0000] {processor.py:208} INFO - Processing /opt/airflow/dags/driven_data_pipeline.py took 1.009 seconds
[2025-07-07T01:16:20.971+0000] {processor.py:186} INFO - Started process (PID=86) to work on /opt/airflow/dags/driven_data_pipeline.py
[2025-07-07T01:16:20.983+0000] {processor.py:914} INFO - Processing file /opt/airflow/dags/driven_data_pipeline.py for tasks to queue
[2025-07-07T01:16:21.014+0000] {logging_mixin.py:190} INFO - [2025-07-07T01:16:21.012+0000] {dagbag.py:588} INFO - Filling up the DagBag from /opt/airflow/dags/driven_data_pipeline.py
[2025-07-07T01:16:21.254+0000] {processor.py:925} INFO - DAG(s) 'extract_raw_data_pipeline' retrieved from /opt/airflow/dags/driven_data_pipeline.py
[2025-07-07T01:16:21.392+0000] {logging_mixin.py:190} INFO - [2025-07-07T01:16:21.392+0000] {dag.py:3239} INFO - Sync 1 DAGs
[2025-07-07T01:16:21.570+0000] {logging_mixin.py:190} INFO - [2025-07-07T01:16:21.569+0000] {dag.py:4180} INFO - Setting next_dagrun for extract_raw_data_pipeline to 2025-07-06 07:59:00+00:00, run_after=2025-07-07 07:00:00+00:00
[2025-07-07T01:16:21.636+0000] {processor.py:208} INFO - Processing /opt/airflow/dags/driven_data_pipeline.py took 0.704 seconds
[2025-07-07T01:16:55.644+0000] {processor.py:186} INFO - Started process (PID=93) to work on /opt/airflow/dags/driven_data_pipeline.py
[2025-07-07T01:16:55.819+0000] {processor.py:914} INFO - Processing file /opt/airflow/dags/driven_data_pipeline.py for tasks to queue
[2025-07-07T01:16:59.960+0000] {logging_mixin.py:190} INFO - [2025-07-07T01:16:59.959+0000] {dagbag.py:588} INFO - Filling up the DagBag from /opt/airflow/dags/driven_data_pipeline.py
[2025-07-07T01:17:01.702+0000] {processor.py:925} INFO - DAG(s) 'extract_raw_data_pipeline' retrieved from /opt/airflow/dags/driven_data_pipeline.py
[2025-07-07T01:17:01.888+0000] {logging_mixin.py:190} INFO - [2025-07-07T01:17:01.886+0000] {dag.py:3239} INFO - Sync 1 DAGs
[2025-07-07T01:17:02.623+0000] {logging_mixin.py:190} INFO - [2025-07-07T01:17:02.622+0000] {dag.py:4180} INFO - Setting next_dagrun for extract_raw_data_pipeline to 2025-07-06 07:59:00+00:00, run_after=2025-07-07 07:00:00+00:00
[2025-07-07T01:17:02.746+0000] {processor.py:208} INFO - Processing /opt/airflow/dags/driven_data_pipeline.py took 7.813 seconds
[2025-07-07T01:17:33.345+0000] {processor.py:186} INFO - Started process (PID=100) to work on /opt/airflow/dags/driven_data_pipeline.py
[2025-07-07T01:17:33.364+0000] {processor.py:914} INFO - Processing file /opt/airflow/dags/driven_data_pipeline.py for tasks to queue
[2025-07-07T01:17:33.398+0000] {logging_mixin.py:190} INFO - [2025-07-07T01:17:33.394+0000] {dagbag.py:588} INFO - Filling up the DagBag from /opt/airflow/dags/driven_data_pipeline.py
[2025-07-07T01:17:33.829+0000] {processor.py:925} INFO - DAG(s) 'extract_raw_data_pipeline' retrieved from /opt/airflow/dags/driven_data_pipeline.py
[2025-07-07T01:17:34.058+0000] {logging_mixin.py:190} INFO - [2025-07-07T01:17:34.057+0000] {dag.py:3239} INFO - Sync 1 DAGs
[2025-07-07T01:17:34.367+0000] {logging_mixin.py:190} INFO - [2025-07-07T01:17:34.367+0000] {dag.py:4180} INFO - Setting next_dagrun for extract_raw_data_pipeline to 2025-07-06 07:59:00+00:00, run_after=2025-07-07 07:00:00+00:00
[2025-07-07T01:17:34.469+0000] {processor.py:208} INFO - Processing /opt/airflow/dags/driven_data_pipeline.py took 1.200 seconds
[2025-07-07T01:18:38.196+0000] {processor.py:186} INFO - Started process (PID=115) to work on /opt/airflow/dags/driven_data_pipeline.py
[2025-07-07T01:18:38.242+0000] {processor.py:914} INFO - Processing file /opt/airflow/dags/driven_data_pipeline.py for tasks to queue
[2025-07-07T01:18:38.381+0000] {logging_mixin.py:190} INFO - [2025-07-07T01:18:38.278+0000] {dagbag.py:588} INFO - Filling up the DagBag from /opt/airflow/dags/driven_data_pipeline.py
[2025-07-07T01:18:43.195+0000] {processor.py:925} INFO - DAG(s) 'extract_raw_data_pipeline' retrieved from /opt/airflow/dags/driven_data_pipeline.py
[2025-07-07T01:18:43.543+0000] {logging_mixin.py:190} INFO - [2025-07-07T01:18:43.541+0000] {dag.py:3239} INFO - Sync 1 DAGs
[2025-07-07T01:18:43.769+0000] {logging_mixin.py:190} INFO - [2025-07-07T01:18:43.768+0000] {dag.py:4180} INFO - Setting next_dagrun for extract_raw_data_pipeline to 2025-07-06 07:59:00+00:00, run_after=2025-07-07 07:00:00+00:00
[2025-07-07T01:18:43.881+0000] {processor.py:208} INFO - Processing /opt/airflow/dags/driven_data_pipeline.py took 5.918 seconds
[2025-07-07T01:19:14.815+0000] {processor.py:186} INFO - Started process (PID=122) to work on /opt/airflow/dags/driven_data_pipeline.py
[2025-07-07T01:19:14.820+0000] {processor.py:914} INFO - Processing file /opt/airflow/dags/driven_data_pipeline.py for tasks to queue
[2025-07-07T01:19:14.829+0000] {logging_mixin.py:190} INFO - [2025-07-07T01:19:14.828+0000] {dagbag.py:588} INFO - Filling up the DagBag from /opt/airflow/dags/driven_data_pipeline.py
[2025-07-07T01:19:14.973+0000] {processor.py:925} INFO - DAG(s) 'extract_raw_data_pipeline' retrieved from /opt/airflow/dags/driven_data_pipeline.py
[2025-07-07T01:19:15.084+0000] {logging_mixin.py:190} INFO - [2025-07-07T01:19:15.084+0000] {dag.py:3239} INFO - Sync 1 DAGs
[2025-07-07T01:19:15.185+0000] {logging_mixin.py:190} INFO - [2025-07-07T01:19:15.185+0000] {dag.py:4180} INFO - Setting next_dagrun for extract_raw_data_pipeline to 2025-07-06 07:59:00+00:00, run_after=2025-07-07 07:00:00+00:00
[2025-07-07T01:19:15.247+0000] {processor.py:208} INFO - Processing /opt/airflow/dags/driven_data_pipeline.py took 0.464 seconds
[2025-07-07T01:19:45.720+0000] {processor.py:186} INFO - Started process (PID=129) to work on /opt/airflow/dags/driven_data_pipeline.py
[2025-07-07T01:19:45.726+0000] {processor.py:914} INFO - Processing file /opt/airflow/dags/driven_data_pipeline.py for tasks to queue
[2025-07-07T01:19:45.734+0000] {logging_mixin.py:190} INFO - [2025-07-07T01:19:45.733+0000] {dagbag.py:588} INFO - Filling up the DagBag from /opt/airflow/dags/driven_data_pipeline.py
[2025-07-07T01:19:46.492+0000] {processor.py:925} INFO - DAG(s) 'extract_raw_data_pipeline' retrieved from /opt/airflow/dags/driven_data_pipeline.py
[2025-07-07T01:19:47.002+0000] {logging_mixin.py:190} INFO - [2025-07-07T01:19:47.002+0000] {dag.py:3239} INFO - Sync 1 DAGs
[2025-07-07T01:19:47.079+0000] {logging_mixin.py:190} INFO - [2025-07-07T01:19:47.078+0000] {dag.py:4180} INFO - Setting next_dagrun for extract_raw_data_pipeline to 2025-07-06 07:59:00+00:00, run_after=2025-07-07 07:00:00+00:00
[2025-07-07T01:19:48.355+0000] {processor.py:208} INFO - Processing /opt/airflow/dags/driven_data_pipeline.py took 2.649 seconds
[2025-07-07T01:20:19.029+0000] {processor.py:186} INFO - Started process (PID=136) to work on /opt/airflow/dags/driven_data_pipeline.py
[2025-07-07T01:20:19.030+0000] {processor.py:914} INFO - Processing file /opt/airflow/dags/driven_data_pipeline.py for tasks to queue
[2025-07-07T01:20:19.034+0000] {logging_mixin.py:190} INFO - [2025-07-07T01:20:19.033+0000] {dagbag.py:588} INFO - Filling up the DagBag from /opt/airflow/dags/driven_data_pipeline.py
[2025-07-07T01:20:19.126+0000] {processor.py:925} INFO - DAG(s) 'extract_raw_data_pipeline' retrieved from /opt/airflow/dags/driven_data_pipeline.py
[2025-07-07T01:20:19.209+0000] {logging_mixin.py:190} INFO - [2025-07-07T01:20:19.209+0000] {dag.py:3239} INFO - Sync 1 DAGs
[2025-07-07T01:20:19.271+0000] {logging_mixin.py:190} INFO - [2025-07-07T01:20:19.271+0000] {dag.py:4180} INFO - Setting next_dagrun for extract_raw_data_pipeline to 2025-07-06 07:59:00+00:00, run_after=2025-07-07 07:00:00+00:00
[2025-07-07T01:20:19.325+0000] {processor.py:208} INFO - Processing /opt/airflow/dags/driven_data_pipeline.py took 0.307 seconds
[2025-07-07T01:20:49.632+0000] {processor.py:186} INFO - Started process (PID=143) to work on /opt/airflow/dags/driven_data_pipeline.py
[2025-07-07T01:20:49.634+0000] {processor.py:914} INFO - Processing file /opt/airflow/dags/driven_data_pipeline.py for tasks to queue
[2025-07-07T01:20:49.637+0000] {logging_mixin.py:190} INFO - [2025-07-07T01:20:49.637+0000] {dagbag.py:588} INFO - Filling up the DagBag from /opt/airflow/dags/driven_data_pipeline.py
[2025-07-07T01:20:49.687+0000] {processor.py:925} INFO - DAG(s) 'extract_raw_data_pipeline' retrieved from /opt/airflow/dags/driven_data_pipeline.py
[2025-07-07T01:20:49.739+0000] {logging_mixin.py:190} INFO - [2025-07-07T01:20:49.739+0000] {dag.py:3239} INFO - Sync 1 DAGs
[2025-07-07T01:20:52.165+0000] {logging_mixin.py:190} INFO - [2025-07-07T01:20:52.165+0000] {dag.py:4180} INFO - Setting next_dagrun for extract_raw_data_pipeline to 2025-07-06 07:59:00+00:00, run_after=2025-07-07 07:00:00+00:00
[2025-07-07T01:20:52.198+0000] {processor.py:208} INFO - Processing /opt/airflow/dags/driven_data_pipeline.py took 2.575 seconds
[2025-07-07T01:21:22.645+0000] {processor.py:186} INFO - Started process (PID=149) to work on /opt/airflow/dags/driven_data_pipeline.py
[2025-07-07T01:21:22.647+0000] {processor.py:914} INFO - Processing file /opt/airflow/dags/driven_data_pipeline.py for tasks to queue
[2025-07-07T01:21:22.652+0000] {logging_mixin.py:190} INFO - [2025-07-07T01:21:22.651+0000] {dagbag.py:588} INFO - Filling up the DagBag from /opt/airflow/dags/driven_data_pipeline.py
[2025-07-07T01:21:22.703+0000] {processor.py:925} INFO - DAG(s) 'extract_raw_data_pipeline' retrieved from /opt/airflow/dags/driven_data_pipeline.py
[2025-07-07T01:21:22.763+0000] {logging_mixin.py:190} INFO - [2025-07-07T01:21:22.762+0000] {dag.py:3239} INFO - Sync 1 DAGs
[2025-07-07T01:21:23.028+0000] {logging_mixin.py:190} INFO - [2025-07-07T01:21:23.028+0000] {dag.py:4180} INFO - Setting next_dagrun for extract_raw_data_pipeline to 2025-07-06 07:59:00+00:00, run_after=2025-07-07 07:00:00+00:00
[2025-07-07T01:21:23.058+0000] {processor.py:208} INFO - Processing /opt/airflow/dags/driven_data_pipeline.py took 0.426 seconds
[2025-07-07T01:21:53.971+0000] {processor.py:186} INFO - Started process (PID=156) to work on /opt/airflow/dags/driven_data_pipeline.py
[2025-07-07T01:21:53.978+0000] {processor.py:914} INFO - Processing file /opt/airflow/dags/driven_data_pipeline.py for tasks to queue
[2025-07-07T01:21:53.990+0000] {logging_mixin.py:190} INFO - [2025-07-07T01:21:53.988+0000] {dagbag.py:588} INFO - Filling up the DagBag from /opt/airflow/dags/driven_data_pipeline.py
[2025-07-07T01:21:54.102+0000] {processor.py:925} INFO - DAG(s) 'extract_raw_data_pipeline' retrieved from /opt/airflow/dags/driven_data_pipeline.py
[2025-07-07T01:21:55.025+0000] {logging_mixin.py:190} INFO - [2025-07-07T01:21:55.025+0000] {dag.py:3239} INFO - Sync 1 DAGs
[2025-07-07T01:21:55.094+0000] {logging_mixin.py:190} INFO - [2025-07-07T01:21:55.093+0000] {dag.py:4180} INFO - Setting next_dagrun for extract_raw_data_pipeline to 2025-07-06 07:59:00+00:00, run_after=2025-07-07 07:00:00+00:00
[2025-07-07T01:21:55.138+0000] {processor.py:208} INFO - Processing /opt/airflow/dags/driven_data_pipeline.py took 1.203 seconds
[2025-07-07T01:22:25.456+0000] {processor.py:186} INFO - Started process (PID=164) to work on /opt/airflow/dags/driven_data_pipeline.py
[2025-07-07T01:22:25.458+0000] {processor.py:914} INFO - Processing file /opt/airflow/dags/driven_data_pipeline.py for tasks to queue
[2025-07-07T01:22:25.461+0000] {logging_mixin.py:190} INFO - [2025-07-07T01:22:25.461+0000] {dagbag.py:588} INFO - Filling up the DagBag from /opt/airflow/dags/driven_data_pipeline.py
[2025-07-07T01:22:25.515+0000] {processor.py:925} INFO - DAG(s) 'extract_raw_data_pipeline' retrieved from /opt/airflow/dags/driven_data_pipeline.py
[2025-07-07T01:22:25.558+0000] {logging_mixin.py:190} INFO - [2025-07-07T01:22:25.558+0000] {dag.py:3239} INFO - Sync 1 DAGs
[2025-07-07T01:22:25.599+0000] {logging_mixin.py:190} INFO - [2025-07-07T01:22:25.599+0000] {dag.py:4180} INFO - Setting next_dagrun for extract_raw_data_pipeline to 2025-07-06 07:59:00+00:00, run_after=2025-07-07 07:00:00+00:00
[2025-07-07T01:22:25.631+0000] {processor.py:208} INFO - Processing /opt/airflow/dags/driven_data_pipeline.py took 0.183 seconds
[2025-07-07T01:22:56.155+0000] {processor.py:186} INFO - Started process (PID=171) to work on /opt/airflow/dags/driven_data_pipeline.py
[2025-07-07T01:22:56.159+0000] {processor.py:914} INFO - Processing file /opt/airflow/dags/driven_data_pipeline.py for tasks to queue
[2025-07-07T01:22:56.167+0000] {logging_mixin.py:190} INFO - [2025-07-07T01:22:56.166+0000] {dagbag.py:588} INFO - Filling up the DagBag from /opt/airflow/dags/driven_data_pipeline.py
[2025-07-07T01:22:56.267+0000] {processor.py:925} INFO - DAG(s) 'extract_raw_data_pipeline' retrieved from /opt/airflow/dags/driven_data_pipeline.py
[2025-07-07T01:22:56.340+0000] {logging_mixin.py:190} INFO - [2025-07-07T01:22:56.339+0000] {dag.py:3239} INFO - Sync 1 DAGs
[2025-07-07T01:22:56.408+0000] {logging_mixin.py:190} INFO - [2025-07-07T01:22:56.407+0000] {dag.py:4180} INFO - Setting next_dagrun for extract_raw_data_pipeline to 2025-07-06 07:59:00+00:00, run_after=2025-07-07 07:00:00+00:00
[2025-07-07T01:22:56.453+0000] {processor.py:208} INFO - Processing /opt/airflow/dags/driven_data_pipeline.py took 0.315 seconds
[2025-07-07T01:23:26.601+0000] {processor.py:186} INFO - Started process (PID=178) to work on /opt/airflow/dags/driven_data_pipeline.py
[2025-07-07T01:23:26.605+0000] {processor.py:914} INFO - Processing file /opt/airflow/dags/driven_data_pipeline.py for tasks to queue
[2025-07-07T01:23:26.613+0000] {logging_mixin.py:190} INFO - [2025-07-07T01:23:26.612+0000] {dagbag.py:588} INFO - Filling up the DagBag from /opt/airflow/dags/driven_data_pipeline.py
[2025-07-07T01:23:26.756+0000] {processor.py:925} INFO - DAG(s) 'extract_raw_data_pipeline' retrieved from /opt/airflow/dags/driven_data_pipeline.py
[2025-07-07T01:23:26.904+0000] {logging_mixin.py:190} INFO - [2025-07-07T01:23:26.904+0000] {dag.py:3239} INFO - Sync 1 DAGs
[2025-07-07T01:23:27.536+0000] {logging_mixin.py:190} INFO - [2025-07-07T01:23:27.536+0000] {dag.py:4180} INFO - Setting next_dagrun for extract_raw_data_pipeline to 2025-07-06 07:59:00+00:00, run_after=2025-07-07 07:00:00+00:00
[2025-07-07T01:23:27.604+0000] {processor.py:208} INFO - Processing /opt/airflow/dags/driven_data_pipeline.py took 1.027 seconds
[2025-07-07T01:23:57.978+0000] {processor.py:186} INFO - Started process (PID=179) to work on /opt/airflow/dags/driven_data_pipeline.py
[2025-07-07T01:23:58.049+0000] {processor.py:914} INFO - Processing file /opt/airflow/dags/driven_data_pipeline.py for tasks to queue
[2025-07-07T01:23:58.053+0000] {logging_mixin.py:190} INFO - [2025-07-07T01:23:58.053+0000] {dagbag.py:588} INFO - Filling up the DagBag from /opt/airflow/dags/driven_data_pipeline.py
[2025-07-07T01:23:58.097+0000] {processor.py:925} INFO - DAG(s) 'extract_raw_data_pipeline' retrieved from /opt/airflow/dags/driven_data_pipeline.py
[2025-07-07T01:23:58.789+0000] {logging_mixin.py:190} INFO - [2025-07-07T01:23:58.789+0000] {dag.py:3239} INFO - Sync 1 DAGs
[2025-07-07T01:23:59.094+0000] {logging_mixin.py:190} INFO - [2025-07-07T01:23:59.094+0000] {dag.py:4180} INFO - Setting next_dagrun for extract_raw_data_pipeline to 2025-07-06 07:59:00+00:00, run_after=2025-07-07 07:00:00+00:00
[2025-07-07T01:24:01.739+0000] {processor.py:208} INFO - Processing /opt/airflow/dags/driven_data_pipeline.py took 3.769 seconds
[2025-07-07T01:24:32.081+0000] {processor.py:186} INFO - Started process (PID=185) to work on /opt/airflow/dags/driven_data_pipeline.py
[2025-07-07T01:24:32.083+0000] {processor.py:914} INFO - Processing file /opt/airflow/dags/driven_data_pipeline.py for tasks to queue
[2025-07-07T01:24:32.089+0000] {logging_mixin.py:190} INFO - [2025-07-07T01:24:32.088+0000] {dagbag.py:588} INFO - Filling up the DagBag from /opt/airflow/dags/driven_data_pipeline.py
[2025-07-07T01:24:32.172+0000] {processor.py:925} INFO - DAG(s) 'extract_raw_data_pipeline' retrieved from /opt/airflow/dags/driven_data_pipeline.py
[2025-07-07T01:24:32.551+0000] {logging_mixin.py:190} INFO - [2025-07-07T01:24:32.550+0000] {dag.py:3239} INFO - Sync 1 DAGs
[2025-07-07T01:24:32.597+0000] {logging_mixin.py:190} INFO - [2025-07-07T01:24:32.596+0000] {dag.py:4180} INFO - Setting next_dagrun for extract_raw_data_pipeline to 2025-07-06 07:59:00+00:00, run_after=2025-07-07 07:00:00+00:00
[2025-07-07T01:24:32.632+0000] {processor.py:208} INFO - Processing /opt/airflow/dags/driven_data_pipeline.py took 0.568 seconds
[2025-07-07T01:25:02.849+0000] {processor.py:186} INFO - Started process (PID=198) to work on /opt/airflow/dags/driven_data_pipeline.py
[2025-07-07T01:25:02.851+0000] {processor.py:914} INFO - Processing file /opt/airflow/dags/driven_data_pipeline.py for tasks to queue
[2025-07-07T01:25:02.855+0000] {logging_mixin.py:190} INFO - [2025-07-07T01:25:02.854+0000] {dagbag.py:588} INFO - Filling up the DagBag from /opt/airflow/dags/driven_data_pipeline.py
[2025-07-07T01:25:02.915+0000] {processor.py:925} INFO - DAG(s) 'extract_raw_data_pipeline' retrieved from /opt/airflow/dags/driven_data_pipeline.py
[2025-07-07T01:25:02.956+0000] {logging_mixin.py:190} INFO - [2025-07-07T01:25:02.956+0000] {dag.py:3239} INFO - Sync 1 DAGs
[2025-07-07T01:25:02.993+0000] {logging_mixin.py:190} INFO - [2025-07-07T01:25:02.993+0000] {dag.py:4180} INFO - Setting next_dagrun for extract_raw_data_pipeline to 2025-07-06 07:59:00+00:00, run_after=2025-07-07 07:00:00+00:00
[2025-07-07T01:25:03.023+0000] {processor.py:208} INFO - Processing /opt/airflow/dags/driven_data_pipeline.py took 0.183 seconds
[2025-07-07T01:25:33.269+0000] {processor.py:186} INFO - Started process (PID=204) to work on /opt/airflow/dags/driven_data_pipeline.py
[2025-07-07T01:25:33.272+0000] {processor.py:914} INFO - Processing file /opt/airflow/dags/driven_data_pipeline.py for tasks to queue
[2025-07-07T01:25:33.278+0000] {logging_mixin.py:190} INFO - [2025-07-07T01:25:33.277+0000] {dagbag.py:588} INFO - Filling up the DagBag from /opt/airflow/dags/driven_data_pipeline.py
[2025-07-07T01:25:33.363+0000] {processor.py:925} INFO - DAG(s) 'extract_raw_data_pipeline' retrieved from /opt/airflow/dags/driven_data_pipeline.py
[2025-07-07T01:25:33.435+0000] {logging_mixin.py:190} INFO - [2025-07-07T01:25:33.434+0000] {dag.py:3239} INFO - Sync 1 DAGs
[2025-07-07T01:25:33.500+0000] {logging_mixin.py:190} INFO - [2025-07-07T01:25:33.499+0000] {dag.py:4180} INFO - Setting next_dagrun for extract_raw_data_pipeline to 2025-07-06 07:59:00+00:00, run_after=2025-07-07 07:00:00+00:00
[2025-07-07T01:25:33.547+0000] {processor.py:208} INFO - Processing /opt/airflow/dags/driven_data_pipeline.py took 0.293 seconds
[2025-07-07T01:26:03.997+0000] {processor.py:186} INFO - Started process (PID=211) to work on /opt/airflow/dags/driven_data_pipeline.py
[2025-07-07T01:26:03.999+0000] {processor.py:914} INFO - Processing file /opt/airflow/dags/driven_data_pipeline.py for tasks to queue
[2025-07-07T01:26:04.003+0000] {logging_mixin.py:190} INFO - [2025-07-07T01:26:04.002+0000] {dagbag.py:588} INFO - Filling up the DagBag from /opt/airflow/dags/driven_data_pipeline.py
[2025-07-07T01:26:04.066+0000] {processor.py:925} INFO - DAG(s) 'extract_raw_data_pipeline' retrieved from /opt/airflow/dags/driven_data_pipeline.py
[2025-07-07T01:26:04.114+0000] {logging_mixin.py:190} INFO - [2025-07-07T01:26:04.113+0000] {dag.py:3239} INFO - Sync 1 DAGs
[2025-07-07T01:26:04.419+0000] {logging_mixin.py:190} INFO - [2025-07-07T01:26:04.418+0000] {dag.py:4180} INFO - Setting next_dagrun for extract_raw_data_pipeline to 2025-07-06 07:59:00+00:00, run_after=2025-07-07 07:00:00+00:00
[2025-07-07T01:26:04.473+0000] {processor.py:208} INFO - Processing /opt/airflow/dags/driven_data_pipeline.py took 0.486 seconds
[2025-07-07T01:26:35.046+0000] {processor.py:186} INFO - Started process (PID=218) to work on /opt/airflow/dags/driven_data_pipeline.py
[2025-07-07T01:26:35.050+0000] {processor.py:914} INFO - Processing file /opt/airflow/dags/driven_data_pipeline.py for tasks to queue
[2025-07-07T01:26:35.058+0000] {logging_mixin.py:190} INFO - [2025-07-07T01:26:35.057+0000] {dagbag.py:588} INFO - Filling up the DagBag from /opt/airflow/dags/driven_data_pipeline.py
[2025-07-07T01:26:35.140+0000] {processor.py:925} INFO - DAG(s) 'extract_raw_data_pipeline' retrieved from /opt/airflow/dags/driven_data_pipeline.py
[2025-07-07T01:26:35.201+0000] {logging_mixin.py:190} INFO - [2025-07-07T01:26:35.200+0000] {dag.py:3239} INFO - Sync 1 DAGs
[2025-07-07T01:26:35.502+0000] {logging_mixin.py:190} INFO - [2025-07-07T01:26:35.501+0000] {dag.py:4180} INFO - Setting next_dagrun for extract_raw_data_pipeline to 2025-07-06 07:59:00+00:00, run_after=2025-07-07 07:00:00+00:00
[2025-07-07T01:26:35.533+0000] {processor.py:208} INFO - Processing /opt/airflow/dags/driven_data_pipeline.py took 0.504 seconds
[2025-07-07T01:27:06.333+0000] {processor.py:186} INFO - Started process (PID=225) to work on /opt/airflow/dags/driven_data_pipeline.py
[2025-07-07T01:27:06.336+0000] {processor.py:914} INFO - Processing file /opt/airflow/dags/driven_data_pipeline.py for tasks to queue
[2025-07-07T01:27:06.340+0000] {logging_mixin.py:190} INFO - [2025-07-07T01:27:06.340+0000] {dagbag.py:588} INFO - Filling up the DagBag from /opt/airflow/dags/driven_data_pipeline.py
[2025-07-07T01:27:06.615+0000] {processor.py:925} INFO - DAG(s) 'extract_raw_data_pipeline' retrieved from /opt/airflow/dags/driven_data_pipeline.py
[2025-07-07T01:27:07.999+0000] {logging_mixin.py:190} INFO - [2025-07-07T01:27:07.999+0000] {dag.py:3239} INFO - Sync 1 DAGs
[2025-07-07T01:27:08.030+0000] {logging_mixin.py:190} INFO - [2025-07-07T01:27:08.029+0000] {dag.py:4180} INFO - Setting next_dagrun for extract_raw_data_pipeline to 2025-07-06 07:59:00+00:00, run_after=2025-07-07 07:00:00+00:00
[2025-07-07T01:27:08.840+0000] {processor.py:208} INFO - Processing /opt/airflow/dags/driven_data_pipeline.py took 2.526 seconds
[2025-07-07T01:27:39.411+0000] {processor.py:186} INFO - Started process (PID=232) to work on /opt/airflow/dags/driven_data_pipeline.py
[2025-07-07T01:27:39.412+0000] {processor.py:914} INFO - Processing file /opt/airflow/dags/driven_data_pipeline.py for tasks to queue
[2025-07-07T01:27:39.417+0000] {logging_mixin.py:190} INFO - [2025-07-07T01:27:39.416+0000] {dagbag.py:588} INFO - Filling up the DagBag from /opt/airflow/dags/driven_data_pipeline.py
[2025-07-07T01:27:39.690+0000] {processor.py:925} INFO - DAG(s) 'extract_raw_data_pipeline' retrieved from /opt/airflow/dags/driven_data_pipeline.py
[2025-07-07T01:27:39.737+0000] {logging_mixin.py:190} INFO - [2025-07-07T01:27:39.736+0000] {dag.py:3239} INFO - Sync 1 DAGs
[2025-07-07T01:27:39.777+0000] {logging_mixin.py:190} INFO - [2025-07-07T01:27:39.776+0000] {dag.py:4180} INFO - Setting next_dagrun for extract_raw_data_pipeline to 2025-07-06 07:59:00+00:00, run_after=2025-07-07 07:00:00+00:00
[2025-07-07T01:27:39.810+0000] {processor.py:208} INFO - Processing /opt/airflow/dags/driven_data_pipeline.py took 0.408 seconds
[2025-07-07T01:28:10.294+0000] {processor.py:186} INFO - Started process (PID=239) to work on /opt/airflow/dags/driven_data_pipeline.py
[2025-07-07T01:28:10.296+0000] {processor.py:914} INFO - Processing file /opt/airflow/dags/driven_data_pipeline.py for tasks to queue
[2025-07-07T01:28:10.299+0000] {logging_mixin.py:190} INFO - [2025-07-07T01:28:10.299+0000] {dagbag.py:588} INFO - Filling up the DagBag from /opt/airflow/dags/driven_data_pipeline.py
[2025-07-07T01:28:10.342+0000] {processor.py:925} INFO - DAG(s) 'extract_raw_data_pipeline' retrieved from /opt/airflow/dags/driven_data_pipeline.py
[2025-07-07T01:28:10.378+0000] {logging_mixin.py:190} INFO - [2025-07-07T01:28:10.378+0000] {dag.py:3239} INFO - Sync 1 DAGs
[2025-07-07T01:28:10.409+0000] {logging_mixin.py:190} INFO - [2025-07-07T01:28:10.409+0000] {dag.py:4180} INFO - Setting next_dagrun for extract_raw_data_pipeline to 2025-07-06 07:59:00+00:00, run_after=2025-07-07 07:00:00+00:00
[2025-07-07T01:28:10.436+0000] {processor.py:208} INFO - Processing /opt/airflow/dags/driven_data_pipeline.py took 0.151 seconds
[2025-07-07T01:28:40.893+0000] {processor.py:186} INFO - Started process (PID=246) to work on /opt/airflow/dags/driven_data_pipeline.py
[2025-07-07T01:28:40.894+0000] {processor.py:914} INFO - Processing file /opt/airflow/dags/driven_data_pipeline.py for tasks to queue
[2025-07-07T01:28:40.897+0000] {logging_mixin.py:190} INFO - [2025-07-07T01:28:40.896+0000] {dagbag.py:588} INFO - Filling up the DagBag from /opt/airflow/dags/driven_data_pipeline.py
[2025-07-07T01:28:40.940+0000] {processor.py:925} INFO - DAG(s) 'extract_raw_data_pipeline' retrieved from /opt/airflow/dags/driven_data_pipeline.py
[2025-07-07T01:28:40.972+0000] {logging_mixin.py:190} INFO - [2025-07-07T01:28:40.972+0000] {dag.py:3239} INFO - Sync 1 DAGs
[2025-07-07T01:28:41.005+0000] {logging_mixin.py:190} INFO - [2025-07-07T01:28:41.005+0000] {dag.py:4180} INFO - Setting next_dagrun for extract_raw_data_pipeline to 2025-07-06 07:59:00+00:00, run_after=2025-07-07 07:00:00+00:00
[2025-07-07T01:28:41.031+0000] {processor.py:208} INFO - Processing /opt/airflow/dags/driven_data_pipeline.py took 0.144 seconds
[2025-07-07T01:29:11.502+0000] {processor.py:186} INFO - Started process (PID=253) to work on /opt/airflow/dags/driven_data_pipeline.py
[2025-07-07T01:29:11.504+0000] {processor.py:914} INFO - Processing file /opt/airflow/dags/driven_data_pipeline.py for tasks to queue
[2025-07-07T01:29:11.507+0000] {logging_mixin.py:190} INFO - [2025-07-07T01:29:11.506+0000] {dagbag.py:588} INFO - Filling up the DagBag from /opt/airflow/dags/driven_data_pipeline.py
[2025-07-07T01:29:11.545+0000] {processor.py:925} INFO - DAG(s) 'extract_raw_data_pipeline' retrieved from /opt/airflow/dags/driven_data_pipeline.py
[2025-07-07T01:29:11.577+0000] {logging_mixin.py:190} INFO - [2025-07-07T01:29:11.577+0000] {dag.py:3239} INFO - Sync 1 DAGs
[2025-07-07T01:29:11.608+0000] {logging_mixin.py:190} INFO - [2025-07-07T01:29:11.608+0000] {dag.py:4180} INFO - Setting next_dagrun for extract_raw_data_pipeline to 2025-07-06 07:59:00+00:00, run_after=2025-07-07 07:00:00+00:00
[2025-07-07T01:29:11.639+0000] {processor.py:208} INFO - Processing /opt/airflow/dags/driven_data_pipeline.py took 0.146 seconds
[2025-07-07T01:29:42.127+0000] {processor.py:186} INFO - Started process (PID=259) to work on /opt/airflow/dags/driven_data_pipeline.py
[2025-07-07T01:29:42.128+0000] {processor.py:914} INFO - Processing file /opt/airflow/dags/driven_data_pipeline.py for tasks to queue
[2025-07-07T01:29:42.132+0000] {logging_mixin.py:190} INFO - [2025-07-07T01:29:42.132+0000] {dagbag.py:588} INFO - Filling up the DagBag from /opt/airflow/dags/driven_data_pipeline.py
[2025-07-07T01:29:42.172+0000] {processor.py:925} INFO - DAG(s) 'extract_raw_data_pipeline' retrieved from /opt/airflow/dags/driven_data_pipeline.py
[2025-07-07T01:29:42.207+0000] {logging_mixin.py:190} INFO - [2025-07-07T01:29:42.206+0000] {dag.py:3239} INFO - Sync 1 DAGs
[2025-07-07T01:29:42.241+0000] {logging_mixin.py:190} INFO - [2025-07-07T01:29:42.240+0000] {dag.py:4180} INFO - Setting next_dagrun for extract_raw_data_pipeline to 2025-07-06 07:59:00+00:00, run_after=2025-07-07 07:00:00+00:00
[2025-07-07T01:29:42.267+0000] {processor.py:208} INFO - Processing /opt/airflow/dags/driven_data_pipeline.py took 0.148 seconds
[2025-07-07T01:30:12.802+0000] {processor.py:186} INFO - Started process (PID=266) to work on /opt/airflow/dags/driven_data_pipeline.py
[2025-07-07T01:30:12.805+0000] {processor.py:914} INFO - Processing file /opt/airflow/dags/driven_data_pipeline.py for tasks to queue
[2025-07-07T01:30:12.817+0000] {logging_mixin.py:190} INFO - [2025-07-07T01:30:12.816+0000] {dagbag.py:588} INFO - Filling up the DagBag from /opt/airflow/dags/driven_data_pipeline.py
[2025-07-07T01:30:12.921+0000] {processor.py:925} INFO - DAG(s) 'extract_raw_data_pipeline' retrieved from /opt/airflow/dags/driven_data_pipeline.py
[2025-07-07T01:30:12.990+0000] {logging_mixin.py:190} INFO - [2025-07-07T01:30:12.990+0000] {dag.py:3239} INFO - Sync 1 DAGs
[2025-07-07T01:30:13.056+0000] {logging_mixin.py:190} INFO - [2025-07-07T01:30:13.056+0000] {dag.py:4180} INFO - Setting next_dagrun for extract_raw_data_pipeline to 2025-07-06 07:59:00+00:00, run_after=2025-07-07 07:00:00+00:00
[2025-07-07T01:30:13.099+0000] {processor.py:208} INFO - Processing /opt/airflow/dags/driven_data_pipeline.py took 0.317 seconds
[2025-07-07T01:30:43.243+0000] {processor.py:186} INFO - Started process (PID=273) to work on /opt/airflow/dags/driven_data_pipeline.py
[2025-07-07T01:30:43.244+0000] {processor.py:914} INFO - Processing file /opt/airflow/dags/driven_data_pipeline.py for tasks to queue
[2025-07-07T01:30:43.248+0000] {logging_mixin.py:190} INFO - [2025-07-07T01:30:43.247+0000] {dagbag.py:588} INFO - Filling up the DagBag from /opt/airflow/dags/driven_data_pipeline.py
[2025-07-07T01:30:43.285+0000] {processor.py:925} INFO - DAG(s) 'extract_raw_data_pipeline' retrieved from /opt/airflow/dags/driven_data_pipeline.py
[2025-07-07T01:30:43.319+0000] {logging_mixin.py:190} INFO - [2025-07-07T01:30:43.319+0000] {dag.py:3239} INFO - Sync 1 DAGs
[2025-07-07T01:30:43.354+0000] {logging_mixin.py:190} INFO - [2025-07-07T01:30:43.354+0000] {dag.py:4180} INFO - Setting next_dagrun for extract_raw_data_pipeline to 2025-07-06 07:59:00+00:00, run_after=2025-07-07 07:00:00+00:00
[2025-07-07T01:30:43.381+0000] {processor.py:208} INFO - Processing /opt/airflow/dags/driven_data_pipeline.py took 0.145 seconds
[2025-07-07T01:31:13.814+0000] {processor.py:186} INFO - Started process (PID=280) to work on /opt/airflow/dags/driven_data_pipeline.py
[2025-07-07T01:31:13.816+0000] {processor.py:914} INFO - Processing file /opt/airflow/dags/driven_data_pipeline.py for tasks to queue
[2025-07-07T01:31:13.819+0000] {logging_mixin.py:190} INFO - [2025-07-07T01:31:13.819+0000] {dagbag.py:588} INFO - Filling up the DagBag from /opt/airflow/dags/driven_data_pipeline.py
[2025-07-07T01:31:13.857+0000] {processor.py:925} INFO - DAG(s) 'extract_raw_data_pipeline' retrieved from /opt/airflow/dags/driven_data_pipeline.py
[2025-07-07T01:31:13.890+0000] {logging_mixin.py:190} INFO - [2025-07-07T01:31:13.889+0000] {dag.py:3239} INFO - Sync 1 DAGs
[2025-07-07T01:31:13.922+0000] {logging_mixin.py:190} INFO - [2025-07-07T01:31:13.922+0000] {dag.py:4180} INFO - Setting next_dagrun for extract_raw_data_pipeline to 2025-07-06 07:59:00+00:00, run_after=2025-07-07 07:00:00+00:00
[2025-07-07T01:31:13.947+0000] {processor.py:208} INFO - Processing /opt/airflow/dags/driven_data_pipeline.py took 0.142 seconds
[2025-07-07T01:31:44.393+0000] {processor.py:186} INFO - Started process (PID=287) to work on /opt/airflow/dags/driven_data_pipeline.py
[2025-07-07T01:31:44.394+0000] {processor.py:914} INFO - Processing file /opt/airflow/dags/driven_data_pipeline.py for tasks to queue
[2025-07-07T01:31:44.398+0000] {logging_mixin.py:190} INFO - [2025-07-07T01:31:44.397+0000] {dagbag.py:588} INFO - Filling up the DagBag from /opt/airflow/dags/driven_data_pipeline.py
[2025-07-07T01:31:44.435+0000] {processor.py:925} INFO - DAG(s) 'extract_raw_data_pipeline' retrieved from /opt/airflow/dags/driven_data_pipeline.py
[2025-07-07T01:31:44.468+0000] {logging_mixin.py:190} INFO - [2025-07-07T01:31:44.468+0000] {dag.py:3239} INFO - Sync 1 DAGs
[2025-07-07T01:31:44.499+0000] {logging_mixin.py:190} INFO - [2025-07-07T01:31:44.499+0000] {dag.py:4180} INFO - Setting next_dagrun for extract_raw_data_pipeline to 2025-07-06 07:59:00+00:00, run_after=2025-07-07 07:00:00+00:00
[2025-07-07T01:31:44.527+0000] {processor.py:208} INFO - Processing /opt/airflow/dags/driven_data_pipeline.py took 0.142 seconds
[2025-07-07T01:34:43.469+0000] {processor.py:186} INFO - Started process (PID=66) to work on /opt/airflow/dags/driven_data_pipeline.py
[2025-07-07T01:34:43.473+0000] {processor.py:914} INFO - Processing file /opt/airflow/dags/driven_data_pipeline.py for tasks to queue
[2025-07-07T01:34:43.483+0000] {logging_mixin.py:190} INFO - [2025-07-07T01:34:43.481+0000] {dagbag.py:588} INFO - Filling up the DagBag from /opt/airflow/dags/driven_data_pipeline.py
[2025-07-07T01:34:43.719+0000] {processor.py:925} INFO - DAG(s) 'extract_raw_data_pipeline' retrieved from /opt/airflow/dags/driven_data_pipeline.py
[2025-07-07T01:34:44.466+0000] {logging_mixin.py:190} INFO - [2025-07-07T01:34:44.465+0000] {dag.py:3239} INFO - Sync 1 DAGs
[2025-07-07T01:34:44.528+0000] {logging_mixin.py:190} INFO - [2025-07-07T01:34:44.527+0000] {dag.py:4180} INFO - Setting next_dagrun for extract_raw_data_pipeline to 2025-07-06 07:00:00+00:00, run_after=2025-07-07 07:00:00+00:00
[2025-07-07T01:34:44.596+0000] {processor.py:208} INFO - Processing /opt/airflow/dags/driven_data_pipeline.py took 1.147 seconds
[2025-07-07T01:35:15.086+0000] {processor.py:186} INFO - Started process (PID=73) to work on /opt/airflow/dags/driven_data_pipeline.py
[2025-07-07T01:35:15.088+0000] {processor.py:914} INFO - Processing file /opt/airflow/dags/driven_data_pipeline.py for tasks to queue
[2025-07-07T01:35:15.099+0000] {logging_mixin.py:190} INFO - [2025-07-07T01:35:15.097+0000] {dagbag.py:588} INFO - Filling up the DagBag from /opt/airflow/dags/driven_data_pipeline.py
[2025-07-07T01:35:15.291+0000] {processor.py:925} INFO - DAG(s) 'extract_raw_data_pipeline' retrieved from /opt/airflow/dags/driven_data_pipeline.py
[2025-07-07T01:35:15.433+0000] {logging_mixin.py:190} INFO - [2025-07-07T01:35:15.432+0000] {dag.py:3239} INFO - Sync 1 DAGs
[2025-07-07T01:35:15.571+0000] {logging_mixin.py:190} INFO - [2025-07-07T01:35:15.571+0000] {dag.py:4180} INFO - Setting next_dagrun for extract_raw_data_pipeline to 2025-07-06 07:00:00+00:00, run_after=2025-07-07 07:00:00+00:00
[2025-07-07T01:35:15.626+0000] {processor.py:208} INFO - Processing /opt/airflow/dags/driven_data_pipeline.py took 0.558 seconds
[2025-07-07T01:35:46.185+0000] {processor.py:186} INFO - Started process (PID=80) to work on /opt/airflow/dags/driven_data_pipeline.py
[2025-07-07T01:35:46.187+0000] {processor.py:914} INFO - Processing file /opt/airflow/dags/driven_data_pipeline.py for tasks to queue
[2025-07-07T01:35:46.191+0000] {logging_mixin.py:190} INFO - [2025-07-07T01:35:46.191+0000] {dagbag.py:588} INFO - Filling up the DagBag from /opt/airflow/dags/driven_data_pipeline.py
[2025-07-07T01:35:46.411+0000] {processor.py:925} INFO - DAG(s) 'extract_raw_data_pipeline' retrieved from /opt/airflow/dags/driven_data_pipeline.py
[2025-07-07T01:35:46.475+0000] {logging_mixin.py:190} INFO - [2025-07-07T01:35:46.474+0000] {dag.py:3239} INFO - Sync 1 DAGs
[2025-07-07T01:35:46.543+0000] {logging_mixin.py:190} INFO - [2025-07-07T01:35:46.543+0000] {dag.py:4180} INFO - Setting next_dagrun for extract_raw_data_pipeline to 2025-07-06 07:00:00+00:00, run_after=2025-07-07 07:00:00+00:00
[2025-07-07T01:35:46.581+0000] {processor.py:208} INFO - Processing /opt/airflow/dags/driven_data_pipeline.py took 0.407 seconds
[2025-07-07T01:36:17.621+0000] {processor.py:186} INFO - Started process (PID=87) to work on /opt/airflow/dags/driven_data_pipeline.py
[2025-07-07T01:36:18.531+0000] {processor.py:914} INFO - Processing file /opt/airflow/dags/driven_data_pipeline.py for tasks to queue
[2025-07-07T01:36:18.553+0000] {logging_mixin.py:190} INFO - [2025-07-07T01:36:18.553+0000] {dagbag.py:588} INFO - Filling up the DagBag from /opt/airflow/dags/driven_data_pipeline.py
[2025-07-07T01:36:18.654+0000] {processor.py:925} INFO - DAG(s) 'extract_raw_data_pipeline' retrieved from /opt/airflow/dags/driven_data_pipeline.py
[2025-07-07T01:36:18.721+0000] {logging_mixin.py:190} INFO - [2025-07-07T01:36:18.721+0000] {dag.py:3239} INFO - Sync 1 DAGs
[2025-07-07T01:36:20.360+0000] {logging_mixin.py:190} INFO - [2025-07-07T01:36:20.359+0000] {dag.py:4180} INFO - Setting next_dagrun for extract_raw_data_pipeline to 2025-07-06 07:00:00+00:00, run_after=2025-07-07 07:00:00+00:00
[2025-07-07T01:36:20.413+0000] {processor.py:208} INFO - Processing /opt/airflow/dags/driven_data_pipeline.py took 2.823 seconds
[2025-07-07T01:36:50.698+0000] {processor.py:186} INFO - Started process (PID=110) to work on /opt/airflow/dags/driven_data_pipeline.py
[2025-07-07T01:36:50.702+0000] {processor.py:914} INFO - Processing file /opt/airflow/dags/driven_data_pipeline.py for tasks to queue
[2025-07-07T01:36:50.715+0000] {logging_mixin.py:190} INFO - [2025-07-07T01:36:50.711+0000] {dagbag.py:588} INFO - Filling up the DagBag from /opt/airflow/dags/driven_data_pipeline.py
[2025-07-07T01:36:51.126+0000] {processor.py:925} INFO - DAG(s) 'extract_raw_data_pipeline' retrieved from /opt/airflow/dags/driven_data_pipeline.py
[2025-07-07T01:36:51.315+0000] {logging_mixin.py:190} INFO - [2025-07-07T01:36:51.314+0000] {dag.py:3239} INFO - Sync 1 DAGs
[2025-07-07T01:36:51.418+0000] {logging_mixin.py:190} INFO - [2025-07-07T01:36:51.417+0000] {dag.py:4180} INFO - Setting next_dagrun for extract_raw_data_pipeline to 2025-07-06 07:00:00+00:00, run_after=2025-07-07 07:00:00+00:00
[2025-07-07T01:36:51.477+0000] {processor.py:208} INFO - Processing /opt/airflow/dags/driven_data_pipeline.py took 0.798 seconds
[2025-07-07T01:37:21.743+0000] {processor.py:186} INFO - Started process (PID=126) to work on /opt/airflow/dags/driven_data_pipeline.py
[2025-07-07T01:37:21.749+0000] {processor.py:914} INFO - Processing file /opt/airflow/dags/driven_data_pipeline.py for tasks to queue
[2025-07-07T01:37:21.762+0000] {logging_mixin.py:190} INFO - [2025-07-07T01:37:21.761+0000] {dagbag.py:588} INFO - Filling up the DagBag from /opt/airflow/dags/driven_data_pipeline.py
[2025-07-07T01:37:21.959+0000] {processor.py:925} INFO - DAG(s) 'extract_raw_data_pipeline' retrieved from /opt/airflow/dags/driven_data_pipeline.py
[2025-07-07T01:37:22.216+0000] {logging_mixin.py:190} INFO - [2025-07-07T01:37:22.214+0000] {dag.py:3239} INFO - Sync 1 DAGs
[2025-07-07T01:37:22.457+0000] {logging_mixin.py:190} INFO - [2025-07-07T01:37:22.456+0000] {dag.py:4180} INFO - Setting next_dagrun for extract_raw_data_pipeline to 2025-07-06 07:00:00+00:00, run_after=2025-07-07 07:00:00+00:00
[2025-07-07T01:37:22.566+0000] {processor.py:208} INFO - Processing /opt/airflow/dags/driven_data_pipeline.py took 0.789 seconds
[2025-07-07T01:37:53.609+0000] {processor.py:186} INFO - Started process (PID=132) to work on /opt/airflow/dags/driven_data_pipeline.py
[2025-07-07T01:37:53.611+0000] {processor.py:914} INFO - Processing file /opt/airflow/dags/driven_data_pipeline.py for tasks to queue
[2025-07-07T01:37:53.619+0000] {logging_mixin.py:190} INFO - [2025-07-07T01:37:53.618+0000] {dagbag.py:588} INFO - Filling up the DagBag from /opt/airflow/dags/driven_data_pipeline.py
[2025-07-07T01:37:53.733+0000] {processor.py:925} INFO - DAG(s) 'extract_raw_data_pipeline' retrieved from /opt/airflow/dags/driven_data_pipeline.py
[2025-07-07T01:37:53.812+0000] {logging_mixin.py:190} INFO - [2025-07-07T01:37:53.812+0000] {dag.py:3239} INFO - Sync 1 DAGs
[2025-07-07T01:37:53.884+0000] {logging_mixin.py:190} INFO - [2025-07-07T01:37:53.884+0000] {dag.py:4180} INFO - Setting next_dagrun for extract_raw_data_pipeline to 2025-07-06 07:00:00+00:00, run_after=2025-07-07 07:00:00+00:00
[2025-07-07T01:37:53.927+0000] {processor.py:208} INFO - Processing /opt/airflow/dags/driven_data_pipeline.py took 0.348 seconds
[2025-07-07T01:38:24.440+0000] {processor.py:186} INFO - Started process (PID=139) to work on /opt/airflow/dags/driven_data_pipeline.py
[2025-07-07T01:38:24.442+0000] {processor.py:914} INFO - Processing file /opt/airflow/dags/driven_data_pipeline.py for tasks to queue
[2025-07-07T01:38:24.449+0000] {logging_mixin.py:190} INFO - [2025-07-07T01:38:24.448+0000] {dagbag.py:588} INFO - Filling up the DagBag from /opt/airflow/dags/driven_data_pipeline.py
[2025-07-07T01:38:24.543+0000] {processor.py:925} INFO - DAG(s) 'extract_raw_data_pipeline' retrieved from /opt/airflow/dags/driven_data_pipeline.py
[2025-07-07T01:38:24.611+0000] {logging_mixin.py:190} INFO - [2025-07-07T01:38:24.611+0000] {dag.py:3239} INFO - Sync 1 DAGs
[2025-07-07T01:38:24.679+0000] {logging_mixin.py:190} INFO - [2025-07-07T01:38:24.678+0000] {dag.py:4180} INFO - Setting next_dagrun for extract_raw_data_pipeline to 2025-07-06 07:00:00+00:00, run_after=2025-07-07 07:00:00+00:00
[2025-07-07T01:38:24.723+0000] {processor.py:208} INFO - Processing /opt/airflow/dags/driven_data_pipeline.py took 0.297 seconds
[2025-07-07T01:38:55.280+0000] {processor.py:186} INFO - Started process (PID=147) to work on /opt/airflow/dags/driven_data_pipeline.py
[2025-07-07T01:38:55.281+0000] {processor.py:914} INFO - Processing file /opt/airflow/dags/driven_data_pipeline.py for tasks to queue
[2025-07-07T01:38:55.284+0000] {logging_mixin.py:190} INFO - [2025-07-07T01:38:55.283+0000] {dagbag.py:588} INFO - Filling up the DagBag from /opt/airflow/dags/driven_data_pipeline.py
[2025-07-07T01:38:55.325+0000] {processor.py:925} INFO - DAG(s) 'extract_raw_data_pipeline' retrieved from /opt/airflow/dags/driven_data_pipeline.py
[2025-07-07T01:38:55.363+0000] {logging_mixin.py:190} INFO - [2025-07-07T01:38:55.362+0000] {dag.py:3239} INFO - Sync 1 DAGs
[2025-07-07T01:38:55.397+0000] {logging_mixin.py:190} INFO - [2025-07-07T01:38:55.397+0000] {dag.py:4180} INFO - Setting next_dagrun for extract_raw_data_pipeline to 2025-07-06 07:00:00+00:00, run_after=2025-07-07 07:00:00+00:00
[2025-07-07T01:38:56.840+0000] {processor.py:208} INFO - Processing /opt/airflow/dags/driven_data_pipeline.py took 1.567 seconds
[2025-07-07T01:39:27.407+0000] {processor.py:186} INFO - Started process (PID=154) to work on /opt/airflow/dags/driven_data_pipeline.py
[2025-07-07T01:39:27.408+0000] {processor.py:914} INFO - Processing file /opt/airflow/dags/driven_data_pipeline.py for tasks to queue
[2025-07-07T01:39:27.411+0000] {logging_mixin.py:190} INFO - [2025-07-07T01:39:27.411+0000] {dagbag.py:588} INFO - Filling up the DagBag from /opt/airflow/dags/driven_data_pipeline.py
[2025-07-07T01:39:27.474+0000] {processor.py:925} INFO - DAG(s) 'extract_raw_data_pipeline' retrieved from /opt/airflow/dags/driven_data_pipeline.py
[2025-07-07T01:39:27.518+0000] {logging_mixin.py:190} INFO - [2025-07-07T01:39:27.517+0000] {dag.py:3239} INFO - Sync 1 DAGs
[2025-07-07T01:39:27.787+0000] {logging_mixin.py:190} INFO - [2025-07-07T01:39:27.787+0000] {dag.py:4180} INFO - Setting next_dagrun for extract_raw_data_pipeline to 2025-07-06 07:00:00+00:00, run_after=2025-07-07 07:00:00+00:00
[2025-07-07T01:39:27.816+0000] {processor.py:208} INFO - Processing /opt/airflow/dags/driven_data_pipeline.py took 0.417 seconds
[2025-07-07T01:39:57.997+0000] {processor.py:186} INFO - Started process (PID=161) to work on /opt/airflow/dags/driven_data_pipeline.py
[2025-07-07T01:39:57.998+0000] {processor.py:914} INFO - Processing file /opt/airflow/dags/driven_data_pipeline.py for tasks to queue
[2025-07-07T01:39:58.002+0000] {logging_mixin.py:190} INFO - [2025-07-07T01:39:58.001+0000] {dagbag.py:588} INFO - Filling up the DagBag from /opt/airflow/dags/driven_data_pipeline.py
[2025-07-07T01:39:58.045+0000] {processor.py:925} INFO - DAG(s) 'extract_raw_data_pipeline' retrieved from /opt/airflow/dags/driven_data_pipeline.py
[2025-07-07T01:39:58.263+0000] {logging_mixin.py:190} INFO - [2025-07-07T01:39:58.262+0000] {dag.py:3239} INFO - Sync 1 DAGs
[2025-07-07T01:39:58.296+0000] {logging_mixin.py:190} INFO - [2025-07-07T01:39:58.296+0000] {dag.py:4180} INFO - Setting next_dagrun for extract_raw_data_pipeline to 2025-07-06 07:00:00+00:00, run_after=2025-07-07 07:00:00+00:00
[2025-07-07T01:39:58.322+0000] {processor.py:208} INFO - Processing /opt/airflow/dags/driven_data_pipeline.py took 0.333 seconds
[2025-07-07T01:40:28.555+0000] {processor.py:186} INFO - Started process (PID=169) to work on /opt/airflow/dags/driven_data_pipeline.py
[2025-07-07T01:40:28.557+0000] {processor.py:914} INFO - Processing file /opt/airflow/dags/driven_data_pipeline.py for tasks to queue
[2025-07-07T01:40:28.560+0000] {logging_mixin.py:190} INFO - [2025-07-07T01:40:28.559+0000] {dagbag.py:588} INFO - Filling up the DagBag from /opt/airflow/dags/driven_data_pipeline.py
[2025-07-07T01:40:28.598+0000] {processor.py:925} INFO - DAG(s) 'extract_raw_data_pipeline' retrieved from /opt/airflow/dags/driven_data_pipeline.py
[2025-07-07T01:40:28.635+0000] {logging_mixin.py:190} INFO - [2025-07-07T01:40:28.635+0000] {dag.py:3239} INFO - Sync 1 DAGs
[2025-07-07T01:40:28.667+0000] {logging_mixin.py:190} INFO - [2025-07-07T01:40:28.667+0000] {dag.py:4180} INFO - Setting next_dagrun for extract_raw_data_pipeline to 2025-07-06 07:00:00+00:00, run_after=2025-07-07 07:00:00+00:00
[2025-07-07T01:40:28.694+0000] {processor.py:208} INFO - Processing /opt/airflow/dags/driven_data_pipeline.py took 0.146 seconds
[2025-07-07T01:40:59.155+0000] {processor.py:186} INFO - Started process (PID=176) to work on /opt/airflow/dags/driven_data_pipeline.py
[2025-07-07T01:40:59.157+0000] {processor.py:914} INFO - Processing file /opt/airflow/dags/driven_data_pipeline.py for tasks to queue
[2025-07-07T01:40:59.161+0000] {logging_mixin.py:190} INFO - [2025-07-07T01:40:59.160+0000] {dagbag.py:588} INFO - Filling up the DagBag from /opt/airflow/dags/driven_data_pipeline.py
[2025-07-07T01:40:59.219+0000] {processor.py:925} INFO - DAG(s) 'extract_raw_data_pipeline' retrieved from /opt/airflow/dags/driven_data_pipeline.py
[2025-07-07T01:40:59.259+0000] {logging_mixin.py:190} INFO - [2025-07-07T01:40:59.259+0000] {dag.py:3239} INFO - Sync 1 DAGs
[2025-07-07T01:40:59.293+0000] {logging_mixin.py:190} INFO - [2025-07-07T01:40:59.293+0000] {dag.py:4180} INFO - Setting next_dagrun for extract_raw_data_pipeline to 2025-07-06 07:00:00+00:00, run_after=2025-07-07 07:00:00+00:00
[2025-07-07T01:40:59.320+0000] {processor.py:208} INFO - Processing /opt/airflow/dags/driven_data_pipeline.py took 0.173 seconds
[2025-07-07T01:41:29.793+0000] {processor.py:186} INFO - Started process (PID=183) to work on /opt/airflow/dags/driven_data_pipeline.py
[2025-07-07T01:41:29.795+0000] {processor.py:914} INFO - Processing file /opt/airflow/dags/driven_data_pipeline.py for tasks to queue
[2025-07-07T01:41:29.798+0000] {logging_mixin.py:190} INFO - [2025-07-07T01:41:29.798+0000] {dagbag.py:588} INFO - Filling up the DagBag from /opt/airflow/dags/driven_data_pipeline.py
[2025-07-07T01:41:29.846+0000] {processor.py:925} INFO - DAG(s) 'extract_raw_data_pipeline' retrieved from /opt/airflow/dags/driven_data_pipeline.py
[2025-07-07T01:41:29.886+0000] {logging_mixin.py:190} INFO - [2025-07-07T01:41:29.886+0000] {dag.py:3239} INFO - Sync 1 DAGs
[2025-07-07T01:41:29.924+0000] {logging_mixin.py:190} INFO - [2025-07-07T01:41:29.924+0000] {dag.py:4180} INFO - Setting next_dagrun for extract_raw_data_pipeline to 2025-07-06 07:00:00+00:00, run_after=2025-07-07 07:00:00+00:00
[2025-07-07T01:41:30.157+0000] {processor.py:208} INFO - Processing /opt/airflow/dags/driven_data_pipeline.py took 0.372 seconds
[2025-07-07T01:42:00.353+0000] {processor.py:186} INFO - Started process (PID=191) to work on /opt/airflow/dags/driven_data_pipeline.py
[2025-07-07T01:42:00.355+0000] {processor.py:914} INFO - Processing file /opt/airflow/dags/driven_data_pipeline.py for tasks to queue
[2025-07-07T01:42:00.360+0000] {logging_mixin.py:190} INFO - [2025-07-07T01:42:00.360+0000] {dagbag.py:588} INFO - Filling up the DagBag from /opt/airflow/dags/driven_data_pipeline.py
[2025-07-07T01:42:00.410+0000] {processor.py:925} INFO - DAG(s) 'extract_raw_data_pipeline' retrieved from /opt/airflow/dags/driven_data_pipeline.py
[2025-07-07T01:42:00.458+0000] {logging_mixin.py:190} INFO - [2025-07-07T01:42:00.457+0000] {dag.py:3239} INFO - Sync 1 DAGs
[2025-07-07T01:42:00.739+0000] {logging_mixin.py:190} INFO - [2025-07-07T01:42:00.738+0000] {dag.py:4180} INFO - Setting next_dagrun for extract_raw_data_pipeline to 2025-07-06 07:00:00+00:00, run_after=2025-07-07 07:00:00+00:00
[2025-07-07T01:42:00.769+0000] {processor.py:208} INFO - Processing /opt/airflow/dags/driven_data_pipeline.py took 0.423 seconds
[2025-07-07T01:42:14.871+0000] {processor.py:186} INFO - Started process (PID=192) to work on /opt/airflow/dags/driven_data_pipeline.py
[2025-07-07T01:42:14.872+0000] {processor.py:914} INFO - Processing file /opt/airflow/dags/driven_data_pipeline.py for tasks to queue
[2025-07-07T01:42:14.876+0000] {logging_mixin.py:190} INFO - [2025-07-07T01:42:14.875+0000] {dagbag.py:588} INFO - Filling up the DagBag from /opt/airflow/dags/driven_data_pipeline.py
[2025-07-07T01:42:14.929+0000] {processor.py:925} INFO - DAG(s) 'extract_raw_data_pipeline' retrieved from /opt/airflow/dags/driven_data_pipeline.py
[2025-07-07T01:42:15.434+0000] {logging_mixin.py:190} INFO - [2025-07-07T01:42:15.433+0000] {dag.py:3239} INFO - Sync 1 DAGs
[2025-07-07T01:42:15.472+0000] {logging_mixin.py:190} INFO - [2025-07-07T01:42:15.471+0000] {dag.py:4180} INFO - Setting next_dagrun for extract_raw_data_pipeline to 2025-07-06 07:59:00+00:00, run_after=2025-07-07 07:00:00+00:00
[2025-07-07T01:42:15.509+0000] {processor.py:208} INFO - Processing /opt/airflow/dags/driven_data_pipeline.py took 0.647 seconds
[2025-07-07T01:42:46.058+0000] {processor.py:186} INFO - Started process (PID=199) to work on /opt/airflow/dags/driven_data_pipeline.py
[2025-07-07T01:42:46.060+0000] {processor.py:914} INFO - Processing file /opt/airflow/dags/driven_data_pipeline.py for tasks to queue
[2025-07-07T01:42:46.063+0000] {logging_mixin.py:190} INFO - [2025-07-07T01:42:46.062+0000] {dagbag.py:588} INFO - Filling up the DagBag from /opt/airflow/dags/driven_data_pipeline.py
[2025-07-07T01:42:46.100+0000] {processor.py:925} INFO - DAG(s) 'extract_raw_data_pipeline' retrieved from /opt/airflow/dags/driven_data_pipeline.py
[2025-07-07T01:42:46.296+0000] {logging_mixin.py:190} INFO - [2025-07-07T01:42:46.296+0000] {dag.py:3239} INFO - Sync 1 DAGs
[2025-07-07T01:42:46.326+0000] {logging_mixin.py:190} INFO - [2025-07-07T01:42:46.325+0000] {dag.py:4180} INFO - Setting next_dagrun for extract_raw_data_pipeline to 2025-07-06 07:59:00+00:00, run_after=2025-07-07 07:00:00+00:00
[2025-07-07T01:42:46.348+0000] {processor.py:208} INFO - Processing /opt/airflow/dags/driven_data_pipeline.py took 0.297 seconds
[2025-07-07T01:45:45.611+0000] {processor.py:186} INFO - Started process (PID=66) to work on /opt/airflow/dags/driven_data_pipeline.py
[2025-07-07T01:45:45.614+0000] {processor.py:914} INFO - Processing file /opt/airflow/dags/driven_data_pipeline.py for tasks to queue
[2025-07-07T01:45:45.623+0000] {logging_mixin.py:190} INFO - [2025-07-07T01:45:45.621+0000] {dagbag.py:588} INFO - Filling up the DagBag from /opt/airflow/dags/driven_data_pipeline.py
[2025-07-07T01:45:45.844+0000] {processor.py:925} INFO - DAG(s) 'extract_raw_data_pipeline' retrieved from /opt/airflow/dags/driven_data_pipeline.py
[2025-07-07T01:45:46.139+0000] {logging_mixin.py:190} INFO - [2025-07-07T01:45:46.134+0000] {dag.py:3239} INFO - Sync 1 DAGs
[2025-07-07T01:45:46.287+0000] {logging_mixin.py:190} INFO - [2025-07-07T01:45:46.287+0000] {dag.py:4180} INFO - Setting next_dagrun for extract_raw_data_pipeline to 2025-07-06 07:59:00+00:00, run_after=2025-07-07 07:00:00+00:00
[2025-07-07T01:45:46.382+0000] {processor.py:208} INFO - Processing /opt/airflow/dags/driven_data_pipeline.py took 0.795 seconds
[2025-07-07T01:46:18.690+0000] {processor.py:186} INFO - Started process (PID=72) to work on /opt/airflow/dags/driven_data_pipeline.py
[2025-07-07T01:46:18.971+0000] {processor.py:914} INFO - Processing file /opt/airflow/dags/driven_data_pipeline.py for tasks to queue
[2025-07-07T01:46:19.477+0000] {logging_mixin.py:190} INFO - [2025-07-07T01:46:19.175+0000] {dagbag.py:588} INFO - Filling up the DagBag from /opt/airflow/dags/driven_data_pipeline.py
[2025-07-07T01:46:31.055+0000] {processor.py:925} INFO - DAG(s) 'extract_raw_data_pipeline' retrieved from /opt/airflow/dags/driven_data_pipeline.py
[2025-07-07T01:46:31.302+0000] {logging_mixin.py:190} INFO - [2025-07-07T01:46:31.302+0000] {dag.py:3239} INFO - Sync 1 DAGs
[2025-07-07T01:46:31.717+0000] {logging_mixin.py:190} INFO - [2025-07-07T01:46:31.717+0000] {dag.py:4180} INFO - Setting next_dagrun for extract_raw_data_pipeline to 2025-07-06 07:59:00+00:00, run_after=2025-07-07 07:00:00+00:00
[2025-07-07T01:46:31.754+0000] {processor.py:208} INFO - Processing /opt/airflow/dags/driven_data_pipeline.py took 13.013 seconds
[2025-07-07T01:47:02.254+0000] {processor.py:186} INFO - Started process (PID=79) to work on /opt/airflow/dags/driven_data_pipeline.py
[2025-07-07T01:47:02.256+0000] {processor.py:914} INFO - Processing file /opt/airflow/dags/driven_data_pipeline.py for tasks to queue
[2025-07-07T01:47:02.834+0000] {logging_mixin.py:190} INFO - [2025-07-07T01:47:02.833+0000] {dagbag.py:588} INFO - Filling up the DagBag from /opt/airflow/dags/driven_data_pipeline.py
[2025-07-07T01:47:06.622+0000] {processor.py:925} INFO - DAG(s) 'extract_raw_data_pipeline' retrieved from /opt/airflow/dags/driven_data_pipeline.py
[2025-07-07T01:47:06.721+0000] {logging_mixin.py:190} INFO - [2025-07-07T01:47:06.721+0000] {dag.py:3239} INFO - Sync 1 DAGs
[2025-07-07T01:47:06.802+0000] {logging_mixin.py:190} INFO - [2025-07-07T01:47:06.802+0000] {dag.py:4180} INFO - Setting next_dagrun for extract_raw_data_pipeline to 2025-07-06 07:59:00+00:00, run_after=2025-07-07 07:00:00+00:00
[2025-07-07T01:47:06.842+0000] {processor.py:208} INFO - Processing /opt/airflow/dags/driven_data_pipeline.py took 4.577 seconds
[2025-07-07T01:47:37.341+0000] {processor.py:186} INFO - Started process (PID=86) to work on /opt/airflow/dags/driven_data_pipeline.py
[2025-07-07T01:47:37.343+0000] {processor.py:914} INFO - Processing file /opt/airflow/dags/driven_data_pipeline.py for tasks to queue
[2025-07-07T01:47:37.347+0000] {logging_mixin.py:190} INFO - [2025-07-07T01:47:37.346+0000] {dagbag.py:588} INFO - Filling up the DagBag from /opt/airflow/dags/driven_data_pipeline.py
[2025-07-07T01:47:37.581+0000] {processor.py:925} INFO - DAG(s) 'extract_raw_data_pipeline' retrieved from /opt/airflow/dags/driven_data_pipeline.py
[2025-07-07T01:47:37.647+0000] {logging_mixin.py:190} INFO - [2025-07-07T01:47:37.647+0000] {dag.py:3239} INFO - Sync 1 DAGs
[2025-07-07T01:47:37.722+0000] {logging_mixin.py:190} INFO - [2025-07-07T01:47:37.721+0000] {dag.py:4180} INFO - Setting next_dagrun for extract_raw_data_pipeline to 2025-07-06 07:59:00+00:00, run_after=2025-07-07 07:00:00+00:00
[2025-07-07T01:47:37.779+0000] {processor.py:208} INFO - Processing /opt/airflow/dags/driven_data_pipeline.py took 0.446 seconds
[2025-07-07T01:48:08.225+0000] {processor.py:186} INFO - Started process (PID=98) to work on /opt/airflow/dags/driven_data_pipeline.py
[2025-07-07T01:48:08.227+0000] {processor.py:914} INFO - Processing file /opt/airflow/dags/driven_data_pipeline.py for tasks to queue
[2025-07-07T01:48:12.339+0000] {logging_mixin.py:190} INFO - [2025-07-07T01:48:12.338+0000] {dagbag.py:588} INFO - Filling up the DagBag from /opt/airflow/dags/driven_data_pipeline.py
[2025-07-07T01:48:12.748+0000] {processor.py:925} INFO - DAG(s) 'extract_raw_data_pipeline' retrieved from /opt/airflow/dags/driven_data_pipeline.py
[2025-07-07T01:48:12.847+0000] {logging_mixin.py:190} INFO - [2025-07-07T01:48:12.847+0000] {dag.py:3239} INFO - Sync 1 DAGs
[2025-07-07T01:48:12.943+0000] {logging_mixin.py:190} INFO - [2025-07-07T01:48:12.942+0000] {dag.py:4180} INFO - Setting next_dagrun for extract_raw_data_pipeline to 2025-07-06 07:59:00+00:00, run_after=2025-07-07 07:00:00+00:00
[2025-07-07T01:48:13.004+0000] {processor.py:208} INFO - Processing /opt/airflow/dags/driven_data_pipeline.py took 4.787 seconds
[2025-07-07T01:48:43.631+0000] {processor.py:186} INFO - Started process (PID=112) to work on /opt/airflow/dags/driven_data_pipeline.py
[2025-07-07T01:48:43.632+0000] {processor.py:914} INFO - Processing file /opt/airflow/dags/driven_data_pipeline.py for tasks to queue
[2025-07-07T01:48:43.636+0000] {logging_mixin.py:190} INFO - [2025-07-07T01:48:43.635+0000] {dagbag.py:588} INFO - Filling up the DagBag from /opt/airflow/dags/driven_data_pipeline.py
[2025-07-07T01:48:43.679+0000] {processor.py:925} INFO - DAG(s) 'extract_raw_data_pipeline' retrieved from /opt/airflow/dags/driven_data_pipeline.py
[2025-07-07T01:48:43.712+0000] {logging_mixin.py:190} INFO - [2025-07-07T01:48:43.712+0000] {dag.py:3239} INFO - Sync 1 DAGs
[2025-07-07T01:48:43.742+0000] {logging_mixin.py:190} INFO - [2025-07-07T01:48:43.741+0000] {dag.py:4180} INFO - Setting next_dagrun for extract_raw_data_pipeline to 2025-07-06 07:59:00+00:00, run_after=2025-07-07 07:00:00+00:00
[2025-07-07T01:48:43.799+0000] {processor.py:208} INFO - Processing /opt/airflow/dags/driven_data_pipeline.py took 0.174 seconds
[2025-07-07T01:49:14.261+0000] {processor.py:186} INFO - Started process (PID=119) to work on /opt/airflow/dags/driven_data_pipeline.py
[2025-07-07T01:49:14.263+0000] {processor.py:914} INFO - Processing file /opt/airflow/dags/driven_data_pipeline.py for tasks to queue
[2025-07-07T01:49:14.267+0000] {logging_mixin.py:190} INFO - [2025-07-07T01:49:14.266+0000] {dagbag.py:588} INFO - Filling up the DagBag from /opt/airflow/dags/driven_data_pipeline.py
[2025-07-07T01:49:14.307+0000] {processor.py:925} INFO - DAG(s) 'extract_raw_data_pipeline' retrieved from /opt/airflow/dags/driven_data_pipeline.py
[2025-07-07T01:49:14.338+0000] {logging_mixin.py:190} INFO - [2025-07-07T01:49:14.337+0000] {dag.py:3239} INFO - Sync 1 DAGs
[2025-07-07T01:49:14.365+0000] {logging_mixin.py:190} INFO - [2025-07-07T01:49:14.364+0000] {dag.py:4180} INFO - Setting next_dagrun for extract_raw_data_pipeline to 2025-07-06 07:59:00+00:00, run_after=2025-07-07 07:00:00+00:00
[2025-07-07T01:49:14.393+0000] {processor.py:208} INFO - Processing /opt/airflow/dags/driven_data_pipeline.py took 0.138 seconds
[2025-07-07T01:49:44.697+0000] {processor.py:186} INFO - Started process (PID=126) to work on /opt/airflow/dags/driven_data_pipeline.py
[2025-07-07T01:49:44.698+0000] {processor.py:914} INFO - Processing file /opt/airflow/dags/driven_data_pipeline.py for tasks to queue
[2025-07-07T01:49:44.706+0000] {logging_mixin.py:190} INFO - [2025-07-07T01:49:44.702+0000] {dagbag.py:588} INFO - Filling up the DagBag from /opt/airflow/dags/driven_data_pipeline.py
[2025-07-07T01:49:44.839+0000] {processor.py:925} INFO - DAG(s) 'extract_raw_data_pipeline' retrieved from /opt/airflow/dags/driven_data_pipeline.py
[2025-07-07T01:49:44.878+0000] {logging_mixin.py:190} INFO - [2025-07-07T01:49:44.878+0000] {dag.py:3239} INFO - Sync 1 DAGs
[2025-07-07T01:49:46.072+0000] {logging_mixin.py:190} INFO - [2025-07-07T01:49:46.072+0000] {dag.py:4180} INFO - Setting next_dagrun for extract_raw_data_pipeline to 2025-07-06 07:59:00+00:00, run_after=2025-07-07 07:00:00+00:00
[2025-07-07T01:49:46.096+0000] {processor.py:208} INFO - Processing /opt/airflow/dags/driven_data_pipeline.py took 1.406 seconds
[2025-07-07T01:50:16.243+0000] {processor.py:186} INFO - Started process (PID=133) to work on /opt/airflow/dags/driven_data_pipeline.py
[2025-07-07T01:50:16.244+0000] {processor.py:914} INFO - Processing file /opt/airflow/dags/driven_data_pipeline.py for tasks to queue
[2025-07-07T01:50:16.247+0000] {logging_mixin.py:190} INFO - [2025-07-07T01:50:16.247+0000] {dagbag.py:588} INFO - Filling up the DagBag from /opt/airflow/dags/driven_data_pipeline.py
[2025-07-07T01:50:16.294+0000] {processor.py:925} INFO - DAG(s) 'extract_raw_data_pipeline' retrieved from /opt/airflow/dags/driven_data_pipeline.py
[2025-07-07T01:50:16.326+0000] {logging_mixin.py:190} INFO - [2025-07-07T01:50:16.326+0000] {dag.py:3239} INFO - Sync 1 DAGs
[2025-07-07T01:50:16.534+0000] {logging_mixin.py:190} INFO - [2025-07-07T01:50:16.534+0000] {dag.py:4180} INFO - Setting next_dagrun for extract_raw_data_pipeline to 2025-07-06 07:59:00+00:00, run_after=2025-07-07 07:00:00+00:00
[2025-07-07T01:50:16.557+0000] {processor.py:208} INFO - Processing /opt/airflow/dags/driven_data_pipeline.py took 0.321 seconds
[2025-07-07T01:50:46.773+0000] {processor.py:186} INFO - Started process (PID=140) to work on /opt/airflow/dags/driven_data_pipeline.py
[2025-07-07T01:50:46.775+0000] {processor.py:914} INFO - Processing file /opt/airflow/dags/driven_data_pipeline.py for tasks to queue
[2025-07-07T01:50:46.778+0000] {logging_mixin.py:190} INFO - [2025-07-07T01:50:46.778+0000] {dagbag.py:588} INFO - Filling up the DagBag from /opt/airflow/dags/driven_data_pipeline.py
[2025-07-07T01:50:46.822+0000] {processor.py:925} INFO - DAG(s) 'extract_raw_data_pipeline' retrieved from /opt/airflow/dags/driven_data_pipeline.py
[2025-07-07T01:50:47.028+0000] {logging_mixin.py:190} INFO - [2025-07-07T01:50:47.028+0000] {dag.py:3239} INFO - Sync 1 DAGs
[2025-07-07T01:50:47.054+0000] {logging_mixin.py:190} INFO - [2025-07-07T01:50:47.054+0000] {dag.py:4180} INFO - Setting next_dagrun for extract_raw_data_pipeline to 2025-07-06 07:59:00+00:00, run_after=2025-07-07 07:00:00+00:00
[2025-07-07T01:50:47.077+0000] {processor.py:208} INFO - Processing /opt/airflow/dags/driven_data_pipeline.py took 0.310 seconds
[2025-07-07T01:51:17.649+0000] {processor.py:186} INFO - Started process (PID=147) to work on /opt/airflow/dags/driven_data_pipeline.py
[2025-07-07T01:51:17.651+0000] {processor.py:914} INFO - Processing file /opt/airflow/dags/driven_data_pipeline.py for tasks to queue
[2025-07-07T01:51:17.654+0000] {logging_mixin.py:190} INFO - [2025-07-07T01:51:17.653+0000] {dagbag.py:588} INFO - Filling up the DagBag from /opt/airflow/dags/driven_data_pipeline.py
[2025-07-07T01:51:17.698+0000] {processor.py:925} INFO - DAG(s) 'extract_raw_data_pipeline' retrieved from /opt/airflow/dags/driven_data_pipeline.py
[2025-07-07T01:51:17.734+0000] {logging_mixin.py:190} INFO - [2025-07-07T01:51:17.733+0000] {dag.py:3239} INFO - Sync 1 DAGs
[2025-07-07T01:51:17.765+0000] {logging_mixin.py:190} INFO - [2025-07-07T01:51:17.764+0000] {dag.py:4180} INFO - Setting next_dagrun for extract_raw_data_pipeline to 2025-07-06 07:59:00+00:00, run_after=2025-07-07 07:00:00+00:00
[2025-07-07T01:51:17.791+0000] {processor.py:208} INFO - Processing /opt/airflow/dags/driven_data_pipeline.py took 0.148 seconds
[2025-07-07T01:51:48.167+0000] {processor.py:186} INFO - Started process (PID=154) to work on /opt/airflow/dags/driven_data_pipeline.py
[2025-07-07T01:51:48.168+0000] {processor.py:914} INFO - Processing file /opt/airflow/dags/driven_data_pipeline.py for tasks to queue
[2025-07-07T01:51:48.171+0000] {logging_mixin.py:190} INFO - [2025-07-07T01:51:48.171+0000] {dagbag.py:588} INFO - Filling up the DagBag from /opt/airflow/dags/driven_data_pipeline.py
[2025-07-07T01:51:48.213+0000] {processor.py:925} INFO - DAG(s) 'extract_raw_data_pipeline' retrieved from /opt/airflow/dags/driven_data_pipeline.py
[2025-07-07T01:51:48.245+0000] {logging_mixin.py:190} INFO - [2025-07-07T01:51:48.245+0000] {dag.py:3239} INFO - Sync 1 DAGs
[2025-07-07T01:51:48.272+0000] {logging_mixin.py:190} INFO - [2025-07-07T01:51:48.272+0000] {dag.py:4180} INFO - Setting next_dagrun for extract_raw_data_pipeline to 2025-07-06 07:59:00+00:00, run_after=2025-07-07 07:00:00+00:00
[2025-07-07T01:51:48.296+0000] {processor.py:208} INFO - Processing /opt/airflow/dags/driven_data_pipeline.py took 0.136 seconds
[2025-07-07T01:54:32.954+0000] {processor.py:186} INFO - Started process (PID=65) to work on /opt/airflow/dags/driven_data_pipeline.py
[2025-07-07T01:54:32.956+0000] {processor.py:914} INFO - Processing file /opt/airflow/dags/driven_data_pipeline.py for tasks to queue
[2025-07-07T01:54:32.962+0000] {logging_mixin.py:190} INFO - [2025-07-07T01:54:32.961+0000] {dagbag.py:588} INFO - Filling up the DagBag from /opt/airflow/dags/driven_data_pipeline.py
[2025-07-07T01:54:33.105+0000] {processor.py:925} INFO - DAG(s) 'extract_raw_data_pipeline' retrieved from /opt/airflow/dags/driven_data_pipeline.py
[2025-07-07T01:54:33.214+0000] {logging_mixin.py:190} INFO - [2025-07-07T01:54:33.213+0000] {dag.py:3239} INFO - Sync 1 DAGs
[2025-07-07T01:54:33.291+0000] {logging_mixin.py:190} INFO - [2025-07-07T01:54:33.290+0000] {dag.py:4180} INFO - Setting next_dagrun for extract_raw_data_pipeline to 2025-07-06 07:59:00+00:00, run_after=2025-07-07 07:00:00+00:00
[2025-07-07T01:54:33.340+0000] {processor.py:208} INFO - Processing /opt/airflow/dags/driven_data_pipeline.py took 0.403 seconds
[2025-07-07T01:55:06.537+0000] {processor.py:186} INFO - Started process (PID=72) to work on /opt/airflow/dags/driven_data_pipeline.py
[2025-07-07T01:55:06.538+0000] {processor.py:914} INFO - Processing file /opt/airflow/dags/driven_data_pipeline.py for tasks to queue
[2025-07-07T01:55:11.370+0000] {logging_mixin.py:190} INFO - [2025-07-07T01:55:11.367+0000] {dagbag.py:588} INFO - Filling up the DagBag from /opt/airflow/dags/driven_data_pipeline.py
[2025-07-07T01:55:11.555+0000] {processor.py:925} INFO - DAG(s) 'extract_raw_data_pipeline' retrieved from /opt/airflow/dags/driven_data_pipeline.py
[2025-07-07T01:55:11.812+0000] {logging_mixin.py:190} INFO - [2025-07-07T01:55:11.811+0000] {dag.py:3239} INFO - Sync 1 DAGs
[2025-07-07T01:55:11.940+0000] {logging_mixin.py:190} INFO - [2025-07-07T01:55:11.940+0000] {dag.py:4180} INFO - Setting next_dagrun for extract_raw_data_pipeline to 2025-07-06 07:59:00+00:00, run_after=2025-07-07 07:00:00+00:00
[2025-07-07T01:55:11.986+0000] {processor.py:208} INFO - Processing /opt/airflow/dags/driven_data_pipeline.py took 5.334 seconds
[2025-07-07T01:55:42.534+0000] {processor.py:186} INFO - Started process (PID=80) to work on /opt/airflow/dags/driven_data_pipeline.py
[2025-07-07T01:55:42.535+0000] {processor.py:914} INFO - Processing file /opt/airflow/dags/driven_data_pipeline.py for tasks to queue
[2025-07-07T01:55:43.376+0000] {logging_mixin.py:190} INFO - [2025-07-07T01:55:43.375+0000] {dagbag.py:588} INFO - Filling up the DagBag from /opt/airflow/dags/driven_data_pipeline.py
[2025-07-07T01:55:50.987+0000] {processor.py:925} INFO - DAG(s) 'extract_raw_data_pipeline' retrieved from /opt/airflow/dags/driven_data_pipeline.py
[2025-07-07T01:55:51.105+0000] {logging_mixin.py:190} INFO - [2025-07-07T01:55:51.104+0000] {dag.py:3239} INFO - Sync 1 DAGs
[2025-07-07T01:55:51.184+0000] {logging_mixin.py:190} INFO - [2025-07-07T01:55:51.184+0000] {dag.py:4180} INFO - Setting next_dagrun for extract_raw_data_pipeline to 2025-07-06 07:59:00+00:00, run_after=2025-07-07 07:00:00+00:00
[2025-07-07T01:55:51.214+0000] {processor.py:208} INFO - Processing /opt/airflow/dags/driven_data_pipeline.py took 8.687 seconds
[2025-07-07T01:56:27.242+0000] {processor.py:186} INFO - Started process (PID=87) to work on /opt/airflow/dags/driven_data_pipeline.py
[2025-07-07T01:56:27.248+0000] {processor.py:914} INFO - Processing file /opt/airflow/dags/driven_data_pipeline.py for tasks to queue
[2025-07-07T01:56:28.271+0000] {logging_mixin.py:190} INFO - [2025-07-07T01:56:28.270+0000] {dagbag.py:588} INFO - Filling up the DagBag from /opt/airflow/dags/driven_data_pipeline.py
[2025-07-07T01:56:37.210+0000] {processor.py:925} INFO - DAG(s) 'extract_raw_data_pipeline' retrieved from /opt/airflow/dags/driven_data_pipeline.py
[2025-07-07T01:56:37.649+0000] {logging_mixin.py:190} INFO - [2025-07-07T01:56:37.647+0000] {dag.py:3239} INFO - Sync 1 DAGs
[2025-07-07T01:56:38.263+0000] {logging_mixin.py:190} INFO - [2025-07-07T01:56:38.262+0000] {dag.py:4180} INFO - Setting next_dagrun for extract_raw_data_pipeline to 2025-07-06 07:59:00+00:00, run_after=2025-07-07 07:00:00+00:00
[2025-07-07T01:56:38.442+0000] {processor.py:208} INFO - Processing /opt/airflow/dags/driven_data_pipeline.py took 11.970 seconds
[2025-07-07T01:57:10.800+0000] {processor.py:186} INFO - Started process (PID=108) to work on /opt/airflow/dags/driven_data_pipeline.py
[2025-07-07T01:57:10.802+0000] {processor.py:914} INFO - Processing file /opt/airflow/dags/driven_data_pipeline.py for tasks to queue
[2025-07-07T01:57:13.740+0000] {logging_mixin.py:190} INFO - [2025-07-07T01:57:10.804+0000] {dagbag.py:588} INFO - Filling up the DagBag from /opt/airflow/dags/driven_data_pipeline.py
[2025-07-07T01:57:23.904+0000] {processor.py:925} INFO - DAG(s) 'extract_raw_data_pipeline' retrieved from /opt/airflow/dags/driven_data_pipeline.py
[2025-07-07T01:57:24.000+0000] {logging_mixin.py:190} INFO - [2025-07-07T01:57:23.999+0000] {dag.py:3239} INFO - Sync 1 DAGs
[2025-07-07T01:57:24.073+0000] {logging_mixin.py:190} INFO - [2025-07-07T01:57:24.073+0000] {dag.py:4180} INFO - Setting next_dagrun for extract_raw_data_pipeline to 2025-07-06 07:59:00+00:00, run_after=2025-07-07 07:00:00+00:00
[2025-07-07T01:57:24.112+0000] {processor.py:208} INFO - Processing /opt/airflow/dags/driven_data_pipeline.py took 13.699 seconds
[2025-07-07T01:57:54.599+0000] {processor.py:186} INFO - Started process (PID=115) to work on /opt/airflow/dags/driven_data_pipeline.py
[2025-07-07T01:57:54.600+0000] {processor.py:914} INFO - Processing file /opt/airflow/dags/driven_data_pipeline.py for tasks to queue
[2025-07-07T01:57:54.603+0000] {logging_mixin.py:190} INFO - [2025-07-07T01:57:54.603+0000] {dagbag.py:588} INFO - Filling up the DagBag from /opt/airflow/dags/driven_data_pipeline.py
[2025-07-07T01:57:54.641+0000] {processor.py:925} INFO - DAG(s) 'extract_raw_data_pipeline' retrieved from /opt/airflow/dags/driven_data_pipeline.py
[2025-07-07T01:57:54.671+0000] {logging_mixin.py:190} INFO - [2025-07-07T01:57:54.670+0000] {dag.py:3239} INFO - Sync 1 DAGs
[2025-07-07T01:57:54.698+0000] {logging_mixin.py:190} INFO - [2025-07-07T01:57:54.698+0000] {dag.py:4180} INFO - Setting next_dagrun for extract_raw_data_pipeline to 2025-07-06 07:59:00+00:00, run_after=2025-07-07 07:00:00+00:00
[2025-07-07T01:57:54.723+0000] {processor.py:208} INFO - Processing /opt/airflow/dags/driven_data_pipeline.py took 0.130 seconds
[2025-07-07T01:58:25.088+0000] {processor.py:186} INFO - Started process (PID=122) to work on /opt/airflow/dags/driven_data_pipeline.py
[2025-07-07T01:58:25.090+0000] {processor.py:914} INFO - Processing file /opt/airflow/dags/driven_data_pipeline.py for tasks to queue
[2025-07-07T01:58:25.094+0000] {logging_mixin.py:190} INFO - [2025-07-07T01:58:25.093+0000] {dagbag.py:588} INFO - Filling up the DagBag from /opt/airflow/dags/driven_data_pipeline.py
[2025-07-07T01:58:25.134+0000] {processor.py:925} INFO - DAG(s) 'extract_raw_data_pipeline' retrieved from /opt/airflow/dags/driven_data_pipeline.py
[2025-07-07T01:58:25.166+0000] {logging_mixin.py:190} INFO - [2025-07-07T01:58:25.166+0000] {dag.py:3239} INFO - Sync 1 DAGs
[2025-07-07T01:58:25.198+0000] {logging_mixin.py:190} INFO - [2025-07-07T01:58:25.198+0000] {dag.py:4180} INFO - Setting next_dagrun for extract_raw_data_pipeline to 2025-07-06 07:59:00+00:00, run_after=2025-07-07 07:00:00+00:00
[2025-07-07T01:58:25.227+0000] {processor.py:208} INFO - Processing /opt/airflow/dags/driven_data_pipeline.py took 0.146 seconds
[2025-07-07T01:58:55.645+0000] {processor.py:186} INFO - Started process (PID=129) to work on /opt/airflow/dags/driven_data_pipeline.py
[2025-07-07T01:58:55.646+0000] {processor.py:914} INFO - Processing file /opt/airflow/dags/driven_data_pipeline.py for tasks to queue
[2025-07-07T01:58:55.649+0000] {logging_mixin.py:190} INFO - [2025-07-07T01:58:55.649+0000] {dagbag.py:588} INFO - Filling up the DagBag from /opt/airflow/dags/driven_data_pipeline.py
[2025-07-07T01:58:55.683+0000] {processor.py:925} INFO - DAG(s) 'extract_raw_data_pipeline' retrieved from /opt/airflow/dags/driven_data_pipeline.py
[2025-07-07T01:58:55.712+0000] {logging_mixin.py:190} INFO - [2025-07-07T01:58:55.712+0000] {dag.py:3239} INFO - Sync 1 DAGs
[2025-07-07T01:58:55.743+0000] {logging_mixin.py:190} INFO - [2025-07-07T01:58:55.742+0000] {dag.py:4180} INFO - Setting next_dagrun for extract_raw_data_pipeline to 2025-07-06 07:59:00+00:00, run_after=2025-07-07 07:00:00+00:00
[2025-07-07T01:58:56.994+0000] {processor.py:208} INFO - Processing /opt/airflow/dags/driven_data_pipeline.py took 1.355 seconds
[2025-07-07T01:59:27.174+0000] {processor.py:186} INFO - Started process (PID=144) to work on /opt/airflow/dags/driven_data_pipeline.py
[2025-07-07T01:59:27.176+0000] {processor.py:914} INFO - Processing file /opt/airflow/dags/driven_data_pipeline.py for tasks to queue
[2025-07-07T01:59:27.181+0000] {logging_mixin.py:190} INFO - [2025-07-07T01:59:27.180+0000] {dagbag.py:588} INFO - Filling up the DagBag from /opt/airflow/dags/driven_data_pipeline.py
[2025-07-07T01:59:27.253+0000] {processor.py:925} INFO - DAG(s) 'extract_raw_data_pipeline' retrieved from /opt/airflow/dags/driven_data_pipeline.py
[2025-07-07T01:59:27.317+0000] {logging_mixin.py:190} INFO - [2025-07-07T01:59:27.317+0000] {dag.py:3239} INFO - Sync 1 DAGs
[2025-07-07T01:59:27.799+0000] {logging_mixin.py:190} INFO - [2025-07-07T01:59:27.798+0000] {dag.py:4180} INFO - Setting next_dagrun for extract_raw_data_pipeline to 2025-07-06 07:59:00+00:00, run_after=2025-07-07 07:00:00+00:00
[2025-07-07T01:59:27.833+0000] {processor.py:208} INFO - Processing /opt/airflow/dags/driven_data_pipeline.py took 0.669 seconds
[2025-07-07T01:59:58.050+0000] {processor.py:186} INFO - Started process (PID=153) to work on /opt/airflow/dags/driven_data_pipeline.py
[2025-07-07T01:59:58.052+0000] {processor.py:914} INFO - Processing file /opt/airflow/dags/driven_data_pipeline.py for tasks to queue
[2025-07-07T01:59:58.056+0000] {logging_mixin.py:190} INFO - [2025-07-07T01:59:58.056+0000] {dagbag.py:588} INFO - Filling up the DagBag from /opt/airflow/dags/driven_data_pipeline.py
[2025-07-07T01:59:58.115+0000] {processor.py:925} INFO - DAG(s) 'extract_raw_data_pipeline' retrieved from /opt/airflow/dags/driven_data_pipeline.py
[2025-07-07T01:59:58.327+0000] {logging_mixin.py:190} INFO - [2025-07-07T01:59:58.327+0000] {dag.py:3239} INFO - Sync 1 DAGs
[2025-07-07T01:59:58.357+0000] {logging_mixin.py:190} INFO - [2025-07-07T01:59:58.357+0000] {dag.py:4180} INFO - Setting next_dagrun for extract_raw_data_pipeline to 2025-07-06 07:59:00+00:00, run_after=2025-07-07 07:00:00+00:00
[2025-07-07T01:59:58.380+0000] {processor.py:208} INFO - Processing /opt/airflow/dags/driven_data_pipeline.py took 0.338 seconds
[2025-07-07T02:00:28.861+0000] {processor.py:186} INFO - Started process (PID=160) to work on /opt/airflow/dags/driven_data_pipeline.py
[2025-07-07T02:00:28.863+0000] {processor.py:914} INFO - Processing file /opt/airflow/dags/driven_data_pipeline.py for tasks to queue
[2025-07-07T02:00:28.866+0000] {logging_mixin.py:190} INFO - [2025-07-07T02:00:28.865+0000] {dagbag.py:588} INFO - Filling up the DagBag from /opt/airflow/dags/driven_data_pipeline.py
[2025-07-07T02:00:28.904+0000] {processor.py:925} INFO - DAG(s) 'extract_raw_data_pipeline' retrieved from /opt/airflow/dags/driven_data_pipeline.py
[2025-07-07T02:00:28.933+0000] {logging_mixin.py:190} INFO - [2025-07-07T02:00:28.932+0000] {dag.py:3239} INFO - Sync 1 DAGs
[2025-07-07T02:00:28.960+0000] {logging_mixin.py:190} INFO - [2025-07-07T02:00:28.959+0000] {dag.py:4180} INFO - Setting next_dagrun for extract_raw_data_pipeline to 2025-07-06 07:59:00+00:00, run_after=2025-07-07 07:00:00+00:00
[2025-07-07T02:00:28.981+0000] {processor.py:208} INFO - Processing /opt/airflow/dags/driven_data_pipeline.py took 0.126 seconds
[2025-07-07T02:00:59.464+0000] {processor.py:186} INFO - Started process (PID=167) to work on /opt/airflow/dags/driven_data_pipeline.py
[2025-07-07T02:00:59.465+0000] {processor.py:914} INFO - Processing file /opt/airflow/dags/driven_data_pipeline.py for tasks to queue
[2025-07-07T02:00:59.468+0000] {logging_mixin.py:190} INFO - [2025-07-07T02:00:59.468+0000] {dagbag.py:588} INFO - Filling up the DagBag from /opt/airflow/dags/driven_data_pipeline.py
[2025-07-07T02:00:59.502+0000] {processor.py:925} INFO - DAG(s) 'extract_raw_data_pipeline' retrieved from /opt/airflow/dags/driven_data_pipeline.py
[2025-07-07T02:00:59.532+0000] {logging_mixin.py:190} INFO - [2025-07-07T02:00:59.532+0000] {dag.py:3239} INFO - Sync 1 DAGs
[2025-07-07T02:00:59.562+0000] {logging_mixin.py:190} INFO - [2025-07-07T02:00:59.562+0000] {dag.py:4180} INFO - Setting next_dagrun for extract_raw_data_pipeline to 2025-07-06 07:59:00+00:00, run_after=2025-07-07 07:00:00+00:00
[2025-07-07T02:00:59.584+0000] {processor.py:208} INFO - Processing /opt/airflow/dags/driven_data_pipeline.py took 0.126 seconds
[2025-07-07T02:01:30.064+0000] {processor.py:186} INFO - Started process (PID=174) to work on /opt/airflow/dags/driven_data_pipeline.py
[2025-07-07T02:01:30.065+0000] {processor.py:914} INFO - Processing file /opt/airflow/dags/driven_data_pipeline.py for tasks to queue
[2025-07-07T02:01:30.068+0000] {logging_mixin.py:190} INFO - [2025-07-07T02:01:30.067+0000] {dagbag.py:588} INFO - Filling up the DagBag from /opt/airflow/dags/driven_data_pipeline.py
[2025-07-07T02:01:30.107+0000] {processor.py:925} INFO - DAG(s) 'extract_raw_data_pipeline' retrieved from /opt/airflow/dags/driven_data_pipeline.py
[2025-07-07T02:01:30.143+0000] {logging_mixin.py:190} INFO - [2025-07-07T02:01:30.143+0000] {dag.py:3239} INFO - Sync 1 DAGs
[2025-07-07T02:01:30.172+0000] {logging_mixin.py:190} INFO - [2025-07-07T02:01:30.171+0000] {dag.py:4180} INFO - Setting next_dagrun for extract_raw_data_pipeline to 2025-07-06 07:59:00+00:00, run_after=2025-07-07 07:00:00+00:00
[2025-07-07T02:01:30.350+0000] {processor.py:208} INFO - Processing /opt/airflow/dags/driven_data_pipeline.py took 0.293 seconds
[2025-07-07T02:02:00.547+0000] {processor.py:186} INFO - Started process (PID=181) to work on /opt/airflow/dags/driven_data_pipeline.py
[2025-07-07T02:02:00.549+0000] {processor.py:914} INFO - Processing file /opt/airflow/dags/driven_data_pipeline.py for tasks to queue
[2025-07-07T02:02:00.553+0000] {logging_mixin.py:190} INFO - [2025-07-07T02:02:00.552+0000] {dagbag.py:588} INFO - Filling up the DagBag from /opt/airflow/dags/driven_data_pipeline.py
[2025-07-07T02:02:00.599+0000] {processor.py:925} INFO - DAG(s) 'extract_raw_data_pipeline' retrieved from /opt/airflow/dags/driven_data_pipeline.py
[2025-07-07T02:02:00.636+0000] {logging_mixin.py:190} INFO - [2025-07-07T02:02:00.636+0000] {dag.py:3239} INFO - Sync 1 DAGs
[2025-07-07T02:02:00.865+0000] {logging_mixin.py:190} INFO - [2025-07-07T02:02:00.864+0000] {dag.py:4180} INFO - Setting next_dagrun for extract_raw_data_pipeline to 2025-07-06 07:59:00+00:00, run_after=2025-07-07 07:00:00+00:00
[2025-07-07T02:02:00.897+0000] {processor.py:208} INFO - Processing /opt/airflow/dags/driven_data_pipeline.py took 0.357 seconds
[2025-07-07T02:02:31.327+0000] {processor.py:186} INFO - Started process (PID=188) to work on /opt/airflow/dags/driven_data_pipeline.py
[2025-07-07T02:02:31.328+0000] {processor.py:914} INFO - Processing file /opt/airflow/dags/driven_data_pipeline.py for tasks to queue
[2025-07-07T02:02:31.331+0000] {logging_mixin.py:190} INFO - [2025-07-07T02:02:31.330+0000] {dagbag.py:588} INFO - Filling up the DagBag from /opt/airflow/dags/driven_data_pipeline.py
[2025-07-07T02:02:31.377+0000] {processor.py:925} INFO - DAG(s) 'extract_raw_data_pipeline' retrieved from /opt/airflow/dags/driven_data_pipeline.py
[2025-07-07T02:02:31.555+0000] {logging_mixin.py:190} INFO - [2025-07-07T02:02:31.555+0000] {dag.py:3239} INFO - Sync 1 DAGs
[2025-07-07T02:02:31.583+0000] {logging_mixin.py:190} INFO - [2025-07-07T02:02:31.582+0000] {dag.py:4180} INFO - Setting next_dagrun for extract_raw_data_pipeline to 2025-07-06 07:59:00+00:00, run_after=2025-07-07 07:00:00+00:00
[2025-07-07T02:02:31.605+0000] {processor.py:208} INFO - Processing /opt/airflow/dags/driven_data_pipeline.py took 0.286 seconds
[2025-07-07T02:03:02.026+0000] {processor.py:186} INFO - Started process (PID=195) to work on /opt/airflow/dags/driven_data_pipeline.py
[2025-07-07T02:03:02.028+0000] {processor.py:914} INFO - Processing file /opt/airflow/dags/driven_data_pipeline.py for tasks to queue
[2025-07-07T02:03:02.031+0000] {logging_mixin.py:190} INFO - [2025-07-07T02:03:02.031+0000] {dagbag.py:588} INFO - Filling up the DagBag from /opt/airflow/dags/driven_data_pipeline.py
[2025-07-07T02:03:02.232+0000] {processor.py:925} INFO - DAG(s) 'extract_raw_data_pipeline' retrieved from /opt/airflow/dags/driven_data_pipeline.py
[2025-07-07T02:03:02.270+0000] {logging_mixin.py:190} INFO - [2025-07-07T02:03:02.270+0000] {dag.py:3239} INFO - Sync 1 DAGs
[2025-07-07T02:03:02.296+0000] {logging_mixin.py:190} INFO - [2025-07-07T02:03:02.296+0000] {dag.py:4180} INFO - Setting next_dagrun for extract_raw_data_pipeline to 2025-07-06 07:59:00+00:00, run_after=2025-07-07 07:00:00+00:00
[2025-07-07T02:03:02.318+0000] {processor.py:208} INFO - Processing /opt/airflow/dags/driven_data_pipeline.py took 0.298 seconds
[2025-07-07T02:03:32.751+0000] {processor.py:186} INFO - Started process (PID=202) to work on /opt/airflow/dags/driven_data_pipeline.py
[2025-07-07T02:03:32.753+0000] {processor.py:914} INFO - Processing file /opt/airflow/dags/driven_data_pipeline.py for tasks to queue
[2025-07-07T02:03:32.757+0000] {logging_mixin.py:190} INFO - [2025-07-07T02:03:32.757+0000] {dagbag.py:588} INFO - Filling up the DagBag from /opt/airflow/dags/driven_data_pipeline.py
[2025-07-07T02:03:32.798+0000] {processor.py:925} INFO - DAG(s) 'extract_raw_data_pipeline' retrieved from /opt/airflow/dags/driven_data_pipeline.py
[2025-07-07T02:03:32.831+0000] {logging_mixin.py:190} INFO - [2025-07-07T02:03:32.831+0000] {dag.py:3239} INFO - Sync 1 DAGs
[2025-07-07T02:03:32.861+0000] {logging_mixin.py:190} INFO - [2025-07-07T02:03:32.861+0000] {dag.py:4180} INFO - Setting next_dagrun for extract_raw_data_pipeline to 2025-07-06 07:59:00+00:00, run_after=2025-07-07 07:00:00+00:00
[2025-07-07T02:03:32.886+0000] {processor.py:208} INFO - Processing /opt/airflow/dags/driven_data_pipeline.py took 0.144 seconds
[2025-07-07T02:13:04.805+0000] {processor.py:186} INFO - Started process (PID=67) to work on /opt/airflow/dags/driven_data_pipeline.py
[2025-07-07T02:13:04.807+0000] {processor.py:914} INFO - Processing file /opt/airflow/dags/driven_data_pipeline.py for tasks to queue
[2025-07-07T02:13:04.813+0000] {logging_mixin.py:190} INFO - [2025-07-07T02:13:04.810+0000] {dagbag.py:588} INFO - Filling up the DagBag from /opt/airflow/dags/driven_data_pipeline.py
[2025-07-07T02:13:05.214+0000] {processor.py:925} INFO - DAG(s) 'extract_raw_data_pipeline' retrieved from /opt/airflow/dags/driven_data_pipeline.py
[2025-07-07T02:13:06.285+0000] {logging_mixin.py:190} INFO - [2025-07-07T02:13:06.283+0000] {dag.py:3239} INFO - Sync 1 DAGs
[2025-07-07T02:13:06.399+0000] {logging_mixin.py:190} INFO - [2025-07-07T02:13:06.398+0000] {dag.py:4180} INFO - Setting next_dagrun for extract_raw_data_pipeline to 2025-07-06 07:00:00+00:00, run_after=2025-07-07 07:00:00+00:00
[2025-07-07T02:13:06.535+0000] {processor.py:208} INFO - Processing /opt/airflow/dags/driven_data_pipeline.py took 1.754 seconds
[2025-07-07T02:13:39.656+0000] {processor.py:186} INFO - Started process (PID=74) to work on /opt/airflow/dags/driven_data_pipeline.py
[2025-07-07T02:13:39.986+0000] {processor.py:914} INFO - Processing file /opt/airflow/dags/driven_data_pipeline.py for tasks to queue
[2025-07-07T02:13:40.663+0000] {logging_mixin.py:190} INFO - [2025-07-07T02:13:40.452+0000] {dagbag.py:588} INFO - Filling up the DagBag from /opt/airflow/dags/driven_data_pipeline.py
[2025-07-07T02:13:56.034+0000] {processor.py:925} INFO - DAG(s) 'extract_raw_data_pipeline' retrieved from /opt/airflow/dags/driven_data_pipeline.py
[2025-07-07T02:13:56.232+0000] {logging_mixin.py:190} INFO - [2025-07-07T02:13:56.231+0000] {dag.py:3239} INFO - Sync 1 DAGs
[2025-07-07T02:13:56.591+0000] {logging_mixin.py:190} INFO - [2025-07-07T02:13:56.589+0000] {dag.py:4180} INFO - Setting next_dagrun for extract_raw_data_pipeline to 2025-07-06 07:00:00+00:00, run_after=2025-07-07 07:00:00+00:00
[2025-07-07T02:13:56.678+0000] {processor.py:208} INFO - Processing /opt/airflow/dags/driven_data_pipeline.py took 17.441 seconds
[2025-07-07T02:14:30.453+0000] {processor.py:186} INFO - Started process (PID=81) to work on /opt/airflow/dags/driven_data_pipeline.py
[2025-07-07T02:14:31.275+0000] {processor.py:914} INFO - Processing file /opt/airflow/dags/driven_data_pipeline.py for tasks to queue
[2025-07-07T02:14:31.422+0000] {logging_mixin.py:190} INFO - [2025-07-07T02:14:31.410+0000] {dagbag.py:588} INFO - Filling up the DagBag from /opt/airflow/dags/driven_data_pipeline.py
[2025-07-07T02:14:31.809+0000] {processor.py:925} INFO - DAG(s) 'extract_raw_data_pipeline' retrieved from /opt/airflow/dags/driven_data_pipeline.py
[2025-07-07T02:14:32.379+0000] {logging_mixin.py:190} INFO - [2025-07-07T02:14:32.379+0000] {dag.py:3239} INFO - Sync 1 DAGs
[2025-07-07T02:14:32.927+0000] {logging_mixin.py:190} INFO - [2025-07-07T02:14:32.926+0000] {dag.py:4180} INFO - Setting next_dagrun for extract_raw_data_pipeline to 2025-07-06 07:00:00+00:00, run_after=2025-07-07 07:00:00+00:00
[2025-07-07T02:14:35.610+0000] {processor.py:208} INFO - Processing /opt/airflow/dags/driven_data_pipeline.py took 7.763 seconds
[2025-07-07T02:15:06.744+0000] {processor.py:186} INFO - Started process (PID=103) to work on /opt/airflow/dags/driven_data_pipeline.py
[2025-07-07T02:15:06.749+0000] {processor.py:914} INFO - Processing file /opt/airflow/dags/driven_data_pipeline.py for tasks to queue
[2025-07-07T02:15:06.773+0000] {logging_mixin.py:190} INFO - [2025-07-07T02:15:06.767+0000] {dagbag.py:588} INFO - Filling up the DagBag from /opt/airflow/dags/driven_data_pipeline.py
[2025-07-07T02:15:07.289+0000] {processor.py:925} INFO - DAG(s) 'extract_raw_data_pipeline' retrieved from /opt/airflow/dags/driven_data_pipeline.py
[2025-07-07T02:15:07.366+0000] {logging_mixin.py:190} INFO - [2025-07-07T02:15:07.366+0000] {dag.py:3239} INFO - Sync 1 DAGs
[2025-07-07T02:15:07.472+0000] {logging_mixin.py:190} INFO - [2025-07-07T02:15:07.471+0000] {dag.py:4180} INFO - Setting next_dagrun for extract_raw_data_pipeline to 2025-07-06 07:00:00+00:00, run_after=2025-07-07 07:00:00+00:00
[2025-07-07T02:15:07.561+0000] {processor.py:208} INFO - Processing /opt/airflow/dags/driven_data_pipeline.py took 0.880 seconds
[2025-07-07T02:15:38.108+0000] {processor.py:186} INFO - Started process (PID=110) to work on /opt/airflow/dags/driven_data_pipeline.py
[2025-07-07T02:15:38.109+0000] {processor.py:914} INFO - Processing file /opt/airflow/dags/driven_data_pipeline.py for tasks to queue
[2025-07-07T02:15:38.113+0000] {logging_mixin.py:190} INFO - [2025-07-07T02:15:38.112+0000] {dagbag.py:588} INFO - Filling up the DagBag from /opt/airflow/dags/driven_data_pipeline.py
[2025-07-07T02:15:38.170+0000] {processor.py:925} INFO - DAG(s) 'extract_raw_data_pipeline' retrieved from /opt/airflow/dags/driven_data_pipeline.py
[2025-07-07T02:15:38.205+0000] {logging_mixin.py:190} INFO - [2025-07-07T02:15:38.205+0000] {dag.py:3239} INFO - Sync 1 DAGs
[2025-07-07T02:15:38.239+0000] {logging_mixin.py:190} INFO - [2025-07-07T02:15:38.238+0000] {dag.py:4180} INFO - Setting next_dagrun for extract_raw_data_pipeline to 2025-07-06 07:00:00+00:00, run_after=2025-07-07 07:00:00+00:00
[2025-07-07T02:15:38.262+0000] {processor.py:208} INFO - Processing /opt/airflow/dags/driven_data_pipeline.py took 0.161 seconds
[2025-07-07T02:16:08.944+0000] {processor.py:186} INFO - Started process (PID=117) to work on /opt/airflow/dags/driven_data_pipeline.py
[2025-07-07T02:16:08.945+0000] {processor.py:914} INFO - Processing file /opt/airflow/dags/driven_data_pipeline.py for tasks to queue
[2025-07-07T02:16:08.949+0000] {logging_mixin.py:190} INFO - [2025-07-07T02:16:08.949+0000] {dagbag.py:588} INFO - Filling up the DagBag from /opt/airflow/dags/driven_data_pipeline.py
[2025-07-07T02:16:12.607+0000] {processor.py:925} INFO - DAG(s) 'extract_raw_data_pipeline' retrieved from /opt/airflow/dags/driven_data_pipeline.py
[2025-07-07T02:16:12.645+0000] {logging_mixin.py:190} INFO - [2025-07-07T02:16:12.645+0000] {dag.py:3239} INFO - Sync 1 DAGs
[2025-07-07T02:16:12.680+0000] {logging_mixin.py:190} INFO - [2025-07-07T02:16:12.680+0000] {dag.py:4180} INFO - Setting next_dagrun for extract_raw_data_pipeline to 2025-07-06 07:00:00+00:00, run_after=2025-07-07 07:00:00+00:00
[2025-07-07T02:16:12.989+0000] {processor.py:208} INFO - Processing /opt/airflow/dags/driven_data_pipeline.py took 4.051 seconds
[2025-07-07T02:16:43.463+0000] {processor.py:186} INFO - Started process (PID=128) to work on /opt/airflow/dags/driven_data_pipeline.py
[2025-07-07T02:16:43.464+0000] {processor.py:914} INFO - Processing file /opt/airflow/dags/driven_data_pipeline.py for tasks to queue
[2025-07-07T02:16:43.468+0000] {logging_mixin.py:190} INFO - [2025-07-07T02:16:43.467+0000] {dagbag.py:588} INFO - Filling up the DagBag from /opt/airflow/dags/driven_data_pipeline.py
[2025-07-07T02:16:43.545+0000] {processor.py:925} INFO - DAG(s) 'extract_raw_data_pipeline' retrieved from /opt/airflow/dags/driven_data_pipeline.py
[2025-07-07T02:16:43.608+0000] {logging_mixin.py:190} INFO - [2025-07-07T02:16:43.608+0000] {dag.py:3239} INFO - Sync 1 DAGs
[2025-07-07T02:16:43.658+0000] {logging_mixin.py:190} INFO - [2025-07-07T02:16:43.658+0000] {dag.py:4180} INFO - Setting next_dagrun for extract_raw_data_pipeline to 2025-07-06 07:00:00+00:00, run_after=2025-07-07 07:00:00+00:00
[2025-07-07T02:16:43.681+0000] {processor.py:208} INFO - Processing /opt/airflow/dags/driven_data_pipeline.py took 0.225 seconds
[2025-07-07T02:17:13.822+0000] {processor.py:186} INFO - Started process (PID=136) to work on /opt/airflow/dags/driven_data_pipeline.py
[2025-07-07T02:17:13.824+0000] {processor.py:914} INFO - Processing file /opt/airflow/dags/driven_data_pipeline.py for tasks to queue
[2025-07-07T02:17:13.827+0000] {logging_mixin.py:190} INFO - [2025-07-07T02:17:13.827+0000] {dagbag.py:588} INFO - Filling up the DagBag from /opt/airflow/dags/driven_data_pipeline.py
[2025-07-07T02:17:13.864+0000] {processor.py:925} INFO - DAG(s) 'extract_raw_data_pipeline' retrieved from /opt/airflow/dags/driven_data_pipeline.py
[2025-07-07T02:17:13.896+0000] {logging_mixin.py:190} INFO - [2025-07-07T02:17:13.896+0000] {dag.py:3239} INFO - Sync 1 DAGs
[2025-07-07T02:17:14.914+0000] {logging_mixin.py:190} INFO - [2025-07-07T02:17:14.914+0000] {dag.py:4180} INFO - Setting next_dagrun for extract_raw_data_pipeline to 2025-07-06 07:00:00+00:00, run_after=2025-07-07 07:00:00+00:00
[2025-07-07T02:17:14.937+0000] {processor.py:208} INFO - Processing /opt/airflow/dags/driven_data_pipeline.py took 1.123 seconds
[2025-07-07T02:17:45.885+0000] {processor.py:186} INFO - Started process (PID=143) to work on /opt/airflow/dags/driven_data_pipeline.py
[2025-07-07T02:17:45.886+0000] {processor.py:914} INFO - Processing file /opt/airflow/dags/driven_data_pipeline.py for tasks to queue
[2025-07-07T02:17:45.889+0000] {logging_mixin.py:190} INFO - [2025-07-07T02:17:45.889+0000] {dagbag.py:588} INFO - Filling up the DagBag from /opt/airflow/dags/driven_data_pipeline.py
[2025-07-07T02:17:45.949+0000] {processor.py:925} INFO - DAG(s) 'extract_raw_data_pipeline' retrieved from /opt/airflow/dags/driven_data_pipeline.py
[2025-07-07T02:17:45.981+0000] {logging_mixin.py:190} INFO - [2025-07-07T02:17:45.980+0000] {dag.py:3239} INFO - Sync 1 DAGs
[2025-07-07T02:17:46.178+0000] {logging_mixin.py:190} INFO - [2025-07-07T02:17:46.178+0000] {dag.py:4180} INFO - Setting next_dagrun for extract_raw_data_pipeline to 2025-07-06 07:00:00+00:00, run_after=2025-07-07 07:00:00+00:00
[2025-07-07T02:17:46.199+0000] {processor.py:208} INFO - Processing /opt/airflow/dags/driven_data_pipeline.py took 0.320 seconds
[2025-07-07T02:18:16.468+0000] {processor.py:186} INFO - Started process (PID=154) to work on /opt/airflow/dags/driven_data_pipeline.py
[2025-07-07T02:18:16.470+0000] {processor.py:914} INFO - Processing file /opt/airflow/dags/driven_data_pipeline.py for tasks to queue
[2025-07-07T02:18:16.474+0000] {logging_mixin.py:190} INFO - [2025-07-07T02:18:16.474+0000] {dagbag.py:588} INFO - Filling up the DagBag from /opt/airflow/dags/driven_data_pipeline.py
[2025-07-07T02:18:16.544+0000] {processor.py:925} INFO - DAG(s) 'extract_raw_data_pipeline' retrieved from /opt/airflow/dags/driven_data_pipeline.py
[2025-07-07T02:18:17.036+0000] {logging_mixin.py:190} INFO - [2025-07-07T02:18:17.031+0000] {dag.py:3239} INFO - Sync 1 DAGs
[2025-07-07T02:18:17.116+0000] {logging_mixin.py:190} INFO - [2025-07-07T02:18:17.115+0000] {dag.py:4180} INFO - Setting next_dagrun for extract_raw_data_pipeline to 2025-07-06 07:00:00+00:00, run_after=2025-07-07 07:00:00+00:00
[2025-07-07T02:18:17.162+0000] {processor.py:208} INFO - Processing /opt/airflow/dags/driven_data_pipeline.py took 0.706 seconds
[2025-07-07T02:18:47.578+0000] {processor.py:186} INFO - Started process (PID=161) to work on /opt/airflow/dags/driven_data_pipeline.py
[2025-07-07T02:18:47.579+0000] {processor.py:914} INFO - Processing file /opt/airflow/dags/driven_data_pipeline.py for tasks to queue
[2025-07-07T02:18:47.582+0000] {logging_mixin.py:190} INFO - [2025-07-07T02:18:47.582+0000] {dagbag.py:588} INFO - Filling up the DagBag from /opt/airflow/dags/driven_data_pipeline.py
[2025-07-07T02:18:47.649+0000] {processor.py:925} INFO - DAG(s) 'extract_raw_data_pipeline' retrieved from /opt/airflow/dags/driven_data_pipeline.py
[2025-07-07T02:18:47.707+0000] {logging_mixin.py:190} INFO - [2025-07-07T02:18:47.706+0000] {dag.py:3239} INFO - Sync 1 DAGs
[2025-07-07T02:18:47.741+0000] {logging_mixin.py:190} INFO - [2025-07-07T02:18:47.741+0000] {dag.py:4180} INFO - Setting next_dagrun for extract_raw_data_pipeline to 2025-07-06 07:00:00+00:00, run_after=2025-07-07 07:00:00+00:00
[2025-07-07T02:18:47.770+0000] {processor.py:208} INFO - Processing /opt/airflow/dags/driven_data_pipeline.py took 0.201 seconds
[2025-07-07T02:19:17.946+0000] {processor.py:186} INFO - Started process (PID=168) to work on /opt/airflow/dags/driven_data_pipeline.py
[2025-07-07T02:19:17.947+0000] {processor.py:914} INFO - Processing file /opt/airflow/dags/driven_data_pipeline.py for tasks to queue
[2025-07-07T02:19:17.951+0000] {logging_mixin.py:190} INFO - [2025-07-07T02:19:17.950+0000] {dagbag.py:588} INFO - Filling up the DagBag from /opt/airflow/dags/driven_data_pipeline.py
[2025-07-07T02:19:18.005+0000] {processor.py:925} INFO - DAG(s) 'extract_raw_data_pipeline' retrieved from /opt/airflow/dags/driven_data_pipeline.py
[2025-07-07T02:19:18.055+0000] {logging_mixin.py:190} INFO - [2025-07-07T02:19:18.055+0000] {dag.py:3239} INFO - Sync 1 DAGs
[2025-07-07T02:19:18.090+0000] {logging_mixin.py:190} INFO - [2025-07-07T02:19:18.090+0000] {dag.py:4180} INFO - Setting next_dagrun for extract_raw_data_pipeline to 2025-07-06 07:00:00+00:00, run_after=2025-07-07 07:00:00+00:00
[2025-07-07T02:19:18.120+0000] {processor.py:208} INFO - Processing /opt/airflow/dags/driven_data_pipeline.py took 0.181 seconds
[2025-07-07T02:19:48.532+0000] {processor.py:186} INFO - Started process (PID=175) to work on /opt/airflow/dags/driven_data_pipeline.py
[2025-07-07T02:19:48.533+0000] {processor.py:914} INFO - Processing file /opt/airflow/dags/driven_data_pipeline.py for tasks to queue
[2025-07-07T02:19:48.537+0000] {logging_mixin.py:190} INFO - [2025-07-07T02:19:48.536+0000] {dagbag.py:588} INFO - Filling up the DagBag from /opt/airflow/dags/driven_data_pipeline.py
[2025-07-07T02:19:48.594+0000] {processor.py:925} INFO - DAG(s) 'extract_raw_data_pipeline' retrieved from /opt/airflow/dags/driven_data_pipeline.py
[2025-07-07T02:19:48.663+0000] {logging_mixin.py:190} INFO - [2025-07-07T02:19:48.663+0000] {dag.py:3239} INFO - Sync 1 DAGs
[2025-07-07T02:19:48.957+0000] {logging_mixin.py:190} INFO - [2025-07-07T02:19:48.957+0000] {dag.py:4180} INFO - Setting next_dagrun for extract_raw_data_pipeline to 2025-07-06 07:00:00+00:00, run_after=2025-07-07 07:00:00+00:00
[2025-07-07T02:19:48.984+0000] {processor.py:208} INFO - Processing /opt/airflow/dags/driven_data_pipeline.py took 0.459 seconds
[2025-07-07T02:20:19.524+0000] {processor.py:186} INFO - Started process (PID=183) to work on /opt/airflow/dags/driven_data_pipeline.py
[2025-07-07T02:20:19.526+0000] {processor.py:914} INFO - Processing file /opt/airflow/dags/driven_data_pipeline.py for tasks to queue
[2025-07-07T02:20:19.529+0000] {logging_mixin.py:190} INFO - [2025-07-07T02:20:19.529+0000] {dagbag.py:588} INFO - Filling up the DagBag from /opt/airflow/dags/driven_data_pipeline.py
[2025-07-07T02:20:19.592+0000] {processor.py:925} INFO - DAG(s) 'extract_raw_data_pipeline' retrieved from /opt/airflow/dags/driven_data_pipeline.py
[2025-07-07T02:20:19.651+0000] {logging_mixin.py:190} INFO - [2025-07-07T02:20:19.651+0000] {dag.py:3239} INFO - Sync 1 DAGs
[2025-07-07T02:20:19.959+0000] {logging_mixin.py:190} INFO - [2025-07-07T02:20:19.959+0000] {dag.py:4180} INFO - Setting next_dagrun for extract_raw_data_pipeline to 2025-07-06 07:00:00+00:00, run_after=2025-07-07 07:00:00+00:00
[2025-07-07T02:20:19.990+0000] {processor.py:208} INFO - Processing /opt/airflow/dags/driven_data_pipeline.py took 0.473 seconds
[2025-07-07T02:20:50.315+0000] {processor.py:186} INFO - Started process (PID=194) to work on /opt/airflow/dags/driven_data_pipeline.py
[2025-07-07T02:20:50.317+0000] {processor.py:914} INFO - Processing file /opt/airflow/dags/driven_data_pipeline.py for tasks to queue
[2025-07-07T02:20:50.321+0000] {logging_mixin.py:190} INFO - [2025-07-07T02:20:50.321+0000] {dagbag.py:588} INFO - Filling up the DagBag from /opt/airflow/dags/driven_data_pipeline.py
[2025-07-07T02:20:50.386+0000] {processor.py:925} INFO - DAG(s) 'extract_raw_data_pipeline' retrieved from /opt/airflow/dags/driven_data_pipeline.py
[2025-07-07T02:20:50.648+0000] {logging_mixin.py:190} INFO - [2025-07-07T02:20:50.647+0000] {dag.py:3239} INFO - Sync 1 DAGs
[2025-07-07T02:20:50.687+0000] {logging_mixin.py:190} INFO - [2025-07-07T02:20:50.686+0000] {dag.py:4180} INFO - Setting next_dagrun for extract_raw_data_pipeline to 2025-07-06 07:00:00+00:00, run_after=2025-07-07 07:00:00+00:00
[2025-07-07T02:20:50.724+0000] {processor.py:208} INFO - Processing /opt/airflow/dags/driven_data_pipeline.py took 0.418 seconds
[2025-07-07T02:21:20.805+0000] {processor.py:186} INFO - Started process (PID=201) to work on /opt/airflow/dags/driven_data_pipeline.py
[2025-07-07T02:21:20.806+0000] {processor.py:914} INFO - Processing file /opt/airflow/dags/driven_data_pipeline.py for tasks to queue
[2025-07-07T02:21:20.810+0000] {logging_mixin.py:190} INFO - [2025-07-07T02:21:20.809+0000] {dagbag.py:588} INFO - Filling up the DagBag from /opt/airflow/dags/driven_data_pipeline.py
[2025-07-07T02:21:21.034+0000] {processor.py:925} INFO - DAG(s) 'extract_raw_data_pipeline' retrieved from /opt/airflow/dags/driven_data_pipeline.py
[2025-07-07T02:21:21.077+0000] {logging_mixin.py:190} INFO - [2025-07-07T02:21:21.077+0000] {dag.py:3239} INFO - Sync 1 DAGs
[2025-07-07T02:21:21.102+0000] {logging_mixin.py:190} INFO - [2025-07-07T02:21:21.101+0000] {dag.py:4180} INFO - Setting next_dagrun for extract_raw_data_pipeline to 2025-07-06 07:00:00+00:00, run_after=2025-07-07 07:00:00+00:00
[2025-07-07T02:21:21.125+0000] {processor.py:208} INFO - Processing /opt/airflow/dags/driven_data_pipeline.py took 0.327 seconds
[2025-07-07T02:21:51.300+0000] {processor.py:186} INFO - Started process (PID=208) to work on /opt/airflow/dags/driven_data_pipeline.py
[2025-07-07T02:21:51.302+0000] {processor.py:914} INFO - Processing file /opt/airflow/dags/driven_data_pipeline.py for tasks to queue
[2025-07-07T02:21:51.305+0000] {logging_mixin.py:190} INFO - [2025-07-07T02:21:51.305+0000] {dagbag.py:588} INFO - Filling up the DagBag from /opt/airflow/dags/driven_data_pipeline.py
[2025-07-07T02:21:51.355+0000] {processor.py:925} INFO - DAG(s) 'extract_raw_data_pipeline' retrieved from /opt/airflow/dags/driven_data_pipeline.py
[2025-07-07T02:21:51.429+0000] {logging_mixin.py:190} INFO - [2025-07-07T02:21:51.429+0000] {dag.py:3239} INFO - Sync 1 DAGs
[2025-07-07T02:21:51.463+0000] {logging_mixin.py:190} INFO - [2025-07-07T02:21:51.463+0000] {dag.py:4180} INFO - Setting next_dagrun for extract_raw_data_pipeline to 2025-07-06 07:00:00+00:00, run_after=2025-07-07 07:00:00+00:00
[2025-07-07T02:21:51.496+0000] {processor.py:208} INFO - Processing /opt/airflow/dags/driven_data_pipeline.py took 0.209 seconds
[2025-07-07T02:22:21.731+0000] {processor.py:186} INFO - Started process (PID=215) to work on /opt/airflow/dags/driven_data_pipeline.py
[2025-07-07T02:22:21.733+0000] {processor.py:914} INFO - Processing file /opt/airflow/dags/driven_data_pipeline.py for tasks to queue
[2025-07-07T02:22:21.739+0000] {logging_mixin.py:190} INFO - [2025-07-07T02:22:21.736+0000] {dagbag.py:588} INFO - Filling up the DagBag from /opt/airflow/dags/driven_data_pipeline.py
[2025-07-07T02:22:21.799+0000] {processor.py:925} INFO - DAG(s) 'extract_raw_data_pipeline' retrieved from /opt/airflow/dags/driven_data_pipeline.py
[2025-07-07T02:22:21.878+0000] {logging_mixin.py:190} INFO - [2025-07-07T02:22:21.877+0000] {dag.py:3239} INFO - Sync 1 DAGs
[2025-07-07T02:22:21.910+0000] {logging_mixin.py:190} INFO - [2025-07-07T02:22:21.910+0000] {dag.py:4180} INFO - Setting next_dagrun for extract_raw_data_pipeline to 2025-07-06 07:00:00+00:00, run_after=2025-07-07 07:00:00+00:00
[2025-07-07T02:22:21.942+0000] {processor.py:208} INFO - Processing /opt/airflow/dags/driven_data_pipeline.py took 0.222 seconds
[2025-07-07T02:22:52.440+0000] {processor.py:186} INFO - Started process (PID=222) to work on /opt/airflow/dags/driven_data_pipeline.py
[2025-07-07T02:22:52.442+0000] {processor.py:914} INFO - Processing file /opt/airflow/dags/driven_data_pipeline.py for tasks to queue
[2025-07-07T02:22:52.445+0000] {logging_mixin.py:190} INFO - [2025-07-07T02:22:52.445+0000] {dagbag.py:588} INFO - Filling up the DagBag from /opt/airflow/dags/driven_data_pipeline.py
[2025-07-07T02:22:52.497+0000] {processor.py:925} INFO - DAG(s) 'extract_raw_data_pipeline' retrieved from /opt/airflow/dags/driven_data_pipeline.py
[2025-07-07T02:22:52.558+0000] {logging_mixin.py:190} INFO - [2025-07-07T02:22:52.558+0000] {dag.py:3239} INFO - Sync 1 DAGs
[2025-07-07T02:22:52.587+0000] {logging_mixin.py:190} INFO - [2025-07-07T02:22:52.587+0000] {dag.py:4180} INFO - Setting next_dagrun for extract_raw_data_pipeline to 2025-07-06 07:00:00+00:00, run_after=2025-07-07 07:00:00+00:00
[2025-07-07T02:22:52.610+0000] {processor.py:208} INFO - Processing /opt/airflow/dags/driven_data_pipeline.py took 0.178 seconds
[2025-07-07T02:23:23.339+0000] {processor.py:186} INFO - Started process (PID=229) to work on /opt/airflow/dags/driven_data_pipeline.py
[2025-07-07T02:23:23.342+0000] {processor.py:914} INFO - Processing file /opt/airflow/dags/driven_data_pipeline.py for tasks to queue
[2025-07-07T02:23:23.349+0000] {logging_mixin.py:190} INFO - [2025-07-07T02:23:23.345+0000] {dagbag.py:588} INFO - Filling up the DagBag from /opt/airflow/dags/driven_data_pipeline.py
[2025-07-07T02:23:23.422+0000] {processor.py:925} INFO - DAG(s) 'extract_raw_data_pipeline' retrieved from /opt/airflow/dags/driven_data_pipeline.py
[2025-07-07T02:23:23.504+0000] {logging_mixin.py:190} INFO - [2025-07-07T02:23:23.503+0000] {dag.py:3239} INFO - Sync 1 DAGs
[2025-07-07T02:23:23.541+0000] {logging_mixin.py:190} INFO - [2025-07-07T02:23:23.541+0000] {dag.py:4180} INFO - Setting next_dagrun for extract_raw_data_pipeline to 2025-07-06 07:00:00+00:00, run_after=2025-07-07 07:00:00+00:00
[2025-07-07T02:23:23.566+0000] {processor.py:208} INFO - Processing /opt/airflow/dags/driven_data_pipeline.py took 0.239 seconds
[2025-07-07T02:23:53.838+0000] {processor.py:186} INFO - Started process (PID=237) to work on /opt/airflow/dags/driven_data_pipeline.py
[2025-07-07T02:23:53.840+0000] {processor.py:914} INFO - Processing file /opt/airflow/dags/driven_data_pipeline.py for tasks to queue
[2025-07-07T02:23:53.844+0000] {logging_mixin.py:190} INFO - [2025-07-07T02:23:53.844+0000] {dagbag.py:588} INFO - Filling up the DagBag from /opt/airflow/dags/driven_data_pipeline.py
[2025-07-07T02:23:53.929+0000] {processor.py:925} INFO - DAG(s) 'extract_raw_data_pipeline' retrieved from /opt/airflow/dags/driven_data_pipeline.py
[2025-07-07T02:23:54.423+0000] {logging_mixin.py:190} INFO - [2025-07-07T02:23:54.417+0000] {dag.py:3239} INFO - Sync 1 DAGs
[2025-07-07T02:23:54.467+0000] {logging_mixin.py:190} INFO - [2025-07-07T02:23:54.467+0000] {dag.py:4180} INFO - Setting next_dagrun for extract_raw_data_pipeline to 2025-07-06 07:00:00+00:00, run_after=2025-07-07 07:00:00+00:00
[2025-07-07T02:23:54.510+0000] {processor.py:208} INFO - Processing /opt/airflow/dags/driven_data_pipeline.py took 0.682 seconds
[2025-07-07T02:24:24.698+0000] {processor.py:186} INFO - Started process (PID=244) to work on /opt/airflow/dags/driven_data_pipeline.py
[2025-07-07T02:24:24.700+0000] {processor.py:914} INFO - Processing file /opt/airflow/dags/driven_data_pipeline.py for tasks to queue
[2025-07-07T02:24:24.706+0000] {logging_mixin.py:190} INFO - [2025-07-07T02:24:24.703+0000] {dagbag.py:588} INFO - Filling up the DagBag from /opt/airflow/dags/driven_data_pipeline.py
[2025-07-07T02:24:24.764+0000] {processor.py:925} INFO - DAG(s) 'extract_raw_data_pipeline' retrieved from /opt/airflow/dags/driven_data_pipeline.py
[2025-07-07T02:24:24.840+0000] {logging_mixin.py:190} INFO - [2025-07-07T02:24:24.840+0000] {dag.py:3239} INFO - Sync 1 DAGs
[2025-07-07T02:24:24.876+0000] {logging_mixin.py:190} INFO - [2025-07-07T02:24:24.876+0000] {dag.py:4180} INFO - Setting next_dagrun for extract_raw_data_pipeline to 2025-07-06 07:00:00+00:00, run_after=2025-07-07 07:00:00+00:00
[2025-07-07T02:24:24.907+0000] {processor.py:208} INFO - Processing /opt/airflow/dags/driven_data_pipeline.py took 0.219 seconds
[2025-07-07T02:24:55.204+0000] {processor.py:186} INFO - Started process (PID=251) to work on /opt/airflow/dags/driven_data_pipeline.py
[2025-07-07T02:24:55.206+0000] {processor.py:914} INFO - Processing file /opt/airflow/dags/driven_data_pipeline.py for tasks to queue
[2025-07-07T02:24:55.209+0000] {logging_mixin.py:190} INFO - [2025-07-07T02:24:55.208+0000] {dagbag.py:588} INFO - Filling up the DagBag from /opt/airflow/dags/driven_data_pipeline.py
[2025-07-07T02:24:55.256+0000] {processor.py:925} INFO - DAG(s) 'extract_raw_data_pipeline' retrieved from /opt/airflow/dags/driven_data_pipeline.py
[2025-07-07T02:24:55.342+0000] {logging_mixin.py:190} INFO - [2025-07-07T02:24:55.342+0000] {dag.py:3239} INFO - Sync 1 DAGs
[2025-07-07T02:24:55.374+0000] {logging_mixin.py:190} INFO - [2025-07-07T02:24:55.374+0000] {dag.py:4180} INFO - Setting next_dagrun for extract_raw_data_pipeline to 2025-07-06 07:00:00+00:00, run_after=2025-07-07 07:00:00+00:00
[2025-07-07T02:24:55.400+0000] {processor.py:208} INFO - Processing /opt/airflow/dags/driven_data_pipeline.py took 0.203 seconds
[2025-07-07T02:25:25.905+0000] {processor.py:186} INFO - Started process (PID=258) to work on /opt/airflow/dags/driven_data_pipeline.py
[2025-07-07T02:25:25.906+0000] {processor.py:914} INFO - Processing file /opt/airflow/dags/driven_data_pipeline.py for tasks to queue
[2025-07-07T02:25:25.910+0000] {logging_mixin.py:190} INFO - [2025-07-07T02:25:25.909+0000] {dagbag.py:588} INFO - Filling up the DagBag from /opt/airflow/dags/driven_data_pipeline.py
[2025-07-07T02:25:25.955+0000] {processor.py:925} INFO - DAG(s) 'extract_raw_data_pipeline' retrieved from /opt/airflow/dags/driven_data_pipeline.py
[2025-07-07T02:25:26.022+0000] {logging_mixin.py:190} INFO - [2025-07-07T02:25:26.022+0000] {dag.py:3239} INFO - Sync 1 DAGs
[2025-07-07T02:25:26.057+0000] {logging_mixin.py:190} INFO - [2025-07-07T02:25:26.056+0000] {dag.py:4180} INFO - Setting next_dagrun for extract_raw_data_pipeline to 2025-07-06 07:00:00+00:00, run_after=2025-07-07 07:00:00+00:00
[2025-07-07T02:25:26.082+0000] {processor.py:208} INFO - Processing /opt/airflow/dags/driven_data_pipeline.py took 0.189 seconds
[2025-07-07T02:25:57.036+0000] {processor.py:186} INFO - Started process (PID=265) to work on /opt/airflow/dags/driven_data_pipeline.py
[2025-07-07T02:25:57.038+0000] {processor.py:914} INFO - Processing file /opt/airflow/dags/driven_data_pipeline.py for tasks to queue
[2025-07-07T02:25:57.045+0000] {logging_mixin.py:190} INFO - [2025-07-07T02:25:57.043+0000] {dagbag.py:588} INFO - Filling up the DagBag from /opt/airflow/dags/driven_data_pipeline.py
[2025-07-07T02:25:57.142+0000] {processor.py:925} INFO - DAG(s) 'extract_raw_data_pipeline' retrieved from /opt/airflow/dags/driven_data_pipeline.py
[2025-07-07T02:25:59.330+0000] {logging_mixin.py:190} INFO - [2025-07-07T02:25:59.316+0000] {dag.py:3239} INFO - Sync 1 DAGs
[2025-07-07T02:25:59.441+0000] {logging_mixin.py:190} INFO - [2025-07-07T02:25:59.433+0000] {dag.py:4180} INFO - Setting next_dagrun for extract_raw_data_pipeline to 2025-07-06 07:00:00+00:00, run_after=2025-07-07 07:00:00+00:00
[2025-07-07T02:25:59.543+0000] {processor.py:208} INFO - Processing /opt/airflow/dags/driven_data_pipeline.py took 2.521 seconds
[2025-07-07T02:26:29.880+0000] {processor.py:186} INFO - Started process (PID=272) to work on /opt/airflow/dags/driven_data_pipeline.py
[2025-07-07T02:26:29.882+0000] {processor.py:914} INFO - Processing file /opt/airflow/dags/driven_data_pipeline.py for tasks to queue
[2025-07-07T02:26:29.888+0000] {logging_mixin.py:190} INFO - [2025-07-07T02:26:29.885+0000] {dagbag.py:588} INFO - Filling up the DagBag from /opt/airflow/dags/driven_data_pipeline.py
[2025-07-07T02:26:29.963+0000] {processor.py:925} INFO - DAG(s) 'extract_raw_data_pipeline' retrieved from /opt/airflow/dags/driven_data_pipeline.py
[2025-07-07T02:26:30.040+0000] {logging_mixin.py:190} INFO - [2025-07-07T02:26:30.040+0000] {dag.py:3239} INFO - Sync 1 DAGs
[2025-07-07T02:26:30.078+0000] {logging_mixin.py:190} INFO - [2025-07-07T02:26:30.078+0000] {dag.py:4180} INFO - Setting next_dagrun for extract_raw_data_pipeline to 2025-07-06 07:00:00+00:00, run_after=2025-07-07 07:00:00+00:00
[2025-07-07T02:26:30.108+0000] {processor.py:208} INFO - Processing /opt/airflow/dags/driven_data_pipeline.py took 0.243 seconds
[2025-07-07T02:27:00.270+0000] {processor.py:186} INFO - Started process (PID=279) to work on /opt/airflow/dags/driven_data_pipeline.py
[2025-07-07T02:27:00.271+0000] {processor.py:914} INFO - Processing file /opt/airflow/dags/driven_data_pipeline.py for tasks to queue
[2025-07-07T02:27:00.276+0000] {logging_mixin.py:190} INFO - [2025-07-07T02:27:00.274+0000] {dagbag.py:588} INFO - Filling up the DagBag from /opt/airflow/dags/driven_data_pipeline.py
[2025-07-07T02:27:00.337+0000] {processor.py:925} INFO - DAG(s) 'extract_raw_data_pipeline' retrieved from /opt/airflow/dags/driven_data_pipeline.py
[2025-07-07T02:27:00.407+0000] {logging_mixin.py:190} INFO - [2025-07-07T02:27:00.406+0000] {dag.py:3239} INFO - Sync 1 DAGs
[2025-07-07T02:27:00.443+0000] {logging_mixin.py:190} INFO - [2025-07-07T02:27:00.442+0000] {dag.py:4180} INFO - Setting next_dagrun for extract_raw_data_pipeline to 2025-07-06 07:00:00+00:00, run_after=2025-07-07 07:00:00+00:00
[2025-07-07T02:27:00.475+0000] {processor.py:208} INFO - Processing /opt/airflow/dags/driven_data_pipeline.py took 0.215 seconds
[2025-07-07T02:27:30.718+0000] {processor.py:186} INFO - Started process (PID=286) to work on /opt/airflow/dags/driven_data_pipeline.py
[2025-07-07T02:27:30.720+0000] {processor.py:914} INFO - Processing file /opt/airflow/dags/driven_data_pipeline.py for tasks to queue
[2025-07-07T02:27:30.728+0000] {logging_mixin.py:190} INFO - [2025-07-07T02:27:30.724+0000] {dagbag.py:588} INFO - Filling up the DagBag from /opt/airflow/dags/driven_data_pipeline.py
[2025-07-07T02:27:30.794+0000] {processor.py:925} INFO - DAG(s) 'extract_raw_data_pipeline' retrieved from /opt/airflow/dags/driven_data_pipeline.py
[2025-07-07T02:27:30.878+0000] {logging_mixin.py:190} INFO - [2025-07-07T02:27:30.878+0000] {dag.py:3239} INFO - Sync 1 DAGs
[2025-07-07T02:27:30.910+0000] {logging_mixin.py:190} INFO - [2025-07-07T02:27:30.910+0000] {dag.py:4180} INFO - Setting next_dagrun for extract_raw_data_pipeline to 2025-07-06 07:00:00+00:00, run_after=2025-07-07 07:00:00+00:00
[2025-07-07T02:27:30.936+0000] {processor.py:208} INFO - Processing /opt/airflow/dags/driven_data_pipeline.py took 0.233 seconds
[2025-07-07T02:28:02.684+0000] {processor.py:186} INFO - Started process (PID=293) to work on /opt/airflow/dags/driven_data_pipeline.py
[2025-07-07T02:28:02.710+0000] {processor.py:914} INFO - Processing file /opt/airflow/dags/driven_data_pipeline.py for tasks to queue
[2025-07-07T02:28:02.787+0000] {logging_mixin.py:190} INFO - [2025-07-07T02:28:02.770+0000] {dagbag.py:588} INFO - Filling up the DagBag from /opt/airflow/dags/driven_data_pipeline.py
[2025-07-07T02:28:04.246+0000] {processor.py:925} INFO - DAG(s) 'extract_raw_data_pipeline' retrieved from /opt/airflow/dags/driven_data_pipeline.py
[2025-07-07T02:49:58.088+0000] {processor.py:186} INFO - Started process (PID=61) to work on /opt/airflow/dags/driven_data_pipeline.py
[2025-07-07T02:49:58.098+0000] {processor.py:914} INFO - Processing file /opt/airflow/dags/driven_data_pipeline.py for tasks to queue
[2025-07-07T02:49:58.113+0000] {logging_mixin.py:190} INFO - [2025-07-07T02:49:58.106+0000] {dagbag.py:588} INFO - Filling up the DagBag from /opt/airflow/dags/driven_data_pipeline.py
[2025-07-07T02:50:03.475+0000] {processor.py:925} INFO - DAG(s) 'extract_raw_data_pipeline' retrieved from /opt/airflow/dags/driven_data_pipeline.py
[2025-07-07T02:50:05.184+0000] {logging_mixin.py:190} INFO - [2025-07-07T02:50:05.133+0000] {dag.py:3239} INFO - Sync 1 DAGs
[2025-07-07T02:50:06.351+0000] {logging_mixin.py:190} INFO - [2025-07-07T02:50:06.351+0000] {dag.py:4180} INFO - Setting next_dagrun for extract_raw_data_pipeline to 2025-07-06 07:59:00+00:00, run_after=2025-07-07 07:00:00+00:00
[2025-07-07T02:50:06.504+0000] {processor.py:208} INFO - Processing /opt/airflow/dags/driven_data_pipeline.py took 7.898 seconds
[2025-07-07T02:50:37.098+0000] {processor.py:186} INFO - Started process (PID=69) to work on /opt/airflow/dags/driven_data_pipeline.py
[2025-07-07T02:50:37.103+0000] {processor.py:914} INFO - Processing file /opt/airflow/dags/driven_data_pipeline.py for tasks to queue
[2025-07-07T02:50:37.129+0000] {logging_mixin.py:190} INFO - [2025-07-07T02:50:37.126+0000] {dagbag.py:588} INFO - Filling up the DagBag from /opt/airflow/dags/driven_data_pipeline.py
[2025-07-07T02:50:42.173+0000] {processor.py:925} INFO - DAG(s) 'extract_raw_data_pipeline' retrieved from /opt/airflow/dags/driven_data_pipeline.py
[2025-07-07T02:50:42.325+0000] {logging_mixin.py:190} INFO - [2025-07-07T02:50:42.324+0000] {dag.py:3239} INFO - Sync 1 DAGs
[2025-07-07T02:50:42.525+0000] {logging_mixin.py:190} INFO - [2025-07-07T02:50:42.524+0000] {dag.py:4180} INFO - Setting next_dagrun for extract_raw_data_pipeline to 2025-07-06 07:59:00+00:00, run_after=2025-07-07 07:00:00+00:00
[2025-07-07T02:50:42.607+0000] {processor.py:208} INFO - Processing /opt/airflow/dags/driven_data_pipeline.py took 5.593 seconds
[2025-07-07T02:51:13.484+0000] {processor.py:186} INFO - Started process (PID=77) to work on /opt/airflow/dags/driven_data_pipeline.py
[2025-07-07T02:51:13.486+0000] {processor.py:914} INFO - Processing file /opt/airflow/dags/driven_data_pipeline.py for tasks to queue
[2025-07-07T02:51:13.495+0000] {logging_mixin.py:190} INFO - [2025-07-07T02:51:13.493+0000] {dagbag.py:588} INFO - Filling up the DagBag from /opt/airflow/dags/driven_data_pipeline.py
[2025-07-07T02:51:21.063+0000] {processor.py:925} INFO - DAG(s) 'extract_raw_data_pipeline' retrieved from /opt/airflow/dags/driven_data_pipeline.py
[2025-07-07T02:51:21.170+0000] {logging_mixin.py:190} INFO - [2025-07-07T02:51:21.169+0000] {dag.py:3239} INFO - Sync 1 DAGs
[2025-07-07T02:51:21.297+0000] {logging_mixin.py:190} INFO - [2025-07-07T02:51:21.297+0000] {dag.py:4180} INFO - Setting next_dagrun for extract_raw_data_pipeline to 2025-07-06 07:59:00+00:00, run_after=2025-07-07 07:00:00+00:00
[2025-07-07T02:51:21.361+0000] {processor.py:208} INFO - Processing /opt/airflow/dags/driven_data_pipeline.py took 8.569 seconds
[2025-07-07T02:51:51.733+0000] {processor.py:186} INFO - Started process (PID=91) to work on /opt/airflow/dags/driven_data_pipeline.py
[2025-07-07T02:51:51.736+0000] {processor.py:914} INFO - Processing file /opt/airflow/dags/driven_data_pipeline.py for tasks to queue
[2025-07-07T02:51:51.742+0000] {logging_mixin.py:190} INFO - [2025-07-07T02:51:51.740+0000] {dagbag.py:588} INFO - Filling up the DagBag from /opt/airflow/dags/driven_data_pipeline.py
[2025-07-07T02:51:53.371+0000] {processor.py:925} INFO - DAG(s) 'extract_raw_data_pipeline' retrieved from /opt/airflow/dags/driven_data_pipeline.py
[2025-07-07T02:51:53.408+0000] {logging_mixin.py:190} INFO - [2025-07-07T02:51:53.408+0000] {dag.py:3239} INFO - Sync 1 DAGs
[2025-07-07T02:51:53.442+0000] {logging_mixin.py:190} INFO - [2025-07-07T02:51:53.442+0000] {dag.py:4180} INFO - Setting next_dagrun for extract_raw_data_pipeline to 2025-07-06 07:59:00+00:00, run_after=2025-07-07 07:00:00+00:00
[2025-07-07T02:51:53.473+0000] {processor.py:208} INFO - Processing /opt/airflow/dags/driven_data_pipeline.py took 1.750 seconds
[2025-07-07T02:52:23.547+0000] {processor.py:186} INFO - Started process (PID=99) to work on /opt/airflow/dags/driven_data_pipeline.py
[2025-07-07T02:52:23.548+0000] {processor.py:914} INFO - Processing file /opt/airflow/dags/driven_data_pipeline.py for tasks to queue
[2025-07-07T02:52:23.551+0000] {logging_mixin.py:190} INFO - [2025-07-07T02:52:23.551+0000] {dagbag.py:588} INFO - Filling up the DagBag from /opt/airflow/dags/driven_data_pipeline.py
[2025-07-07T02:52:23.919+0000] {processor.py:925} INFO - DAG(s) 'extract_raw_data_pipeline' retrieved from /opt/airflow/dags/driven_data_pipeline.py
[2025-07-07T02:52:23.942+0000] {logging_mixin.py:190} INFO - [2025-07-07T02:52:23.942+0000] {dag.py:3239} INFO - Sync 1 DAGs
[2025-07-07T02:52:23.965+0000] {logging_mixin.py:190} INFO - [2025-07-07T02:52:23.964+0000] {dag.py:4180} INFO - Setting next_dagrun for extract_raw_data_pipeline to 2025-07-06 07:59:00+00:00, run_after=2025-07-07 07:00:00+00:00
[2025-07-07T02:52:23.992+0000] {processor.py:208} INFO - Processing /opt/airflow/dags/driven_data_pipeline.py took 0.452 seconds
[2025-07-07T02:52:54.113+0000] {processor.py:186} INFO - Started process (PID=107) to work on /opt/airflow/dags/driven_data_pipeline.py
[2025-07-07T02:52:54.116+0000] {processor.py:914} INFO - Processing file /opt/airflow/dags/driven_data_pipeline.py for tasks to queue
[2025-07-07T02:52:54.124+0000] {logging_mixin.py:190} INFO - [2025-07-07T02:52:54.122+0000] {dagbag.py:588} INFO - Filling up the DagBag from /opt/airflow/dags/driven_data_pipeline.py
[2025-07-07T02:52:54.613+0000] {processor.py:925} INFO - DAG(s) 'extract_raw_data_pipeline' retrieved from /opt/airflow/dags/driven_data_pipeline.py
[2025-07-07T02:52:54.653+0000] {logging_mixin.py:190} INFO - [2025-07-07T02:52:54.653+0000] {dag.py:3239} INFO - Sync 1 DAGs
[2025-07-07T02:52:54.680+0000] {logging_mixin.py:190} INFO - [2025-07-07T02:52:54.679+0000] {dag.py:4180} INFO - Setting next_dagrun for extract_raw_data_pipeline to 2025-07-06 07:59:00+00:00, run_after=2025-07-07 07:00:00+00:00
[2025-07-07T02:52:54.701+0000] {processor.py:208} INFO - Processing /opt/airflow/dags/driven_data_pipeline.py took 0.601 seconds
[2025-07-07T02:53:24.804+0000] {processor.py:186} INFO - Started process (PID=115) to work on /opt/airflow/dags/driven_data_pipeline.py
[2025-07-07T02:53:24.806+0000] {processor.py:914} INFO - Processing file /opt/airflow/dags/driven_data_pipeline.py for tasks to queue
[2025-07-07T02:53:24.811+0000] {logging_mixin.py:190} INFO - [2025-07-07T02:53:24.810+0000] {dagbag.py:588} INFO - Filling up the DagBag from /opt/airflow/dags/driven_data_pipeline.py
[2025-07-07T02:53:25.293+0000] {processor.py:925} INFO - DAG(s) 'extract_raw_data_pipeline' retrieved from /opt/airflow/dags/driven_data_pipeline.py
[2025-07-07T02:53:25.328+0000] {logging_mixin.py:190} INFO - [2025-07-07T02:53:25.328+0000] {dag.py:3239} INFO - Sync 1 DAGs
[2025-07-07T02:53:25.357+0000] {logging_mixin.py:190} INFO - [2025-07-07T02:53:25.356+0000] {dag.py:4180} INFO - Setting next_dagrun for extract_raw_data_pipeline to 2025-07-06 07:59:00+00:00, run_after=2025-07-07 07:00:00+00:00
[2025-07-07T02:53:25.378+0000] {processor.py:208} INFO - Processing /opt/airflow/dags/driven_data_pipeline.py took 0.583 seconds
[2025-07-07T02:53:55.808+0000] {processor.py:186} INFO - Started process (PID=123) to work on /opt/airflow/dags/driven_data_pipeline.py
[2025-07-07T02:53:55.809+0000] {processor.py:914} INFO - Processing file /opt/airflow/dags/driven_data_pipeline.py for tasks to queue
[2025-07-07T02:53:55.814+0000] {logging_mixin.py:190} INFO - [2025-07-07T02:53:55.813+0000] {dagbag.py:588} INFO - Filling up the DagBag from /opt/airflow/dags/driven_data_pipeline.py
[2025-07-07T02:53:56.299+0000] {processor.py:925} INFO - DAG(s) 'extract_raw_data_pipeline' retrieved from /opt/airflow/dags/driven_data_pipeline.py
[2025-07-07T02:53:56.328+0000] {logging_mixin.py:190} INFO - [2025-07-07T02:53:56.328+0000] {dag.py:3239} INFO - Sync 1 DAGs
[2025-07-07T02:53:56.355+0000] {logging_mixin.py:190} INFO - [2025-07-07T02:53:56.354+0000] {dag.py:4180} INFO - Setting next_dagrun for extract_raw_data_pipeline to 2025-07-06 07:59:00+00:00, run_after=2025-07-07 07:00:00+00:00
[2025-07-07T02:53:56.378+0000] {processor.py:208} INFO - Processing /opt/airflow/dags/driven_data_pipeline.py took 0.577 seconds
[2025-07-07T02:54:26.796+0000] {processor.py:186} INFO - Started process (PID=132) to work on /opt/airflow/dags/driven_data_pipeline.py
[2025-07-07T02:54:26.798+0000] {processor.py:914} INFO - Processing file /opt/airflow/dags/driven_data_pipeline.py for tasks to queue
[2025-07-07T02:54:26.802+0000] {logging_mixin.py:190} INFO - [2025-07-07T02:54:26.801+0000] {dagbag.py:588} INFO - Filling up the DagBag from /opt/airflow/dags/driven_data_pipeline.py
[2025-07-07T02:54:27.270+0000] {processor.py:925} INFO - DAG(s) 'extract_raw_data_pipeline' retrieved from /opt/airflow/dags/driven_data_pipeline.py
[2025-07-07T02:54:27.298+0000] {logging_mixin.py:190} INFO - [2025-07-07T02:54:27.297+0000] {dag.py:3239} INFO - Sync 1 DAGs
[2025-07-07T02:54:27.324+0000] {logging_mixin.py:190} INFO - [2025-07-07T02:54:27.324+0000] {dag.py:4180} INFO - Setting next_dagrun for extract_raw_data_pipeline to 2025-07-06 07:59:00+00:00, run_after=2025-07-07 07:00:00+00:00
[2025-07-07T02:54:27.347+0000] {processor.py:208} INFO - Processing /opt/airflow/dags/driven_data_pipeline.py took 0.560 seconds
[2025-07-07T02:54:57.799+0000] {processor.py:186} INFO - Started process (PID=140) to work on /opt/airflow/dags/driven_data_pipeline.py
[2025-07-07T02:54:57.803+0000] {processor.py:914} INFO - Processing file /opt/airflow/dags/driven_data_pipeline.py for tasks to queue
[2025-07-07T02:54:57.820+0000] {logging_mixin.py:190} INFO - [2025-07-07T02:54:57.813+0000] {dagbag.py:588} INFO - Filling up the DagBag from /opt/airflow/dags/driven_data_pipeline.py
[2025-07-07T02:54:59.302+0000] {processor.py:925} INFO - DAG(s) 'extract_raw_data_pipeline' retrieved from /opt/airflow/dags/driven_data_pipeline.py
[2025-07-07T02:54:59.391+0000] {logging_mixin.py:190} INFO - [2025-07-07T02:54:59.391+0000] {dag.py:3239} INFO - Sync 1 DAGs
[2025-07-07T02:54:59.477+0000] {logging_mixin.py:190} INFO - [2025-07-07T02:54:59.476+0000] {dag.py:4180} INFO - Setting next_dagrun for extract_raw_data_pipeline to 2025-07-06 07:59:00+00:00, run_after=2025-07-07 07:00:00+00:00
[2025-07-07T02:54:59.543+0000] {processor.py:208} INFO - Processing /opt/airflow/dags/driven_data_pipeline.py took 1.768 seconds
[2025-07-07T02:55:36.443+0000] {processor.py:186} INFO - Started process (PID=147) to work on /opt/airflow/dags/driven_data_pipeline.py
[2025-07-07T02:55:36.445+0000] {processor.py:914} INFO - Processing file /opt/airflow/dags/driven_data_pipeline.py for tasks to queue
[2025-07-07T02:55:36.452+0000] {logging_mixin.py:190} INFO - [2025-07-07T02:55:36.452+0000] {dagbag.py:588} INFO - Filling up the DagBag from /opt/airflow/dags/driven_data_pipeline.py
[2025-07-07T02:55:37.357+0000] {processor.py:925} INFO - DAG(s) 'extract_raw_data_pipeline' retrieved from /opt/airflow/dags/driven_data_pipeline.py
[2025-07-07T02:55:37.456+0000] {logging_mixin.py:190} INFO - [2025-07-07T02:55:37.456+0000] {dag.py:3239} INFO - Sync 1 DAGs
[2025-07-07T02:55:37.573+0000] {logging_mixin.py:190} INFO - [2025-07-07T02:55:37.572+0000] {dag.py:4180} INFO - Setting next_dagrun for extract_raw_data_pipeline to 2025-07-06 07:59:00+00:00, run_after=2025-07-07 07:00:00+00:00
[2025-07-07T02:55:37.635+0000] {processor.py:208} INFO - Processing /opt/airflow/dags/driven_data_pipeline.py took 1.203 seconds
[2025-07-07T02:56:08.191+0000] {processor.py:186} INFO - Started process (PID=155) to work on /opt/airflow/dags/driven_data_pipeline.py
[2025-07-07T02:56:08.223+0000] {processor.py:914} INFO - Processing file /opt/airflow/dags/driven_data_pipeline.py for tasks to queue
[2025-07-07T02:56:08.355+0000] {logging_mixin.py:190} INFO - [2025-07-07T02:56:08.339+0000] {dagbag.py:588} INFO - Filling up the DagBag from /opt/airflow/dags/driven_data_pipeline.py
[2025-07-07T02:56:09.706+0000] {processor.py:925} INFO - DAG(s) 'extract_raw_data_pipeline' retrieved from /opt/airflow/dags/driven_data_pipeline.py
[2025-07-07T02:56:09.885+0000] {logging_mixin.py:190} INFO - [2025-07-07T02:56:09.885+0000] {dag.py:3239} INFO - Sync 1 DAGs
[2025-07-07T02:56:10.002+0000] {logging_mixin.py:190} INFO - [2025-07-07T02:56:10.002+0000] {dag.py:4180} INFO - Setting next_dagrun for extract_raw_data_pipeline to 2025-07-06 07:59:00+00:00, run_after=2025-07-07 07:00:00+00:00
[2025-07-07T02:56:10.080+0000] {processor.py:208} INFO - Processing /opt/airflow/dags/driven_data_pipeline.py took 1.987 seconds
[2025-07-07T02:56:40.340+0000] {processor.py:186} INFO - Started process (PID=164) to work on /opt/airflow/dags/driven_data_pipeline.py
[2025-07-07T02:56:40.344+0000] {processor.py:914} INFO - Processing file /opt/airflow/dags/driven_data_pipeline.py for tasks to queue
[2025-07-07T02:56:40.354+0000] {logging_mixin.py:190} INFO - [2025-07-07T02:56:40.353+0000] {dagbag.py:588} INFO - Filling up the DagBag from /opt/airflow/dags/driven_data_pipeline.py
[2025-07-07T02:56:42.020+0000] {processor.py:925} INFO - DAG(s) 'extract_raw_data_pipeline' retrieved from /opt/airflow/dags/driven_data_pipeline.py
[2025-07-07T02:56:42.250+0000] {logging_mixin.py:190} INFO - [2025-07-07T02:56:42.249+0000] {dag.py:3239} INFO - Sync 1 DAGs
[2025-07-07T02:56:44.408+0000] {logging_mixin.py:190} INFO - [2025-07-07T02:56:44.408+0000] {dag.py:4180} INFO - Setting next_dagrun for extract_raw_data_pipeline to 2025-07-06 07:59:00+00:00, run_after=2025-07-07 07:00:00+00:00
[2025-07-07T02:56:45.624+0000] {processor.py:208} INFO - Processing /opt/airflow/dags/driven_data_pipeline.py took 4.446 seconds
[2025-07-07T02:57:16.179+0000] {processor.py:186} INFO - Started process (PID=173) to work on /opt/airflow/dags/driven_data_pipeline.py
[2025-07-07T02:57:16.182+0000] {processor.py:914} INFO - Processing file /opt/airflow/dags/driven_data_pipeline.py for tasks to queue
[2025-07-07T02:57:16.192+0000] {logging_mixin.py:190} INFO - [2025-07-07T02:57:16.191+0000] {dagbag.py:588} INFO - Filling up the DagBag from /opt/airflow/dags/driven_data_pipeline.py
[2025-07-07T02:57:16.713+0000] {processor.py:925} INFO - DAG(s) 'extract_raw_data_pipeline' retrieved from /opt/airflow/dags/driven_data_pipeline.py
[2025-07-07T02:57:16.793+0000] {logging_mixin.py:190} INFO - [2025-07-07T02:57:16.792+0000] {dag.py:3239} INFO - Sync 1 DAGs
[2025-07-07T02:57:16.852+0000] {logging_mixin.py:190} INFO - [2025-07-07T02:57:16.852+0000] {dag.py:4180} INFO - Setting next_dagrun for extract_raw_data_pipeline to 2025-07-06 07:59:00+00:00, run_after=2025-07-07 07:00:00+00:00
[2025-07-07T02:57:16.896+0000] {processor.py:208} INFO - Processing /opt/airflow/dags/driven_data_pipeline.py took 0.738 seconds
[2025-07-07T02:57:47.062+0000] {processor.py:186} INFO - Started process (PID=181) to work on /opt/airflow/dags/driven_data_pipeline.py
[2025-07-07T02:57:47.064+0000] {processor.py:914} INFO - Processing file /opt/airflow/dags/driven_data_pipeline.py for tasks to queue
[2025-07-07T02:57:47.067+0000] {logging_mixin.py:190} INFO - [2025-07-07T02:57:47.066+0000] {dagbag.py:588} INFO - Filling up the DagBag from /opt/airflow/dags/driven_data_pipeline.py
[2025-07-07T02:57:47.263+0000] {processor.py:925} INFO - DAG(s) 'extract_raw_data_pipeline' retrieved from /opt/airflow/dags/driven_data_pipeline.py
[2025-07-07T02:57:47.311+0000] {logging_mixin.py:190} INFO - [2025-07-07T02:57:47.311+0000] {dag.py:3239} INFO - Sync 1 DAGs
[2025-07-07T02:57:47.336+0000] {logging_mixin.py:190} INFO - [2025-07-07T02:57:47.336+0000] {dag.py:4180} INFO - Setting next_dagrun for extract_raw_data_pipeline to 2025-07-06 07:59:00+00:00, run_after=2025-07-07 07:00:00+00:00
[2025-07-07T02:57:47.365+0000] {processor.py:208} INFO - Processing /opt/airflow/dags/driven_data_pipeline.py took 0.311 seconds
[2025-07-07T02:58:18.288+0000] {processor.py:186} INFO - Started process (PID=189) to work on /opt/airflow/dags/driven_data_pipeline.py
[2025-07-07T02:58:18.290+0000] {processor.py:914} INFO - Processing file /opt/airflow/dags/driven_data_pipeline.py for tasks to queue
[2025-07-07T02:58:18.294+0000] {logging_mixin.py:190} INFO - [2025-07-07T02:58:18.293+0000] {dagbag.py:588} INFO - Filling up the DagBag from /opt/airflow/dags/driven_data_pipeline.py
[2025-07-07T02:58:18.558+0000] {processor.py:925} INFO - DAG(s) 'extract_raw_data_pipeline' retrieved from /opt/airflow/dags/driven_data_pipeline.py
[2025-07-07T02:58:18.595+0000] {logging_mixin.py:190} INFO - [2025-07-07T02:58:18.594+0000] {dag.py:3239} INFO - Sync 1 DAGs
[2025-07-07T02:58:18.630+0000] {logging_mixin.py:190} INFO - [2025-07-07T02:58:18.629+0000] {dag.py:4180} INFO - Setting next_dagrun for extract_raw_data_pipeline to 2025-07-06 07:59:00+00:00, run_after=2025-07-07 07:00:00+00:00
[2025-07-07T02:58:18.658+0000] {processor.py:208} INFO - Processing /opt/airflow/dags/driven_data_pipeline.py took 0.379 seconds
[2025-07-07T02:58:49.325+0000] {processor.py:186} INFO - Started process (PID=197) to work on /opt/airflow/dags/driven_data_pipeline.py
[2025-07-07T02:58:49.326+0000] {processor.py:914} INFO - Processing file /opt/airflow/dags/driven_data_pipeline.py for tasks to queue
[2025-07-07T02:58:49.331+0000] {logging_mixin.py:190} INFO - [2025-07-07T02:58:49.330+0000] {dagbag.py:588} INFO - Filling up the DagBag from /opt/airflow/dags/driven_data_pipeline.py
[2025-07-07T02:58:49.566+0000] {processor.py:925} INFO - DAG(s) 'extract_raw_data_pipeline' retrieved from /opt/airflow/dags/driven_data_pipeline.py
[2025-07-07T02:58:49.602+0000] {logging_mixin.py:190} INFO - [2025-07-07T02:58:49.601+0000] {dag.py:3239} INFO - Sync 1 DAGs
[2025-07-07T02:58:49.635+0000] {logging_mixin.py:190} INFO - [2025-07-07T02:58:49.634+0000] {dag.py:4180} INFO - Setting next_dagrun for extract_raw_data_pipeline to 2025-07-06 07:59:00+00:00, run_after=2025-07-07 07:00:00+00:00
[2025-07-07T02:58:49.663+0000] {processor.py:208} INFO - Processing /opt/airflow/dags/driven_data_pipeline.py took 0.348 seconds
[2025-07-07T02:59:20.633+0000] {processor.py:186} INFO - Started process (PID=205) to work on /opt/airflow/dags/driven_data_pipeline.py
[2025-07-07T02:59:20.635+0000] {processor.py:914} INFO - Processing file /opt/airflow/dags/driven_data_pipeline.py for tasks to queue
[2025-07-07T02:59:20.639+0000] {logging_mixin.py:190} INFO - [2025-07-07T02:59:20.639+0000] {dagbag.py:588} INFO - Filling up the DagBag from /opt/airflow/dags/driven_data_pipeline.py
[2025-07-07T02:59:20.913+0000] {processor.py:925} INFO - DAG(s) 'extract_raw_data_pipeline' retrieved from /opt/airflow/dags/driven_data_pipeline.py
[2025-07-07T02:59:20.949+0000] {logging_mixin.py:190} INFO - [2025-07-07T02:59:20.949+0000] {dag.py:3239} INFO - Sync 1 DAGs
[2025-07-07T02:59:20.984+0000] {logging_mixin.py:190} INFO - [2025-07-07T02:59:20.984+0000] {dag.py:4180} INFO - Setting next_dagrun for extract_raw_data_pipeline to 2025-07-06 07:59:00+00:00, run_after=2025-07-07 07:00:00+00:00
[2025-07-07T02:59:21.012+0000] {processor.py:208} INFO - Processing /opt/airflow/dags/driven_data_pipeline.py took 0.389 seconds
[2025-07-07T02:59:51.104+0000] {processor.py:186} INFO - Started process (PID=213) to work on /opt/airflow/dags/driven_data_pipeline.py
[2025-07-07T02:59:51.105+0000] {processor.py:914} INFO - Processing file /opt/airflow/dags/driven_data_pipeline.py for tasks to queue
[2025-07-07T02:59:51.110+0000] {logging_mixin.py:190} INFO - [2025-07-07T02:59:51.109+0000] {dagbag.py:588} INFO - Filling up the DagBag from /opt/airflow/dags/driven_data_pipeline.py
[2025-07-07T02:59:51.366+0000] {processor.py:925} INFO - DAG(s) 'extract_raw_data_pipeline' retrieved from /opt/airflow/dags/driven_data_pipeline.py
[2025-07-07T02:59:51.411+0000] {logging_mixin.py:190} INFO - [2025-07-07T02:59:51.411+0000] {dag.py:3239} INFO - Sync 1 DAGs
[2025-07-07T02:59:51.449+0000] {logging_mixin.py:190} INFO - [2025-07-07T02:59:51.449+0000] {dag.py:4180} INFO - Setting next_dagrun for extract_raw_data_pipeline to 2025-07-06 07:59:00+00:00, run_after=2025-07-07 07:00:00+00:00
[2025-07-07T02:59:51.479+0000] {processor.py:208} INFO - Processing /opt/airflow/dags/driven_data_pipeline.py took 0.385 seconds
[2025-07-07T03:00:21.798+0000] {processor.py:186} INFO - Started process (PID=221) to work on /opt/airflow/dags/driven_data_pipeline.py
[2025-07-07T03:00:21.800+0000] {processor.py:914} INFO - Processing file /opt/airflow/dags/driven_data_pipeline.py for tasks to queue
[2025-07-07T03:00:21.805+0000] {logging_mixin.py:190} INFO - [2025-07-07T03:00:21.805+0000] {dagbag.py:588} INFO - Filling up the DagBag from /opt/airflow/dags/driven_data_pipeline.py
[2025-07-07T03:00:22.173+0000] {processor.py:925} INFO - DAG(s) 'extract_raw_data_pipeline' retrieved from /opt/airflow/dags/driven_data_pipeline.py
[2025-07-07T03:00:22.226+0000] {logging_mixin.py:190} INFO - [2025-07-07T03:00:22.226+0000] {dag.py:3239} INFO - Sync 1 DAGs
[2025-07-07T03:00:22.271+0000] {logging_mixin.py:190} INFO - [2025-07-07T03:00:22.270+0000] {dag.py:4180} INFO - Setting next_dagrun for extract_raw_data_pipeline to 2025-07-06 07:59:00+00:00, run_after=2025-07-07 07:00:00+00:00
[2025-07-07T03:00:22.308+0000] {processor.py:208} INFO - Processing /opt/airflow/dags/driven_data_pipeline.py took 0.524 seconds
[2025-07-07T03:00:52.406+0000] {processor.py:186} INFO - Started process (PID=229) to work on /opt/airflow/dags/driven_data_pipeline.py
[2025-07-07T03:00:52.408+0000] {processor.py:914} INFO - Processing file /opt/airflow/dags/driven_data_pipeline.py for tasks to queue
[2025-07-07T03:00:52.413+0000] {logging_mixin.py:190} INFO - [2025-07-07T03:00:52.412+0000] {dagbag.py:588} INFO - Filling up the DagBag from /opt/airflow/dags/driven_data_pipeline.py
[2025-07-07T03:00:52.599+0000] {processor.py:925} INFO - DAG(s) 'extract_raw_data_pipeline' retrieved from /opt/airflow/dags/driven_data_pipeline.py
[2025-07-07T03:00:52.626+0000] {logging_mixin.py:190} INFO - [2025-07-07T03:00:52.626+0000] {dag.py:3239} INFO - Sync 1 DAGs
[2025-07-07T03:00:52.651+0000] {logging_mixin.py:190} INFO - [2025-07-07T03:00:52.651+0000] {dag.py:4180} INFO - Setting next_dagrun for extract_raw_data_pipeline to 2025-07-06 07:59:00+00:00, run_after=2025-07-07 07:00:00+00:00
[2025-07-07T03:00:52.686+0000] {processor.py:208} INFO - Processing /opt/airflow/dags/driven_data_pipeline.py took 0.290 seconds
[2025-07-07T03:01:22.872+0000] {processor.py:186} INFO - Started process (PID=237) to work on /opt/airflow/dags/driven_data_pipeline.py
[2025-07-07T03:01:22.874+0000] {processor.py:914} INFO - Processing file /opt/airflow/dags/driven_data_pipeline.py for tasks to queue
[2025-07-07T03:01:22.878+0000] {logging_mixin.py:190} INFO - [2025-07-07T03:01:22.878+0000] {dagbag.py:588} INFO - Filling up the DagBag from /opt/airflow/dags/driven_data_pipeline.py
[2025-07-07T03:01:23.243+0000] {processor.py:925} INFO - DAG(s) 'extract_raw_data_pipeline' retrieved from /opt/airflow/dags/driven_data_pipeline.py
[2025-07-07T03:01:23.298+0000] {logging_mixin.py:190} INFO - [2025-07-07T03:01:23.298+0000] {dag.py:3239} INFO - Sync 1 DAGs
[2025-07-07T03:01:23.359+0000] {logging_mixin.py:190} INFO - [2025-07-07T03:01:23.358+0000] {dag.py:4180} INFO - Setting next_dagrun for extract_raw_data_pipeline to 2025-07-06 07:59:00+00:00, run_after=2025-07-07 07:00:00+00:00
[2025-07-07T03:01:23.396+0000] {processor.py:208} INFO - Processing /opt/airflow/dags/driven_data_pipeline.py took 0.535 seconds
[2025-07-07T03:01:53.633+0000] {processor.py:186} INFO - Started process (PID=245) to work on /opt/airflow/dags/driven_data_pipeline.py
[2025-07-07T03:01:53.634+0000] {processor.py:914} INFO - Processing file /opt/airflow/dags/driven_data_pipeline.py for tasks to queue
[2025-07-07T03:01:53.639+0000] {logging_mixin.py:190} INFO - [2025-07-07T03:01:53.638+0000] {dagbag.py:588} INFO - Filling up the DagBag from /opt/airflow/dags/driven_data_pipeline.py
[2025-07-07T03:01:53.854+0000] {processor.py:925} INFO - DAG(s) 'extract_raw_data_pipeline' retrieved from /opt/airflow/dags/driven_data_pipeline.py
[2025-07-07T03:01:53.887+0000] {logging_mixin.py:190} INFO - [2025-07-07T03:01:53.887+0000] {dag.py:3239} INFO - Sync 1 DAGs
[2025-07-07T03:01:53.915+0000] {logging_mixin.py:190} INFO - [2025-07-07T03:01:53.914+0000] {dag.py:4180} INFO - Setting next_dagrun for extract_raw_data_pipeline to 2025-07-06 07:59:00+00:00, run_after=2025-07-07 07:00:00+00:00
[2025-07-07T03:01:53.938+0000] {processor.py:208} INFO - Processing /opt/airflow/dags/driven_data_pipeline.py took 0.315 seconds
[2025-07-07T03:02:24.273+0000] {processor.py:186} INFO - Started process (PID=253) to work on /opt/airflow/dags/driven_data_pipeline.py
[2025-07-07T03:02:24.275+0000] {processor.py:914} INFO - Processing file /opt/airflow/dags/driven_data_pipeline.py for tasks to queue
[2025-07-07T03:02:24.279+0000] {logging_mixin.py:190} INFO - [2025-07-07T03:02:24.278+0000] {dagbag.py:588} INFO - Filling up the DagBag from /opt/airflow/dags/driven_data_pipeline.py
[2025-07-07T03:02:24.491+0000] {processor.py:925} INFO - DAG(s) 'extract_raw_data_pipeline' retrieved from /opt/airflow/dags/driven_data_pipeline.py
[2025-07-07T03:02:24.518+0000] {logging_mixin.py:190} INFO - [2025-07-07T03:02:24.518+0000] {dag.py:3239} INFO - Sync 1 DAGs
[2025-07-07T03:02:24.545+0000] {logging_mixin.py:190} INFO - [2025-07-07T03:02:24.545+0000] {dag.py:4180} INFO - Setting next_dagrun for extract_raw_data_pipeline to 2025-07-06 07:59:00+00:00, run_after=2025-07-07 07:00:00+00:00
[2025-07-07T03:02:25.848+0000] {processor.py:208} INFO - Processing /opt/airflow/dags/driven_data_pipeline.py took 1.582 seconds
[2025-07-07T03:02:55.997+0000] {processor.py:186} INFO - Started process (PID=261) to work on /opt/airflow/dags/driven_data_pipeline.py
[2025-07-07T03:02:55.999+0000] {processor.py:914} INFO - Processing file /opt/airflow/dags/driven_data_pipeline.py for tasks to queue
[2025-07-07T03:02:56.005+0000] {logging_mixin.py:190} INFO - [2025-07-07T03:02:56.004+0000] {dagbag.py:588} INFO - Filling up the DagBag from /opt/airflow/dags/driven_data_pipeline.py
[2025-07-07T03:02:56.363+0000] {processor.py:925} INFO - DAG(s) 'extract_raw_data_pipeline' retrieved from /opt/airflow/dags/driven_data_pipeline.py
[2025-07-07T03:02:56.406+0000] {logging_mixin.py:190} INFO - [2025-07-07T03:02:56.405+0000] {dag.py:3239} INFO - Sync 1 DAGs
[2025-07-07T03:02:56.445+0000] {logging_mixin.py:190} INFO - [2025-07-07T03:02:56.445+0000] {dag.py:4180} INFO - Setting next_dagrun for extract_raw_data_pipeline to 2025-07-06 07:59:00+00:00, run_after=2025-07-07 07:00:00+00:00
[2025-07-07T03:02:56.479+0000] {processor.py:208} INFO - Processing /opt/airflow/dags/driven_data_pipeline.py took 0.497 seconds
[2025-07-07T03:03:26.720+0000] {processor.py:186} INFO - Started process (PID=269) to work on /opt/airflow/dags/driven_data_pipeline.py
[2025-07-07T03:03:26.722+0000] {processor.py:914} INFO - Processing file /opt/airflow/dags/driven_data_pipeline.py for tasks to queue
[2025-07-07T03:03:26.727+0000] {logging_mixin.py:190} INFO - [2025-07-07T03:03:26.727+0000] {dagbag.py:588} INFO - Filling up the DagBag from /opt/airflow/dags/driven_data_pipeline.py
[2025-07-07T03:03:26.994+0000] {processor.py:925} INFO - DAG(s) 'extract_raw_data_pipeline' retrieved from /opt/airflow/dags/driven_data_pipeline.py
[2025-07-07T03:03:27.035+0000] {logging_mixin.py:190} INFO - [2025-07-07T03:03:27.035+0000] {dag.py:3239} INFO - Sync 1 DAGs
[2025-07-07T03:03:27.075+0000] {logging_mixin.py:190} INFO - [2025-07-07T03:03:27.075+0000] {dag.py:4180} INFO - Setting next_dagrun for extract_raw_data_pipeline to 2025-07-06 07:59:00+00:00, run_after=2025-07-07 07:00:00+00:00
[2025-07-07T03:03:27.103+0000] {processor.py:208} INFO - Processing /opt/airflow/dags/driven_data_pipeline.py took 0.395 seconds
[2025-07-07T03:03:57.160+0000] {processor.py:186} INFO - Started process (PID=277) to work on /opt/airflow/dags/driven_data_pipeline.py
[2025-07-07T03:03:57.162+0000] {processor.py:914} INFO - Processing file /opt/airflow/dags/driven_data_pipeline.py for tasks to queue
[2025-07-07T03:03:57.167+0000] {logging_mixin.py:190} INFO - [2025-07-07T03:03:57.166+0000] {dagbag.py:588} INFO - Filling up the DagBag from /opt/airflow/dags/driven_data_pipeline.py
[2025-07-07T03:03:57.395+0000] {processor.py:925} INFO - DAG(s) 'extract_raw_data_pipeline' retrieved from /opt/airflow/dags/driven_data_pipeline.py
[2025-07-07T03:03:57.433+0000] {logging_mixin.py:190} INFO - [2025-07-07T03:03:57.433+0000] {dag.py:3239} INFO - Sync 1 DAGs
[2025-07-07T03:03:57.484+0000] {logging_mixin.py:190} INFO - [2025-07-07T03:03:57.484+0000] {dag.py:4180} INFO - Setting next_dagrun for extract_raw_data_pipeline to 2025-07-06 07:59:00+00:00, run_after=2025-07-07 07:00:00+00:00
[2025-07-07T03:03:57.509+0000] {processor.py:208} INFO - Processing /opt/airflow/dags/driven_data_pipeline.py took 0.362 seconds
[2025-07-07T03:04:27.928+0000] {processor.py:186} INFO - Started process (PID=293) to work on /opt/airflow/dags/driven_data_pipeline.py
[2025-07-07T03:04:27.939+0000] {processor.py:914} INFO - Processing file /opt/airflow/dags/driven_data_pipeline.py for tasks to queue
[2025-07-07T03:04:27.954+0000] {logging_mixin.py:190} INFO - [2025-07-07T03:04:27.952+0000] {dagbag.py:588} INFO - Filling up the DagBag from /opt/airflow/dags/driven_data_pipeline.py
[2025-07-07T03:04:28.349+0000] {processor.py:925} INFO - DAG(s) 'extract_raw_data_pipeline' retrieved from /opt/airflow/dags/driven_data_pipeline.py
[2025-07-07T03:04:28.396+0000] {logging_mixin.py:190} INFO - [2025-07-07T03:04:28.396+0000] {dag.py:3239} INFO - Sync 1 DAGs
[2025-07-07T03:04:28.440+0000] {logging_mixin.py:190} INFO - [2025-07-07T03:04:28.440+0000] {dag.py:4180} INFO - Setting next_dagrun for extract_raw_data_pipeline to 2025-07-06 07:59:00+00:00, run_after=2025-07-07 07:00:00+00:00
[2025-07-07T03:04:28.469+0000] {processor.py:208} INFO - Processing /opt/airflow/dags/driven_data_pipeline.py took 0.595 seconds
[2025-07-07T03:05:05.908+0000] {processor.py:186} INFO - Started process (PID=295) to work on /opt/airflow/dags/driven_data_pipeline.py
[2025-07-07T03:05:05.910+0000] {processor.py:914} INFO - Processing file /opt/airflow/dags/driven_data_pipeline.py for tasks to queue
[2025-07-07T03:05:05.917+0000] {logging_mixin.py:190} INFO - [2025-07-07T03:05:05.916+0000] {dagbag.py:588} INFO - Filling up the DagBag from /opt/airflow/dags/driven_data_pipeline.py
[2025-07-07T03:05:11.642+0000] {processor.py:925} INFO - DAG(s) 'extract_raw_data_pipeline' retrieved from /opt/airflow/dags/driven_data_pipeline.py
[2025-07-07T03:05:11.704+0000] {logging_mixin.py:190} INFO - [2025-07-07T03:05:11.700+0000] {dag.py:3239} INFO - Sync 1 DAGs
[2025-07-07T03:05:11.732+0000] {logging_mixin.py:190} INFO - [2025-07-07T03:05:11.732+0000] {dag.py:4180} INFO - Setting next_dagrun for extract_raw_data_pipeline to 2025-07-06 07:59:00+00:00, run_after=2025-07-07 07:00:00+00:00
[2025-07-07T03:05:11.759+0000] {processor.py:208} INFO - Processing /opt/airflow/dags/driven_data_pipeline.py took 5.951 seconds
[2025-07-07T03:05:42.569+0000] {processor.py:186} INFO - Started process (PID=304) to work on /opt/airflow/dags/driven_data_pipeline.py
[2025-07-07T03:05:42.571+0000] {processor.py:914} INFO - Processing file /opt/airflow/dags/driven_data_pipeline.py for tasks to queue
[2025-07-07T03:05:42.598+0000] {logging_mixin.py:190} INFO - [2025-07-07T03:05:42.591+0000] {dagbag.py:588} INFO - Filling up the DagBag from /opt/airflow/dags/driven_data_pipeline.py
[2025-07-07T03:05:56.136+0000] {processor.py:925} INFO - DAG(s) 'extract_raw_data_pipeline' retrieved from /opt/airflow/dags/driven_data_pipeline.py
[2025-07-07T03:05:56.212+0000] {logging_mixin.py:190} INFO - [2025-07-07T03:05:56.211+0000] {dag.py:3239} INFO - Sync 1 DAGs
[2025-07-07T03:05:56.246+0000] {logging_mixin.py:190} INFO - [2025-07-07T03:05:56.246+0000] {dag.py:4180} INFO - Setting next_dagrun for extract_raw_data_pipeline to 2025-07-06 07:59:00+00:00, run_after=2025-07-07 07:00:00+00:00
[2025-07-07T03:05:56.271+0000] {processor.py:208} INFO - Processing /opt/airflow/dags/driven_data_pipeline.py took 13.720 seconds
[2025-07-07T03:06:27.257+0000] {processor.py:186} INFO - Started process (PID=318) to work on /opt/airflow/dags/driven_data_pipeline.py
[2025-07-07T03:06:27.259+0000] {processor.py:914} INFO - Processing file /opt/airflow/dags/driven_data_pipeline.py for tasks to queue
[2025-07-07T03:06:27.263+0000] {logging_mixin.py:190} INFO - [2025-07-07T03:06:27.261+0000] {dagbag.py:588} INFO - Filling up the DagBag from /opt/airflow/dags/driven_data_pipeline.py
[2025-07-07T03:06:27.827+0000] {processor.py:925} INFO - DAG(s) 'extract_raw_data_pipeline' retrieved from /opt/airflow/dags/driven_data_pipeline.py
[2025-07-07T03:06:27.887+0000] {logging_mixin.py:190} INFO - [2025-07-07T03:06:27.887+0000] {dag.py:3239} INFO - Sync 1 DAGs
[2025-07-07T03:06:27.921+0000] {logging_mixin.py:190} INFO - [2025-07-07T03:06:27.921+0000] {dag.py:4180} INFO - Setting next_dagrun for extract_raw_data_pipeline to 2025-07-06 07:59:00+00:00, run_after=2025-07-07 07:00:00+00:00
[2025-07-07T03:06:27.952+0000] {processor.py:208} INFO - Processing /opt/airflow/dags/driven_data_pipeline.py took 0.706 seconds
[2025-07-07T03:06:58.345+0000] {processor.py:186} INFO - Started process (PID=326) to work on /opt/airflow/dags/driven_data_pipeline.py
[2025-07-07T03:06:58.347+0000] {processor.py:914} INFO - Processing file /opt/airflow/dags/driven_data_pipeline.py for tasks to queue
[2025-07-07T03:06:58.351+0000] {logging_mixin.py:190} INFO - [2025-07-07T03:06:58.350+0000] {dagbag.py:588} INFO - Filling up the DagBag from /opt/airflow/dags/driven_data_pipeline.py
[2025-07-07T03:06:59.027+0000] {processor.py:925} INFO - DAG(s) 'extract_raw_data_pipeline' retrieved from /opt/airflow/dags/driven_data_pipeline.py
[2025-07-07T03:06:59.088+0000] {logging_mixin.py:190} INFO - [2025-07-07T03:06:59.088+0000] {dag.py:3239} INFO - Sync 1 DAGs
[2025-07-07T03:06:59.115+0000] {logging_mixin.py:190} INFO - [2025-07-07T03:06:59.115+0000] {dag.py:4180} INFO - Setting next_dagrun for extract_raw_data_pipeline to 2025-07-06 07:59:00+00:00, run_after=2025-07-07 07:00:00+00:00
[2025-07-07T03:06:59.176+0000] {processor.py:208} INFO - Processing /opt/airflow/dags/driven_data_pipeline.py took 0.848 seconds
[2025-07-07T03:07:29.624+0000] {processor.py:186} INFO - Started process (PID=334) to work on /opt/airflow/dags/driven_data_pipeline.py
[2025-07-07T03:07:29.626+0000] {processor.py:914} INFO - Processing file /opt/airflow/dags/driven_data_pipeline.py for tasks to queue
[2025-07-07T03:07:29.630+0000] {logging_mixin.py:190} INFO - [2025-07-07T03:07:29.629+0000] {dagbag.py:588} INFO - Filling up the DagBag from /opt/airflow/dags/driven_data_pipeline.py
[2025-07-07T03:07:30.203+0000] {processor.py:925} INFO - DAG(s) 'extract_raw_data_pipeline' retrieved from /opt/airflow/dags/driven_data_pipeline.py
[2025-07-07T03:07:30.385+0000] {logging_mixin.py:190} INFO - [2025-07-07T03:07:30.381+0000] {dag.py:3239} INFO - Sync 1 DAGs
[2025-07-07T03:07:30.440+0000] {logging_mixin.py:190} INFO - [2025-07-07T03:07:30.439+0000] {dag.py:4180} INFO - Setting next_dagrun for extract_raw_data_pipeline to 2025-07-06 07:59:00+00:00, run_after=2025-07-07 07:00:00+00:00
[2025-07-07T03:07:30.507+0000] {processor.py:208} INFO - Processing /opt/airflow/dags/driven_data_pipeline.py took 0.893 seconds
[2025-07-07T03:08:00.898+0000] {processor.py:186} INFO - Started process (PID=342) to work on /opt/airflow/dags/driven_data_pipeline.py
[2025-07-07T03:08:00.900+0000] {processor.py:914} INFO - Processing file /opt/airflow/dags/driven_data_pipeline.py for tasks to queue
[2025-07-07T03:08:00.904+0000] {logging_mixin.py:190} INFO - [2025-07-07T03:08:00.903+0000] {dagbag.py:588} INFO - Filling up the DagBag from /opt/airflow/dags/driven_data_pipeline.py
[2025-07-07T03:08:01.510+0000] {processor.py:925} INFO - DAG(s) 'extract_raw_data_pipeline' retrieved from /opt/airflow/dags/driven_data_pipeline.py
[2025-07-07T03:08:01.565+0000] {logging_mixin.py:190} INFO - [2025-07-07T03:08:01.565+0000] {dag.py:3239} INFO - Sync 1 DAGs
[2025-07-07T03:08:01.597+0000] {logging_mixin.py:190} INFO - [2025-07-07T03:08:01.597+0000] {dag.py:4180} INFO - Setting next_dagrun for extract_raw_data_pipeline to 2025-07-06 07:59:00+00:00, run_after=2025-07-07 07:00:00+00:00
[2025-07-07T03:08:01.621+0000] {processor.py:208} INFO - Processing /opt/airflow/dags/driven_data_pipeline.py took 0.735 seconds
[2025-07-07T03:08:31.986+0000] {processor.py:186} INFO - Started process (PID=350) to work on /opt/airflow/dags/driven_data_pipeline.py
[2025-07-07T03:08:31.988+0000] {processor.py:914} INFO - Processing file /opt/airflow/dags/driven_data_pipeline.py for tasks to queue
[2025-07-07T03:08:31.993+0000] {logging_mixin.py:190} INFO - [2025-07-07T03:08:31.991+0000] {dagbag.py:588} INFO - Filling up the DagBag from /opt/airflow/dags/driven_data_pipeline.py
[2025-07-07T03:08:32.542+0000] {processor.py:925} INFO - DAG(s) 'extract_raw_data_pipeline' retrieved from /opt/airflow/dags/driven_data_pipeline.py
[2025-07-07T03:08:32.607+0000] {logging_mixin.py:190} INFO - [2025-07-07T03:08:32.606+0000] {dag.py:3239} INFO - Sync 1 DAGs
[2025-07-07T03:08:32.637+0000] {logging_mixin.py:190} INFO - [2025-07-07T03:08:32.637+0000] {dag.py:4180} INFO - Setting next_dagrun for extract_raw_data_pipeline to 2025-07-06 07:59:00+00:00, run_after=2025-07-07 07:00:00+00:00
[2025-07-07T03:08:32.661+0000] {processor.py:208} INFO - Processing /opt/airflow/dags/driven_data_pipeline.py took 0.688 seconds
[2025-07-07T03:09:03.268+0000] {processor.py:186} INFO - Started process (PID=358) to work on /opt/airflow/dags/driven_data_pipeline.py
[2025-07-07T03:09:03.271+0000] {processor.py:914} INFO - Processing file /opt/airflow/dags/driven_data_pipeline.py for tasks to queue
[2025-07-07T03:09:03.276+0000] {logging_mixin.py:190} INFO - [2025-07-07T03:09:03.275+0000] {dagbag.py:588} INFO - Filling up the DagBag from /opt/airflow/dags/driven_data_pipeline.py
[2025-07-07T03:09:03.813+0000] {processor.py:925} INFO - DAG(s) 'extract_raw_data_pipeline' retrieved from /opt/airflow/dags/driven_data_pipeline.py
[2025-07-07T03:09:03.881+0000] {logging_mixin.py:190} INFO - [2025-07-07T03:09:03.881+0000] {dag.py:3239} INFO - Sync 1 DAGs
[2025-07-07T03:09:03.910+0000] {logging_mixin.py:190} INFO - [2025-07-07T03:09:03.910+0000] {dag.py:4180} INFO - Setting next_dagrun for extract_raw_data_pipeline to 2025-07-06 07:59:00+00:00, run_after=2025-07-07 07:00:00+00:00
[2025-07-07T03:09:03.932+0000] {processor.py:208} INFO - Processing /opt/airflow/dags/driven_data_pipeline.py took 0.679 seconds
[2025-07-07T03:09:34.088+0000] {processor.py:186} INFO - Started process (PID=366) to work on /opt/airflow/dags/driven_data_pipeline.py
[2025-07-07T03:09:34.089+0000] {processor.py:914} INFO - Processing file /opt/airflow/dags/driven_data_pipeline.py for tasks to queue
[2025-07-07T03:09:34.093+0000] {logging_mixin.py:190} INFO - [2025-07-07T03:09:34.092+0000] {dagbag.py:588} INFO - Filling up the DagBag from /opt/airflow/dags/driven_data_pipeline.py
[2025-07-07T03:09:34.741+0000] {processor.py:925} INFO - DAG(s) 'extract_raw_data_pipeline' retrieved from /opt/airflow/dags/driven_data_pipeline.py
[2025-07-07T03:10:25.331+0000] {processor.py:211} ERROR - Got an exception! Propagating...
Traceback (most recent call last):
  File "/home/airflow/.local/lib/python3.12/site-packages/sqlalchemy/engine/base.py", line 3371, in _wrap_pool_connect
    return fn()
           ^^^^
  File "/home/airflow/.local/lib/python3.12/site-packages/sqlalchemy/pool/base.py", line 327, in connect
    return _ConnectionFairy._checkout(self)
           ^^^^^^^^^^^^^^^^^^^^^^^^^^^^^^^^
  File "/home/airflow/.local/lib/python3.12/site-packages/sqlalchemy/pool/base.py", line 894, in _checkout
    fairy = _ConnectionRecord.checkout(pool)
            ^^^^^^^^^^^^^^^^^^^^^^^^^^^^^^^^
  File "/home/airflow/.local/lib/python3.12/site-packages/sqlalchemy/pool/base.py", line 493, in checkout
    rec = pool._do_get()
          ^^^^^^^^^^^^^^
  File "/home/airflow/.local/lib/python3.12/site-packages/sqlalchemy/pool/impl.py", line 145, in _do_get
    with util.safe_reraise():
         ^^^^^^^^^^^^^^^^^^^
  File "/home/airflow/.local/lib/python3.12/site-packages/sqlalchemy/util/langhelpers.py", line 70, in __exit__
    compat.raise_(
  File "/home/airflow/.local/lib/python3.12/site-packages/sqlalchemy/util/compat.py", line 211, in raise_
    raise exception
  File "/home/airflow/.local/lib/python3.12/site-packages/sqlalchemy/pool/impl.py", line 143, in _do_get
    return self._create_connection()
           ^^^^^^^^^^^^^^^^^^^^^^^^^
  File "/home/airflow/.local/lib/python3.12/site-packages/sqlalchemy/pool/base.py", line 273, in _create_connection
    return _ConnectionRecord(self)
           ^^^^^^^^^^^^^^^^^^^^^^^
  File "/home/airflow/.local/lib/python3.12/site-packages/sqlalchemy/pool/base.py", line 388, in __init__
    self.__connect()
  File "/home/airflow/.local/lib/python3.12/site-packages/sqlalchemy/pool/base.py", line 690, in __connect
    with util.safe_reraise():
         ^^^^^^^^^^^^^^^^^^^
  File "/home/airflow/.local/lib/python3.12/site-packages/sqlalchemy/util/langhelpers.py", line 70, in __exit__
    compat.raise_(
  File "/home/airflow/.local/lib/python3.12/site-packages/sqlalchemy/util/compat.py", line 211, in raise_
    raise exception
  File "/home/airflow/.local/lib/python3.12/site-packages/sqlalchemy/pool/base.py", line 686, in __connect
    self.dbapi_connection = connection = pool._invoke_creator(self)
                                         ^^^^^^^^^^^^^^^^^^^^^^^^^^
  File "/home/airflow/.local/lib/python3.12/site-packages/sqlalchemy/engine/create.py", line 574, in connect
    return dialect.connect(*cargs, **cparams)
           ^^^^^^^^^^^^^^^^^^^^^^^^^^^^^^^^^^
  File "/home/airflow/.local/lib/python3.12/site-packages/sqlalchemy/engine/default.py", line 598, in connect
    return self.dbapi.connect(*cargs, **cparams)
           ^^^^^^^^^^^^^^^^^^^^^^^^^^^^^^^^^^^^^
  File "/home/airflow/.local/lib/python3.12/site-packages/psycopg2/__init__.py", line 122, in connect
    conn = _connect(dsn, connection_factory=connection_factory, **kwasync)
           ^^^^^^^^^^^^^^^^^^^^^^^^^^^^^^^^^^^^^^^^^^^^^^^^^^^^^^^^^^^^^^^
psycopg2.OperationalError: could not translate host name "postgres" to address: Temporary failure in name resolution


The above exception was the direct cause of the following exception:

Traceback (most recent call last):
  File "/home/airflow/.local/lib/python3.12/site-packages/airflow/dag_processing/processor.py", line 207, in _run_file_processor
    _handle_dag_file_processing()
  File "/home/airflow/.local/lib/python3.12/site-packages/airflow/dag_processing/processor.py", line 188, in _handle_dag_file_processing
    result: tuple[int, int, int] = dag_file_processor.process_file(
                                   ^^^^^^^^^^^^^^^^^^^^^^^^^^^^^^^^
  File "/home/airflow/.local/lib/python3.12/site-packages/airflow/utils/session.py", line 97, in wrapper
    return func(*args, session=session, **kwargs)
           ^^^^^^^^^^^^^^^^^^^^^^^^^^^^^^^^^^^^^^
  File "/home/airflow/.local/lib/python3.12/site-packages/airflow/dag_processing/processor.py", line 942, in process_file
    serialize_errors = DagFileProcessor.save_dag_to_db(
                       ^^^^^^^^^^^^^^^^^^^^^^^^^^^^^^^^
  File "/home/airflow/.local/lib/python3.12/site-packages/airflow/api_internal/internal_api_call.py", line 139, in wrapper
    return func(*args, **kwargs)
           ^^^^^^^^^^^^^^^^^^^^^
  File "/home/airflow/.local/lib/python3.12/site-packages/airflow/utils/session.py", line 97, in wrapper
    return func(*args, session=session, **kwargs)
           ^^^^^^^^^^^^^^^^^^^^^^^^^^^^^^^^^^^^^^
  File "/home/airflow/.local/lib/python3.12/site-packages/airflow/dag_processing/processor.py", line 982, in save_dag_to_db
    import_errors = DagBag._sync_to_db(dags=dags, processor_subdir=dag_directory, session=session)
                    ^^^^^^^^^^^^^^^^^^^^^^^^^^^^^^^^^^^^^^^^^^^^^^^^^^^^^^^^^^^^^^^^^^^^^^^^^^^^^^
  File "/home/airflow/.local/lib/python3.12/site-packages/airflow/utils/session.py", line 94, in wrapper
    return func(*args, **kwargs)
           ^^^^^^^^^^^^^^^^^^^^^
  File "/home/airflow/.local/lib/python3.12/site-packages/airflow/models/dagbag.py", line 708, in _sync_to_db
    for attempt in run_with_db_retries(logger=log):
                   ^^^^^^^^^^^^^^^^^^^^^^^^^^^^^^^
  File "/home/airflow/.local/lib/python3.12/site-packages/tenacity/__init__.py", line 443, in __iter__
    do = self.iter(retry_state=retry_state)
         ^^^^^^^^^^^^^^^^^^^^^^^^^^^^^^^^^^
  File "/home/airflow/.local/lib/python3.12/site-packages/tenacity/__init__.py", line 376, in iter
    result = action(retry_state)
             ^^^^^^^^^^^^^^^^^^^
  File "/home/airflow/.local/lib/python3.12/site-packages/tenacity/__init__.py", line 418, in exc_check
    raise retry_exc.reraise()
          ^^^^^^^^^^^^^^^^^^^
  File "/home/airflow/.local/lib/python3.12/site-packages/tenacity/__init__.py", line 185, in reraise
    raise self.last_attempt.result()
          ^^^^^^^^^^^^^^^^^^^^^^^^^^
  File "/usr/local/lib/python3.12/concurrent/futures/_base.py", line 449, in result
    return self.__get_result()
           ^^^^^^^^^^^^^^^^^^^
  File "/usr/local/lib/python3.12/concurrent/futures/_base.py", line 401, in __get_result
    raise self._exception
  File "/home/airflow/.local/lib/python3.12/site-packages/airflow/models/dagbag.py", line 721, in _sync_to_db
    _serialize_dag_capturing_errors(dag, session, processor_subdir)
  File "/home/airflow/.local/lib/python3.12/site-packages/airflow/models/dagbag.py", line 686, in _serialize_dag_capturing_errors
    dag_was_updated = SerializedDagModel.write_dag(
                      ^^^^^^^^^^^^^^^^^^^^^^^^^^^^^
  File "/home/airflow/.local/lib/python3.12/site-packages/airflow/utils/session.py", line 94, in wrapper
    return func(*args, **kwargs)
           ^^^^^^^^^^^^^^^^^^^^^
  File "/home/airflow/.local/lib/python3.12/site-packages/airflow/models/serialized_dag.py", line 160, in write_dag
    if session.scalar(
       ^^^^^^^^^^^^^^^
  File "/home/airflow/.local/lib/python3.12/site-packages/sqlalchemy/orm/session.py", line 1747, in scalar
    return self.execute(
           ^^^^^^^^^^^^^
  File "/home/airflow/.local/lib/python3.12/site-packages/sqlalchemy/orm/session.py", line 1716, in execute
    conn = self._connection_for_bind(bind)
           ^^^^^^^^^^^^^^^^^^^^^^^^^^^^^^^
  File "/home/airflow/.local/lib/python3.12/site-packages/sqlalchemy/orm/session.py", line 1555, in _connection_for_bind
    return self._transaction._connection_for_bind(
           ^^^^^^^^^^^^^^^^^^^^^^^^^^^^^^^^^^^^^^^
  File "/home/airflow/.local/lib/python3.12/site-packages/sqlalchemy/orm/session.py", line 750, in _connection_for_bind
    conn = bind.connect()
           ^^^^^^^^^^^^^^
  File "/home/airflow/.local/lib/python3.12/site-packages/sqlalchemy/future/engine.py", line 412, in connect
    return super(Engine, self).connect()
           ^^^^^^^^^^^^^^^^^^^^^^^^^^^^^
  File "/home/airflow/.local/lib/python3.12/site-packages/sqlalchemy/engine/base.py", line 3325, in connect
    return self._connection_cls(self, close_with_result=close_with_result)
           ^^^^^^^^^^^^^^^^^^^^^^^^^^^^^^^^^^^^^^^^^^^^^^^^^^^^^^^^^^^^^^^
  File "/home/airflow/.local/lib/python3.12/site-packages/sqlalchemy/engine/base.py", line 96, in __init__
    else engine.raw_connection()
         ^^^^^^^^^^^^^^^^^^^^^^^
  File "/home/airflow/.local/lib/python3.12/site-packages/sqlalchemy/engine/base.py", line 3404, in raw_connection
    return self._wrap_pool_connect(self.pool.connect, _connection)
           ^^^^^^^^^^^^^^^^^^^^^^^^^^^^^^^^^^^^^^^^^^^^^^^^^^^^^^^
  File "/home/airflow/.local/lib/python3.12/site-packages/sqlalchemy/engine/base.py", line 3374, in _wrap_pool_connect
    Connection._handle_dbapi_exception_noconnection(
  File "/home/airflow/.local/lib/python3.12/site-packages/sqlalchemy/engine/base.py", line 2208, in _handle_dbapi_exception_noconnection
    util.raise_(
  File "/home/airflow/.local/lib/python3.12/site-packages/sqlalchemy/util/compat.py", line 211, in raise_
    raise exception
  File "/home/airflow/.local/lib/python3.12/site-packages/sqlalchemy/engine/base.py", line 3371, in _wrap_pool_connect
    return fn()
           ^^^^
  File "/home/airflow/.local/lib/python3.12/site-packages/sqlalchemy/pool/base.py", line 327, in connect
    return _ConnectionFairy._checkout(self)
           ^^^^^^^^^^^^^^^^^^^^^^^^^^^^^^^^
  File "/home/airflow/.local/lib/python3.12/site-packages/sqlalchemy/pool/base.py", line 894, in _checkout
    fairy = _ConnectionRecord.checkout(pool)
            ^^^^^^^^^^^^^^^^^^^^^^^^^^^^^^^^
  File "/home/airflow/.local/lib/python3.12/site-packages/sqlalchemy/pool/base.py", line 493, in checkout
    rec = pool._do_get()
          ^^^^^^^^^^^^^^
  File "/home/airflow/.local/lib/python3.12/site-packages/sqlalchemy/pool/impl.py", line 145, in _do_get
    with util.safe_reraise():
         ^^^^^^^^^^^^^^^^^^^
  File "/home/airflow/.local/lib/python3.12/site-packages/sqlalchemy/util/langhelpers.py", line 70, in __exit__
    compat.raise_(
  File "/home/airflow/.local/lib/python3.12/site-packages/sqlalchemy/util/compat.py", line 211, in raise_
    raise exception
  File "/home/airflow/.local/lib/python3.12/site-packages/sqlalchemy/pool/impl.py", line 143, in _do_get
    return self._create_connection()
           ^^^^^^^^^^^^^^^^^^^^^^^^^
  File "/home/airflow/.local/lib/python3.12/site-packages/sqlalchemy/pool/base.py", line 273, in _create_connection
    return _ConnectionRecord(self)
           ^^^^^^^^^^^^^^^^^^^^^^^
  File "/home/airflow/.local/lib/python3.12/site-packages/sqlalchemy/pool/base.py", line 388, in __init__
    self.__connect()
  File "/home/airflow/.local/lib/python3.12/site-packages/sqlalchemy/pool/base.py", line 690, in __connect
    with util.safe_reraise():
         ^^^^^^^^^^^^^^^^^^^
  File "/home/airflow/.local/lib/python3.12/site-packages/sqlalchemy/util/langhelpers.py", line 70, in __exit__
    compat.raise_(
  File "/home/airflow/.local/lib/python3.12/site-packages/sqlalchemy/util/compat.py", line 211, in raise_
    raise exception
  File "/home/airflow/.local/lib/python3.12/site-packages/sqlalchemy/pool/base.py", line 686, in __connect
    self.dbapi_connection = connection = pool._invoke_creator(self)
                                         ^^^^^^^^^^^^^^^^^^^^^^^^^^
  File "/home/airflow/.local/lib/python3.12/site-packages/sqlalchemy/engine/create.py", line 574, in connect
    return dialect.connect(*cargs, **cparams)
           ^^^^^^^^^^^^^^^^^^^^^^^^^^^^^^^^^^
  File "/home/airflow/.local/lib/python3.12/site-packages/sqlalchemy/engine/default.py", line 598, in connect
    return self.dbapi.connect(*cargs, **cparams)
           ^^^^^^^^^^^^^^^^^^^^^^^^^^^^^^^^^^^^^
  File "/home/airflow/.local/lib/python3.12/site-packages/psycopg2/__init__.py", line 122, in connect
    conn = _connect(dsn, connection_factory=connection_factory, **kwasync)
           ^^^^^^^^^^^^^^^^^^^^^^^^^^^^^^^^^^^^^^^^^^^^^^^^^^^^^^^^^^^^^^^
sqlalchemy.exc.OperationalError: (psycopg2.OperationalError) could not translate host name "postgres" to address: Temporary failure in name resolution

(Background on this error at: https://sqlalche.me/e/14/e3q8)
[2025-07-07T03:20:07.377+0000] {processor.py:186} INFO - Started process (PID=374) to work on /opt/airflow/dags/driven_data_pipeline.py
[2025-07-07T03:20:07.380+0000] {processor.py:914} INFO - Processing file /opt/airflow/dags/driven_data_pipeline.py for tasks to queue
[2025-07-07T03:20:07.400+0000] {logging_mixin.py:190} INFO - [2025-07-07T03:20:07.396+0000] {dagbag.py:588} INFO - Filling up the DagBag from /opt/airflow/dags/driven_data_pipeline.py
[2025-07-07T03:20:08.176+0000] {processor.py:925} INFO - DAG(s) 'extract_raw_data_pipeline' retrieved from /opt/airflow/dags/driven_data_pipeline.py
[2025-07-07T03:20:08.248+0000] {logging_mixin.py:190} INFO - [2025-07-07T03:20:08.248+0000] {dag.py:3239} INFO - Sync 1 DAGs
[2025-07-07T03:20:08.331+0000] {logging_mixin.py:190} INFO - [2025-07-07T03:20:08.330+0000] {dag.py:4180} INFO - Setting next_dagrun for extract_raw_data_pipeline to 2025-07-06 07:59:00+00:00, run_after=2025-07-07 07:00:00+00:00
[2025-07-07T03:20:08.364+0000] {processor.py:208} INFO - Processing /opt/airflow/dags/driven_data_pipeline.py took 1.039 seconds
[2025-07-07T03:20:38.770+0000] {processor.py:186} INFO - Started process (PID=382) to work on /opt/airflow/dags/driven_data_pipeline.py
[2025-07-07T03:20:38.772+0000] {processor.py:914} INFO - Processing file /opt/airflow/dags/driven_data_pipeline.py for tasks to queue
[2025-07-07T03:20:38.775+0000] {logging_mixin.py:190} INFO - [2025-07-07T03:20:38.775+0000] {dagbag.py:588} INFO - Filling up the DagBag from /opt/airflow/dags/driven_data_pipeline.py
[2025-07-07T03:20:39.326+0000] {processor.py:925} INFO - DAG(s) 'extract_raw_data_pipeline' retrieved from /opt/airflow/dags/driven_data_pipeline.py
[2025-07-07T03:20:39.364+0000] {logging_mixin.py:190} INFO - [2025-07-07T03:20:39.364+0000] {dag.py:3239} INFO - Sync 1 DAGs
[2025-07-07T03:20:39.393+0000] {logging_mixin.py:190} INFO - [2025-07-07T03:20:39.393+0000] {dag.py:4180} INFO - Setting next_dagrun for extract_raw_data_pipeline to 2025-07-06 07:59:00+00:00, run_after=2025-07-07 07:00:00+00:00
[2025-07-07T03:20:39.422+0000] {processor.py:208} INFO - Processing /opt/airflow/dags/driven_data_pipeline.py took 0.660 seconds
[2025-07-07T03:20:50.541+0000] {processor.py:186} INFO - Started process (PID=390) to work on /opt/airflow/dags/driven_data_pipeline.py
[2025-07-07T03:20:50.542+0000] {processor.py:914} INFO - Processing file /opt/airflow/dags/driven_data_pipeline.py for tasks to queue
[2025-07-07T03:20:50.546+0000] {logging_mixin.py:190} INFO - [2025-07-07T03:20:50.546+0000] {dagbag.py:588} INFO - Filling up the DagBag from /opt/airflow/dags/driven_data_pipeline.py
[2025-07-07T03:20:51.060+0000] {processor.py:925} INFO - DAG(s) 'extract_raw_data_pipeline' retrieved from /opt/airflow/dags/driven_data_pipeline.py
[2025-07-07T03:20:51.163+0000] {logging_mixin.py:190} INFO - [2025-07-07T03:20:51.163+0000] {dag.py:3239} INFO - Sync 1 DAGs
[2025-07-07T03:20:51.193+0000] {logging_mixin.py:190} INFO - [2025-07-07T03:20:51.193+0000] {dag.py:4180} INFO - Setting next_dagrun for extract_raw_data_pipeline to 2025-07-06 07:59:00+00:00, run_after=2025-07-07 07:00:00+00:00
[2025-07-07T03:20:51.225+0000] {processor.py:208} INFO - Processing /opt/airflow/dags/driven_data_pipeline.py took 0.693 seconds
[2025-07-07T03:21:21.563+0000] {processor.py:186} INFO - Started process (PID=398) to work on /opt/airflow/dags/driven_data_pipeline.py
[2025-07-07T03:21:21.565+0000] {processor.py:914} INFO - Processing file /opt/airflow/dags/driven_data_pipeline.py for tasks to queue
[2025-07-07T03:21:21.570+0000] {logging_mixin.py:190} INFO - [2025-07-07T03:21:21.569+0000] {dagbag.py:588} INFO - Filling up the DagBag from /opt/airflow/dags/driven_data_pipeline.py
[2025-07-07T03:21:22.173+0000] {processor.py:925} INFO - DAG(s) 'extract_raw_data_pipeline' retrieved from /opt/airflow/dags/driven_data_pipeline.py
[2025-07-07T03:21:22.212+0000] {logging_mixin.py:190} INFO - [2025-07-07T03:21:22.212+0000] {dag.py:3239} INFO - Sync 1 DAGs
[2025-07-07T03:21:22.243+0000] {logging_mixin.py:190} INFO - [2025-07-07T03:21:22.243+0000] {dag.py:4180} INFO - Setting next_dagrun for extract_raw_data_pipeline to 2025-07-06 07:59:00+00:00, run_after=2025-07-07 07:00:00+00:00
[2025-07-07T03:21:22.269+0000] {processor.py:208} INFO - Processing /opt/airflow/dags/driven_data_pipeline.py took 0.719 seconds
[2025-07-07T03:21:52.511+0000] {processor.py:186} INFO - Started process (PID=406) to work on /opt/airflow/dags/driven_data_pipeline.py
[2025-07-07T03:21:52.512+0000] {processor.py:914} INFO - Processing file /opt/airflow/dags/driven_data_pipeline.py for tasks to queue
[2025-07-07T03:21:52.516+0000] {logging_mixin.py:190} INFO - [2025-07-07T03:21:52.516+0000] {dagbag.py:588} INFO - Filling up the DagBag from /opt/airflow/dags/driven_data_pipeline.py
[2025-07-07T03:21:53.049+0000] {processor.py:925} INFO - DAG(s) 'extract_raw_data_pipeline' retrieved from /opt/airflow/dags/driven_data_pipeline.py
[2025-07-07T03:21:53.088+0000] {logging_mixin.py:190} INFO - [2025-07-07T03:21:53.087+0000] {dag.py:3239} INFO - Sync 1 DAGs
[2025-07-07T03:21:53.118+0000] {logging_mixin.py:190} INFO - [2025-07-07T03:21:53.118+0000] {dag.py:4180} INFO - Setting next_dagrun for extract_raw_data_pipeline to 2025-07-06 07:59:00+00:00, run_after=2025-07-07 07:00:00+00:00
[2025-07-07T03:21:53.145+0000] {processor.py:208} INFO - Processing /opt/airflow/dags/driven_data_pipeline.py took 0.644 seconds
[2025-07-07T03:22:23.454+0000] {processor.py:186} INFO - Started process (PID=414) to work on /opt/airflow/dags/driven_data_pipeline.py
[2025-07-07T03:22:23.455+0000] {processor.py:914} INFO - Processing file /opt/airflow/dags/driven_data_pipeline.py for tasks to queue
[2025-07-07T03:22:23.459+0000] {logging_mixin.py:190} INFO - [2025-07-07T03:22:23.458+0000] {dagbag.py:588} INFO - Filling up the DagBag from /opt/airflow/dags/driven_data_pipeline.py
[2025-07-07T03:22:23.964+0000] {processor.py:925} INFO - DAG(s) 'extract_raw_data_pipeline' retrieved from /opt/airflow/dags/driven_data_pipeline.py
[2025-07-07T03:22:24.002+0000] {logging_mixin.py:190} INFO - [2025-07-07T03:22:24.002+0000] {dag.py:3239} INFO - Sync 1 DAGs
[2025-07-07T03:22:24.035+0000] {logging_mixin.py:190} INFO - [2025-07-07T03:22:24.035+0000] {dag.py:4180} INFO - Setting next_dagrun for extract_raw_data_pipeline to 2025-07-06 07:59:00+00:00, run_after=2025-07-07 07:00:00+00:00
[2025-07-07T03:22:24.062+0000] {processor.py:208} INFO - Processing /opt/airflow/dags/driven_data_pipeline.py took 0.617 seconds
[2025-07-07T03:22:54.501+0000] {processor.py:186} INFO - Started process (PID=422) to work on /opt/airflow/dags/driven_data_pipeline.py
[2025-07-07T03:22:54.503+0000] {processor.py:914} INFO - Processing file /opt/airflow/dags/driven_data_pipeline.py for tasks to queue
[2025-07-07T03:22:54.506+0000] {logging_mixin.py:190} INFO - [2025-07-07T03:22:54.506+0000] {dagbag.py:588} INFO - Filling up the DagBag from /opt/airflow/dags/driven_data_pipeline.py
[2025-07-07T03:22:55.018+0000] {processor.py:925} INFO - DAG(s) 'extract_raw_data_pipeline' retrieved from /opt/airflow/dags/driven_data_pipeline.py
[2025-07-07T03:22:55.056+0000] {logging_mixin.py:190} INFO - [2025-07-07T03:22:55.056+0000] {dag.py:3239} INFO - Sync 1 DAGs
[2025-07-07T03:22:55.084+0000] {logging_mixin.py:190} INFO - [2025-07-07T03:22:55.084+0000] {dag.py:4180} INFO - Setting next_dagrun for extract_raw_data_pipeline to 2025-07-06 07:59:00+00:00, run_after=2025-07-07 07:00:00+00:00
[2025-07-07T03:22:55.113+0000] {processor.py:208} INFO - Processing /opt/airflow/dags/driven_data_pipeline.py took 0.622 seconds
[2025-07-07T03:23:25.509+0000] {processor.py:186} INFO - Started process (PID=430) to work on /opt/airflow/dags/driven_data_pipeline.py
[2025-07-07T03:23:25.512+0000] {processor.py:914} INFO - Processing file /opt/airflow/dags/driven_data_pipeline.py for tasks to queue
[2025-07-07T03:23:25.518+0000] {logging_mixin.py:190} INFO - [2025-07-07T03:23:25.516+0000] {dagbag.py:588} INFO - Filling up the DagBag from /opt/airflow/dags/driven_data_pipeline.py
[2025-07-07T03:23:26.071+0000] {processor.py:925} INFO - DAG(s) 'extract_raw_data_pipeline' retrieved from /opt/airflow/dags/driven_data_pipeline.py
[2025-07-07T03:23:26.108+0000] {logging_mixin.py:190} INFO - [2025-07-07T03:23:26.108+0000] {dag.py:3239} INFO - Sync 1 DAGs
[2025-07-07T03:23:26.131+0000] {logging_mixin.py:190} INFO - [2025-07-07T03:23:26.131+0000] {dag.py:4180} INFO - Setting next_dagrun for extract_raw_data_pipeline to 2025-07-06 07:59:00+00:00, run_after=2025-07-07 07:00:00+00:00
[2025-07-07T03:23:26.153+0000] {processor.py:208} INFO - Processing /opt/airflow/dags/driven_data_pipeline.py took 0.656 seconds
[2025-07-07T03:23:56.589+0000] {processor.py:186} INFO - Started process (PID=438) to work on /opt/airflow/dags/driven_data_pipeline.py
[2025-07-07T03:23:56.590+0000] {processor.py:914} INFO - Processing file /opt/airflow/dags/driven_data_pipeline.py for tasks to queue
[2025-07-07T03:23:56.593+0000] {logging_mixin.py:190} INFO - [2025-07-07T03:23:56.593+0000] {dagbag.py:588} INFO - Filling up the DagBag from /opt/airflow/dags/driven_data_pipeline.py
[2025-07-07T03:23:57.069+0000] {processor.py:925} INFO - DAG(s) 'extract_raw_data_pipeline' retrieved from /opt/airflow/dags/driven_data_pipeline.py
[2025-07-07T03:23:57.243+0000] {logging_mixin.py:190} INFO - [2025-07-07T03:23:57.241+0000] {dag.py:3239} INFO - Sync 1 DAGs
[2025-07-07T03:23:57.275+0000] {logging_mixin.py:190} INFO - [2025-07-07T03:23:57.275+0000] {dag.py:4180} INFO - Setting next_dagrun for extract_raw_data_pipeline to 2025-07-06 07:59:00+00:00, run_after=2025-07-07 07:00:00+00:00
[2025-07-07T03:23:57.304+0000] {processor.py:208} INFO - Processing /opt/airflow/dags/driven_data_pipeline.py took 0.724 seconds
[2025-07-07T03:24:27.683+0000] {processor.py:186} INFO - Started process (PID=446) to work on /opt/airflow/dags/driven_data_pipeline.py
[2025-07-07T03:24:27.685+0000] {processor.py:914} INFO - Processing file /opt/airflow/dags/driven_data_pipeline.py for tasks to queue
[2025-07-07T03:24:27.690+0000] {logging_mixin.py:190} INFO - [2025-07-07T03:24:27.689+0000] {dagbag.py:588} INFO - Filling up the DagBag from /opt/airflow/dags/driven_data_pipeline.py
[2025-07-07T03:24:28.213+0000] {processor.py:925} INFO - DAG(s) 'extract_raw_data_pipeline' retrieved from /opt/airflow/dags/driven_data_pipeline.py
[2025-07-07T03:24:28.248+0000] {logging_mixin.py:190} INFO - [2025-07-07T03:24:28.248+0000] {dag.py:3239} INFO - Sync 1 DAGs
[2025-07-07T03:24:28.277+0000] {logging_mixin.py:190} INFO - [2025-07-07T03:24:28.277+0000] {dag.py:4180} INFO - Setting next_dagrun for extract_raw_data_pipeline to 2025-07-06 07:59:00+00:00, run_after=2025-07-07 07:00:00+00:00
[2025-07-07T03:24:28.301+0000] {processor.py:208} INFO - Processing /opt/airflow/dags/driven_data_pipeline.py took 0.629 seconds
[2025-07-07T03:24:58.762+0000] {processor.py:186} INFO - Started process (PID=454) to work on /opt/airflow/dags/driven_data_pipeline.py
[2025-07-07T03:24:58.764+0000] {processor.py:914} INFO - Processing file /opt/airflow/dags/driven_data_pipeline.py for tasks to queue
[2025-07-07T03:24:58.769+0000] {logging_mixin.py:190} INFO - [2025-07-07T03:24:58.768+0000] {dagbag.py:588} INFO - Filling up the DagBag from /opt/airflow/dags/driven_data_pipeline.py
[2025-07-07T03:24:59.276+0000] {processor.py:925} INFO - DAG(s) 'extract_raw_data_pipeline' retrieved from /opt/airflow/dags/driven_data_pipeline.py
[2025-07-07T03:24:59.333+0000] {logging_mixin.py:190} INFO - [2025-07-07T03:24:59.333+0000] {dag.py:3239} INFO - Sync 1 DAGs
[2025-07-07T03:24:59.361+0000] {logging_mixin.py:190} INFO - [2025-07-07T03:24:59.361+0000] {dag.py:4180} INFO - Setting next_dagrun for extract_raw_data_pipeline to 2025-07-06 07:59:00+00:00, run_after=2025-07-07 07:00:00+00:00
[2025-07-07T03:24:59.384+0000] {processor.py:208} INFO - Processing /opt/airflow/dags/driven_data_pipeline.py took 0.634 seconds
[2025-07-07T03:25:29.842+0000] {processor.py:186} INFO - Started process (PID=463) to work on /opt/airflow/dags/driven_data_pipeline.py
[2025-07-07T03:25:29.844+0000] {processor.py:914} INFO - Processing file /opt/airflow/dags/driven_data_pipeline.py for tasks to queue
[2025-07-07T03:25:29.850+0000] {logging_mixin.py:190} INFO - [2025-07-07T03:25:29.847+0000] {dagbag.py:588} INFO - Filling up the DagBag from /opt/airflow/dags/driven_data_pipeline.py
[2025-07-07T03:25:30.411+0000] {processor.py:925} INFO - DAG(s) 'extract_raw_data_pipeline' retrieved from /opt/airflow/dags/driven_data_pipeline.py
[2025-07-07T03:25:30.448+0000] {logging_mixin.py:190} INFO - [2025-07-07T03:25:30.447+0000] {dag.py:3239} INFO - Sync 1 DAGs
[2025-07-07T03:25:30.477+0000] {logging_mixin.py:190} INFO - [2025-07-07T03:25:30.477+0000] {dag.py:4180} INFO - Setting next_dagrun for extract_raw_data_pipeline to 2025-07-06 07:59:00+00:00, run_after=2025-07-07 07:00:00+00:00
[2025-07-07T03:25:30.502+0000] {processor.py:208} INFO - Processing /opt/airflow/dags/driven_data_pipeline.py took 0.673 seconds
[2025-07-07T03:26:00.981+0000] {processor.py:186} INFO - Started process (PID=471) to work on /opt/airflow/dags/driven_data_pipeline.py
[2025-07-07T03:26:00.982+0000] {processor.py:914} INFO - Processing file /opt/airflow/dags/driven_data_pipeline.py for tasks to queue
[2025-07-07T03:26:00.989+0000] {logging_mixin.py:190} INFO - [2025-07-07T03:26:00.986+0000] {dagbag.py:588} INFO - Filling up the DagBag from /opt/airflow/dags/driven_data_pipeline.py
[2025-07-07T03:26:01.550+0000] {processor.py:925} INFO - DAG(s) 'extract_raw_data_pipeline' retrieved from /opt/airflow/dags/driven_data_pipeline.py
[2025-07-07T03:26:01.605+0000] {logging_mixin.py:190} INFO - [2025-07-07T03:26:01.605+0000] {dag.py:3239} INFO - Sync 1 DAGs
[2025-07-07T03:26:01.638+0000] {logging_mixin.py:190} INFO - [2025-07-07T03:26:01.638+0000] {dag.py:4180} INFO - Setting next_dagrun for extract_raw_data_pipeline to 2025-07-06 07:59:00+00:00, run_after=2025-07-07 07:00:00+00:00
[2025-07-07T03:26:01.667+0000] {processor.py:208} INFO - Processing /opt/airflow/dags/driven_data_pipeline.py took 0.701 seconds
[2025-07-07T03:26:31.839+0000] {processor.py:186} INFO - Started process (PID=479) to work on /opt/airflow/dags/driven_data_pipeline.py
[2025-07-07T03:26:31.845+0000] {processor.py:914} INFO - Processing file /opt/airflow/dags/driven_data_pipeline.py for tasks to queue
[2025-07-07T03:26:31.855+0000] {logging_mixin.py:190} INFO - [2025-07-07T03:26:31.851+0000] {dagbag.py:588} INFO - Filling up the DagBag from /opt/airflow/dags/driven_data_pipeline.py
[2025-07-07T03:26:33.051+0000] {processor.py:925} INFO - DAG(s) 'extract_raw_data_pipeline' retrieved from /opt/airflow/dags/driven_data_pipeline.py
[2025-07-07T03:26:33.164+0000] {logging_mixin.py:190} INFO - [2025-07-07T03:26:33.161+0000] {dag.py:3239} INFO - Sync 1 DAGs
[2025-07-07T03:26:33.215+0000] {logging_mixin.py:190} INFO - [2025-07-07T03:26:33.215+0000] {dag.py:4180} INFO - Setting next_dagrun for extract_raw_data_pipeline to 2025-07-06 07:59:00+00:00, run_after=2025-07-07 07:00:00+00:00
[2025-07-07T03:26:33.253+0000] {processor.py:208} INFO - Processing /opt/airflow/dags/driven_data_pipeline.py took 1.445 seconds
[2025-07-07T03:27:03.506+0000] {processor.py:186} INFO - Started process (PID=487) to work on /opt/airflow/dags/driven_data_pipeline.py
[2025-07-07T03:27:03.507+0000] {processor.py:914} INFO - Processing file /opt/airflow/dags/driven_data_pipeline.py for tasks to queue
[2025-07-07T03:27:03.510+0000] {logging_mixin.py:190} INFO - [2025-07-07T03:27:03.510+0000] {dagbag.py:588} INFO - Filling up the DagBag from /opt/airflow/dags/driven_data_pipeline.py
[2025-07-07T03:27:03.830+0000] {processor.py:925} INFO - DAG(s) 'extract_raw_data_pipeline' retrieved from /opt/airflow/dags/driven_data_pipeline.py
[2025-07-07T03:27:03.872+0000] {logging_mixin.py:190} INFO - [2025-07-07T03:27:03.872+0000] {dag.py:3239} INFO - Sync 1 DAGs
[2025-07-07T03:27:03.906+0000] {logging_mixin.py:190} INFO - [2025-07-07T03:27:03.905+0000] {dag.py:4180} INFO - Setting next_dagrun for extract_raw_data_pipeline to 2025-07-06 07:59:00+00:00, run_after=2025-07-07 07:00:00+00:00
[2025-07-07T03:27:03.931+0000] {processor.py:208} INFO - Processing /opt/airflow/dags/driven_data_pipeline.py took 0.436 seconds
[2025-07-07T03:27:34.429+0000] {processor.py:186} INFO - Started process (PID=495) to work on /opt/airflow/dags/driven_data_pipeline.py
[2025-07-07T03:27:34.430+0000] {processor.py:914} INFO - Processing file /opt/airflow/dags/driven_data_pipeline.py for tasks to queue
[2025-07-07T03:27:34.435+0000] {logging_mixin.py:190} INFO - [2025-07-07T03:27:34.433+0000] {dagbag.py:588} INFO - Filling up the DagBag from /opt/airflow/dags/driven_data_pipeline.py
[2025-07-07T03:27:34.984+0000] {processor.py:925} INFO - DAG(s) 'extract_raw_data_pipeline' retrieved from /opt/airflow/dags/driven_data_pipeline.py
[2025-07-07T03:27:35.040+0000] {logging_mixin.py:190} INFO - [2025-07-07T03:27:35.040+0000] {dag.py:3239} INFO - Sync 1 DAGs
[2025-07-07T03:27:35.068+0000] {logging_mixin.py:190} INFO - [2025-07-07T03:27:35.068+0000] {dag.py:4180} INFO - Setting next_dagrun for extract_raw_data_pipeline to 2025-07-06 07:59:00+00:00, run_after=2025-07-07 07:00:00+00:00
[2025-07-07T03:27:35.088+0000] {processor.py:208} INFO - Processing /opt/airflow/dags/driven_data_pipeline.py took 0.670 seconds
[2025-07-07T03:28:05.368+0000] {processor.py:186} INFO - Started process (PID=503) to work on /opt/airflow/dags/driven_data_pipeline.py
[2025-07-07T03:28:05.370+0000] {processor.py:914} INFO - Processing file /opt/airflow/dags/driven_data_pipeline.py for tasks to queue
[2025-07-07T03:28:05.376+0000] {logging_mixin.py:190} INFO - [2025-07-07T03:28:05.373+0000] {dagbag.py:588} INFO - Filling up the DagBag from /opt/airflow/dags/driven_data_pipeline.py
[2025-07-07T03:28:05.852+0000] {processor.py:925} INFO - DAG(s) 'extract_raw_data_pipeline' retrieved from /opt/airflow/dags/driven_data_pipeline.py
[2025-07-07T03:28:05.892+0000] {logging_mixin.py:190} INFO - [2025-07-07T03:28:05.891+0000] {dag.py:3239} INFO - Sync 1 DAGs
[2025-07-07T03:28:05.921+0000] {logging_mixin.py:190} INFO - [2025-07-07T03:28:05.921+0000] {dag.py:4180} INFO - Setting next_dagrun for extract_raw_data_pipeline to 2025-07-06 07:59:00+00:00, run_after=2025-07-07 07:00:00+00:00
[2025-07-07T03:28:05.946+0000] {processor.py:208} INFO - Processing /opt/airflow/dags/driven_data_pipeline.py took 0.588 seconds
[2025-07-07T03:28:37.060+0000] {processor.py:186} INFO - Started process (PID=511) to work on /opt/airflow/dags/driven_data_pipeline.py
[2025-07-07T03:28:37.062+0000] {processor.py:914} INFO - Processing file /opt/airflow/dags/driven_data_pipeline.py for tasks to queue
[2025-07-07T03:28:37.066+0000] {logging_mixin.py:190} INFO - [2025-07-07T03:28:37.065+0000] {dagbag.py:588} INFO - Filling up the DagBag from /opt/airflow/dags/driven_data_pipeline.py
[2025-07-07T03:28:37.587+0000] {processor.py:925} INFO - DAG(s) 'extract_raw_data_pipeline' retrieved from /opt/airflow/dags/driven_data_pipeline.py
[2025-07-07T03:28:37.642+0000] {logging_mixin.py:190} INFO - [2025-07-07T03:28:37.642+0000] {dag.py:3239} INFO - Sync 1 DAGs
[2025-07-07T03:28:37.675+0000] {logging_mixin.py:190} INFO - [2025-07-07T03:28:37.675+0000] {dag.py:4180} INFO - Setting next_dagrun for extract_raw_data_pipeline to 2025-07-06 07:59:00+00:00, run_after=2025-07-07 07:00:00+00:00
[2025-07-07T03:28:37.703+0000] {processor.py:208} INFO - Processing /opt/airflow/dags/driven_data_pipeline.py took 0.653 seconds
[2025-07-07T03:29:08.176+0000] {processor.py:186} INFO - Started process (PID=519) to work on /opt/airflow/dags/driven_data_pipeline.py
[2025-07-07T03:29:08.178+0000] {processor.py:914} INFO - Processing file /opt/airflow/dags/driven_data_pipeline.py for tasks to queue
[2025-07-07T03:29:08.184+0000] {logging_mixin.py:190} INFO - [2025-07-07T03:29:08.182+0000] {dagbag.py:588} INFO - Filling up the DagBag from /opt/airflow/dags/driven_data_pipeline.py
[2025-07-07T03:29:08.672+0000] {processor.py:925} INFO - DAG(s) 'extract_raw_data_pipeline' retrieved from /opt/airflow/dags/driven_data_pipeline.py
[2025-07-07T03:29:08.734+0000] {logging_mixin.py:190} INFO - [2025-07-07T03:29:08.734+0000] {dag.py:3239} INFO - Sync 1 DAGs
[2025-07-07T03:29:08.763+0000] {logging_mixin.py:190} INFO - [2025-07-07T03:29:08.762+0000] {dag.py:4180} INFO - Setting next_dagrun for extract_raw_data_pipeline to 2025-07-06 07:59:00+00:00, run_after=2025-07-07 07:00:00+00:00
[2025-07-07T03:29:08.789+0000] {processor.py:208} INFO - Processing /opt/airflow/dags/driven_data_pipeline.py took 0.622 seconds
[2025-07-07T03:29:39.126+0000] {processor.py:186} INFO - Started process (PID=527) to work on /opt/airflow/dags/driven_data_pipeline.py
[2025-07-07T03:29:39.128+0000] {processor.py:914} INFO - Processing file /opt/airflow/dags/driven_data_pipeline.py for tasks to queue
[2025-07-07T03:29:39.135+0000] {logging_mixin.py:190} INFO - [2025-07-07T03:29:39.132+0000] {dagbag.py:588} INFO - Filling up the DagBag from /opt/airflow/dags/driven_data_pipeline.py
[2025-07-07T03:29:39.713+0000] {processor.py:925} INFO - DAG(s) 'extract_raw_data_pipeline' retrieved from /opt/airflow/dags/driven_data_pipeline.py
[2025-07-07T03:29:39.783+0000] {logging_mixin.py:190} INFO - [2025-07-07T03:29:39.783+0000] {dag.py:3239} INFO - Sync 1 DAGs
[2025-07-07T03:29:39.810+0000] {logging_mixin.py:190} INFO - [2025-07-07T03:29:39.810+0000] {dag.py:4180} INFO - Setting next_dagrun for extract_raw_data_pipeline to 2025-07-06 07:59:00+00:00, run_after=2025-07-07 07:00:00+00:00
[2025-07-07T03:29:39.834+0000] {processor.py:208} INFO - Processing /opt/airflow/dags/driven_data_pipeline.py took 0.727 seconds
[2025-07-07T03:30:10.007+0000] {processor.py:186} INFO - Started process (PID=535) to work on /opt/airflow/dags/driven_data_pipeline.py
[2025-07-07T03:30:10.008+0000] {processor.py:914} INFO - Processing file /opt/airflow/dags/driven_data_pipeline.py for tasks to queue
[2025-07-07T03:30:10.012+0000] {logging_mixin.py:190} INFO - [2025-07-07T03:30:10.012+0000] {dagbag.py:588} INFO - Filling up the DagBag from /opt/airflow/dags/driven_data_pipeline.py
[2025-07-07T03:30:10.302+0000] {processor.py:925} INFO - DAG(s) 'extract_raw_data_pipeline' retrieved from /opt/airflow/dags/driven_data_pipeline.py
[2025-07-07T03:30:10.344+0000] {logging_mixin.py:190} INFO - [2025-07-07T03:30:10.343+0000] {dag.py:3239} INFO - Sync 1 DAGs
[2025-07-07T03:30:10.373+0000] {logging_mixin.py:190} INFO - [2025-07-07T03:30:10.372+0000] {dag.py:4180} INFO - Setting next_dagrun for extract_raw_data_pipeline to 2025-07-06 07:59:00+00:00, run_after=2025-07-07 07:00:00+00:00
[2025-07-07T03:30:10.396+0000] {processor.py:208} INFO - Processing /opt/airflow/dags/driven_data_pipeline.py took 0.399 seconds
[2025-07-07T03:30:40.824+0000] {processor.py:186} INFO - Started process (PID=543) to work on /opt/airflow/dags/driven_data_pipeline.py
[2025-07-07T03:30:40.825+0000] {processor.py:914} INFO - Processing file /opt/airflow/dags/driven_data_pipeline.py for tasks to queue
[2025-07-07T03:30:40.831+0000] {logging_mixin.py:190} INFO - [2025-07-07T03:30:40.828+0000] {dagbag.py:588} INFO - Filling up the DagBag from /opt/airflow/dags/driven_data_pipeline.py
[2025-07-07T03:30:41.362+0000] {processor.py:925} INFO - DAG(s) 'extract_raw_data_pipeline' retrieved from /opt/airflow/dags/driven_data_pipeline.py
[2025-07-07T03:30:41.416+0000] {logging_mixin.py:190} INFO - [2025-07-07T03:30:41.416+0000] {dag.py:3239} INFO - Sync 1 DAGs
[2025-07-07T03:30:41.448+0000] {logging_mixin.py:190} INFO - [2025-07-07T03:30:41.448+0000] {dag.py:4180} INFO - Setting next_dagrun for extract_raw_data_pipeline to 2025-07-06 07:59:00+00:00, run_after=2025-07-07 07:00:00+00:00
[2025-07-07T03:30:41.471+0000] {processor.py:208} INFO - Processing /opt/airflow/dags/driven_data_pipeline.py took 0.659 seconds
[2025-07-07T03:31:11.916+0000] {processor.py:186} INFO - Started process (PID=552) to work on /opt/airflow/dags/driven_data_pipeline.py
[2025-07-07T03:31:11.917+0000] {processor.py:914} INFO - Processing file /opt/airflow/dags/driven_data_pipeline.py for tasks to queue
[2025-07-07T03:31:11.924+0000] {logging_mixin.py:190} INFO - [2025-07-07T03:31:11.921+0000] {dagbag.py:588} INFO - Filling up the DagBag from /opt/airflow/dags/driven_data_pipeline.py
[2025-07-07T03:31:12.418+0000] {processor.py:925} INFO - DAG(s) 'extract_raw_data_pipeline' retrieved from /opt/airflow/dags/driven_data_pipeline.py
[2025-07-07T03:31:12.464+0000] {logging_mixin.py:190} INFO - [2025-07-07T03:31:12.464+0000] {dag.py:3239} INFO - Sync 1 DAGs
[2025-07-07T03:31:12.493+0000] {logging_mixin.py:190} INFO - [2025-07-07T03:31:12.493+0000] {dag.py:4180} INFO - Setting next_dagrun for extract_raw_data_pipeline to 2025-07-06 07:59:00+00:00, run_after=2025-07-07 07:00:00+00:00
[2025-07-07T03:31:12.519+0000] {processor.py:208} INFO - Processing /opt/airflow/dags/driven_data_pipeline.py took 0.612 seconds
[2025-07-07T03:31:42.582+0000] {processor.py:186} INFO - Started process (PID=560) to work on /opt/airflow/dags/driven_data_pipeline.py
[2025-07-07T03:31:42.584+0000] {processor.py:914} INFO - Processing file /opt/airflow/dags/driven_data_pipeline.py for tasks to queue
[2025-07-07T03:31:42.590+0000] {logging_mixin.py:190} INFO - [2025-07-07T03:31:42.587+0000] {dagbag.py:588} INFO - Filling up the DagBag from /opt/airflow/dags/driven_data_pipeline.py
[2025-07-07T03:31:43.144+0000] {processor.py:925} INFO - DAG(s) 'extract_raw_data_pipeline' retrieved from /opt/airflow/dags/driven_data_pipeline.py
[2025-07-07T03:31:43.193+0000] {logging_mixin.py:190} INFO - [2025-07-07T03:31:43.193+0000] {dag.py:3239} INFO - Sync 1 DAGs
[2025-07-07T03:31:43.224+0000] {logging_mixin.py:190} INFO - [2025-07-07T03:31:43.224+0000] {dag.py:4180} INFO - Setting next_dagrun for extract_raw_data_pipeline to 2025-07-06 07:59:00+00:00, run_after=2025-07-07 07:00:00+00:00
[2025-07-07T03:31:43.250+0000] {processor.py:208} INFO - Processing /opt/airflow/dags/driven_data_pipeline.py took 0.678 seconds
[2025-07-07T03:32:13.780+0000] {processor.py:186} INFO - Started process (PID=568) to work on /opt/airflow/dags/driven_data_pipeline.py
[2025-07-07T03:32:13.783+0000] {processor.py:914} INFO - Processing file /opt/airflow/dags/driven_data_pipeline.py for tasks to queue
[2025-07-07T03:32:13.793+0000] {logging_mixin.py:190} INFO - [2025-07-07T03:32:13.790+0000] {dagbag.py:588} INFO - Filling up the DagBag from /opt/airflow/dags/driven_data_pipeline.py
[2025-07-07T03:32:14.566+0000] {processor.py:925} INFO - DAG(s) 'extract_raw_data_pipeline' retrieved from /opt/airflow/dags/driven_data_pipeline.py
[2025-07-07T03:32:14.638+0000] {logging_mixin.py:190} INFO - [2025-07-07T03:32:14.638+0000] {dag.py:3239} INFO - Sync 1 DAGs
[2025-07-07T03:32:14.674+0000] {logging_mixin.py:190} INFO - [2025-07-07T03:32:14.674+0000] {dag.py:4180} INFO - Setting next_dagrun for extract_raw_data_pipeline to 2025-07-06 07:59:00+00:00, run_after=2025-07-07 07:00:00+00:00
[2025-07-07T03:32:14.708+0000] {processor.py:208} INFO - Processing /opt/airflow/dags/driven_data_pipeline.py took 0.946 seconds
[2025-07-07T03:32:45.072+0000] {processor.py:186} INFO - Started process (PID=576) to work on /opt/airflow/dags/driven_data_pipeline.py
[2025-07-07T03:32:45.075+0000] {processor.py:914} INFO - Processing file /opt/airflow/dags/driven_data_pipeline.py for tasks to queue
[2025-07-07T03:32:45.079+0000] {logging_mixin.py:190} INFO - [2025-07-07T03:32:45.078+0000] {dagbag.py:588} INFO - Filling up the DagBag from /opt/airflow/dags/driven_data_pipeline.py
[2025-07-07T03:32:47.140+0000] {processor.py:925} INFO - DAG(s) 'extract_raw_data_pipeline' retrieved from /opt/airflow/dags/driven_data_pipeline.py
[2025-07-07T03:33:00.257+0000] {logging_mixin.py:190} INFO - [2025-07-07T03:33:00.250+0000] {dag.py:3239} INFO - Sync 1 DAGs
[2025-07-07T03:33:00.325+0000] {logging_mixin.py:190} INFO - [2025-07-07T03:33:00.325+0000] {dag.py:4180} INFO - Setting next_dagrun for extract_raw_data_pipeline to 2025-07-06 07:59:00+00:00, run_after=2025-07-07 07:00:00+00:00
[2025-07-07T03:33:00.371+0000] {processor.py:208} INFO - Processing /opt/airflow/dags/driven_data_pipeline.py took 15.309 seconds
[2025-07-07T03:33:30.531+0000] {processor.py:186} INFO - Started process (PID=584) to work on /opt/airflow/dags/driven_data_pipeline.py
[2025-07-07T03:33:30.532+0000] {processor.py:914} INFO - Processing file /opt/airflow/dags/driven_data_pipeline.py for tasks to queue
[2025-07-07T03:33:30.537+0000] {logging_mixin.py:190} INFO - [2025-07-07T03:33:30.536+0000] {dagbag.py:588} INFO - Filling up the DagBag from /opt/airflow/dags/driven_data_pipeline.py
[2025-07-07T03:33:31.129+0000] {processor.py:925} INFO - DAG(s) 'extract_raw_data_pipeline' retrieved from /opt/airflow/dags/driven_data_pipeline.py
[2025-07-07T03:33:31.169+0000] {logging_mixin.py:190} INFO - [2025-07-07T03:33:31.168+0000] {dag.py:3239} INFO - Sync 1 DAGs
[2025-07-07T03:33:31.198+0000] {logging_mixin.py:190} INFO - [2025-07-07T03:33:31.198+0000] {dag.py:4180} INFO - Setting next_dagrun for extract_raw_data_pipeline to 2025-07-06 07:59:00+00:00, run_after=2025-07-07 07:00:00+00:00
[2025-07-07T03:33:31.222+0000] {processor.py:208} INFO - Processing /opt/airflow/dags/driven_data_pipeline.py took 0.702 seconds
[2025-07-07T03:34:01.637+0000] {processor.py:186} INFO - Started process (PID=592) to work on /opt/airflow/dags/driven_data_pipeline.py
[2025-07-07T03:34:01.639+0000] {processor.py:914} INFO - Processing file /opt/airflow/dags/driven_data_pipeline.py for tasks to queue
[2025-07-07T03:34:01.647+0000] {logging_mixin.py:190} INFO - [2025-07-07T03:34:01.646+0000] {dagbag.py:588} INFO - Filling up the DagBag from /opt/airflow/dags/driven_data_pipeline.py
[2025-07-07T03:34:02.238+0000] {processor.py:925} INFO - DAG(s) 'extract_raw_data_pipeline' retrieved from /opt/airflow/dags/driven_data_pipeline.py
[2025-07-07T03:34:02.306+0000] {logging_mixin.py:190} INFO - [2025-07-07T03:34:02.306+0000] {dag.py:3239} INFO - Sync 1 DAGs
[2025-07-07T03:34:02.347+0000] {logging_mixin.py:190} INFO - [2025-07-07T03:34:02.347+0000] {dag.py:4180} INFO - Setting next_dagrun for extract_raw_data_pipeline to 2025-07-06 07:59:00+00:00, run_after=2025-07-07 07:00:00+00:00
[2025-07-07T03:34:02.392+0000] {processor.py:208} INFO - Processing /opt/airflow/dags/driven_data_pipeline.py took 0.771 seconds
[2025-07-07T03:34:32.792+0000] {processor.py:186} INFO - Started process (PID=600) to work on /opt/airflow/dags/driven_data_pipeline.py
[2025-07-07T03:34:32.795+0000] {processor.py:914} INFO - Processing file /opt/airflow/dags/driven_data_pipeline.py for tasks to queue
[2025-07-07T03:34:32.800+0000] {logging_mixin.py:190} INFO - [2025-07-07T03:34:32.798+0000] {dagbag.py:588} INFO - Filling up the DagBag from /opt/airflow/dags/driven_data_pipeline.py
[2025-07-07T03:34:33.385+0000] {processor.py:925} INFO - DAG(s) 'extract_raw_data_pipeline' retrieved from /opt/airflow/dags/driven_data_pipeline.py
[2025-07-07T03:34:33.452+0000] {logging_mixin.py:190} INFO - [2025-07-07T03:34:33.451+0000] {dag.py:3239} INFO - Sync 1 DAGs
[2025-07-07T03:34:33.483+0000] {logging_mixin.py:190} INFO - [2025-07-07T03:34:33.483+0000] {dag.py:4180} INFO - Setting next_dagrun for extract_raw_data_pipeline to 2025-07-06 07:59:00+00:00, run_after=2025-07-07 07:00:00+00:00
[2025-07-07T03:34:33.511+0000] {processor.py:208} INFO - Processing /opt/airflow/dags/driven_data_pipeline.py took 0.734 seconds
[2025-07-07T03:35:04.336+0000] {processor.py:186} INFO - Started process (PID=608) to work on /opt/airflow/dags/driven_data_pipeline.py
[2025-07-07T03:35:04.338+0000] {processor.py:914} INFO - Processing file /opt/airflow/dags/driven_data_pipeline.py for tasks to queue
[2025-07-07T03:35:04.343+0000] {logging_mixin.py:190} INFO - [2025-07-07T03:35:04.341+0000] {dagbag.py:588} INFO - Filling up the DagBag from /opt/airflow/dags/driven_data_pipeline.py
[2025-07-07T03:35:05.027+0000] {processor.py:925} INFO - DAG(s) 'extract_raw_data_pipeline' retrieved from /opt/airflow/dags/driven_data_pipeline.py
[2025-07-07T03:35:05.111+0000] {logging_mixin.py:190} INFO - [2025-07-07T03:35:05.111+0000] {dag.py:3239} INFO - Sync 1 DAGs
[2025-07-07T03:35:05.157+0000] {logging_mixin.py:190} INFO - [2025-07-07T03:35:05.156+0000] {dag.py:4180} INFO - Setting next_dagrun for extract_raw_data_pipeline to 2025-07-06 07:59:00+00:00, run_after=2025-07-07 07:00:00+00:00
[2025-07-07T03:35:05.189+0000] {processor.py:208} INFO - Processing /opt/airflow/dags/driven_data_pipeline.py took 0.866 seconds
[2025-07-07T03:35:35.635+0000] {processor.py:186} INFO - Started process (PID=616) to work on /opt/airflow/dags/driven_data_pipeline.py
[2025-07-07T03:35:35.636+0000] {processor.py:914} INFO - Processing file /opt/airflow/dags/driven_data_pipeline.py for tasks to queue
[2025-07-07T03:35:35.641+0000] {logging_mixin.py:190} INFO - [2025-07-07T03:35:35.640+0000] {dagbag.py:588} INFO - Filling up the DagBag from /opt/airflow/dags/driven_data_pipeline.py
[2025-07-07T03:35:36.199+0000] {processor.py:925} INFO - DAG(s) 'extract_raw_data_pipeline' retrieved from /opt/airflow/dags/driven_data_pipeline.py
[2025-07-07T03:35:36.278+0000] {logging_mixin.py:190} INFO - [2025-07-07T03:35:36.277+0000] {dag.py:3239} INFO - Sync 1 DAGs
[2025-07-07T03:35:36.305+0000] {logging_mixin.py:190} INFO - [2025-07-07T03:35:36.305+0000] {dag.py:4180} INFO - Setting next_dagrun for extract_raw_data_pipeline to 2025-07-06 07:59:00+00:00, run_after=2025-07-07 07:00:00+00:00
[2025-07-07T03:35:36.331+0000] {processor.py:208} INFO - Processing /opt/airflow/dags/driven_data_pipeline.py took 0.706 seconds
[2025-07-07T03:36:06.750+0000] {processor.py:186} INFO - Started process (PID=624) to work on /opt/airflow/dags/driven_data_pipeline.py
[2025-07-07T03:36:06.752+0000] {processor.py:914} INFO - Processing file /opt/airflow/dags/driven_data_pipeline.py for tasks to queue
[2025-07-07T03:36:06.756+0000] {logging_mixin.py:190} INFO - [2025-07-07T03:36:06.755+0000] {dagbag.py:588} INFO - Filling up the DagBag from /opt/airflow/dags/driven_data_pipeline.py
[2025-07-07T03:36:07.330+0000] {processor.py:925} INFO - DAG(s) 'extract_raw_data_pipeline' retrieved from /opt/airflow/dags/driven_data_pipeline.py
[2025-07-07T03:36:07.381+0000] {logging_mixin.py:190} INFO - [2025-07-07T03:36:07.381+0000] {dag.py:3239} INFO - Sync 1 DAGs
[2025-07-07T03:36:07.411+0000] {logging_mixin.py:190} INFO - [2025-07-07T03:36:07.411+0000] {dag.py:4180} INFO - Setting next_dagrun for extract_raw_data_pipeline to 2025-07-06 07:59:00+00:00, run_after=2025-07-07 07:00:00+00:00
[2025-07-07T03:36:07.435+0000] {processor.py:208} INFO - Processing /opt/airflow/dags/driven_data_pipeline.py took 0.697 seconds
[2025-07-07T03:36:13.322+0000] {processor.py:186} INFO - Started process (PID=626) to work on /opt/airflow/dags/driven_data_pipeline.py
[2025-07-07T03:36:13.324+0000] {processor.py:914} INFO - Processing file /opt/airflow/dags/driven_data_pipeline.py for tasks to queue
[2025-07-07T03:36:13.331+0000] {logging_mixin.py:190} INFO - [2025-07-07T03:36:13.330+0000] {dagbag.py:588} INFO - Filling up the DagBag from /opt/airflow/dags/driven_data_pipeline.py
[2025-07-07T03:36:14.176+0000] {processor.py:925} INFO - DAG(s) 'extract_raw_data_pipeline' retrieved from /opt/airflow/dags/driven_data_pipeline.py
[2025-07-07T03:36:14.247+0000] {logging_mixin.py:190} INFO - [2025-07-07T03:36:14.246+0000] {dag.py:3239} INFO - Sync 1 DAGs
[2025-07-07T03:36:14.301+0000] {logging_mixin.py:190} INFO - [2025-07-07T03:36:14.300+0000] {dag.py:4180} INFO - Setting next_dagrun for extract_raw_data_pipeline to 2025-07-06 07:59:00+00:00, run_after=2025-07-07 07:00:00+00:00
[2025-07-07T03:36:14.353+0000] {processor.py:208} INFO - Processing /opt/airflow/dags/driven_data_pipeline.py took 1.051 seconds
[2025-07-07T03:39:13.162+0000] {processor.py:186} INFO - Started process (PID=70) to work on /opt/airflow/dags/driven_data_pipeline.py
[2025-07-07T03:39:13.179+0000] {processor.py:914} INFO - Processing file /opt/airflow/dags/driven_data_pipeline.py for tasks to queue
[2025-07-07T03:39:13.201+0000] {logging_mixin.py:190} INFO - [2025-07-07T03:39:13.199+0000] {dagbag.py:588} INFO - Filling up the DagBag from /opt/airflow/dags/driven_data_pipeline.py
[2025-07-07T03:39:19.681+0000] {processor.py:925} INFO - DAG(s) 'extract_raw_data_pipeline' retrieved from /opt/airflow/dags/driven_data_pipeline.py
[2025-07-07T03:39:20.162+0000] {logging_mixin.py:190} INFO - [2025-07-07T03:39:20.162+0000] {dag.py:3239} INFO - Sync 1 DAGs
[2025-07-07T03:39:20.311+0000] {logging_mixin.py:190} INFO - [2025-07-07T03:39:20.310+0000] {dag.py:4180} INFO - Setting next_dagrun for extract_raw_data_pipeline to 2025-07-06 07:59:00+00:00, run_after=2025-07-07 07:00:00+00:00
[2025-07-07T03:39:20.422+0000] {processor.py:208} INFO - Processing /opt/airflow/dags/driven_data_pipeline.py took 6.258 seconds
[2025-07-07T03:39:55.708+0000] {processor.py:186} INFO - Started process (PID=78) to work on /opt/airflow/dags/driven_data_pipeline.py
[2025-07-07T03:39:55.842+0000] {processor.py:914} INFO - Processing file /opt/airflow/dags/driven_data_pipeline.py for tasks to queue
[2025-07-07T03:39:56.285+0000] {logging_mixin.py:190} INFO - [2025-07-07T03:39:56.002+0000] {dagbag.py:588} INFO - Filling up the DagBag from /opt/airflow/dags/driven_data_pipeline.py
[2025-07-07T03:40:11.261+0000] {processor.py:925} INFO - DAG(s) 'extract_raw_data_pipeline' retrieved from /opt/airflow/dags/driven_data_pipeline.py
[2025-07-07T03:40:11.354+0000] {logging_mixin.py:190} INFO - [2025-07-07T03:40:11.353+0000] {dag.py:3239} INFO - Sync 1 DAGs
[2025-07-07T03:40:11.428+0000] {logging_mixin.py:190} INFO - [2025-07-07T03:40:11.426+0000] {dag.py:4180} INFO - Setting next_dagrun for extract_raw_data_pipeline to 2025-07-06 07:59:00+00:00, run_after=2025-07-07 07:00:00+00:00
[2025-07-07T03:40:11.466+0000] {processor.py:208} INFO - Processing /opt/airflow/dags/driven_data_pipeline.py took 15.829 seconds
[2025-07-07T03:40:41.999+0000] {processor.py:186} INFO - Started process (PID=86) to work on /opt/airflow/dags/driven_data_pipeline.py
[2025-07-07T03:40:42.001+0000] {processor.py:914} INFO - Processing file /opt/airflow/dags/driven_data_pipeline.py for tasks to queue
[2025-07-07T03:40:42.005+0000] {logging_mixin.py:190} INFO - [2025-07-07T03:40:42.004+0000] {dagbag.py:588} INFO - Filling up the DagBag from /opt/airflow/dags/driven_data_pipeline.py
[2025-07-07T03:40:42.465+0000] {processor.py:925} INFO - DAG(s) 'extract_raw_data_pipeline' retrieved from /opt/airflow/dags/driven_data_pipeline.py
[2025-07-07T03:40:42.488+0000] {logging_mixin.py:190} INFO - [2025-07-07T03:40:42.488+0000] {dag.py:3239} INFO - Sync 1 DAGs
[2025-07-07T03:40:42.510+0000] {logging_mixin.py:190} INFO - [2025-07-07T03:40:42.509+0000] {dag.py:4180} INFO - Setting next_dagrun for extract_raw_data_pipeline to 2025-07-06 07:59:00+00:00, run_after=2025-07-07 07:00:00+00:00
[2025-07-07T03:40:42.532+0000] {processor.py:208} INFO - Processing /opt/airflow/dags/driven_data_pipeline.py took 0.539 seconds
[2025-07-07T03:41:12.727+0000] {processor.py:186} INFO - Started process (PID=94) to work on /opt/airflow/dags/driven_data_pipeline.py
[2025-07-07T03:41:12.730+0000] {processor.py:914} INFO - Processing file /opt/airflow/dags/driven_data_pipeline.py for tasks to queue
[2025-07-07T03:41:12.736+0000] {logging_mixin.py:190} INFO - [2025-07-07T03:41:12.735+0000] {dagbag.py:588} INFO - Filling up the DagBag from /opt/airflow/dags/driven_data_pipeline.py
[2025-07-07T03:41:13.254+0000] {processor.py:925} INFO - DAG(s) 'extract_raw_data_pipeline' retrieved from /opt/airflow/dags/driven_data_pipeline.py
[2025-07-07T03:41:13.286+0000] {logging_mixin.py:190} INFO - [2025-07-07T03:41:13.286+0000] {dag.py:3239} INFO - Sync 1 DAGs
[2025-07-07T03:41:13.318+0000] {logging_mixin.py:190} INFO - [2025-07-07T03:41:13.318+0000] {dag.py:4180} INFO - Setting next_dagrun for extract_raw_data_pipeline to 2025-07-06 07:59:00+00:00, run_after=2025-07-07 07:00:00+00:00
[2025-07-07T03:41:13.341+0000] {processor.py:208} INFO - Processing /opt/airflow/dags/driven_data_pipeline.py took 0.631 seconds
[2025-07-07T03:41:43.775+0000] {processor.py:186} INFO - Started process (PID=102) to work on /opt/airflow/dags/driven_data_pipeline.py
[2025-07-07T03:41:43.776+0000] {processor.py:914} INFO - Processing file /opt/airflow/dags/driven_data_pipeline.py for tasks to queue
[2025-07-07T03:41:43.780+0000] {logging_mixin.py:190} INFO - [2025-07-07T03:41:43.780+0000] {dagbag.py:588} INFO - Filling up the DagBag from /opt/airflow/dags/driven_data_pipeline.py
[2025-07-07T03:41:44.156+0000] {processor.py:925} INFO - DAG(s) 'extract_raw_data_pipeline' retrieved from /opt/airflow/dags/driven_data_pipeline.py
[2025-07-07T03:41:44.180+0000] {logging_mixin.py:190} INFO - [2025-07-07T03:41:44.179+0000] {dag.py:3239} INFO - Sync 1 DAGs
[2025-07-07T03:41:44.200+0000] {logging_mixin.py:190} INFO - [2025-07-07T03:41:44.200+0000] {dag.py:4180} INFO - Setting next_dagrun for extract_raw_data_pipeline to 2025-07-06 07:59:00+00:00, run_after=2025-07-07 07:00:00+00:00
[2025-07-07T03:41:44.220+0000] {processor.py:208} INFO - Processing /opt/airflow/dags/driven_data_pipeline.py took 0.453 seconds
[2025-07-07T03:42:14.597+0000] {processor.py:186} INFO - Started process (PID=110) to work on /opt/airflow/dags/driven_data_pipeline.py
[2025-07-07T03:42:14.598+0000] {processor.py:914} INFO - Processing file /opt/airflow/dags/driven_data_pipeline.py for tasks to queue
[2025-07-07T03:42:14.601+0000] {logging_mixin.py:190} INFO - [2025-07-07T03:42:14.601+0000] {dagbag.py:588} INFO - Filling up the DagBag from /opt/airflow/dags/driven_data_pipeline.py
[2025-07-07T03:42:15.046+0000] {processor.py:925} INFO - DAG(s) 'extract_raw_data_pipeline' retrieved from /opt/airflow/dags/driven_data_pipeline.py
[2025-07-07T03:42:15.073+0000] {logging_mixin.py:190} INFO - [2025-07-07T03:42:15.072+0000] {dag.py:3239} INFO - Sync 1 DAGs
[2025-07-07T03:42:15.094+0000] {logging_mixin.py:190} INFO - [2025-07-07T03:42:15.094+0000] {dag.py:4180} INFO - Setting next_dagrun for extract_raw_data_pipeline to 2025-07-06 07:59:00+00:00, run_after=2025-07-07 07:00:00+00:00
[2025-07-07T03:42:15.116+0000] {processor.py:208} INFO - Processing /opt/airflow/dags/driven_data_pipeline.py took 0.526 seconds
[2025-07-07T03:42:45.536+0000] {processor.py:186} INFO - Started process (PID=118) to work on /opt/airflow/dags/driven_data_pipeline.py
[2025-07-07T03:42:45.537+0000] {processor.py:914} INFO - Processing file /opt/airflow/dags/driven_data_pipeline.py for tasks to queue
[2025-07-07T03:42:45.541+0000] {logging_mixin.py:190} INFO - [2025-07-07T03:42:45.540+0000] {dagbag.py:588} INFO - Filling up the DagBag from /opt/airflow/dags/driven_data_pipeline.py
[2025-07-07T03:42:45.938+0000] {processor.py:925} INFO - DAG(s) 'extract_raw_data_pipeline' retrieved from /opt/airflow/dags/driven_data_pipeline.py
[2025-07-07T03:42:45.962+0000] {logging_mixin.py:190} INFO - [2025-07-07T03:42:45.961+0000] {dag.py:3239} INFO - Sync 1 DAGs
[2025-07-07T03:42:45.981+0000] {logging_mixin.py:190} INFO - [2025-07-07T03:42:45.981+0000] {dag.py:4180} INFO - Setting next_dagrun for extract_raw_data_pipeline to 2025-07-06 07:59:00+00:00, run_after=2025-07-07 07:00:00+00:00
[2025-07-07T03:42:46.000+0000] {processor.py:208} INFO - Processing /opt/airflow/dags/driven_data_pipeline.py took 0.471 seconds
[2025-07-07T03:43:16.399+0000] {processor.py:186} INFO - Started process (PID=127) to work on /opt/airflow/dags/driven_data_pipeline.py
[2025-07-07T03:43:16.400+0000] {processor.py:914} INFO - Processing file /opt/airflow/dags/driven_data_pipeline.py for tasks to queue
[2025-07-07T03:43:16.403+0000] {logging_mixin.py:190} INFO - [2025-07-07T03:43:16.403+0000] {dagbag.py:588} INFO - Filling up the DagBag from /opt/airflow/dags/driven_data_pipeline.py
[2025-07-07T03:43:16.746+0000] {processor.py:925} INFO - DAG(s) 'extract_raw_data_pipeline' retrieved from /opt/airflow/dags/driven_data_pipeline.py
[2025-07-07T03:43:16.768+0000] {logging_mixin.py:190} INFO - [2025-07-07T03:43:16.768+0000] {dag.py:3239} INFO - Sync 1 DAGs
[2025-07-07T03:43:16.789+0000] {logging_mixin.py:190} INFO - [2025-07-07T03:43:16.789+0000] {dag.py:4180} INFO - Setting next_dagrun for extract_raw_data_pipeline to 2025-07-06 07:59:00+00:00, run_after=2025-07-07 07:00:00+00:00
[2025-07-07T03:43:16.809+0000] {processor.py:208} INFO - Processing /opt/airflow/dags/driven_data_pipeline.py took 0.417 seconds
[2025-07-07T03:43:47.457+0000] {processor.py:186} INFO - Started process (PID=136) to work on /opt/airflow/dags/driven_data_pipeline.py
[2025-07-07T03:43:47.468+0000] {processor.py:914} INFO - Processing file /opt/airflow/dags/driven_data_pipeline.py for tasks to queue
[2025-07-07T03:43:47.481+0000] {logging_mixin.py:190} INFO - [2025-07-07T03:43:47.479+0000] {dagbag.py:588} INFO - Filling up the DagBag from /opt/airflow/dags/driven_data_pipeline.py
[2025-07-07T03:43:50.063+0000] {processor.py:925} INFO - DAG(s) 'extract_raw_data_pipeline' retrieved from /opt/airflow/dags/driven_data_pipeline.py
[2025-07-07T03:43:50.101+0000] {logging_mixin.py:190} INFO - [2025-07-07T03:43:50.099+0000] {dag.py:3239} INFO - Sync 1 DAGs
[2025-07-07T03:43:50.136+0000] {logging_mixin.py:190} INFO - [2025-07-07T03:43:50.136+0000] {dag.py:4180} INFO - Setting next_dagrun for extract_raw_data_pipeline to 2025-07-06 07:59:00+00:00, run_after=2025-07-07 07:00:00+00:00
[2025-07-07T03:43:50.158+0000] {processor.py:208} INFO - Processing /opt/airflow/dags/driven_data_pipeline.py took 2.733 seconds
[2025-07-07T03:44:23.704+0000] {processor.py:186} INFO - Started process (PID=152) to work on /opt/airflow/dags/driven_data_pipeline.py
[2025-07-07T03:44:23.707+0000] {processor.py:914} INFO - Processing file /opt/airflow/dags/driven_data_pipeline.py for tasks to queue
[2025-07-07T03:44:23.715+0000] {logging_mixin.py:190} INFO - [2025-07-07T03:44:23.714+0000] {dagbag.py:588} INFO - Filling up the DagBag from /opt/airflow/dags/driven_data_pipeline.py
[2025-07-07T03:44:33.827+0000] {processor.py:925} INFO - DAG(s) 'extract_raw_data_pipeline' retrieved from /opt/airflow/dags/driven_data_pipeline.py
[2025-07-07T03:44:34.323+0000] {logging_mixin.py:190} INFO - [2025-07-07T03:44:34.313+0000] {dag.py:3239} INFO - Sync 1 DAGs
[2025-07-07T03:44:34.415+0000] {logging_mixin.py:190} INFO - [2025-07-07T03:44:34.414+0000] {dag.py:4180} INFO - Setting next_dagrun for extract_raw_data_pipeline to 2025-07-06 07:59:00+00:00, run_after=2025-07-07 07:00:00+00:00
[2025-07-07T03:44:34.494+0000] {processor.py:208} INFO - Processing /opt/airflow/dags/driven_data_pipeline.py took 10.813 seconds
[2025-07-07T03:45:04.764+0000] {processor.py:186} INFO - Started process (PID=159) to work on /opt/airflow/dags/driven_data_pipeline.py
[2025-07-07T03:45:04.765+0000] {processor.py:914} INFO - Processing file /opt/airflow/dags/driven_data_pipeline.py for tasks to queue
[2025-07-07T03:45:04.769+0000] {logging_mixin.py:190} INFO - [2025-07-07T03:45:04.768+0000] {dagbag.py:588} INFO - Filling up the DagBag from /opt/airflow/dags/driven_data_pipeline.py
[2025-07-07T03:45:05.222+0000] {processor.py:925} INFO - DAG(s) 'extract_raw_data_pipeline' retrieved from /opt/airflow/dags/driven_data_pipeline.py
[2025-07-07T03:45:05.251+0000] {logging_mixin.py:190} INFO - [2025-07-07T03:45:05.251+0000] {dag.py:3239} INFO - Sync 1 DAGs
[2025-07-07T03:45:05.281+0000] {logging_mixin.py:190} INFO - [2025-07-07T03:45:05.281+0000] {dag.py:4180} INFO - Setting next_dagrun for extract_raw_data_pipeline to 2025-07-06 07:59:00+00:00, run_after=2025-07-07 07:00:00+00:00
[2025-07-07T03:45:05.302+0000] {processor.py:208} INFO - Processing /opt/airflow/dags/driven_data_pipeline.py took 0.545 seconds
[2025-07-07T03:45:35.590+0000] {processor.py:186} INFO - Started process (PID=167) to work on /opt/airflow/dags/driven_data_pipeline.py
[2025-07-07T03:45:35.591+0000] {processor.py:914} INFO - Processing file /opt/airflow/dags/driven_data_pipeline.py for tasks to queue
[2025-07-07T03:45:35.595+0000] {logging_mixin.py:190} INFO - [2025-07-07T03:45:35.594+0000] {dagbag.py:588} INFO - Filling up the DagBag from /opt/airflow/dags/driven_data_pipeline.py
[2025-07-07T03:45:36.373+0000] {processor.py:925} INFO - DAG(s) 'extract_raw_data_pipeline' retrieved from /opt/airflow/dags/driven_data_pipeline.py
[2025-07-07T03:45:36.406+0000] {logging_mixin.py:190} INFO - [2025-07-07T03:45:36.406+0000] {dag.py:3239} INFO - Sync 1 DAGs
[2025-07-07T03:45:36.433+0000] {logging_mixin.py:190} INFO - [2025-07-07T03:45:36.433+0000] {dag.py:4180} INFO - Setting next_dagrun for extract_raw_data_pipeline to 2025-07-06 07:59:00+00:00, run_after=2025-07-07 07:00:00+00:00
[2025-07-07T03:45:36.457+0000] {processor.py:208} INFO - Processing /opt/airflow/dags/driven_data_pipeline.py took 0.875 seconds
[2025-07-07T03:46:07.224+0000] {processor.py:186} INFO - Started process (PID=176) to work on /opt/airflow/dags/driven_data_pipeline.py
[2025-07-07T03:46:07.231+0000] {processor.py:914} INFO - Processing file /opt/airflow/dags/driven_data_pipeline.py for tasks to queue
[2025-07-07T03:46:07.242+0000] {logging_mixin.py:190} INFO - [2025-07-07T03:46:07.241+0000] {dagbag.py:588} INFO - Filling up the DagBag from /opt/airflow/dags/driven_data_pipeline.py
[2025-07-07T03:46:12.107+0000] {processor.py:925} INFO - DAG(s) 'extract_raw_data_pipeline' retrieved from /opt/airflow/dags/driven_data_pipeline.py
[2025-07-07T03:46:12.381+0000] {logging_mixin.py:190} INFO - [2025-07-07T03:46:12.380+0000] {dag.py:3239} INFO - Sync 1 DAGs
[2025-07-07T03:46:12.586+0000] {logging_mixin.py:190} INFO - [2025-07-07T03:46:12.586+0000] {dag.py:4180} INFO - Setting next_dagrun for extract_raw_data_pipeline to 2025-07-06 07:59:00+00:00, run_after=2025-07-07 07:00:00+00:00
[2025-07-07T03:46:12.704+0000] {processor.py:208} INFO - Processing /opt/airflow/dags/driven_data_pipeline.py took 4.333 seconds
[2025-07-07T03:46:43.462+0000] {processor.py:186} INFO - Started process (PID=184) to work on /opt/airflow/dags/driven_data_pipeline.py
[2025-07-07T03:46:43.464+0000] {processor.py:914} INFO - Processing file /opt/airflow/dags/driven_data_pipeline.py for tasks to queue
[2025-07-07T03:46:43.469+0000] {logging_mixin.py:190} INFO - [2025-07-07T03:46:43.469+0000] {dagbag.py:588} INFO - Filling up the DagBag from /opt/airflow/dags/driven_data_pipeline.py
[2025-07-07T03:46:49.154+0000] {processor.py:925} INFO - DAG(s) 'extract_raw_data_pipeline' retrieved from /opt/airflow/dags/driven_data_pipeline.py
[2025-07-07T03:46:49.248+0000] {logging_mixin.py:190} INFO - [2025-07-07T03:46:49.247+0000] {dag.py:3239} INFO - Sync 1 DAGs
[2025-07-07T03:46:49.335+0000] {logging_mixin.py:190} INFO - [2025-07-07T03:46:49.334+0000] {dag.py:4180} INFO - Setting next_dagrun for extract_raw_data_pipeline to 2025-07-06 07:59:00+00:00, run_after=2025-07-07 07:00:00+00:00
[2025-07-07T03:46:49.476+0000] {processor.py:208} INFO - Processing /opt/airflow/dags/driven_data_pipeline.py took 6.030 seconds
[2025-07-07T03:47:20.188+0000] {processor.py:186} INFO - Started process (PID=198) to work on /opt/airflow/dags/driven_data_pipeline.py
[2025-07-07T03:47:20.191+0000] {processor.py:914} INFO - Processing file /opt/airflow/dags/driven_data_pipeline.py for tasks to queue
[2025-07-07T03:47:20.207+0000] {logging_mixin.py:190} INFO - [2025-07-07T03:47:20.205+0000] {dagbag.py:588} INFO - Filling up the DagBag from /opt/airflow/dags/driven_data_pipeline.py
[2025-07-07T03:47:21.101+0000] {processor.py:925} INFO - DAG(s) 'extract_raw_data_pipeline' retrieved from /opt/airflow/dags/driven_data_pipeline.py
[2025-07-07T03:47:21.159+0000] {logging_mixin.py:190} INFO - [2025-07-07T03:47:21.159+0000] {dag.py:3239} INFO - Sync 1 DAGs
[2025-07-07T03:47:21.213+0000] {logging_mixin.py:190} INFO - [2025-07-07T03:47:21.213+0000] {dag.py:4180} INFO - Setting next_dagrun for extract_raw_data_pipeline to 2025-07-06 07:59:00+00:00, run_after=2025-07-07 07:00:00+00:00
[2025-07-07T03:47:21.251+0000] {processor.py:208} INFO - Processing /opt/airflow/dags/driven_data_pipeline.py took 1.092 seconds
[2025-07-07T03:47:51.546+0000] {processor.py:186} INFO - Started process (PID=207) to work on /opt/airflow/dags/driven_data_pipeline.py
[2025-07-07T03:47:51.547+0000] {processor.py:914} INFO - Processing file /opt/airflow/dags/driven_data_pipeline.py for tasks to queue
[2025-07-07T03:47:51.553+0000] {logging_mixin.py:190} INFO - [2025-07-07T03:47:51.552+0000] {dagbag.py:588} INFO - Filling up the DagBag from /opt/airflow/dags/driven_data_pipeline.py
[2025-07-07T03:47:51.992+0000] {processor.py:925} INFO - DAG(s) 'extract_raw_data_pipeline' retrieved from /opt/airflow/dags/driven_data_pipeline.py
[2025-07-07T03:47:52.030+0000] {logging_mixin.py:190} INFO - [2025-07-07T03:47:52.030+0000] {dag.py:3239} INFO - Sync 1 DAGs
[2025-07-07T03:47:52.066+0000] {logging_mixin.py:190} INFO - [2025-07-07T03:47:52.065+0000] {dag.py:4180} INFO - Setting next_dagrun for extract_raw_data_pipeline to 2025-07-06 07:59:00+00:00, run_after=2025-07-07 07:00:00+00:00
[2025-07-07T03:47:52.098+0000] {processor.py:208} INFO - Processing /opt/airflow/dags/driven_data_pipeline.py took 0.563 seconds
[2025-07-07T03:48:22.496+0000] {processor.py:186} INFO - Started process (PID=215) to work on /opt/airflow/dags/driven_data_pipeline.py
[2025-07-07T03:48:22.498+0000] {processor.py:914} INFO - Processing file /opt/airflow/dags/driven_data_pipeline.py for tasks to queue
[2025-07-07T03:48:22.504+0000] {logging_mixin.py:190} INFO - [2025-07-07T03:48:22.503+0000] {dagbag.py:588} INFO - Filling up the DagBag from /opt/airflow/dags/driven_data_pipeline.py
[2025-07-07T03:48:23.167+0000] {processor.py:925} INFO - DAG(s) 'extract_raw_data_pipeline' retrieved from /opt/airflow/dags/driven_data_pipeline.py
[2025-07-07T03:48:23.265+0000] {logging_mixin.py:190} INFO - [2025-07-07T03:48:23.265+0000] {dag.py:3239} INFO - Sync 1 DAGs
[2025-07-07T03:48:23.334+0000] {logging_mixin.py:190} INFO - [2025-07-07T03:48:23.333+0000] {dag.py:4180} INFO - Setting next_dagrun for extract_raw_data_pipeline to 2025-07-06 07:59:00+00:00, run_after=2025-07-07 07:00:00+00:00
[2025-07-07T03:48:23.386+0000] {processor.py:208} INFO - Processing /opt/airflow/dags/driven_data_pipeline.py took 0.904 seconds
[2025-07-07T03:48:53.899+0000] {processor.py:186} INFO - Started process (PID=223) to work on /opt/airflow/dags/driven_data_pipeline.py
[2025-07-07T03:48:53.901+0000] {processor.py:914} INFO - Processing file /opt/airflow/dags/driven_data_pipeline.py for tasks to queue
[2025-07-07T03:48:53.904+0000] {logging_mixin.py:190} INFO - [2025-07-07T03:48:53.904+0000] {dagbag.py:588} INFO - Filling up the DagBag from /opt/airflow/dags/driven_data_pipeline.py
[2025-07-07T03:48:54.452+0000] {processor.py:925} INFO - DAG(s) 'extract_raw_data_pipeline' retrieved from /opt/airflow/dags/driven_data_pipeline.py
[2025-07-07T03:48:54.484+0000] {logging_mixin.py:190} INFO - [2025-07-07T03:48:54.484+0000] {dag.py:3239} INFO - Sync 1 DAGs
[2025-07-07T03:48:54.513+0000] {logging_mixin.py:190} INFO - [2025-07-07T03:48:54.513+0000] {dag.py:4180} INFO - Setting next_dagrun for extract_raw_data_pipeline to 2025-07-06 07:59:00+00:00, run_after=2025-07-07 07:00:00+00:00
[2025-07-07T03:48:54.538+0000] {processor.py:208} INFO - Processing /opt/airflow/dags/driven_data_pipeline.py took 0.648 seconds
[2025-07-07T03:49:24.790+0000] {processor.py:186} INFO - Started process (PID=231) to work on /opt/airflow/dags/driven_data_pipeline.py
[2025-07-07T03:49:24.791+0000] {processor.py:914} INFO - Processing file /opt/airflow/dags/driven_data_pipeline.py for tasks to queue
[2025-07-07T03:49:24.795+0000] {logging_mixin.py:190} INFO - [2025-07-07T03:49:24.794+0000] {dagbag.py:588} INFO - Filling up the DagBag from /opt/airflow/dags/driven_data_pipeline.py
[2025-07-07T03:49:35.087+0000] {processor.py:925} INFO - DAG(s) 'extract_raw_data_pipeline' retrieved from /opt/airflow/dags/driven_data_pipeline.py
[2025-07-07T03:49:35.459+0000] {logging_mixin.py:190} INFO - [2025-07-07T03:49:35.459+0000] {dag.py:3239} INFO - Sync 1 DAGs
[2025-07-07T03:49:35.486+0000] {logging_mixin.py:190} INFO - [2025-07-07T03:49:35.486+0000] {dag.py:4180} INFO - Setting next_dagrun for extract_raw_data_pipeline to 2025-07-06 07:59:00+00:00, run_after=2025-07-07 07:00:00+00:00
[2025-07-07T03:49:37.062+0000] {processor.py:208} INFO - Processing /opt/airflow/dags/driven_data_pipeline.py took 12.281 seconds
[2025-07-07T03:50:07.571+0000] {processor.py:186} INFO - Started process (PID=239) to work on /opt/airflow/dags/driven_data_pipeline.py
[2025-07-07T03:50:07.573+0000] {processor.py:914} INFO - Processing file /opt/airflow/dags/driven_data_pipeline.py for tasks to queue
[2025-07-07T03:50:07.576+0000] {logging_mixin.py:190} INFO - [2025-07-07T03:50:07.576+0000] {dagbag.py:588} INFO - Filling up the DagBag from /opt/airflow/dags/driven_data_pipeline.py
[2025-07-07T03:50:09.525+0000] {processor.py:925} INFO - DAG(s) 'extract_raw_data_pipeline' retrieved from /opt/airflow/dags/driven_data_pipeline.py
[2025-07-07T03:50:09.562+0000] {logging_mixin.py:190} INFO - [2025-07-07T03:50:09.561+0000] {dag.py:3239} INFO - Sync 1 DAGs
[2025-07-07T03:50:09.597+0000] {logging_mixin.py:190} INFO - [2025-07-07T03:50:09.597+0000] {dag.py:4180} INFO - Setting next_dagrun for extract_raw_data_pipeline to 2025-07-06 07:59:00+00:00, run_after=2025-07-07 07:00:00+00:00
[2025-07-07T03:50:09.623+0000] {processor.py:208} INFO - Processing /opt/airflow/dags/driven_data_pipeline.py took 2.063 seconds
[2025-07-07T03:50:40.089+0000] {processor.py:186} INFO - Started process (PID=247) to work on /opt/airflow/dags/driven_data_pipeline.py
[2025-07-07T03:50:40.091+0000] {processor.py:914} INFO - Processing file /opt/airflow/dags/driven_data_pipeline.py for tasks to queue
[2025-07-07T03:50:40.096+0000] {logging_mixin.py:190} INFO - [2025-07-07T03:50:40.094+0000] {dagbag.py:588} INFO - Filling up the DagBag from /opt/airflow/dags/driven_data_pipeline.py
[2025-07-07T03:50:40.757+0000] {processor.py:925} INFO - DAG(s) 'extract_raw_data_pipeline' retrieved from /opt/airflow/dags/driven_data_pipeline.py
[2025-07-07T03:50:40.803+0000] {logging_mixin.py:190} INFO - [2025-07-07T03:50:40.803+0000] {dag.py:3239} INFO - Sync 1 DAGs
[2025-07-07T03:50:40.833+0000] {logging_mixin.py:190} INFO - [2025-07-07T03:50:40.833+0000] {dag.py:4180} INFO - Setting next_dagrun for extract_raw_data_pipeline to 2025-07-06 07:59:00+00:00, run_after=2025-07-07 07:00:00+00:00
[2025-07-07T03:50:40.859+0000] {processor.py:208} INFO - Processing /opt/airflow/dags/driven_data_pipeline.py took 0.778 seconds
[2025-07-07T03:51:11.392+0000] {processor.py:186} INFO - Started process (PID=255) to work on /opt/airflow/dags/driven_data_pipeline.py
[2025-07-07T03:51:11.395+0000] {processor.py:914} INFO - Processing file /opt/airflow/dags/driven_data_pipeline.py for tasks to queue
[2025-07-07T03:51:11.399+0000] {logging_mixin.py:190} INFO - [2025-07-07T03:51:11.398+0000] {dagbag.py:588} INFO - Filling up the DagBag from /opt/airflow/dags/driven_data_pipeline.py
[2025-07-07T03:51:12.018+0000] {processor.py:925} INFO - DAG(s) 'extract_raw_data_pipeline' retrieved from /opt/airflow/dags/driven_data_pipeline.py
[2025-07-07T03:51:12.054+0000] {logging_mixin.py:190} INFO - [2025-07-07T03:51:12.054+0000] {dag.py:3239} INFO - Sync 1 DAGs
[2025-07-07T03:51:12.086+0000] {logging_mixin.py:190} INFO - [2025-07-07T03:51:12.086+0000] {dag.py:4180} INFO - Setting next_dagrun for extract_raw_data_pipeline to 2025-07-06 07:59:00+00:00, run_after=2025-07-07 07:00:00+00:00
[2025-07-07T03:51:12.112+0000] {processor.py:208} INFO - Processing /opt/airflow/dags/driven_data_pipeline.py took 0.733 seconds
[2025-07-07T03:51:42.656+0000] {processor.py:186} INFO - Started process (PID=263) to work on /opt/airflow/dags/driven_data_pipeline.py
[2025-07-07T03:51:42.660+0000] {processor.py:914} INFO - Processing file /opt/airflow/dags/driven_data_pipeline.py for tasks to queue
[2025-07-07T03:51:42.666+0000] {logging_mixin.py:190} INFO - [2025-07-07T03:51:42.665+0000] {dagbag.py:588} INFO - Filling up the DagBag from /opt/airflow/dags/driven_data_pipeline.py
[2025-07-07T03:51:44.001+0000] {processor.py:925} INFO - DAG(s) 'extract_raw_data_pipeline' retrieved from /opt/airflow/dags/driven_data_pipeline.py
[2025-07-07T03:51:44.249+0000] {logging_mixin.py:190} INFO - [2025-07-07T03:51:44.239+0000] {dag.py:3239} INFO - Sync 1 DAGs
[2025-07-07T03:51:44.364+0000] {logging_mixin.py:190} INFO - [2025-07-07T03:51:44.363+0000] {dag.py:4180} INFO - Setting next_dagrun for extract_raw_data_pipeline to 2025-07-06 07:59:00+00:00, run_after=2025-07-07 07:00:00+00:00
[2025-07-07T03:51:44.453+0000] {processor.py:208} INFO - Processing /opt/airflow/dags/driven_data_pipeline.py took 1.814 seconds
[2025-07-07T03:52:15.007+0000] {processor.py:186} INFO - Started process (PID=271) to work on /opt/airflow/dags/driven_data_pipeline.py
[2025-07-07T03:52:15.009+0000] {processor.py:914} INFO - Processing file /opt/airflow/dags/driven_data_pipeline.py for tasks to queue
[2025-07-07T03:52:15.014+0000] {logging_mixin.py:190} INFO - [2025-07-07T03:52:15.012+0000] {dagbag.py:588} INFO - Filling up the DagBag from /opt/airflow/dags/driven_data_pipeline.py
[2025-07-07T03:52:15.600+0000] {processor.py:925} INFO - DAG(s) 'extract_raw_data_pipeline' retrieved from /opt/airflow/dags/driven_data_pipeline.py
[2025-07-07T03:52:15.649+0000] {logging_mixin.py:190} INFO - [2025-07-07T03:52:15.649+0000] {dag.py:3239} INFO - Sync 1 DAGs
[2025-07-07T03:52:15.677+0000] {logging_mixin.py:190} INFO - [2025-07-07T03:52:15.677+0000] {dag.py:4180} INFO - Setting next_dagrun for extract_raw_data_pipeline to 2025-07-06 07:59:00+00:00, run_after=2025-07-07 07:00:00+00:00
[2025-07-07T03:52:15.701+0000] {processor.py:208} INFO - Processing /opt/airflow/dags/driven_data_pipeline.py took 0.707 seconds
[2025-07-07T03:52:45.972+0000] {processor.py:186} INFO - Started process (PID=279) to work on /opt/airflow/dags/driven_data_pipeline.py
[2025-07-07T03:52:45.973+0000] {processor.py:914} INFO - Processing file /opt/airflow/dags/driven_data_pipeline.py for tasks to queue
[2025-07-07T03:52:45.978+0000] {logging_mixin.py:190} INFO - [2025-07-07T03:52:45.977+0000] {dagbag.py:588} INFO - Filling up the DagBag from /opt/airflow/dags/driven_data_pipeline.py
[2025-07-07T03:52:46.490+0000] {processor.py:925} INFO - DAG(s) 'extract_raw_data_pipeline' retrieved from /opt/airflow/dags/driven_data_pipeline.py
[2025-07-07T03:52:46.529+0000] {logging_mixin.py:190} INFO - [2025-07-07T03:52:46.529+0000] {dag.py:3239} INFO - Sync 1 DAGs
[2025-07-07T03:52:46.558+0000] {logging_mixin.py:190} INFO - [2025-07-07T03:52:46.557+0000] {dag.py:4180} INFO - Setting next_dagrun for extract_raw_data_pipeline to 2025-07-06 07:59:00+00:00, run_after=2025-07-07 07:00:00+00:00
[2025-07-07T03:52:46.584+0000] {processor.py:208} INFO - Processing /opt/airflow/dags/driven_data_pipeline.py took 0.622 seconds
[2025-07-07T03:53:17.010+0000] {processor.py:186} INFO - Started process (PID=287) to work on /opt/airflow/dags/driven_data_pipeline.py
[2025-07-07T03:53:17.012+0000] {processor.py:914} INFO - Processing file /opt/airflow/dags/driven_data_pipeline.py for tasks to queue
[2025-07-07T03:53:17.015+0000] {logging_mixin.py:190} INFO - [2025-07-07T03:53:17.015+0000] {dagbag.py:588} INFO - Filling up the DagBag from /opt/airflow/dags/driven_data_pipeline.py
[2025-07-07T03:53:17.528+0000] {processor.py:925} INFO - DAG(s) 'extract_raw_data_pipeline' retrieved from /opt/airflow/dags/driven_data_pipeline.py
[2025-07-07T03:53:17.577+0000] {logging_mixin.py:190} INFO - [2025-07-07T03:53:17.577+0000] {dag.py:3239} INFO - Sync 1 DAGs
[2025-07-07T03:53:17.614+0000] {logging_mixin.py:190} INFO - [2025-07-07T03:53:17.614+0000] {dag.py:4180} INFO - Setting next_dagrun for extract_raw_data_pipeline to 2025-07-06 07:59:00+00:00, run_after=2025-07-07 07:00:00+00:00
[2025-07-07T03:53:17.648+0000] {processor.py:208} INFO - Processing /opt/airflow/dags/driven_data_pipeline.py took 0.647 seconds
[2025-07-07T03:53:47.994+0000] {processor.py:186} INFO - Started process (PID=295) to work on /opt/airflow/dags/driven_data_pipeline.py
[2025-07-07T03:53:47.997+0000] {processor.py:914} INFO - Processing file /opt/airflow/dags/driven_data_pipeline.py for tasks to queue
[2025-07-07T03:53:48.002+0000] {logging_mixin.py:190} INFO - [2025-07-07T03:53:48.001+0000] {dagbag.py:588} INFO - Filling up the DagBag from /opt/airflow/dags/driven_data_pipeline.py
[2025-07-07T03:53:48.512+0000] {processor.py:925} INFO - DAG(s) 'extract_raw_data_pipeline' retrieved from /opt/airflow/dags/driven_data_pipeline.py
[2025-07-07T03:53:48.559+0000] {logging_mixin.py:190} INFO - [2025-07-07T03:53:48.559+0000] {dag.py:3239} INFO - Sync 1 DAGs
[2025-07-07T03:53:48.600+0000] {logging_mixin.py:190} INFO - [2025-07-07T03:53:48.600+0000] {dag.py:4180} INFO - Setting next_dagrun for extract_raw_data_pipeline to 2025-07-06 07:59:00+00:00, run_after=2025-07-07 07:00:00+00:00
[2025-07-07T03:53:48.632+0000] {processor.py:208} INFO - Processing /opt/airflow/dags/driven_data_pipeline.py took 0.649 seconds
[2025-07-07T03:54:19.080+0000] {processor.py:186} INFO - Started process (PID=303) to work on /opt/airflow/dags/driven_data_pipeline.py
[2025-07-07T03:54:19.083+0000] {processor.py:914} INFO - Processing file /opt/airflow/dags/driven_data_pipeline.py for tasks to queue
[2025-07-07T03:54:19.089+0000] {logging_mixin.py:190} INFO - [2025-07-07T03:54:19.088+0000] {dagbag.py:588} INFO - Filling up the DagBag from /opt/airflow/dags/driven_data_pipeline.py
[2025-07-07T03:54:19.809+0000] {processor.py:925} INFO - DAG(s) 'extract_raw_data_pipeline' retrieved from /opt/airflow/dags/driven_data_pipeline.py
[2025-07-07T03:54:19.866+0000] {logging_mixin.py:190} INFO - [2025-07-07T03:54:19.865+0000] {dag.py:3239} INFO - Sync 1 DAGs
[2025-07-07T03:54:19.943+0000] {logging_mixin.py:190} INFO - [2025-07-07T03:54:19.942+0000] {dag.py:4180} INFO - Setting next_dagrun for extract_raw_data_pipeline to 2025-07-06 07:59:00+00:00, run_after=2025-07-07 07:00:00+00:00
[2025-07-07T03:54:19.993+0000] {processor.py:208} INFO - Processing /opt/airflow/dags/driven_data_pipeline.py took 0.926 seconds
[2025-07-07T03:54:50.048+0000] {processor.py:186} INFO - Started process (PID=311) to work on /opt/airflow/dags/driven_data_pipeline.py
[2025-07-07T03:54:50.050+0000] {processor.py:914} INFO - Processing file /opt/airflow/dags/driven_data_pipeline.py for tasks to queue
[2025-07-07T03:54:50.055+0000] {logging_mixin.py:190} INFO - [2025-07-07T03:54:50.054+0000] {dagbag.py:588} INFO - Filling up the DagBag from /opt/airflow/dags/driven_data_pipeline.py
[2025-07-07T03:54:50.262+0000] {processor.py:925} INFO - DAG(s) 'extract_raw_data_pipeline' retrieved from /opt/airflow/dags/driven_data_pipeline.py
[2025-07-07T03:54:50.290+0000] {logging_mixin.py:190} INFO - [2025-07-07T03:54:50.290+0000] {dag.py:3239} INFO - Sync 1 DAGs
[2025-07-07T03:54:50.315+0000] {logging_mixin.py:190} INFO - [2025-07-07T03:54:50.315+0000] {dag.py:4180} INFO - Setting next_dagrun for extract_raw_data_pipeline to 2025-07-06 07:59:00+00:00, run_after=2025-07-07 07:00:00+00:00
[2025-07-07T03:54:50.341+0000] {processor.py:208} INFO - Processing /opt/airflow/dags/driven_data_pipeline.py took 0.300 seconds
[2025-07-07T03:55:20.576+0000] {processor.py:186} INFO - Started process (PID=319) to work on /opt/airflow/dags/driven_data_pipeline.py
[2025-07-07T03:55:20.577+0000] {processor.py:914} INFO - Processing file /opt/airflow/dags/driven_data_pipeline.py for tasks to queue
[2025-07-07T03:55:20.581+0000] {logging_mixin.py:190} INFO - [2025-07-07T03:55:20.580+0000] {dagbag.py:588} INFO - Filling up the DagBag from /opt/airflow/dags/driven_data_pipeline.py
[2025-07-07T03:55:21.089+0000] {processor.py:925} INFO - DAG(s) 'extract_raw_data_pipeline' retrieved from /opt/airflow/dags/driven_data_pipeline.py
[2025-07-07T03:55:21.126+0000] {logging_mixin.py:190} INFO - [2025-07-07T03:55:21.126+0000] {dag.py:3239} INFO - Sync 1 DAGs
[2025-07-07T03:55:21.157+0000] {logging_mixin.py:190} INFO - [2025-07-07T03:55:21.156+0000] {dag.py:4180} INFO - Setting next_dagrun for extract_raw_data_pipeline to 2025-07-06 07:59:00+00:00, run_after=2025-07-07 07:00:00+00:00
[2025-07-07T03:55:21.184+0000] {processor.py:208} INFO - Processing /opt/airflow/dags/driven_data_pipeline.py took 0.616 seconds
[2025-07-07T03:55:51.271+0000] {processor.py:186} INFO - Started process (PID=327) to work on /opt/airflow/dags/driven_data_pipeline.py
[2025-07-07T03:55:51.273+0000] {processor.py:914} INFO - Processing file /opt/airflow/dags/driven_data_pipeline.py for tasks to queue
[2025-07-07T03:55:51.277+0000] {logging_mixin.py:190} INFO - [2025-07-07T03:55:51.276+0000] {dagbag.py:588} INFO - Filling up the DagBag from /opt/airflow/dags/driven_data_pipeline.py
[2025-07-07T03:55:51.638+0000] {processor.py:925} INFO - DAG(s) 'extract_raw_data_pipeline' retrieved from /opt/airflow/dags/driven_data_pipeline.py
[2025-07-07T03:55:51.675+0000] {logging_mixin.py:190} INFO - [2025-07-07T03:55:51.675+0000] {dag.py:3239} INFO - Sync 1 DAGs
[2025-07-07T03:55:51.707+0000] {logging_mixin.py:190} INFO - [2025-07-07T03:55:51.706+0000] {dag.py:4180} INFO - Setting next_dagrun for extract_raw_data_pipeline to 2025-07-06 07:59:00+00:00, run_after=2025-07-07 07:00:00+00:00
[2025-07-07T03:55:51.730+0000] {processor.py:208} INFO - Processing /opt/airflow/dags/driven_data_pipeline.py took 0.468 seconds
[2025-07-07T03:56:22.028+0000] {processor.py:186} INFO - Started process (PID=335) to work on /opt/airflow/dags/driven_data_pipeline.py
[2025-07-07T03:56:22.030+0000] {processor.py:914} INFO - Processing file /opt/airflow/dags/driven_data_pipeline.py for tasks to queue
[2025-07-07T03:56:22.034+0000] {logging_mixin.py:190} INFO - [2025-07-07T03:56:22.034+0000] {dagbag.py:588} INFO - Filling up the DagBag from /opt/airflow/dags/driven_data_pipeline.py
[2025-07-07T03:56:22.606+0000] {processor.py:925} INFO - DAG(s) 'extract_raw_data_pipeline' retrieved from /opt/airflow/dags/driven_data_pipeline.py
[2025-07-07T03:56:22.644+0000] {logging_mixin.py:190} INFO - [2025-07-07T03:56:22.644+0000] {dag.py:3239} INFO - Sync 1 DAGs
[2025-07-07T03:56:22.671+0000] {logging_mixin.py:190} INFO - [2025-07-07T03:56:22.670+0000] {dag.py:4180} INFO - Setting next_dagrun for extract_raw_data_pipeline to 2025-07-06 07:59:00+00:00, run_after=2025-07-07 07:00:00+00:00
[2025-07-07T03:56:22.694+0000] {processor.py:208} INFO - Processing /opt/airflow/dags/driven_data_pipeline.py took 0.675 seconds
[2025-07-07T03:56:53.160+0000] {processor.py:186} INFO - Started process (PID=343) to work on /opt/airflow/dags/driven_data_pipeline.py
[2025-07-07T03:56:53.161+0000] {processor.py:914} INFO - Processing file /opt/airflow/dags/driven_data_pipeline.py for tasks to queue
[2025-07-07T03:56:53.164+0000] {logging_mixin.py:190} INFO - [2025-07-07T03:56:53.164+0000] {dagbag.py:588} INFO - Filling up the DagBag from /opt/airflow/dags/driven_data_pipeline.py
[2025-07-07T03:56:53.710+0000] {processor.py:925} INFO - DAG(s) 'extract_raw_data_pipeline' retrieved from /opt/airflow/dags/driven_data_pipeline.py
[2025-07-07T03:56:53.746+0000] {logging_mixin.py:190} INFO - [2025-07-07T03:56:53.746+0000] {dag.py:3239} INFO - Sync 1 DAGs
[2025-07-07T03:56:53.776+0000] {logging_mixin.py:190} INFO - [2025-07-07T03:56:53.776+0000] {dag.py:4180} INFO - Setting next_dagrun for extract_raw_data_pipeline to 2025-07-06 07:59:00+00:00, run_after=2025-07-07 07:00:00+00:00
[2025-07-07T03:56:53.809+0000] {processor.py:208} INFO - Processing /opt/airflow/dags/driven_data_pipeline.py took 0.657 seconds
[2025-07-07T03:57:24.057+0000] {processor.py:186} INFO - Started process (PID=350) to work on /opt/airflow/dags/driven_data_pipeline.py
[2025-07-07T03:57:24.058+0000] {processor.py:914} INFO - Processing file /opt/airflow/dags/driven_data_pipeline.py for tasks to queue
[2025-07-07T03:57:24.062+0000] {logging_mixin.py:190} INFO - [2025-07-07T03:57:24.061+0000] {dagbag.py:588} INFO - Filling up the DagBag from /opt/airflow/dags/driven_data_pipeline.py
[2025-07-07T03:57:24.582+0000] {processor.py:925} INFO - DAG(s) 'extract_raw_data_pipeline' retrieved from /opt/airflow/dags/driven_data_pipeline.py
[2025-07-07T03:57:24.619+0000] {logging_mixin.py:190} INFO - [2025-07-07T03:57:24.619+0000] {dag.py:3239} INFO - Sync 1 DAGs
[2025-07-07T03:57:24.645+0000] {logging_mixin.py:190} INFO - [2025-07-07T03:57:24.645+0000] {dag.py:4180} INFO - Setting next_dagrun for extract_raw_data_pipeline to 2025-07-06 07:59:00+00:00, run_after=2025-07-07 07:00:00+00:00
[2025-07-07T03:57:24.669+0000] {processor.py:208} INFO - Processing /opt/airflow/dags/driven_data_pipeline.py took 0.619 seconds
[2025-07-07T03:57:55.236+0000] {processor.py:186} INFO - Started process (PID=358) to work on /opt/airflow/dags/driven_data_pipeline.py
[2025-07-07T03:57:55.238+0000] {processor.py:914} INFO - Processing file /opt/airflow/dags/driven_data_pipeline.py for tasks to queue
[2025-07-07T03:57:55.244+0000] {logging_mixin.py:190} INFO - [2025-07-07T03:57:55.243+0000] {dagbag.py:588} INFO - Filling up the DagBag from /opt/airflow/dags/driven_data_pipeline.py
[2025-07-07T03:57:55.836+0000] {processor.py:925} INFO - DAG(s) 'extract_raw_data_pipeline' retrieved from /opt/airflow/dags/driven_data_pipeline.py
[2025-07-07T03:57:55.947+0000] {logging_mixin.py:190} INFO - [2025-07-07T03:57:55.947+0000] {dag.py:3239} INFO - Sync 1 DAGs
[2025-07-07T03:57:55.975+0000] {logging_mixin.py:190} INFO - [2025-07-07T03:57:55.975+0000] {dag.py:4180} INFO - Setting next_dagrun for extract_raw_data_pipeline to 2025-07-06 07:59:00+00:00, run_after=2025-07-07 07:00:00+00:00
[2025-07-07T03:57:56.008+0000] {processor.py:208} INFO - Processing /opt/airflow/dags/driven_data_pipeline.py took 0.790 seconds
[2025-07-07T03:58:26.259+0000] {processor.py:186} INFO - Started process (PID=366) to work on /opt/airflow/dags/driven_data_pipeline.py
[2025-07-07T03:58:26.262+0000] {processor.py:914} INFO - Processing file /opt/airflow/dags/driven_data_pipeline.py for tasks to queue
[2025-07-07T03:58:26.272+0000] {logging_mixin.py:190} INFO - [2025-07-07T03:58:26.271+0000] {dagbag.py:588} INFO - Filling up the DagBag from /opt/airflow/dags/driven_data_pipeline.py
[2025-07-07T03:58:26.745+0000] {processor.py:925} INFO - DAG(s) 'extract_raw_data_pipeline' retrieved from /opt/airflow/dags/driven_data_pipeline.py
[2025-07-07T03:58:26.772+0000] {logging_mixin.py:190} INFO - [2025-07-07T03:58:26.772+0000] {dag.py:3239} INFO - Sync 1 DAGs
[2025-07-07T03:58:26.798+0000] {logging_mixin.py:190} INFO - [2025-07-07T03:58:26.798+0000] {dag.py:4180} INFO - Setting next_dagrun for extract_raw_data_pipeline to 2025-07-06 07:59:00+00:00, run_after=2025-07-07 07:00:00+00:00
[2025-07-07T03:58:26.822+0000] {processor.py:208} INFO - Processing /opt/airflow/dags/driven_data_pipeline.py took 0.588 seconds
[2025-07-07T03:58:57.147+0000] {processor.py:186} INFO - Started process (PID=374) to work on /opt/airflow/dags/driven_data_pipeline.py
[2025-07-07T03:58:57.148+0000] {processor.py:914} INFO - Processing file /opt/airflow/dags/driven_data_pipeline.py for tasks to queue
[2025-07-07T03:58:57.151+0000] {logging_mixin.py:190} INFO - [2025-07-07T03:58:57.151+0000] {dagbag.py:588} INFO - Filling up the DagBag from /opt/airflow/dags/driven_data_pipeline.py
[2025-07-07T03:58:57.681+0000] {processor.py:925} INFO - DAG(s) 'extract_raw_data_pipeline' retrieved from /opt/airflow/dags/driven_data_pipeline.py
[2025-07-07T03:58:57.708+0000] {logging_mixin.py:190} INFO - [2025-07-07T03:58:57.708+0000] {dag.py:3239} INFO - Sync 1 DAGs
[2025-07-07T03:58:57.733+0000] {logging_mixin.py:190} INFO - [2025-07-07T03:58:57.733+0000] {dag.py:4180} INFO - Setting next_dagrun for extract_raw_data_pipeline to 2025-07-06 07:59:00+00:00, run_after=2025-07-07 07:00:00+00:00
[2025-07-07T03:58:57.759+0000] {processor.py:208} INFO - Processing /opt/airflow/dags/driven_data_pipeline.py took 0.620 seconds
[2025-07-07T03:59:27.811+0000] {processor.py:186} INFO - Started process (PID=382) to work on /opt/airflow/dags/driven_data_pipeline.py
[2025-07-07T03:59:27.812+0000] {processor.py:914} INFO - Processing file /opt/airflow/dags/driven_data_pipeline.py for tasks to queue
[2025-07-07T03:59:27.817+0000] {logging_mixin.py:190} INFO - [2025-07-07T03:59:27.816+0000] {dagbag.py:588} INFO - Filling up the DagBag from /opt/airflow/dags/driven_data_pipeline.py
[2025-07-07T03:59:28.354+0000] {processor.py:925} INFO - DAG(s) 'extract_raw_data_pipeline' retrieved from /opt/airflow/dags/driven_data_pipeline.py
[2025-07-07T03:59:28.391+0000] {logging_mixin.py:190} INFO - [2025-07-07T03:59:28.391+0000] {dag.py:3239} INFO - Sync 1 DAGs
[2025-07-07T03:59:28.420+0000] {logging_mixin.py:190} INFO - [2025-07-07T03:59:28.420+0000] {dag.py:4180} INFO - Setting next_dagrun for extract_raw_data_pipeline to 2025-07-06 07:59:00+00:00, run_after=2025-07-07 07:00:00+00:00
[2025-07-07T03:59:28.443+0000] {processor.py:208} INFO - Processing /opt/airflow/dags/driven_data_pipeline.py took 0.641 seconds
[2025-07-07T03:59:58.639+0000] {processor.py:186} INFO - Started process (PID=390) to work on /opt/airflow/dags/driven_data_pipeline.py
[2025-07-07T03:59:58.640+0000] {processor.py:914} INFO - Processing file /opt/airflow/dags/driven_data_pipeline.py for tasks to queue
[2025-07-07T03:59:58.644+0000] {logging_mixin.py:190} INFO - [2025-07-07T03:59:58.643+0000] {dagbag.py:588} INFO - Filling up the DagBag from /opt/airflow/dags/driven_data_pipeline.py
[2025-07-07T03:59:59.159+0000] {processor.py:925} INFO - DAG(s) 'extract_raw_data_pipeline' retrieved from /opt/airflow/dags/driven_data_pipeline.py
[2025-07-07T03:59:59.199+0000] {logging_mixin.py:190} INFO - [2025-07-07T03:59:59.199+0000] {dag.py:3239} INFO - Sync 1 DAGs
[2025-07-07T03:59:59.227+0000] {logging_mixin.py:190} INFO - [2025-07-07T03:59:59.226+0000] {dag.py:4180} INFO - Setting next_dagrun for extract_raw_data_pipeline to 2025-07-06 07:59:00+00:00, run_after=2025-07-07 07:00:00+00:00
[2025-07-07T03:59:59.261+0000] {processor.py:208} INFO - Processing /opt/airflow/dags/driven_data_pipeline.py took 0.630 seconds
[2025-07-07T04:00:29.704+0000] {processor.py:186} INFO - Started process (PID=398) to work on /opt/airflow/dags/driven_data_pipeline.py
[2025-07-07T04:00:29.706+0000] {processor.py:914} INFO - Processing file /opt/airflow/dags/driven_data_pipeline.py for tasks to queue
[2025-07-07T04:00:29.709+0000] {logging_mixin.py:190} INFO - [2025-07-07T04:00:29.709+0000] {dagbag.py:588} INFO - Filling up the DagBag from /opt/airflow/dags/driven_data_pipeline.py
[2025-07-07T04:00:30.226+0000] {processor.py:925} INFO - DAG(s) 'extract_raw_data_pipeline' retrieved from /opt/airflow/dags/driven_data_pipeline.py
[2025-07-07T04:00:30.254+0000] {logging_mixin.py:190} INFO - [2025-07-07T04:00:30.254+0000] {dag.py:3239} INFO - Sync 1 DAGs
[2025-07-07T04:00:30.278+0000] {logging_mixin.py:190} INFO - [2025-07-07T04:00:30.278+0000] {dag.py:4180} INFO - Setting next_dagrun for extract_raw_data_pipeline to 2025-07-06 07:59:00+00:00, run_after=2025-07-07 07:00:00+00:00
[2025-07-07T04:00:30.303+0000] {processor.py:208} INFO - Processing /opt/airflow/dags/driven_data_pipeline.py took 0.608 seconds
[2025-07-07T04:01:00.752+0000] {processor.py:186} INFO - Started process (PID=406) to work on /opt/airflow/dags/driven_data_pipeline.py
[2025-07-07T04:01:00.753+0000] {processor.py:914} INFO - Processing file /opt/airflow/dags/driven_data_pipeline.py for tasks to queue
[2025-07-07T04:01:00.756+0000] {logging_mixin.py:190} INFO - [2025-07-07T04:01:00.755+0000] {dagbag.py:588} INFO - Filling up the DagBag from /opt/airflow/dags/driven_data_pipeline.py
[2025-07-07T04:01:01.343+0000] {processor.py:925} INFO - DAG(s) 'extract_raw_data_pipeline' retrieved from /opt/airflow/dags/driven_data_pipeline.py
[2025-07-07T04:01:01.378+0000] {logging_mixin.py:190} INFO - [2025-07-07T04:01:01.378+0000] {dag.py:3239} INFO - Sync 1 DAGs
[2025-07-07T04:01:01.402+0000] {logging_mixin.py:190} INFO - [2025-07-07T04:01:01.402+0000] {dag.py:4180} INFO - Setting next_dagrun for extract_raw_data_pipeline to 2025-07-06 07:59:00+00:00, run_after=2025-07-07 07:00:00+00:00
[2025-07-07T04:01:01.428+0000] {processor.py:208} INFO - Processing /opt/airflow/dags/driven_data_pipeline.py took 0.683 seconds
[2025-07-07T04:01:31.910+0000] {processor.py:186} INFO - Started process (PID=414) to work on /opt/airflow/dags/driven_data_pipeline.py
[2025-07-07T04:01:31.911+0000] {processor.py:914} INFO - Processing file /opt/airflow/dags/driven_data_pipeline.py for tasks to queue
[2025-07-07T04:01:31.914+0000] {logging_mixin.py:190} INFO - [2025-07-07T04:01:31.914+0000] {dagbag.py:588} INFO - Filling up the DagBag from /opt/airflow/dags/driven_data_pipeline.py
[2025-07-07T04:01:32.191+0000] {processor.py:925} INFO - DAG(s) 'extract_raw_data_pipeline' retrieved from /opt/airflow/dags/driven_data_pipeline.py
[2025-07-07T04:01:32.239+0000] {logging_mixin.py:190} INFO - [2025-07-07T04:01:32.239+0000] {dag.py:3239} INFO - Sync 1 DAGs
[2025-07-07T04:01:32.269+0000] {logging_mixin.py:190} INFO - [2025-07-07T04:01:32.269+0000] {dag.py:4180} INFO - Setting next_dagrun for extract_raw_data_pipeline to 2025-07-06 07:59:00+00:00, run_after=2025-07-07 07:00:00+00:00
[2025-07-07T04:01:32.299+0000] {processor.py:208} INFO - Processing /opt/airflow/dags/driven_data_pipeline.py took 0.398 seconds
[2025-07-07T04:02:02.565+0000] {processor.py:186} INFO - Started process (PID=422) to work on /opt/airflow/dags/driven_data_pipeline.py
[2025-07-07T04:02:02.567+0000] {processor.py:914} INFO - Processing file /opt/airflow/dags/driven_data_pipeline.py for tasks to queue
[2025-07-07T04:02:02.571+0000] {logging_mixin.py:190} INFO - [2025-07-07T04:02:02.571+0000] {dagbag.py:588} INFO - Filling up the DagBag from /opt/airflow/dags/driven_data_pipeline.py
[2025-07-07T04:02:03.137+0000] {processor.py:925} INFO - DAG(s) 'extract_raw_data_pipeline' retrieved from /opt/airflow/dags/driven_data_pipeline.py
[2025-07-07T04:02:03.180+0000] {logging_mixin.py:190} INFO - [2025-07-07T04:02:03.180+0000] {dag.py:3239} INFO - Sync 1 DAGs
[2025-07-07T04:02:03.210+0000] {logging_mixin.py:190} INFO - [2025-07-07T04:02:03.209+0000] {dag.py:4180} INFO - Setting next_dagrun for extract_raw_data_pipeline to 2025-07-06 07:59:00+00:00, run_after=2025-07-07 07:00:00+00:00
[2025-07-07T04:02:03.234+0000] {processor.py:208} INFO - Processing /opt/airflow/dags/driven_data_pipeline.py took 0.678 seconds
[2025-07-07T04:02:33.761+0000] {processor.py:186} INFO - Started process (PID=430) to work on /opt/airflow/dags/driven_data_pipeline.py
[2025-07-07T04:02:33.762+0000] {processor.py:914} INFO - Processing file /opt/airflow/dags/driven_data_pipeline.py for tasks to queue
[2025-07-07T04:02:33.767+0000] {logging_mixin.py:190} INFO - [2025-07-07T04:02:33.766+0000] {dagbag.py:588} INFO - Filling up the DagBag from /opt/airflow/dags/driven_data_pipeline.py
[2025-07-07T04:02:34.588+0000] {processor.py:925} INFO - DAG(s) 'extract_raw_data_pipeline' retrieved from /opt/airflow/dags/driven_data_pipeline.py
[2025-07-07T04:02:34.656+0000] {logging_mixin.py:190} INFO - [2025-07-07T04:02:34.655+0000] {dag.py:3239} INFO - Sync 1 DAGs
[2025-07-07T04:02:34.696+0000] {logging_mixin.py:190} INFO - [2025-07-07T04:02:34.696+0000] {dag.py:4180} INFO - Setting next_dagrun for extract_raw_data_pipeline to 2025-07-06 07:59:00+00:00, run_after=2025-07-07 07:00:00+00:00
[2025-07-07T04:02:34.730+0000] {processor.py:208} INFO - Processing /opt/airflow/dags/driven_data_pipeline.py took 0.979 seconds
[2025-07-07T04:03:05.456+0000] {processor.py:186} INFO - Started process (PID=438) to work on /opt/airflow/dags/driven_data_pipeline.py
[2025-07-07T04:03:05.459+0000] {processor.py:914} INFO - Processing file /opt/airflow/dags/driven_data_pipeline.py for tasks to queue
[2025-07-07T04:03:05.464+0000] {logging_mixin.py:190} INFO - [2025-07-07T04:03:05.463+0000] {dagbag.py:588} INFO - Filling up the DagBag from /opt/airflow/dags/driven_data_pipeline.py
[2025-07-07T04:03:06.020+0000] {processor.py:925} INFO - DAG(s) 'extract_raw_data_pipeline' retrieved from /opt/airflow/dags/driven_data_pipeline.py
[2025-07-07T04:03:06.053+0000] {logging_mixin.py:190} INFO - [2025-07-07T04:03:06.053+0000] {dag.py:3239} INFO - Sync 1 DAGs
[2025-07-07T04:03:06.081+0000] {logging_mixin.py:190} INFO - [2025-07-07T04:03:06.080+0000] {dag.py:4180} INFO - Setting next_dagrun for extract_raw_data_pipeline to 2025-07-06 07:59:00+00:00, run_after=2025-07-07 07:00:00+00:00
[2025-07-07T04:03:06.104+0000] {processor.py:208} INFO - Processing /opt/airflow/dags/driven_data_pipeline.py took 0.665 seconds
[2025-07-07T04:03:36.616+0000] {processor.py:186} INFO - Started process (PID=446) to work on /opt/airflow/dags/driven_data_pipeline.py
[2025-07-07T04:03:36.619+0000] {processor.py:914} INFO - Processing file /opt/airflow/dags/driven_data_pipeline.py for tasks to queue
[2025-07-07T04:03:36.626+0000] {logging_mixin.py:190} INFO - [2025-07-07T04:03:36.623+0000] {dagbag.py:588} INFO - Filling up the DagBag from /opt/airflow/dags/driven_data_pipeline.py
[2025-07-07T04:03:37.195+0000] {processor.py:925} INFO - DAG(s) 'extract_raw_data_pipeline' retrieved from /opt/airflow/dags/driven_data_pipeline.py
[2025-07-07T04:03:37.266+0000] {logging_mixin.py:190} INFO - [2025-07-07T04:03:37.265+0000] {dag.py:3239} INFO - Sync 1 DAGs
[2025-07-07T04:03:37.297+0000] {logging_mixin.py:190} INFO - [2025-07-07T04:03:37.297+0000] {dag.py:4180} INFO - Setting next_dagrun for extract_raw_data_pipeline to 2025-07-06 07:59:00+00:00, run_after=2025-07-07 07:00:00+00:00
[2025-07-07T04:03:37.324+0000] {processor.py:208} INFO - Processing /opt/airflow/dags/driven_data_pipeline.py took 0.718 seconds
[2025-07-07T04:04:07.805+0000] {processor.py:186} INFO - Started process (PID=454) to work on /opt/airflow/dags/driven_data_pipeline.py
[2025-07-07T04:04:07.807+0000] {processor.py:914} INFO - Processing file /opt/airflow/dags/driven_data_pipeline.py for tasks to queue
[2025-07-07T04:04:07.812+0000] {logging_mixin.py:190} INFO - [2025-07-07T04:04:07.811+0000] {dagbag.py:588} INFO - Filling up the DagBag from /opt/airflow/dags/driven_data_pipeline.py
[2025-07-07T04:04:08.354+0000] {processor.py:925} INFO - DAG(s) 'extract_raw_data_pipeline' retrieved from /opt/airflow/dags/driven_data_pipeline.py
[2025-07-07T04:04:08.417+0000] {logging_mixin.py:190} INFO - [2025-07-07T04:04:08.416+0000] {dag.py:3239} INFO - Sync 1 DAGs
[2025-07-07T04:04:08.511+0000] {logging_mixin.py:190} INFO - [2025-07-07T04:04:08.510+0000] {dag.py:4180} INFO - Setting next_dagrun for extract_raw_data_pipeline to 2025-07-06 07:59:00+00:00, run_after=2025-07-07 07:00:00+00:00
[2025-07-07T04:04:08.592+0000] {processor.py:208} INFO - Processing /opt/airflow/dags/driven_data_pipeline.py took 0.800 seconds
[2025-07-07T04:04:39.087+0000] {processor.py:186} INFO - Started process (PID=462) to work on /opt/airflow/dags/driven_data_pipeline.py
[2025-07-07T04:04:39.088+0000] {processor.py:914} INFO - Processing file /opt/airflow/dags/driven_data_pipeline.py for tasks to queue
[2025-07-07T04:04:39.094+0000] {logging_mixin.py:190} INFO - [2025-07-07T04:04:39.091+0000] {dagbag.py:588} INFO - Filling up the DagBag from /opt/airflow/dags/driven_data_pipeline.py
[2025-07-07T04:04:39.625+0000] {processor.py:925} INFO - DAG(s) 'extract_raw_data_pipeline' retrieved from /opt/airflow/dags/driven_data_pipeline.py
[2025-07-07T04:04:39.686+0000] {logging_mixin.py:190} INFO - [2025-07-07T04:04:39.686+0000] {dag.py:3239} INFO - Sync 1 DAGs
[2025-07-07T04:04:39.713+0000] {logging_mixin.py:190} INFO - [2025-07-07T04:04:39.713+0000] {dag.py:4180} INFO - Setting next_dagrun for extract_raw_data_pipeline to 2025-07-06 07:59:00+00:00, run_after=2025-07-07 07:00:00+00:00
[2025-07-07T04:04:39.738+0000] {processor.py:208} INFO - Processing /opt/airflow/dags/driven_data_pipeline.py took 0.661 seconds
[2025-07-07T04:05:10.256+0000] {processor.py:186} INFO - Started process (PID=470) to work on /opt/airflow/dags/driven_data_pipeline.py
[2025-07-07T04:05:10.257+0000] {processor.py:914} INFO - Processing file /opt/airflow/dags/driven_data_pipeline.py for tasks to queue
[2025-07-07T04:05:10.261+0000] {logging_mixin.py:190} INFO - [2025-07-07T04:05:10.260+0000] {dagbag.py:588} INFO - Filling up the DagBag from /opt/airflow/dags/driven_data_pipeline.py
[2025-07-07T04:05:10.888+0000] {processor.py:925} INFO - DAG(s) 'extract_raw_data_pipeline' retrieved from /opt/airflow/dags/driven_data_pipeline.py
[2025-07-07T04:05:10.937+0000] {logging_mixin.py:190} INFO - [2025-07-07T04:05:10.936+0000] {dag.py:3239} INFO - Sync 1 DAGs
[2025-07-07T04:05:10.965+0000] {logging_mixin.py:190} INFO - [2025-07-07T04:05:10.965+0000] {dag.py:4180} INFO - Setting next_dagrun for extract_raw_data_pipeline to 2025-07-06 07:59:00+00:00, run_after=2025-07-07 07:00:00+00:00
[2025-07-07T04:05:10.989+0000] {processor.py:208} INFO - Processing /opt/airflow/dags/driven_data_pipeline.py took 0.743 seconds
[2025-07-07T04:05:41.591+0000] {processor.py:186} INFO - Started process (PID=478) to work on /opt/airflow/dags/driven_data_pipeline.py
[2025-07-07T04:05:41.592+0000] {processor.py:914} INFO - Processing file /opt/airflow/dags/driven_data_pipeline.py for tasks to queue
[2025-07-07T04:05:41.598+0000] {logging_mixin.py:190} INFO - [2025-07-07T04:05:41.595+0000] {dagbag.py:588} INFO - Filling up the DagBag from /opt/airflow/dags/driven_data_pipeline.py
[2025-07-07T04:05:42.184+0000] {processor.py:925} INFO - DAG(s) 'extract_raw_data_pipeline' retrieved from /opt/airflow/dags/driven_data_pipeline.py
[2025-07-07T04:05:42.250+0000] {logging_mixin.py:190} INFO - [2025-07-07T04:05:42.250+0000] {dag.py:3239} INFO - Sync 1 DAGs
[2025-07-07T04:05:42.279+0000] {logging_mixin.py:190} INFO - [2025-07-07T04:05:42.279+0000] {dag.py:4180} INFO - Setting next_dagrun for extract_raw_data_pipeline to 2025-07-06 07:59:00+00:00, run_after=2025-07-07 07:00:00+00:00
[2025-07-07T04:05:42.299+0000] {processor.py:208} INFO - Processing /opt/airflow/dags/driven_data_pipeline.py took 0.720 seconds
[2025-07-07T04:06:12.624+0000] {processor.py:186} INFO - Started process (PID=487) to work on /opt/airflow/dags/driven_data_pipeline.py
[2025-07-07T04:06:12.626+0000] {processor.py:914} INFO - Processing file /opt/airflow/dags/driven_data_pipeline.py for tasks to queue
[2025-07-07T04:06:12.632+0000] {logging_mixin.py:190} INFO - [2025-07-07T04:06:12.630+0000] {dagbag.py:588} INFO - Filling up the DagBag from /opt/airflow/dags/driven_data_pipeline.py
[2025-07-07T04:06:13.384+0000] {processor.py:925} INFO - DAG(s) 'extract_raw_data_pipeline' retrieved from /opt/airflow/dags/driven_data_pipeline.py
[2025-07-07T04:06:13.486+0000] {logging_mixin.py:190} INFO - [2025-07-07T04:06:13.486+0000] {dag.py:3239} INFO - Sync 1 DAGs
[2025-07-07T04:06:13.529+0000] {logging_mixin.py:190} INFO - [2025-07-07T04:06:13.529+0000] {dag.py:4180} INFO - Setting next_dagrun for extract_raw_data_pipeline to 2025-07-06 07:59:00+00:00, run_after=2025-07-07 07:00:00+00:00
[2025-07-07T04:06:13.560+0000] {processor.py:208} INFO - Processing /opt/airflow/dags/driven_data_pipeline.py took 0.953 seconds
[2025-07-07T04:06:44.082+0000] {processor.py:186} INFO - Started process (PID=495) to work on /opt/airflow/dags/driven_data_pipeline.py
[2025-07-07T04:06:44.084+0000] {processor.py:914} INFO - Processing file /opt/airflow/dags/driven_data_pipeline.py for tasks to queue
[2025-07-07T04:06:44.089+0000] {logging_mixin.py:190} INFO - [2025-07-07T04:06:44.088+0000] {dagbag.py:588} INFO - Filling up the DagBag from /opt/airflow/dags/driven_data_pipeline.py
[2025-07-07T04:06:45.138+0000] {processor.py:925} INFO - DAG(s) 'extract_raw_data_pipeline' retrieved from /opt/airflow/dags/driven_data_pipeline.py
[2025-07-07T04:07:01.789+0000] {logging_mixin.py:190} INFO - [2025-07-07T04:07:01.784+0000] {dag.py:3239} INFO - Sync 1 DAGs
[2025-07-07T04:07:01.390+0000] {logging_mixin.py:190} INFO - [2025-07-07T04:07:01.390+0000] {dag.py:4180} INFO - Setting next_dagrun for extract_raw_data_pipeline to 2025-07-06 07:59:00+00:00, run_after=2025-07-07 07:00:00+00:00
[2025-07-07T04:07:01.434+0000] {processor.py:208} INFO - Processing /opt/airflow/dags/driven_data_pipeline.py took 16.637 seconds
[2025-07-07T04:07:32.552+0000] {processor.py:186} INFO - Started process (PID=503) to work on /opt/airflow/dags/driven_data_pipeline.py
[2025-07-07T04:07:32.554+0000] {processor.py:914} INFO - Processing file /opt/airflow/dags/driven_data_pipeline.py for tasks to queue
[2025-07-07T04:07:32.558+0000] {logging_mixin.py:190} INFO - [2025-07-07T04:07:32.556+0000] {dagbag.py:588} INFO - Filling up the DagBag from /opt/airflow/dags/driven_data_pipeline.py
[2025-07-07T04:07:33.790+0000] {processor.py:925} INFO - DAG(s) 'extract_raw_data_pipeline' retrieved from /opt/airflow/dags/driven_data_pipeline.py
[2025-07-07T04:07:33.849+0000] {logging_mixin.py:190} INFO - [2025-07-07T04:07:33.849+0000] {dag.py:3239} INFO - Sync 1 DAGs
[2025-07-07T04:07:33.880+0000] {logging_mixin.py:190} INFO - [2025-07-07T04:07:33.880+0000] {dag.py:4180} INFO - Setting next_dagrun for extract_raw_data_pipeline to 2025-07-06 07:59:00+00:00, run_after=2025-07-07 07:00:00+00:00
[2025-07-07T04:07:33.906+0000] {processor.py:208} INFO - Processing /opt/airflow/dags/driven_data_pipeline.py took 0.727 seconds
[2025-07-07T04:08:05.192+0000] {processor.py:186} INFO - Started process (PID=511) to work on /opt/airflow/dags/driven_data_pipeline.py
[2025-07-07T04:08:05.193+0000] {processor.py:914} INFO - Processing file /opt/airflow/dags/driven_data_pipeline.py for tasks to queue
[2025-07-07T04:08:05.197+0000] {logging_mixin.py:190} INFO - [2025-07-07T04:08:05.196+0000] {dagbag.py:588} INFO - Filling up the DagBag from /opt/airflow/dags/driven_data_pipeline.py
[2025-07-07T04:08:05.716+0000] {processor.py:925} INFO - DAG(s) 'extract_raw_data_pipeline' retrieved from /opt/airflow/dags/driven_data_pipeline.py
[2025-07-07T04:08:05.771+0000] {logging_mixin.py:190} INFO - [2025-07-07T04:08:05.771+0000] {dag.py:3239} INFO - Sync 1 DAGs
[2025-07-07T04:08:05.797+0000] {logging_mixin.py:190} INFO - [2025-07-07T04:08:05.797+0000] {dag.py:4180} INFO - Setting next_dagrun for extract_raw_data_pipeline to 2025-07-06 07:59:00+00:00, run_after=2025-07-07 07:00:00+00:00
[2025-07-07T04:08:05.819+0000] {processor.py:208} INFO - Processing /opt/airflow/dags/driven_data_pipeline.py took 0.637 seconds
[2025-07-07T04:08:36.421+0000] {processor.py:186} INFO - Started process (PID=519) to work on /opt/airflow/dags/driven_data_pipeline.py
[2025-07-07T04:08:36.422+0000] {processor.py:914} INFO - Processing file /opt/airflow/dags/driven_data_pipeline.py for tasks to queue
[2025-07-07T04:08:36.426+0000] {logging_mixin.py:190} INFO - [2025-07-07T04:08:36.424+0000] {dagbag.py:588} INFO - Filling up the DagBag from /opt/airflow/dags/driven_data_pipeline.py
[2025-07-07T04:08:37.053+0000] {processor.py:925} INFO - DAG(s) 'extract_raw_data_pipeline' retrieved from /opt/airflow/dags/driven_data_pipeline.py
[2025-07-07T04:08:37.115+0000] {logging_mixin.py:190} INFO - [2025-07-07T04:08:37.114+0000] {dag.py:3239} INFO - Sync 1 DAGs
[2025-07-07T04:08:37.140+0000] {logging_mixin.py:190} INFO - [2025-07-07T04:08:37.140+0000] {dag.py:4180} INFO - Setting next_dagrun for extract_raw_data_pipeline to 2025-07-06 07:59:00+00:00, run_after=2025-07-07 07:00:00+00:00
[2025-07-07T04:08:37.168+0000] {processor.py:208} INFO - Processing /opt/airflow/dags/driven_data_pipeline.py took 0.759 seconds
[2025-07-07T04:09:07.279+0000] {processor.py:186} INFO - Started process (PID=527) to work on /opt/airflow/dags/driven_data_pipeline.py
[2025-07-07T04:09:07.281+0000] {processor.py:914} INFO - Processing file /opt/airflow/dags/driven_data_pipeline.py for tasks to queue
[2025-07-07T04:09:07.286+0000] {logging_mixin.py:190} INFO - [2025-07-07T04:09:07.284+0000] {dagbag.py:588} INFO - Filling up the DagBag from /opt/airflow/dags/driven_data_pipeline.py
[2025-07-07T04:09:07.872+0000] {processor.py:925} INFO - DAG(s) 'extract_raw_data_pipeline' retrieved from /opt/airflow/dags/driven_data_pipeline.py
[2025-07-07T04:09:07.910+0000] {logging_mixin.py:190} INFO - [2025-07-07T04:09:07.910+0000] {dag.py:3239} INFO - Sync 1 DAGs
[2025-07-07T04:09:07.942+0000] {logging_mixin.py:190} INFO - [2025-07-07T04:09:07.942+0000] {dag.py:4180} INFO - Setting next_dagrun for extract_raw_data_pipeline to 2025-07-06 07:59:00+00:00, run_after=2025-07-07 07:00:00+00:00
[2025-07-07T04:09:07.967+0000] {processor.py:208} INFO - Processing /opt/airflow/dags/driven_data_pipeline.py took 0.697 seconds
[2025-07-07T04:09:38.454+0000] {processor.py:186} INFO - Started process (PID=535) to work on /opt/airflow/dags/driven_data_pipeline.py
[2025-07-07T04:09:38.458+0000] {processor.py:914} INFO - Processing file /opt/airflow/dags/driven_data_pipeline.py for tasks to queue
[2025-07-07T04:09:38.465+0000] {logging_mixin.py:190} INFO - [2025-07-07T04:09:38.461+0000] {dagbag.py:588} INFO - Filling up the DagBag from /opt/airflow/dags/driven_data_pipeline.py
[2025-07-07T04:09:39.044+0000] {processor.py:925} INFO - DAG(s) 'extract_raw_data_pipeline' retrieved from /opt/airflow/dags/driven_data_pipeline.py
[2025-07-07T04:09:39.108+0000] {logging_mixin.py:190} INFO - [2025-07-07T04:09:39.108+0000] {dag.py:3239} INFO - Sync 1 DAGs
[2025-07-07T04:09:39.134+0000] {logging_mixin.py:190} INFO - [2025-07-07T04:09:39.134+0000] {dag.py:4180} INFO - Setting next_dagrun for extract_raw_data_pipeline to 2025-07-06 07:59:00+00:00, run_after=2025-07-07 07:00:00+00:00
[2025-07-07T04:09:39.158+0000] {processor.py:208} INFO - Processing /opt/airflow/dags/driven_data_pipeline.py took 0.718 seconds
[2025-07-07T04:10:09.696+0000] {processor.py:186} INFO - Started process (PID=543) to work on /opt/airflow/dags/driven_data_pipeline.py
[2025-07-07T04:10:09.698+0000] {processor.py:914} INFO - Processing file /opt/airflow/dags/driven_data_pipeline.py for tasks to queue
[2025-07-07T04:10:09.702+0000] {logging_mixin.py:190} INFO - [2025-07-07T04:10:09.701+0000] {dagbag.py:588} INFO - Filling up the DagBag from /opt/airflow/dags/driven_data_pipeline.py
[2025-07-07T04:10:10.262+0000] {processor.py:925} INFO - DAG(s) 'extract_raw_data_pipeline' retrieved from /opt/airflow/dags/driven_data_pipeline.py
[2025-07-07T04:10:10.324+0000] {logging_mixin.py:190} INFO - [2025-07-07T04:10:10.323+0000] {dag.py:3239} INFO - Sync 1 DAGs
[2025-07-07T04:10:10.351+0000] {logging_mixin.py:190} INFO - [2025-07-07T04:10:10.351+0000] {dag.py:4180} INFO - Setting next_dagrun for extract_raw_data_pipeline to 2025-07-06 07:59:00+00:00, run_after=2025-07-07 07:00:00+00:00
[2025-07-07T04:10:10.374+0000] {processor.py:208} INFO - Processing /opt/airflow/dags/driven_data_pipeline.py took 0.691 seconds
[2025-07-07T04:10:40.501+0000] {processor.py:186} INFO - Started process (PID=551) to work on /opt/airflow/dags/driven_data_pipeline.py
[2025-07-07T04:10:40.502+0000] {processor.py:914} INFO - Processing file /opt/airflow/dags/driven_data_pipeline.py for tasks to queue
[2025-07-07T04:10:40.506+0000] {logging_mixin.py:190} INFO - [2025-07-07T04:10:40.505+0000] {dagbag.py:588} INFO - Filling up the DagBag from /opt/airflow/dags/driven_data_pipeline.py
[2025-07-07T04:10:41.037+0000] {processor.py:925} INFO - DAG(s) 'extract_raw_data_pipeline' retrieved from /opt/airflow/dags/driven_data_pipeline.py
[2025-07-07T04:10:41.220+0000] {logging_mixin.py:190} INFO - [2025-07-07T04:10:41.219+0000] {dag.py:3239} INFO - Sync 1 DAGs
[2025-07-07T04:10:41.249+0000] {logging_mixin.py:190} INFO - [2025-07-07T04:10:41.249+0000] {dag.py:4180} INFO - Setting next_dagrun for extract_raw_data_pipeline to 2025-07-06 07:59:00+00:00, run_after=2025-07-07 07:00:00+00:00
[2025-07-07T04:10:41.278+0000] {processor.py:208} INFO - Processing /opt/airflow/dags/driven_data_pipeline.py took 0.784 seconds
[2025-07-07T04:11:11.485+0000] {processor.py:186} INFO - Started process (PID=559) to work on /opt/airflow/dags/driven_data_pipeline.py
[2025-07-07T04:11:11.486+0000] {processor.py:914} INFO - Processing file /opt/airflow/dags/driven_data_pipeline.py for tasks to queue
[2025-07-07T04:11:11.490+0000] {logging_mixin.py:190} INFO - [2025-07-07T04:11:11.489+0000] {dagbag.py:588} INFO - Filling up the DagBag from /opt/airflow/dags/driven_data_pipeline.py
[2025-07-07T04:11:12.020+0000] {processor.py:925} INFO - DAG(s) 'extract_raw_data_pipeline' retrieved from /opt/airflow/dags/driven_data_pipeline.py
[2025-07-07T04:11:12.066+0000] {logging_mixin.py:190} INFO - [2025-07-07T04:11:12.065+0000] {dag.py:3239} INFO - Sync 1 DAGs
[2025-07-07T04:11:12.091+0000] {logging_mixin.py:190} INFO - [2025-07-07T04:11:12.091+0000] {dag.py:4180} INFO - Setting next_dagrun for extract_raw_data_pipeline to 2025-07-06 07:59:00+00:00, run_after=2025-07-07 07:00:00+00:00
[2025-07-07T04:11:12.112+0000] {processor.py:208} INFO - Processing /opt/airflow/dags/driven_data_pipeline.py took 0.638 seconds
[2025-07-07T04:11:42.518+0000] {processor.py:186} INFO - Started process (PID=567) to work on /opt/airflow/dags/driven_data_pipeline.py
[2025-07-07T04:11:42.520+0000] {processor.py:914} INFO - Processing file /opt/airflow/dags/driven_data_pipeline.py for tasks to queue
[2025-07-07T04:11:42.524+0000] {logging_mixin.py:190} INFO - [2025-07-07T04:11:42.523+0000] {dagbag.py:588} INFO - Filling up the DagBag from /opt/airflow/dags/driven_data_pipeline.py
[2025-07-07T04:11:43.174+0000] {processor.py:925} INFO - DAG(s) 'extract_raw_data_pipeline' retrieved from /opt/airflow/dags/driven_data_pipeline.py
[2025-07-07T04:11:43.243+0000] {logging_mixin.py:190} INFO - [2025-07-07T04:11:43.243+0000] {dag.py:3239} INFO - Sync 1 DAGs
[2025-07-07T04:11:43.269+0000] {logging_mixin.py:190} INFO - [2025-07-07T04:11:43.269+0000] {dag.py:4180} INFO - Setting next_dagrun for extract_raw_data_pipeline to 2025-07-06 07:59:00+00:00, run_after=2025-07-07 07:00:00+00:00
[2025-07-07T04:11:43.293+0000] {processor.py:208} INFO - Processing /opt/airflow/dags/driven_data_pipeline.py took 0.788 seconds
[2025-07-07T04:12:13.861+0000] {processor.py:186} INFO - Started process (PID=575) to work on /opt/airflow/dags/driven_data_pipeline.py
[2025-07-07T04:12:13.863+0000] {processor.py:914} INFO - Processing file /opt/airflow/dags/driven_data_pipeline.py for tasks to queue
[2025-07-07T04:12:13.867+0000] {logging_mixin.py:190} INFO - [2025-07-07T04:12:13.866+0000] {dagbag.py:588} INFO - Filling up the DagBag from /opt/airflow/dags/driven_data_pipeline.py
[2025-07-07T04:12:14.391+0000] {processor.py:925} INFO - DAG(s) 'extract_raw_data_pipeline' retrieved from /opt/airflow/dags/driven_data_pipeline.py
[2025-07-07T04:12:14.441+0000] {logging_mixin.py:190} INFO - [2025-07-07T04:12:14.441+0000] {dag.py:3239} INFO - Sync 1 DAGs
[2025-07-07T04:12:14.466+0000] {logging_mixin.py:190} INFO - [2025-07-07T04:12:14.466+0000] {dag.py:4180} INFO - Setting next_dagrun for extract_raw_data_pipeline to 2025-07-06 07:59:00+00:00, run_after=2025-07-07 07:00:00+00:00
[2025-07-07T04:12:14.488+0000] {processor.py:208} INFO - Processing /opt/airflow/dags/driven_data_pipeline.py took 0.639 seconds
[2025-07-07T04:12:45.044+0000] {processor.py:186} INFO - Started process (PID=584) to work on /opt/airflow/dags/driven_data_pipeline.py
[2025-07-07T04:12:45.046+0000] {processor.py:914} INFO - Processing file /opt/airflow/dags/driven_data_pipeline.py for tasks to queue
[2025-07-07T04:12:45.051+0000] {logging_mixin.py:190} INFO - [2025-07-07T04:12:45.049+0000] {dagbag.py:588} INFO - Filling up the DagBag from /opt/airflow/dags/driven_data_pipeline.py
[2025-07-07T04:12:45.633+0000] {processor.py:925} INFO - DAG(s) 'extract_raw_data_pipeline' retrieved from /opt/airflow/dags/driven_data_pipeline.py
[2025-07-07T04:12:45.688+0000] {logging_mixin.py:190} INFO - [2025-07-07T04:12:45.687+0000] {dag.py:3239} INFO - Sync 1 DAGs
[2025-07-07T04:12:45.713+0000] {logging_mixin.py:190} INFO - [2025-07-07T04:12:45.713+0000] {dag.py:4180} INFO - Setting next_dagrun for extract_raw_data_pipeline to 2025-07-06 07:59:00+00:00, run_after=2025-07-07 07:00:00+00:00
[2025-07-07T04:12:45.734+0000] {processor.py:208} INFO - Processing /opt/airflow/dags/driven_data_pipeline.py took 0.702 seconds
[2025-07-07T04:13:16.317+0000] {processor.py:186} INFO - Started process (PID=592) to work on /opt/airflow/dags/driven_data_pipeline.py
[2025-07-07T04:13:16.319+0000] {processor.py:914} INFO - Processing file /opt/airflow/dags/driven_data_pipeline.py for tasks to queue
[2025-07-07T04:13:16.322+0000] {logging_mixin.py:190} INFO - [2025-07-07T04:13:16.321+0000] {dagbag.py:588} INFO - Filling up the DagBag from /opt/airflow/dags/driven_data_pipeline.py
[2025-07-07T04:13:17.006+0000] {processor.py:925} INFO - DAG(s) 'extract_raw_data_pipeline' retrieved from /opt/airflow/dags/driven_data_pipeline.py
[2025-07-07T04:13:17.059+0000] {logging_mixin.py:190} INFO - [2025-07-07T04:13:17.059+0000] {dag.py:3239} INFO - Sync 1 DAGs
[2025-07-07T04:13:17.085+0000] {logging_mixin.py:190} INFO - [2025-07-07T04:13:17.085+0000] {dag.py:4180} INFO - Setting next_dagrun for extract_raw_data_pipeline to 2025-07-06 07:59:00+00:00, run_after=2025-07-07 07:00:00+00:00
[2025-07-07T04:13:17.108+0000] {processor.py:208} INFO - Processing /opt/airflow/dags/driven_data_pipeline.py took 0.803 seconds
[2025-07-07T04:13:47.708+0000] {processor.py:186} INFO - Started process (PID=600) to work on /opt/airflow/dags/driven_data_pipeline.py
[2025-07-07T04:13:47.710+0000] {processor.py:914} INFO - Processing file /opt/airflow/dags/driven_data_pipeline.py for tasks to queue
[2025-07-07T04:13:47.713+0000] {logging_mixin.py:190} INFO - [2025-07-07T04:13:47.713+0000] {dagbag.py:588} INFO - Filling up the DagBag from /opt/airflow/dags/driven_data_pipeline.py
[2025-07-07T04:13:48.272+0000] {processor.py:925} INFO - DAG(s) 'extract_raw_data_pipeline' retrieved from /opt/airflow/dags/driven_data_pipeline.py
[2025-07-07T04:13:48.759+0000] {logging_mixin.py:190} INFO - [2025-07-07T04:13:48.742+0000] {dag.py:3239} INFO - Sync 1 DAGs
[2025-07-07T04:13:51.559+0000] {logging_mixin.py:190} INFO - [2025-07-07T04:13:51.493+0000] {dag.py:4180} INFO - Setting next_dagrun for extract_raw_data_pipeline to 2025-07-06 07:59:00+00:00, run_after=2025-07-07 07:00:00+00:00
[2025-07-07T04:14:13.051+0000] {processor.py:208} INFO - Processing /opt/airflow/dags/driven_data_pipeline.py took 25.312 seconds
[2025-07-07T04:14:45.749+0000] {processor.py:186} INFO - Started process (PID=608) to work on /opt/airflow/dags/driven_data_pipeline.py
[2025-07-07T04:14:45.750+0000] {processor.py:914} INFO - Processing file /opt/airflow/dags/driven_data_pipeline.py for tasks to queue
[2025-07-07T04:14:45.755+0000] {logging_mixin.py:190} INFO - [2025-07-07T04:14:45.752+0000] {dagbag.py:588} INFO - Filling up the DagBag from /opt/airflow/dags/driven_data_pipeline.py
[2025-07-07T04:14:46.355+0000] {processor.py:925} INFO - DAG(s) 'extract_raw_data_pipeline' retrieved from /opt/airflow/dags/driven_data_pipeline.py
[2025-07-07T04:14:46.411+0000] {logging_mixin.py:190} INFO - [2025-07-07T04:14:46.411+0000] {dag.py:3239} INFO - Sync 1 DAGs
[2025-07-07T04:14:46.438+0000] {logging_mixin.py:190} INFO - [2025-07-07T04:14:46.438+0000] {dag.py:4180} INFO - Setting next_dagrun for extract_raw_data_pipeline to 2025-07-06 07:59:00+00:00, run_after=2025-07-07 07:00:00+00:00
[2025-07-07T04:14:46.458+0000] {processor.py:208} INFO - Processing /opt/airflow/dags/driven_data_pipeline.py took 0.719 seconds
[2025-07-07T04:15:17.052+0000] {processor.py:186} INFO - Started process (PID=616) to work on /opt/airflow/dags/driven_data_pipeline.py
[2025-07-07T04:15:17.055+0000] {processor.py:914} INFO - Processing file /opt/airflow/dags/driven_data_pipeline.py for tasks to queue
[2025-07-07T04:15:17.059+0000] {logging_mixin.py:190} INFO - [2025-07-07T04:15:17.059+0000] {dagbag.py:588} INFO - Filling up the DagBag from /opt/airflow/dags/driven_data_pipeline.py
[2025-07-07T04:15:17.681+0000] {processor.py:925} INFO - DAG(s) 'extract_raw_data_pipeline' retrieved from /opt/airflow/dags/driven_data_pipeline.py
[2025-07-07T04:15:17.744+0000] {logging_mixin.py:190} INFO - [2025-07-07T04:15:17.744+0000] {dag.py:3239} INFO - Sync 1 DAGs
[2025-07-07T04:15:17.771+0000] {logging_mixin.py:190} INFO - [2025-07-07T04:15:17.771+0000] {dag.py:4180} INFO - Setting next_dagrun for extract_raw_data_pipeline to 2025-07-06 07:59:00+00:00, run_after=2025-07-07 07:00:00+00:00
[2025-07-07T04:15:17.793+0000] {processor.py:208} INFO - Processing /opt/airflow/dags/driven_data_pipeline.py took 0.754 seconds
[2025-07-07T04:15:47.894+0000] {processor.py:186} INFO - Started process (PID=624) to work on /opt/airflow/dags/driven_data_pipeline.py
[2025-07-07T04:15:47.895+0000] {processor.py:914} INFO - Processing file /opt/airflow/dags/driven_data_pipeline.py for tasks to queue
[2025-07-07T04:15:47.901+0000] {logging_mixin.py:190} INFO - [2025-07-07T04:15:47.898+0000] {dagbag.py:588} INFO - Filling up the DagBag from /opt/airflow/dags/driven_data_pipeline.py
[2025-07-07T04:15:48.550+0000] {processor.py:925} INFO - DAG(s) 'extract_raw_data_pipeline' retrieved from /opt/airflow/dags/driven_data_pipeline.py
[2025-07-07T04:15:48.620+0000] {logging_mixin.py:190} INFO - [2025-07-07T04:15:48.620+0000] {dag.py:3239} INFO - Sync 1 DAGs
[2025-07-07T04:15:48.646+0000] {logging_mixin.py:190} INFO - [2025-07-07T04:15:48.646+0000] {dag.py:4180} INFO - Setting next_dagrun for extract_raw_data_pipeline to 2025-07-06 07:59:00+00:00, run_after=2025-07-07 07:00:00+00:00
[2025-07-07T04:15:48.668+0000] {processor.py:208} INFO - Processing /opt/airflow/dags/driven_data_pipeline.py took 0.790 seconds
[2025-07-07T04:16:18.762+0000] {processor.py:186} INFO - Started process (PID=632) to work on /opt/airflow/dags/driven_data_pipeline.py
[2025-07-07T04:16:18.765+0000] {processor.py:914} INFO - Processing file /opt/airflow/dags/driven_data_pipeline.py for tasks to queue
[2025-07-07T04:16:18.769+0000] {logging_mixin.py:190} INFO - [2025-07-07T04:16:18.768+0000] {dagbag.py:588} INFO - Filling up the DagBag from /opt/airflow/dags/driven_data_pipeline.py
[2025-07-07T04:16:19.398+0000] {processor.py:925} INFO - DAG(s) 'extract_raw_data_pipeline' retrieved from /opt/airflow/dags/driven_data_pipeline.py
[2025-07-07T04:16:19.458+0000] {logging_mixin.py:190} INFO - [2025-07-07T04:16:19.458+0000] {dag.py:3239} INFO - Sync 1 DAGs
[2025-07-07T04:16:19.483+0000] {logging_mixin.py:190} INFO - [2025-07-07T04:16:19.483+0000] {dag.py:4180} INFO - Setting next_dagrun for extract_raw_data_pipeline to 2025-07-06 07:59:00+00:00, run_after=2025-07-07 07:00:00+00:00
[2025-07-07T04:16:19.505+0000] {processor.py:208} INFO - Processing /opt/airflow/dags/driven_data_pipeline.py took 0.755 seconds
[2025-07-07T04:16:49.700+0000] {processor.py:186} INFO - Started process (PID=641) to work on /opt/airflow/dags/driven_data_pipeline.py
[2025-07-07T04:16:49.705+0000] {processor.py:914} INFO - Processing file /opt/airflow/dags/driven_data_pipeline.py for tasks to queue
[2025-07-07T04:16:49.710+0000] {logging_mixin.py:190} INFO - [2025-07-07T04:16:49.707+0000] {dagbag.py:588} INFO - Filling up the DagBag from /opt/airflow/dags/driven_data_pipeline.py
[2025-07-07T04:16:50.315+0000] {processor.py:925} INFO - DAG(s) 'extract_raw_data_pipeline' retrieved from /opt/airflow/dags/driven_data_pipeline.py
[2025-07-07T04:16:50.380+0000] {logging_mixin.py:190} INFO - [2025-07-07T04:16:50.379+0000] {dag.py:3239} INFO - Sync 1 DAGs
[2025-07-07T04:16:50.406+0000] {logging_mixin.py:190} INFO - [2025-07-07T04:16:50.406+0000] {dag.py:4180} INFO - Setting next_dagrun for extract_raw_data_pipeline to 2025-07-06 07:59:00+00:00, run_after=2025-07-07 07:00:00+00:00
[2025-07-07T04:16:50.428+0000] {processor.py:208} INFO - Processing /opt/airflow/dags/driven_data_pipeline.py took 0.741 seconds
[2025-07-07T04:17:20.494+0000] {processor.py:186} INFO - Started process (PID=649) to work on /opt/airflow/dags/driven_data_pipeline.py
[2025-07-07T04:17:20.496+0000] {processor.py:914} INFO - Processing file /opt/airflow/dags/driven_data_pipeline.py for tasks to queue
[2025-07-07T04:17:20.499+0000] {logging_mixin.py:190} INFO - [2025-07-07T04:17:20.499+0000] {dagbag.py:588} INFO - Filling up the DagBag from /opt/airflow/dags/driven_data_pipeline.py
[2025-07-07T04:17:21.097+0000] {processor.py:925} INFO - DAG(s) 'extract_raw_data_pipeline' retrieved from /opt/airflow/dags/driven_data_pipeline.py
[2025-07-07T04:17:53.490+0000] {processor.py:211} ERROR - Got an exception! Propagating...
Traceback (most recent call last):
  File "/home/airflow/.local/lib/python3.12/site-packages/sqlalchemy/engine/base.py", line 3371, in _wrap_pool_connect
    return fn()
           ^^^^
  File "/home/airflow/.local/lib/python3.12/site-packages/sqlalchemy/pool/base.py", line 327, in connect
    return _ConnectionFairy._checkout(self)
           ^^^^^^^^^^^^^^^^^^^^^^^^^^^^^^^^
  File "/home/airflow/.local/lib/python3.12/site-packages/sqlalchemy/pool/base.py", line 894, in _checkout
    fairy = _ConnectionRecord.checkout(pool)
            ^^^^^^^^^^^^^^^^^^^^^^^^^^^^^^^^
  File "/home/airflow/.local/lib/python3.12/site-packages/sqlalchemy/pool/base.py", line 493, in checkout
    rec = pool._do_get()
          ^^^^^^^^^^^^^^
  File "/home/airflow/.local/lib/python3.12/site-packages/sqlalchemy/pool/impl.py", line 145, in _do_get
    with util.safe_reraise():
         ^^^^^^^^^^^^^^^^^^^
  File "/home/airflow/.local/lib/python3.12/site-packages/sqlalchemy/util/langhelpers.py", line 70, in __exit__
    compat.raise_(
  File "/home/airflow/.local/lib/python3.12/site-packages/sqlalchemy/util/compat.py", line 211, in raise_
    raise exception
  File "/home/airflow/.local/lib/python3.12/site-packages/sqlalchemy/pool/impl.py", line 143, in _do_get
    return self._create_connection()
           ^^^^^^^^^^^^^^^^^^^^^^^^^
  File "/home/airflow/.local/lib/python3.12/site-packages/sqlalchemy/pool/base.py", line 273, in _create_connection
    return _ConnectionRecord(self)
           ^^^^^^^^^^^^^^^^^^^^^^^
  File "/home/airflow/.local/lib/python3.12/site-packages/sqlalchemy/pool/base.py", line 388, in __init__
    self.__connect()
  File "/home/airflow/.local/lib/python3.12/site-packages/sqlalchemy/pool/base.py", line 690, in __connect
    with util.safe_reraise():
         ^^^^^^^^^^^^^^^^^^^
  File "/home/airflow/.local/lib/python3.12/site-packages/sqlalchemy/util/langhelpers.py", line 70, in __exit__
    compat.raise_(
  File "/home/airflow/.local/lib/python3.12/site-packages/sqlalchemy/util/compat.py", line 211, in raise_
    raise exception
  File "/home/airflow/.local/lib/python3.12/site-packages/sqlalchemy/pool/base.py", line 686, in __connect
    self.dbapi_connection = connection = pool._invoke_creator(self)
                                         ^^^^^^^^^^^^^^^^^^^^^^^^^^
  File "/home/airflow/.local/lib/python3.12/site-packages/sqlalchemy/engine/create.py", line 574, in connect
    return dialect.connect(*cargs, **cparams)
           ^^^^^^^^^^^^^^^^^^^^^^^^^^^^^^^^^^
  File "/home/airflow/.local/lib/python3.12/site-packages/sqlalchemy/engine/default.py", line 598, in connect
    return self.dbapi.connect(*cargs, **cparams)
           ^^^^^^^^^^^^^^^^^^^^^^^^^^^^^^^^^^^^^
  File "/home/airflow/.local/lib/python3.12/site-packages/psycopg2/__init__.py", line 122, in connect
    conn = _connect(dsn, connection_factory=connection_factory, **kwasync)
           ^^^^^^^^^^^^^^^^^^^^^^^^^^^^^^^^^^^^^^^^^^^^^^^^^^^^^^^^^^^^^^^
psycopg2.OperationalError: could not translate host name "postgres" to address: Temporary failure in name resolution


The above exception was the direct cause of the following exception:

Traceback (most recent call last):
  File "/home/airflow/.local/lib/python3.12/site-packages/airflow/dag_processing/processor.py", line 207, in _run_file_processor
    _handle_dag_file_processing()
  File "/home/airflow/.local/lib/python3.12/site-packages/airflow/dag_processing/processor.py", line 188, in _handle_dag_file_processing
    result: tuple[int, int, int] = dag_file_processor.process_file(
                                   ^^^^^^^^^^^^^^^^^^^^^^^^^^^^^^^^
  File "/home/airflow/.local/lib/python3.12/site-packages/airflow/utils/session.py", line 97, in wrapper
    return func(*args, session=session, **kwargs)
           ^^^^^^^^^^^^^^^^^^^^^^^^^^^^^^^^^^^^^^
  File "/home/airflow/.local/lib/python3.12/site-packages/airflow/dag_processing/processor.py", line 942, in process_file
    serialize_errors = DagFileProcessor.save_dag_to_db(
                       ^^^^^^^^^^^^^^^^^^^^^^^^^^^^^^^^
  File "/home/airflow/.local/lib/python3.12/site-packages/airflow/api_internal/internal_api_call.py", line 139, in wrapper
    return func(*args, **kwargs)
           ^^^^^^^^^^^^^^^^^^^^^
  File "/home/airflow/.local/lib/python3.12/site-packages/airflow/utils/session.py", line 97, in wrapper
    return func(*args, session=session, **kwargs)
           ^^^^^^^^^^^^^^^^^^^^^^^^^^^^^^^^^^^^^^
  File "/home/airflow/.local/lib/python3.12/site-packages/airflow/dag_processing/processor.py", line 982, in save_dag_to_db
    import_errors = DagBag._sync_to_db(dags=dags, processor_subdir=dag_directory, session=session)
                    ^^^^^^^^^^^^^^^^^^^^^^^^^^^^^^^^^^^^^^^^^^^^^^^^^^^^^^^^^^^^^^^^^^^^^^^^^^^^^^
  File "/home/airflow/.local/lib/python3.12/site-packages/airflow/utils/session.py", line 94, in wrapper
    return func(*args, **kwargs)
           ^^^^^^^^^^^^^^^^^^^^^
  File "/home/airflow/.local/lib/python3.12/site-packages/airflow/models/dagbag.py", line 708, in _sync_to_db
    for attempt in run_with_db_retries(logger=log):
                   ^^^^^^^^^^^^^^^^^^^^^^^^^^^^^^^
  File "/home/airflow/.local/lib/python3.12/site-packages/tenacity/__init__.py", line 443, in __iter__
    do = self.iter(retry_state=retry_state)
         ^^^^^^^^^^^^^^^^^^^^^^^^^^^^^^^^^^
  File "/home/airflow/.local/lib/python3.12/site-packages/tenacity/__init__.py", line 376, in iter
    result = action(retry_state)
             ^^^^^^^^^^^^^^^^^^^
  File "/home/airflow/.local/lib/python3.12/site-packages/tenacity/__init__.py", line 418, in exc_check
    raise retry_exc.reraise()
          ^^^^^^^^^^^^^^^^^^^
  File "/home/airflow/.local/lib/python3.12/site-packages/tenacity/__init__.py", line 185, in reraise
    raise self.last_attempt.result()
          ^^^^^^^^^^^^^^^^^^^^^^^^^^
  File "/usr/local/lib/python3.12/concurrent/futures/_base.py", line 449, in result
    return self.__get_result()
           ^^^^^^^^^^^^^^^^^^^
  File "/usr/local/lib/python3.12/concurrent/futures/_base.py", line 401, in __get_result
    raise self._exception
  File "/home/airflow/.local/lib/python3.12/site-packages/airflow/models/dagbag.py", line 721, in _sync_to_db
    _serialize_dag_capturing_errors(dag, session, processor_subdir)
  File "/home/airflow/.local/lib/python3.12/site-packages/airflow/models/dagbag.py", line 686, in _serialize_dag_capturing_errors
    dag_was_updated = SerializedDagModel.write_dag(
                      ^^^^^^^^^^^^^^^^^^^^^^^^^^^^^
  File "/home/airflow/.local/lib/python3.12/site-packages/airflow/utils/session.py", line 94, in wrapper
    return func(*args, **kwargs)
           ^^^^^^^^^^^^^^^^^^^^^
  File "/home/airflow/.local/lib/python3.12/site-packages/airflow/models/serialized_dag.py", line 160, in write_dag
    if session.scalar(
       ^^^^^^^^^^^^^^^
  File "/home/airflow/.local/lib/python3.12/site-packages/sqlalchemy/orm/session.py", line 1747, in scalar
    return self.execute(
           ^^^^^^^^^^^^^
  File "/home/airflow/.local/lib/python3.12/site-packages/sqlalchemy/orm/session.py", line 1716, in execute
    conn = self._connection_for_bind(bind)
           ^^^^^^^^^^^^^^^^^^^^^^^^^^^^^^^
  File "/home/airflow/.local/lib/python3.12/site-packages/sqlalchemy/orm/session.py", line 1555, in _connection_for_bind
    return self._transaction._connection_for_bind(
           ^^^^^^^^^^^^^^^^^^^^^^^^^^^^^^^^^^^^^^^
  File "/home/airflow/.local/lib/python3.12/site-packages/sqlalchemy/orm/session.py", line 750, in _connection_for_bind
    conn = bind.connect()
           ^^^^^^^^^^^^^^
  File "/home/airflow/.local/lib/python3.12/site-packages/sqlalchemy/future/engine.py", line 412, in connect
    return super(Engine, self).connect()
           ^^^^^^^^^^^^^^^^^^^^^^^^^^^^^
  File "/home/airflow/.local/lib/python3.12/site-packages/sqlalchemy/engine/base.py", line 3325, in connect
    return self._connection_cls(self, close_with_result=close_with_result)
           ^^^^^^^^^^^^^^^^^^^^^^^^^^^^^^^^^^^^^^^^^^^^^^^^^^^^^^^^^^^^^^^
  File "/home/airflow/.local/lib/python3.12/site-packages/sqlalchemy/engine/base.py", line 96, in __init__
    else engine.raw_connection()
         ^^^^^^^^^^^^^^^^^^^^^^^
  File "/home/airflow/.local/lib/python3.12/site-packages/sqlalchemy/engine/base.py", line 3404, in raw_connection
    return self._wrap_pool_connect(self.pool.connect, _connection)
           ^^^^^^^^^^^^^^^^^^^^^^^^^^^^^^^^^^^^^^^^^^^^^^^^^^^^^^^
  File "/home/airflow/.local/lib/python3.12/site-packages/sqlalchemy/engine/base.py", line 3374, in _wrap_pool_connect
    Connection._handle_dbapi_exception_noconnection(
  File "/home/airflow/.local/lib/python3.12/site-packages/sqlalchemy/engine/base.py", line 2208, in _handle_dbapi_exception_noconnection
    util.raise_(
  File "/home/airflow/.local/lib/python3.12/site-packages/sqlalchemy/util/compat.py", line 211, in raise_
    raise exception
  File "/home/airflow/.local/lib/python3.12/site-packages/sqlalchemy/engine/base.py", line 3371, in _wrap_pool_connect
    return fn()
           ^^^^
  File "/home/airflow/.local/lib/python3.12/site-packages/sqlalchemy/pool/base.py", line 327, in connect
    return _ConnectionFairy._checkout(self)
           ^^^^^^^^^^^^^^^^^^^^^^^^^^^^^^^^
  File "/home/airflow/.local/lib/python3.12/site-packages/sqlalchemy/pool/base.py", line 894, in _checkout
    fairy = _ConnectionRecord.checkout(pool)
            ^^^^^^^^^^^^^^^^^^^^^^^^^^^^^^^^
  File "/home/airflow/.local/lib/python3.12/site-packages/sqlalchemy/pool/base.py", line 493, in checkout
    rec = pool._do_get()
          ^^^^^^^^^^^^^^
  File "/home/airflow/.local/lib/python3.12/site-packages/sqlalchemy/pool/impl.py", line 145, in _do_get
    with util.safe_reraise():
         ^^^^^^^^^^^^^^^^^^^
  File "/home/airflow/.local/lib/python3.12/site-packages/sqlalchemy/util/langhelpers.py", line 70, in __exit__
    compat.raise_(
  File "/home/airflow/.local/lib/python3.12/site-packages/sqlalchemy/util/compat.py", line 211, in raise_
    raise exception
  File "/home/airflow/.local/lib/python3.12/site-packages/sqlalchemy/pool/impl.py", line 143, in _do_get
    return self._create_connection()
           ^^^^^^^^^^^^^^^^^^^^^^^^^
  File "/home/airflow/.local/lib/python3.12/site-packages/sqlalchemy/pool/base.py", line 273, in _create_connection
    return _ConnectionRecord(self)
           ^^^^^^^^^^^^^^^^^^^^^^^
  File "/home/airflow/.local/lib/python3.12/site-packages/sqlalchemy/pool/base.py", line 388, in __init__
    self.__connect()
  File "/home/airflow/.local/lib/python3.12/site-packages/sqlalchemy/pool/base.py", line 690, in __connect
    with util.safe_reraise():
         ^^^^^^^^^^^^^^^^^^^
  File "/home/airflow/.local/lib/python3.12/site-packages/sqlalchemy/util/langhelpers.py", line 70, in __exit__
    compat.raise_(
  File "/home/airflow/.local/lib/python3.12/site-packages/sqlalchemy/util/compat.py", line 211, in raise_
    raise exception
  File "/home/airflow/.local/lib/python3.12/site-packages/sqlalchemy/pool/base.py", line 686, in __connect
    self.dbapi_connection = connection = pool._invoke_creator(self)
                                         ^^^^^^^^^^^^^^^^^^^^^^^^^^
  File "/home/airflow/.local/lib/python3.12/site-packages/sqlalchemy/engine/create.py", line 574, in connect
    return dialect.connect(*cargs, **cparams)
           ^^^^^^^^^^^^^^^^^^^^^^^^^^^^^^^^^^
  File "/home/airflow/.local/lib/python3.12/site-packages/sqlalchemy/engine/default.py", line 598, in connect
    return self.dbapi.connect(*cargs, **cparams)
           ^^^^^^^^^^^^^^^^^^^^^^^^^^^^^^^^^^^^^
  File "/home/airflow/.local/lib/python3.12/site-packages/psycopg2/__init__.py", line 122, in connect
    conn = _connect(dsn, connection_factory=connection_factory, **kwasync)
           ^^^^^^^^^^^^^^^^^^^^^^^^^^^^^^^^^^^^^^^^^^^^^^^^^^^^^^^^^^^^^^^
sqlalchemy.exc.OperationalError: (psycopg2.OperationalError) could not translate host name "postgres" to address: Temporary failure in name resolution

(Background on this error at: https://sqlalche.me/e/14/e3q8)
[2025-07-07T04:18:25.818+0000] {processor.py:186} INFO - Started process (PID=658) to work on /opt/airflow/dags/driven_data_pipeline.py
[2025-07-07T04:18:25.819+0000] {processor.py:914} INFO - Processing file /opt/airflow/dags/driven_data_pipeline.py for tasks to queue
[2025-07-07T04:18:25.824+0000] {logging_mixin.py:190} INFO - [2025-07-07T04:18:25.823+0000] {dagbag.py:588} INFO - Filling up the DagBag from /opt/airflow/dags/driven_data_pipeline.py
[2025-07-07T04:18:26.450+0000] {processor.py:925} INFO - DAG(s) 'extract_raw_data_pipeline' retrieved from /opt/airflow/dags/driven_data_pipeline.py
[2025-07-07T04:18:26.501+0000] {logging_mixin.py:190} INFO - [2025-07-07T04:18:26.500+0000] {dag.py:3239} INFO - Sync 1 DAGs
[2025-07-07T04:18:26.528+0000] {logging_mixin.py:190} INFO - [2025-07-07T04:18:26.528+0000] {dag.py:4180} INFO - Setting next_dagrun for extract_raw_data_pipeline to 2025-07-06 07:59:00+00:00, run_after=2025-07-07 07:00:00+00:00
[2025-07-07T04:18:26.549+0000] {processor.py:208} INFO - Processing /opt/airflow/dags/driven_data_pipeline.py took 0.743 seconds
[2025-07-07T04:18:57.182+0000] {processor.py:186} INFO - Started process (PID=666) to work on /opt/airflow/dags/driven_data_pipeline.py
[2025-07-07T04:18:57.183+0000] {processor.py:914} INFO - Processing file /opt/airflow/dags/driven_data_pipeline.py for tasks to queue
[2025-07-07T04:18:57.189+0000] {logging_mixin.py:190} INFO - [2025-07-07T04:18:57.185+0000] {dagbag.py:588} INFO - Filling up the DagBag from /opt/airflow/dags/driven_data_pipeline.py
[2025-07-07T04:18:57.777+0000] {processor.py:925} INFO - DAG(s) 'extract_raw_data_pipeline' retrieved from /opt/airflow/dags/driven_data_pipeline.py
[2025-07-07T04:18:57.835+0000] {logging_mixin.py:190} INFO - [2025-07-07T04:18:57.835+0000] {dag.py:3239} INFO - Sync 1 DAGs
[2025-07-07T04:18:57.861+0000] {logging_mixin.py:190} INFO - [2025-07-07T04:18:57.861+0000] {dag.py:4180} INFO - Setting next_dagrun for extract_raw_data_pipeline to 2025-07-06 07:59:00+00:00, run_after=2025-07-07 07:00:00+00:00
[2025-07-07T04:18:57.885+0000] {processor.py:208} INFO - Processing /opt/airflow/dags/driven_data_pipeline.py took 0.715 seconds
[2025-07-07T04:19:27.992+0000] {processor.py:186} INFO - Started process (PID=674) to work on /opt/airflow/dags/driven_data_pipeline.py
[2025-07-07T04:19:27.993+0000] {processor.py:914} INFO - Processing file /opt/airflow/dags/driven_data_pipeline.py for tasks to queue
[2025-07-07T04:19:27.999+0000] {logging_mixin.py:190} INFO - [2025-07-07T04:19:27.996+0000] {dagbag.py:588} INFO - Filling up the DagBag from /opt/airflow/dags/driven_data_pipeline.py
[2025-07-07T04:19:28.613+0000] {processor.py:925} INFO - DAG(s) 'extract_raw_data_pipeline' retrieved from /opt/airflow/dags/driven_data_pipeline.py
[2025-07-07T04:19:28.675+0000] {logging_mixin.py:190} INFO - [2025-07-07T04:19:28.674+0000] {dag.py:3239} INFO - Sync 1 DAGs
[2025-07-07T04:19:28.702+0000] {logging_mixin.py:190} INFO - [2025-07-07T04:19:28.701+0000] {dag.py:4180} INFO - Setting next_dagrun for extract_raw_data_pipeline to 2025-07-06 07:59:00+00:00, run_after=2025-07-07 07:00:00+00:00
[2025-07-07T04:19:28.723+0000] {processor.py:208} INFO - Processing /opt/airflow/dags/driven_data_pipeline.py took 0.745 seconds
[2025-07-07T04:19:58.866+0000] {processor.py:186} INFO - Started process (PID=682) to work on /opt/airflow/dags/driven_data_pipeline.py
[2025-07-07T04:19:58.869+0000] {processor.py:914} INFO - Processing file /opt/airflow/dags/driven_data_pipeline.py for tasks to queue
[2025-07-07T04:19:58.875+0000] {logging_mixin.py:190} INFO - [2025-07-07T04:19:58.871+0000] {dagbag.py:588} INFO - Filling up the DagBag from /opt/airflow/dags/driven_data_pipeline.py
[2025-07-07T04:19:59.566+0000] {processor.py:925} INFO - DAG(s) 'extract_raw_data_pipeline' retrieved from /opt/airflow/dags/driven_data_pipeline.py
[2025-07-07T04:19:59.627+0000] {logging_mixin.py:190} INFO - [2025-07-07T04:19:59.627+0000] {dag.py:3239} INFO - Sync 1 DAGs
[2025-07-07T04:19:59.653+0000] {logging_mixin.py:190} INFO - [2025-07-07T04:19:59.653+0000] {dag.py:4180} INFO - Setting next_dagrun for extract_raw_data_pipeline to 2025-07-06 07:59:00+00:00, run_after=2025-07-07 07:00:00+00:00
[2025-07-07T04:19:59.674+0000] {processor.py:208} INFO - Processing /opt/airflow/dags/driven_data_pipeline.py took 0.824 seconds
[2025-07-07T04:20:29.998+0000] {processor.py:186} INFO - Started process (PID=690) to work on /opt/airflow/dags/driven_data_pipeline.py
[2025-07-07T04:20:30.000+0000] {processor.py:914} INFO - Processing file /opt/airflow/dags/driven_data_pipeline.py for tasks to queue
[2025-07-07T04:20:30.006+0000] {logging_mixin.py:190} INFO - [2025-07-07T04:20:30.003+0000] {dagbag.py:588} INFO - Filling up the DagBag from /opt/airflow/dags/driven_data_pipeline.py
[2025-07-07T04:20:30.541+0000] {processor.py:925} INFO - DAG(s) 'extract_raw_data_pipeline' retrieved from /opt/airflow/dags/driven_data_pipeline.py
[2025-07-07T04:20:30.596+0000] {logging_mixin.py:190} INFO - [2025-07-07T04:20:30.596+0000] {dag.py:3239} INFO - Sync 1 DAGs
[2025-07-07T04:20:30.622+0000] {logging_mixin.py:190} INFO - [2025-07-07T04:20:30.622+0000] {dag.py:4180} INFO - Setting next_dagrun for extract_raw_data_pipeline to 2025-07-06 07:59:00+00:00, run_after=2025-07-07 07:00:00+00:00
[2025-07-07T04:20:30.643+0000] {processor.py:208} INFO - Processing /opt/airflow/dags/driven_data_pipeline.py took 0.656 seconds
[2025-07-07T04:21:00.796+0000] {processor.py:186} INFO - Started process (PID=699) to work on /opt/airflow/dags/driven_data_pipeline.py
[2025-07-07T04:21:00.799+0000] {processor.py:914} INFO - Processing file /opt/airflow/dags/driven_data_pipeline.py for tasks to queue
[2025-07-07T04:21:00.803+0000] {logging_mixin.py:190} INFO - [2025-07-07T04:21:00.802+0000] {dagbag.py:588} INFO - Filling up the DagBag from /opt/airflow/dags/driven_data_pipeline.py
[2025-07-07T04:21:01.416+0000] {processor.py:925} INFO - DAG(s) 'extract_raw_data_pipeline' retrieved from /opt/airflow/dags/driven_data_pipeline.py
[2025-07-07T04:21:01.481+0000] {logging_mixin.py:190} INFO - [2025-07-07T04:21:01.481+0000] {dag.py:3239} INFO - Sync 1 DAGs
[2025-07-07T04:21:01.506+0000] {logging_mixin.py:190} INFO - [2025-07-07T04:21:01.505+0000] {dag.py:4180} INFO - Setting next_dagrun for extract_raw_data_pipeline to 2025-07-06 07:59:00+00:00, run_after=2025-07-07 07:00:00+00:00
[2025-07-07T04:21:01.529+0000] {processor.py:208} INFO - Processing /opt/airflow/dags/driven_data_pipeline.py took 0.748 seconds
[2025-07-07T04:21:31.734+0000] {processor.py:186} INFO - Started process (PID=708) to work on /opt/airflow/dags/driven_data_pipeline.py
[2025-07-07T04:21:31.735+0000] {processor.py:914} INFO - Processing file /opt/airflow/dags/driven_data_pipeline.py for tasks to queue
[2025-07-07T04:21:31.738+0000] {logging_mixin.py:190} INFO - [2025-07-07T04:21:31.738+0000] {dagbag.py:588} INFO - Filling up the DagBag from /opt/airflow/dags/driven_data_pipeline.py
[2025-07-07T04:21:32.041+0000] {processor.py:925} INFO - DAG(s) 'extract_raw_data_pipeline' retrieved from /opt/airflow/dags/driven_data_pipeline.py
[2025-07-07T04:21:32.083+0000] {logging_mixin.py:190} INFO - [2025-07-07T04:21:32.083+0000] {dag.py:3239} INFO - Sync 1 DAGs
[2025-07-07T04:21:32.111+0000] {logging_mixin.py:190} INFO - [2025-07-07T04:21:32.110+0000] {dag.py:4180} INFO - Setting next_dagrun for extract_raw_data_pipeline to 2025-07-06 07:59:00+00:00, run_after=2025-07-07 07:00:00+00:00
[2025-07-07T04:21:32.143+0000] {processor.py:208} INFO - Processing /opt/airflow/dags/driven_data_pipeline.py took 0.417 seconds
[2025-07-07T04:22:02.815+0000] {processor.py:186} INFO - Started process (PID=716) to work on /opt/airflow/dags/driven_data_pipeline.py
[2025-07-07T04:22:02.816+0000] {processor.py:914} INFO - Processing file /opt/airflow/dags/driven_data_pipeline.py for tasks to queue
[2025-07-07T04:22:02.822+0000] {logging_mixin.py:190} INFO - [2025-07-07T04:22:02.819+0000] {dagbag.py:588} INFO - Filling up the DagBag from /opt/airflow/dags/driven_data_pipeline.py
[2025-07-07T04:22:03.356+0000] {processor.py:925} INFO - DAG(s) 'extract_raw_data_pipeline' retrieved from /opt/airflow/dags/driven_data_pipeline.py
[2025-07-07T04:22:03.401+0000] {logging_mixin.py:190} INFO - [2025-07-07T04:22:03.400+0000] {dag.py:3239} INFO - Sync 1 DAGs
[2025-07-07T04:22:03.425+0000] {logging_mixin.py:190} INFO - [2025-07-07T04:22:03.425+0000] {dag.py:4180} INFO - Setting next_dagrun for extract_raw_data_pipeline to 2025-07-06 07:59:00+00:00, run_after=2025-07-07 07:00:00+00:00
[2025-07-07T04:22:03.446+0000] {processor.py:208} INFO - Processing /opt/airflow/dags/driven_data_pipeline.py took 0.644 seconds
[2025-07-07T04:22:34.107+0000] {processor.py:186} INFO - Started process (PID=724) to work on /opt/airflow/dags/driven_data_pipeline.py
[2025-07-07T04:22:34.108+0000] {processor.py:914} INFO - Processing file /opt/airflow/dags/driven_data_pipeline.py for tasks to queue
[2025-07-07T04:22:34.111+0000] {logging_mixin.py:190} INFO - [2025-07-07T04:22:34.111+0000] {dagbag.py:588} INFO - Filling up the DagBag from /opt/airflow/dags/driven_data_pipeline.py
[2025-07-07T04:22:34.685+0000] {processor.py:925} INFO - DAG(s) 'extract_raw_data_pipeline' retrieved from /opt/airflow/dags/driven_data_pipeline.py
[2025-07-07T04:22:34.729+0000] {logging_mixin.py:190} INFO - [2025-07-07T04:22:34.728+0000] {dag.py:3239} INFO - Sync 1 DAGs
[2025-07-07T04:22:34.756+0000] {logging_mixin.py:190} INFO - [2025-07-07T04:22:34.756+0000] {dag.py:4180} INFO - Setting next_dagrun for extract_raw_data_pipeline to 2025-07-06 07:59:00+00:00, run_after=2025-07-07 07:00:00+00:00
[2025-07-07T04:22:34.779+0000] {processor.py:208} INFO - Processing /opt/airflow/dags/driven_data_pipeline.py took 0.682 seconds
[2025-07-07T04:23:04.923+0000] {processor.py:186} INFO - Started process (PID=732) to work on /opt/airflow/dags/driven_data_pipeline.py
[2025-07-07T04:23:04.925+0000] {processor.py:914} INFO - Processing file /opt/airflow/dags/driven_data_pipeline.py for tasks to queue
[2025-07-07T04:23:04.929+0000] {logging_mixin.py:190} INFO - [2025-07-07T04:23:04.928+0000] {dagbag.py:588} INFO - Filling up the DagBag from /opt/airflow/dags/driven_data_pipeline.py
[2025-07-07T04:23:05.572+0000] {processor.py:925} INFO - DAG(s) 'extract_raw_data_pipeline' retrieved from /opt/airflow/dags/driven_data_pipeline.py
[2025-07-07T04:23:05.621+0000] {logging_mixin.py:190} INFO - [2025-07-07T04:23:05.621+0000] {dag.py:3239} INFO - Sync 1 DAGs
[2025-07-07T04:23:05.647+0000] {logging_mixin.py:190} INFO - [2025-07-07T04:23:05.647+0000] {dag.py:4180} INFO - Setting next_dagrun for extract_raw_data_pipeline to 2025-07-06 07:59:00+00:00, run_after=2025-07-07 07:00:00+00:00
[2025-07-07T04:23:05.670+0000] {processor.py:208} INFO - Processing /opt/airflow/dags/driven_data_pipeline.py took 0.760 seconds
[2025-07-07T04:23:36.003+0000] {processor.py:186} INFO - Started process (PID=740) to work on /opt/airflow/dags/driven_data_pipeline.py
[2025-07-07T04:23:36.005+0000] {processor.py:914} INFO - Processing file /opt/airflow/dags/driven_data_pipeline.py for tasks to queue
[2025-07-07T04:23:36.009+0000] {logging_mixin.py:190} INFO - [2025-07-07T04:23:36.008+0000] {dagbag.py:588} INFO - Filling up the DagBag from /opt/airflow/dags/driven_data_pipeline.py
[2025-07-07T04:23:36.585+0000] {processor.py:925} INFO - DAG(s) 'extract_raw_data_pipeline' retrieved from /opt/airflow/dags/driven_data_pipeline.py
[2025-07-07T04:23:36.655+0000] {logging_mixin.py:190} INFO - [2025-07-07T04:23:36.655+0000] {dag.py:3239} INFO - Sync 1 DAGs
[2025-07-07T04:23:36.694+0000] {logging_mixin.py:190} INFO - [2025-07-07T04:23:36.694+0000] {dag.py:4180} INFO - Setting next_dagrun for extract_raw_data_pipeline to 2025-07-06 07:59:00+00:00, run_after=2025-07-07 07:00:00+00:00
[2025-07-07T04:23:36.728+0000] {processor.py:208} INFO - Processing /opt/airflow/dags/driven_data_pipeline.py took 0.738 seconds
[2025-07-07T04:24:07.420+0000] {processor.py:186} INFO - Started process (PID=748) to work on /opt/airflow/dags/driven_data_pipeline.py
[2025-07-07T04:24:07.424+0000] {processor.py:914} INFO - Processing file /opt/airflow/dags/driven_data_pipeline.py for tasks to queue
[2025-07-07T04:24:07.430+0000] {logging_mixin.py:190} INFO - [2025-07-07T04:24:07.427+0000] {dagbag.py:588} INFO - Filling up the DagBag from /opt/airflow/dags/driven_data_pipeline.py
[2025-07-07T04:24:20.073+0000] {processor.py:925} INFO - DAG(s) 'extract_raw_data_pipeline' retrieved from /opt/airflow/dags/driven_data_pipeline.py
[2025-07-07T04:24:20.772+0000] {logging_mixin.py:190} INFO - [2025-07-07T04:24:20.768+0000] {dag.py:3239} INFO - Sync 1 DAGs
[2025-07-07T04:24:20.403+0000] {logging_mixin.py:190} INFO - [2025-07-07T04:24:20.858+0000] {dag.py:4180} INFO - Setting next_dagrun for extract_raw_data_pipeline to 2025-07-06 07:59:00+00:00, run_after=2025-07-07 07:00:00+00:00
[2025-07-07T04:24:20.475+0000] {processor.py:208} INFO - Processing /opt/airflow/dags/driven_data_pipeline.py took 12.249 seconds
[2025-07-07T04:24:52.882+0000] {processor.py:186} INFO - Started process (PID=756) to work on /opt/airflow/dags/driven_data_pipeline.py
[2025-07-07T04:24:52.885+0000] {processor.py:914} INFO - Processing file /opt/airflow/dags/driven_data_pipeline.py for tasks to queue
[2025-07-07T04:24:52.900+0000] {logging_mixin.py:190} INFO - [2025-07-07T04:24:52.893+0000] {dagbag.py:588} INFO - Filling up the DagBag from /opt/airflow/dags/driven_data_pipeline.py
[2025-07-07T04:24:54.086+0000] {processor.py:925} INFO - DAG(s) 'extract_raw_data_pipeline' retrieved from /opt/airflow/dags/driven_data_pipeline.py
[2025-07-07T04:24:54.150+0000] {logging_mixin.py:190} INFO - [2025-07-07T04:24:54.150+0000] {dag.py:3239} INFO - Sync 1 DAGs
[2025-07-07T04:24:54.183+0000] {logging_mixin.py:190} INFO - [2025-07-07T04:24:54.183+0000] {dag.py:4180} INFO - Setting next_dagrun for extract_raw_data_pipeline to 2025-07-06 07:59:00+00:00, run_after=2025-07-07 07:00:00+00:00
[2025-07-07T04:24:54.211+0000] {processor.py:208} INFO - Processing /opt/airflow/dags/driven_data_pipeline.py took 1.360 seconds
[2025-07-07T04:25:24.427+0000] {processor.py:186} INFO - Started process (PID=770) to work on /opt/airflow/dags/driven_data_pipeline.py
[2025-07-07T04:25:24.428+0000] {processor.py:914} INFO - Processing file /opt/airflow/dags/driven_data_pipeline.py for tasks to queue
[2025-07-07T04:25:24.434+0000] {logging_mixin.py:190} INFO - [2025-07-07T04:25:24.432+0000] {dagbag.py:588} INFO - Filling up the DagBag from /opt/airflow/dags/driven_data_pipeline.py
[2025-07-07T04:25:25.041+0000] {processor.py:925} INFO - DAG(s) 'extract_raw_data_pipeline' retrieved from /opt/airflow/dags/driven_data_pipeline.py
[2025-07-07T04:25:25.096+0000] {logging_mixin.py:190} INFO - [2025-07-07T04:25:25.096+0000] {dag.py:3239} INFO - Sync 1 DAGs
[2025-07-07T04:25:25.128+0000] {logging_mixin.py:190} INFO - [2025-07-07T04:25:25.127+0000] {dag.py:4180} INFO - Setting next_dagrun for extract_raw_data_pipeline to 2025-07-06 07:59:00+00:00, run_after=2025-07-07 07:00:00+00:00
[2025-07-07T04:25:25.152+0000] {processor.py:208} INFO - Processing /opt/airflow/dags/driven_data_pipeline.py took 0.735 seconds
[2025-07-07T04:25:55.361+0000] {processor.py:186} INFO - Started process (PID=772) to work on /opt/airflow/dags/driven_data_pipeline.py
[2025-07-07T04:25:55.365+0000] {processor.py:914} INFO - Processing file /opt/airflow/dags/driven_data_pipeline.py for tasks to queue
[2025-07-07T04:25:55.369+0000] {logging_mixin.py:190} INFO - [2025-07-07T04:25:55.367+0000] {dagbag.py:588} INFO - Filling up the DagBag from /opt/airflow/dags/driven_data_pipeline.py
[2025-07-07T04:25:56.002+0000] {processor.py:925} INFO - DAG(s) 'extract_raw_data_pipeline' retrieved from /opt/airflow/dags/driven_data_pipeline.py
[2025-07-07T04:25:56.049+0000] {logging_mixin.py:190} INFO - [2025-07-07T04:25:56.048+0000] {dag.py:3239} INFO - Sync 1 DAGs
[2025-07-07T04:25:56.076+0000] {logging_mixin.py:190} INFO - [2025-07-07T04:25:56.075+0000] {dag.py:4180} INFO - Setting next_dagrun for extract_raw_data_pipeline to 2025-07-06 07:59:00+00:00, run_after=2025-07-07 07:00:00+00:00
[2025-07-07T04:25:56.099+0000] {processor.py:208} INFO - Processing /opt/airflow/dags/driven_data_pipeline.py took 0.751 seconds
[2025-07-07T04:26:26.381+0000] {processor.py:186} INFO - Started process (PID=780) to work on /opt/airflow/dags/driven_data_pipeline.py
[2025-07-07T04:26:26.383+0000] {processor.py:914} INFO - Processing file /opt/airflow/dags/driven_data_pipeline.py for tasks to queue
[2025-07-07T04:26:26.387+0000] {logging_mixin.py:190} INFO - [2025-07-07T04:26:26.386+0000] {dagbag.py:588} INFO - Filling up the DagBag from /opt/airflow/dags/driven_data_pipeline.py
[2025-07-07T04:26:26.928+0000] {processor.py:925} INFO - DAG(s) 'extract_raw_data_pipeline' retrieved from /opt/airflow/dags/driven_data_pipeline.py
[2025-07-07T04:26:27.030+0000] {logging_mixin.py:190} INFO - [2025-07-07T04:26:27.030+0000] {dag.py:3239} INFO - Sync 1 DAGs
[2025-07-07T04:26:27.069+0000] {logging_mixin.py:190} INFO - [2025-07-07T04:26:27.068+0000] {dag.py:4180} INFO - Setting next_dagrun for extract_raw_data_pipeline to 2025-07-06 07:59:00+00:00, run_after=2025-07-07 07:00:00+00:00
[2025-07-07T04:26:27.109+0000] {processor.py:208} INFO - Processing /opt/airflow/dags/driven_data_pipeline.py took 0.742 seconds
[2025-07-07T04:26:57.687+0000] {processor.py:186} INFO - Started process (PID=787) to work on /opt/airflow/dags/driven_data_pipeline.py
[2025-07-07T04:26:57.690+0000] {processor.py:914} INFO - Processing file /opt/airflow/dags/driven_data_pipeline.py for tasks to queue
[2025-07-07T04:26:57.695+0000] {logging_mixin.py:190} INFO - [2025-07-07T04:26:57.693+0000] {dagbag.py:588} INFO - Filling up the DagBag from /opt/airflow/dags/driven_data_pipeline.py
[2025-07-07T04:26:58.404+0000] {processor.py:925} INFO - DAG(s) 'extract_raw_data_pipeline' retrieved from /opt/airflow/dags/driven_data_pipeline.py
[2025-07-07T04:26:58.463+0000] {logging_mixin.py:190} INFO - [2025-07-07T04:26:58.463+0000] {dag.py:3239} INFO - Sync 1 DAGs
[2025-07-07T04:26:58.491+0000] {logging_mixin.py:190} INFO - [2025-07-07T04:26:58.491+0000] {dag.py:4180} INFO - Setting next_dagrun for extract_raw_data_pipeline to 2025-07-06 07:59:00+00:00, run_after=2025-07-07 07:00:00+00:00
[2025-07-07T04:26:58.514+0000] {processor.py:208} INFO - Processing /opt/airflow/dags/driven_data_pipeline.py took 0.841 seconds
[2025-07-07T04:27:30.270+0000] {processor.py:186} INFO - Started process (PID=796) to work on /opt/airflow/dags/driven_data_pipeline.py
[2025-07-07T04:27:30.274+0000] {processor.py:914} INFO - Processing file /opt/airflow/dags/driven_data_pipeline.py for tasks to queue
[2025-07-07T04:27:30.281+0000] {logging_mixin.py:190} INFO - [2025-07-07T04:27:30.278+0000] {dagbag.py:588} INFO - Filling up the DagBag from /opt/airflow/dags/driven_data_pipeline.py
[2025-07-07T04:27:31.112+0000] {processor.py:925} INFO - DAG(s) 'extract_raw_data_pipeline' retrieved from /opt/airflow/dags/driven_data_pipeline.py
[2025-07-07T04:27:31.200+0000] {logging_mixin.py:190} INFO - [2025-07-07T04:27:31.200+0000] {dag.py:3239} INFO - Sync 1 DAGs
[2025-07-07T04:27:31.253+0000] {logging_mixin.py:190} INFO - [2025-07-07T04:27:31.253+0000] {dag.py:4180} INFO - Setting next_dagrun for extract_raw_data_pipeline to 2025-07-06 07:59:00+00:00, run_after=2025-07-07 07:00:00+00:00
[2025-07-07T04:27:31.288+0000] {processor.py:208} INFO - Processing /opt/airflow/dags/driven_data_pipeline.py took 1.055 seconds
[2025-07-07T04:28:01.730+0000] {processor.py:186} INFO - Started process (PID=809) to work on /opt/airflow/dags/driven_data_pipeline.py
[2025-07-07T04:28:01.733+0000] {processor.py:914} INFO - Processing file /opt/airflow/dags/driven_data_pipeline.py for tasks to queue
[2025-07-07T04:28:01.740+0000] {logging_mixin.py:190} INFO - [2025-07-07T04:28:01.740+0000] {dagbag.py:588} INFO - Filling up the DagBag from /opt/airflow/dags/driven_data_pipeline.py
[2025-07-07T04:28:02.182+0000] {processor.py:925} INFO - DAG(s) 'extract_raw_data_pipeline' retrieved from /opt/airflow/dags/driven_data_pipeline.py
[2025-07-07T04:28:02.223+0000] {logging_mixin.py:190} INFO - [2025-07-07T04:28:02.223+0000] {dag.py:3239} INFO - Sync 1 DAGs
[2025-07-07T04:28:02.256+0000] {logging_mixin.py:190} INFO - [2025-07-07T04:28:02.256+0000] {dag.py:4180} INFO - Setting next_dagrun for extract_raw_data_pipeline to 2025-07-06 07:59:00+00:00, run_after=2025-07-07 07:00:00+00:00
[2025-07-07T04:28:02.284+0000] {processor.py:208} INFO - Processing /opt/airflow/dags/driven_data_pipeline.py took 0.572 seconds
[2025-07-07T04:28:32.478+0000] {processor.py:186} INFO - Started process (PID=811) to work on /opt/airflow/dags/driven_data_pipeline.py
[2025-07-07T04:28:32.480+0000] {processor.py:914} INFO - Processing file /opt/airflow/dags/driven_data_pipeline.py for tasks to queue
[2025-07-07T04:28:32.484+0000] {logging_mixin.py:190} INFO - [2025-07-07T04:28:32.483+0000] {dagbag.py:588} INFO - Filling up the DagBag from /opt/airflow/dags/driven_data_pipeline.py
[2025-07-07T04:28:33.271+0000] {processor.py:925} INFO - DAG(s) 'extract_raw_data_pipeline' retrieved from /opt/airflow/dags/driven_data_pipeline.py
[2025-07-07T04:28:33.324+0000] {logging_mixin.py:190} INFO - [2025-07-07T04:28:33.323+0000] {dag.py:3239} INFO - Sync 1 DAGs
[2025-07-07T04:28:33.350+0000] {logging_mixin.py:190} INFO - [2025-07-07T04:28:33.349+0000] {dag.py:4180} INFO - Setting next_dagrun for extract_raw_data_pipeline to 2025-07-06 07:59:00+00:00, run_after=2025-07-07 07:00:00+00:00
[2025-07-07T04:28:33.371+0000] {processor.py:208} INFO - Processing /opt/airflow/dags/driven_data_pipeline.py took 0.905 seconds
[2025-07-07T04:29:03.519+0000] {processor.py:186} INFO - Started process (PID=819) to work on /opt/airflow/dags/driven_data_pipeline.py
[2025-07-07T04:29:03.523+0000] {processor.py:914} INFO - Processing file /opt/airflow/dags/driven_data_pipeline.py for tasks to queue
[2025-07-07T04:29:03.527+0000] {logging_mixin.py:190} INFO - [2025-07-07T04:29:03.525+0000] {dagbag.py:588} INFO - Filling up the DagBag from /opt/airflow/dags/driven_data_pipeline.py
[2025-07-07T04:29:04.078+0000] {processor.py:925} INFO - DAG(s) 'extract_raw_data_pipeline' retrieved from /opt/airflow/dags/driven_data_pipeline.py
[2025-07-07T04:29:04.139+0000] {logging_mixin.py:190} INFO - [2025-07-07T04:29:04.138+0000] {dag.py:3239} INFO - Sync 1 DAGs
[2025-07-07T04:29:04.165+0000] {logging_mixin.py:190} INFO - [2025-07-07T04:29:04.165+0000] {dag.py:4180} INFO - Setting next_dagrun for extract_raw_data_pipeline to 2025-07-06 07:59:00+00:00, run_after=2025-07-07 07:00:00+00:00
[2025-07-07T04:29:04.186+0000] {processor.py:208} INFO - Processing /opt/airflow/dags/driven_data_pipeline.py took 0.680 seconds
[2025-07-07T04:29:34.739+0000] {processor.py:186} INFO - Started process (PID=828) to work on /opt/airflow/dags/driven_data_pipeline.py
[2025-07-07T04:29:34.740+0000] {processor.py:914} INFO - Processing file /opt/airflow/dags/driven_data_pipeline.py for tasks to queue
[2025-07-07T04:29:34.744+0000] {logging_mixin.py:190} INFO - [2025-07-07T04:29:34.743+0000] {dagbag.py:588} INFO - Filling up the DagBag from /opt/airflow/dags/driven_data_pipeline.py
[2025-07-07T04:29:35.371+0000] {processor.py:925} INFO - DAG(s) 'extract_raw_data_pipeline' retrieved from /opt/airflow/dags/driven_data_pipeline.py
[2025-07-07T04:29:35.427+0000] {logging_mixin.py:190} INFO - [2025-07-07T04:29:35.427+0000] {dag.py:3239} INFO - Sync 1 DAGs
[2025-07-07T04:29:35.454+0000] {logging_mixin.py:190} INFO - [2025-07-07T04:29:35.454+0000] {dag.py:4180} INFO - Setting next_dagrun for extract_raw_data_pipeline to 2025-07-06 07:59:00+00:00, run_after=2025-07-07 07:00:00+00:00
[2025-07-07T04:29:35.477+0000] {processor.py:208} INFO - Processing /opt/airflow/dags/driven_data_pipeline.py took 0.751 seconds
