[2025-06-30T01:54:58.501+0000] {processor.py:186} INFO - Started process (PID=382) to work on /opt/airflow/dags/driven_data_pipeline.py
[2025-06-30T01:54:58.512+0000] {processor.py:914} INFO - Processing file /opt/airflow/dags/driven_data_pipeline.py for tasks to queue
[2025-06-30T01:54:58.552+0000] {logging_mixin.py:190} INFO - [2025-06-30T01:54:58.547+0000] {dagbag.py:588} INFO - Filling up the DagBag from /opt/airflow/dags/driven_data_pipeline.py
[2025-06-30T01:54:58.606+0000] {logging_mixin.py:190} INFO - [2025-06-30T01:54:58.592+0000] {dagbag.py:387} ERROR - Failed to import: /opt/airflow/dags/driven_data_pipeline.py
Traceback (most recent call last):
  File "/home/airflow/.local/lib/python3.12/site-packages/airflow/models/dagbag.py", line 383, in parse
    loader.exec_module(new_module)
  File "<frozen importlib._bootstrap_external>", line 995, in exec_module
  File "<frozen importlib._bootstrap>", line 488, in _call_with_frames_removed
  File "/opt/airflow/dags/driven_data_pipeline.py", line 9, in <module>
    dag = DAG(
         ^^^
NameError: name 'DAG' is not defined
[2025-06-30T01:54:58.610+0000] {processor.py:927} WARNING - No viable dags retrieved from /opt/airflow/dags/driven_data_pipeline.py
[2025-06-30T01:54:58.703+0000] {processor.py:208} INFO - Processing /opt/airflow/dags/driven_data_pipeline.py took 0.306 seconds
[2025-06-30T01:55:28.898+0000] {processor.py:186} INFO - Started process (PID=395) to work on /opt/airflow/dags/driven_data_pipeline.py
[2025-06-30T01:55:28.900+0000] {processor.py:914} INFO - Processing file /opt/airflow/dags/driven_data_pipeline.py for tasks to queue
[2025-06-30T01:55:28.903+0000] {logging_mixin.py:190} INFO - [2025-06-30T01:55:28.903+0000] {dagbag.py:588} INFO - Filling up the DagBag from /opt/airflow/dags/driven_data_pipeline.py
[2025-06-30T01:55:28.923+0000] {logging_mixin.py:190} INFO - [2025-06-30T01:55:28.918+0000] {dagbag.py:387} ERROR - Failed to import: /opt/airflow/dags/driven_data_pipeline.py
Traceback (most recent call last):
  File "/home/airflow/.local/lib/python3.12/site-packages/airflow/models/dagbag.py", line 383, in parse
    loader.exec_module(new_module)
  File "<frozen importlib._bootstrap_external>", line 995, in exec_module
  File "<frozen importlib._bootstrap>", line 488, in _call_with_frames_removed
  File "/opt/airflow/dags/driven_data_pipeline.py", line 9, in <module>
    dag = DAG(
         ^^^
NameError: name 'DAG' is not defined
[2025-06-30T01:55:28.925+0000] {processor.py:927} WARNING - No viable dags retrieved from /opt/airflow/dags/driven_data_pipeline.py
[2025-06-30T01:55:28.950+0000] {processor.py:208} INFO - Processing /opt/airflow/dags/driven_data_pipeline.py took 0.059 seconds
[2025-06-30T01:55:59.768+0000] {processor.py:186} INFO - Started process (PID=402) to work on /opt/airflow/dags/driven_data_pipeline.py
[2025-06-30T01:55:59.773+0000] {processor.py:914} INFO - Processing file /opt/airflow/dags/driven_data_pipeline.py for tasks to queue
[2025-06-30T01:55:59.790+0000] {logging_mixin.py:190} INFO - [2025-06-30T01:55:59.785+0000] {dagbag.py:588} INFO - Filling up the DagBag from /opt/airflow/dags/driven_data_pipeline.py
[2025-06-30T01:55:59.841+0000] {logging_mixin.py:190} INFO - [2025-06-30T01:55:59.828+0000] {dagbag.py:387} ERROR - Failed to import: /opt/airflow/dags/driven_data_pipeline.py
Traceback (most recent call last):
  File "/home/airflow/.local/lib/python3.12/site-packages/airflow/models/dagbag.py", line 383, in parse
    loader.exec_module(new_module)
  File "<frozen importlib._bootstrap_external>", line 995, in exec_module
  File "<frozen importlib._bootstrap>", line 488, in _call_with_frames_removed
  File "/opt/airflow/dags/driven_data_pipeline.py", line 9, in <module>
    dag = DAG(
         ^^^
NameError: name 'DAG' is not defined
[2025-06-30T01:55:59.849+0000] {processor.py:927} WARNING - No viable dags retrieved from /opt/airflow/dags/driven_data_pipeline.py
[2025-06-30T01:55:59.923+0000] {processor.py:208} INFO - Processing /opt/airflow/dags/driven_data_pipeline.py took 0.178 seconds
[2025-06-30T01:56:30.685+0000] {processor.py:186} INFO - Started process (PID=409) to work on /opt/airflow/dags/driven_data_pipeline.py
[2025-06-30T01:56:30.686+0000] {processor.py:914} INFO - Processing file /opt/airflow/dags/driven_data_pipeline.py for tasks to queue
[2025-06-30T01:56:30.692+0000] {logging_mixin.py:190} INFO - [2025-06-30T01:56:30.691+0000] {dagbag.py:588} INFO - Filling up the DagBag from /opt/airflow/dags/driven_data_pipeline.py
[2025-06-30T01:56:30.713+0000] {logging_mixin.py:190} INFO - [2025-06-30T01:56:30.708+0000] {dagbag.py:387} ERROR - Failed to import: /opt/airflow/dags/driven_data_pipeline.py
Traceback (most recent call last):
  File "/home/airflow/.local/lib/python3.12/site-packages/airflow/models/dagbag.py", line 383, in parse
    loader.exec_module(new_module)
  File "<frozen importlib._bootstrap_external>", line 995, in exec_module
  File "<frozen importlib._bootstrap>", line 488, in _call_with_frames_removed
  File "/opt/airflow/dags/driven_data_pipeline.py", line 9, in <module>
    dag = DAG(
         ^^^
NameError: name 'DAG' is not defined
[2025-06-30T01:56:30.715+0000] {processor.py:927} WARNING - No viable dags retrieved from /opt/airflow/dags/driven_data_pipeline.py
[2025-06-30T01:56:30.752+0000] {processor.py:208} INFO - Processing /opt/airflow/dags/driven_data_pipeline.py took 0.078 seconds
[2025-06-30T01:57:01.605+0000] {processor.py:186} INFO - Started process (PID=416) to work on /opt/airflow/dags/driven_data_pipeline.py
[2025-06-30T01:57:01.612+0000] {processor.py:914} INFO - Processing file /opt/airflow/dags/driven_data_pipeline.py for tasks to queue
[2025-06-30T01:57:01.629+0000] {logging_mixin.py:190} INFO - [2025-06-30T01:57:01.629+0000] {dagbag.py:588} INFO - Filling up the DagBag from /opt/airflow/dags/driven_data_pipeline.py
[2025-06-30T01:57:01.651+0000] {logging_mixin.py:190} INFO - [2025-06-30T01:57:01.645+0000] {dagbag.py:387} ERROR - Failed to import: /opt/airflow/dags/driven_data_pipeline.py
Traceback (most recent call last):
  File "/home/airflow/.local/lib/python3.12/site-packages/airflow/models/dagbag.py", line 383, in parse
    loader.exec_module(new_module)
  File "<frozen importlib._bootstrap_external>", line 995, in exec_module
  File "<frozen importlib._bootstrap>", line 488, in _call_with_frames_removed
  File "/opt/airflow/dags/driven_data_pipeline.py", line 9, in <module>
    dag = DAG(
         ^^^
NameError: name 'DAG' is not defined
[2025-06-30T01:57:01.654+0000] {processor.py:927} WARNING - No viable dags retrieved from /opt/airflow/dags/driven_data_pipeline.py
[2025-06-30T01:57:01.682+0000] {processor.py:208} INFO - Processing /opt/airflow/dags/driven_data_pipeline.py took 0.098 seconds
[2025-06-30T01:57:32.623+0000] {processor.py:186} INFO - Started process (PID=423) to work on /opt/airflow/dags/driven_data_pipeline.py
[2025-06-30T01:57:32.625+0000] {processor.py:914} INFO - Processing file /opt/airflow/dags/driven_data_pipeline.py for tasks to queue
[2025-06-30T01:57:32.633+0000] {logging_mixin.py:190} INFO - [2025-06-30T01:57:32.631+0000] {dagbag.py:588} INFO - Filling up the DagBag from /opt/airflow/dags/driven_data_pipeline.py
[2025-06-30T01:57:32.659+0000] {logging_mixin.py:190} INFO - [2025-06-30T01:57:32.654+0000] {dagbag.py:387} ERROR - Failed to import: /opt/airflow/dags/driven_data_pipeline.py
Traceback (most recent call last):
  File "/home/airflow/.local/lib/python3.12/site-packages/airflow/models/dagbag.py", line 383, in parse
    loader.exec_module(new_module)
  File "<frozen importlib._bootstrap_external>", line 995, in exec_module
  File "<frozen importlib._bootstrap>", line 488, in _call_with_frames_removed
  File "/opt/airflow/dags/driven_data_pipeline.py", line 9, in <module>
    dag = DAG(
         ^^^
NameError: name 'DAG' is not defined
[2025-06-30T01:57:32.662+0000] {processor.py:927} WARNING - No viable dags retrieved from /opt/airflow/dags/driven_data_pipeline.py
[2025-06-30T01:57:32.689+0000] {processor.py:208} INFO - Processing /opt/airflow/dags/driven_data_pipeline.py took 0.078 seconds
[2025-06-30T01:58:03.472+0000] {processor.py:186} INFO - Started process (PID=430) to work on /opt/airflow/dags/driven_data_pipeline.py
[2025-06-30T01:58:03.474+0000] {processor.py:914} INFO - Processing file /opt/airflow/dags/driven_data_pipeline.py for tasks to queue
[2025-06-30T01:58:03.478+0000] {logging_mixin.py:190} INFO - [2025-06-30T01:58:03.478+0000] {dagbag.py:588} INFO - Filling up the DagBag from /opt/airflow/dags/driven_data_pipeline.py
[2025-06-30T01:58:03.502+0000] {logging_mixin.py:190} INFO - [2025-06-30T01:58:03.495+0000] {dagbag.py:387} ERROR - Failed to import: /opt/airflow/dags/driven_data_pipeline.py
Traceback (most recent call last):
  File "/home/airflow/.local/lib/python3.12/site-packages/airflow/models/dagbag.py", line 383, in parse
    loader.exec_module(new_module)
  File "<frozen importlib._bootstrap_external>", line 995, in exec_module
  File "<frozen importlib._bootstrap>", line 488, in _call_with_frames_removed
  File "/opt/airflow/dags/driven_data_pipeline.py", line 9, in <module>
    dag = DAG(
         ^^^
NameError: name 'DAG' is not defined
[2025-06-30T01:58:03.505+0000] {processor.py:927} WARNING - No viable dags retrieved from /opt/airflow/dags/driven_data_pipeline.py
[2025-06-30T01:58:03.531+0000] {processor.py:208} INFO - Processing /opt/airflow/dags/driven_data_pipeline.py took 0.068 seconds
[2025-06-30T01:58:34.289+0000] {processor.py:186} INFO - Started process (PID=437) to work on /opt/airflow/dags/driven_data_pipeline.py
[2025-06-30T01:58:34.291+0000] {processor.py:914} INFO - Processing file /opt/airflow/dags/driven_data_pipeline.py for tasks to queue
[2025-06-30T01:58:34.295+0000] {logging_mixin.py:190} INFO - [2025-06-30T01:58:34.294+0000] {dagbag.py:588} INFO - Filling up the DagBag from /opt/airflow/dags/driven_data_pipeline.py
[2025-06-30T01:58:34.315+0000] {logging_mixin.py:190} INFO - [2025-06-30T01:58:34.310+0000] {dagbag.py:387} ERROR - Failed to import: /opt/airflow/dags/driven_data_pipeline.py
Traceback (most recent call last):
  File "/home/airflow/.local/lib/python3.12/site-packages/airflow/models/dagbag.py", line 383, in parse
    loader.exec_module(new_module)
  File "<frozen importlib._bootstrap_external>", line 995, in exec_module
  File "<frozen importlib._bootstrap>", line 488, in _call_with_frames_removed
  File "/opt/airflow/dags/driven_data_pipeline.py", line 9, in <module>
    dag = DAG(
         ^^^
NameError: name 'DAG' is not defined
[2025-06-30T01:58:34.318+0000] {processor.py:927} WARNING - No viable dags retrieved from /opt/airflow/dags/driven_data_pipeline.py
[2025-06-30T01:58:34.350+0000] {processor.py:208} INFO - Processing /opt/airflow/dags/driven_data_pipeline.py took 0.072 seconds
[2025-06-30T01:59:05.271+0000] {processor.py:186} INFO - Started process (PID=444) to work on /opt/airflow/dags/driven_data_pipeline.py
[2025-06-30T01:59:05.272+0000] {processor.py:914} INFO - Processing file /opt/airflow/dags/driven_data_pipeline.py for tasks to queue
[2025-06-30T01:59:05.276+0000] {logging_mixin.py:190} INFO - [2025-06-30T01:59:05.276+0000] {dagbag.py:588} INFO - Filling up the DagBag from /opt/airflow/dags/driven_data_pipeline.py
[2025-06-30T01:59:05.294+0000] {logging_mixin.py:190} INFO - [2025-06-30T01:59:05.289+0000] {dagbag.py:387} ERROR - Failed to import: /opt/airflow/dags/driven_data_pipeline.py
Traceback (most recent call last):
  File "/home/airflow/.local/lib/python3.12/site-packages/airflow/models/dagbag.py", line 383, in parse
    loader.exec_module(new_module)
  File "<frozen importlib._bootstrap_external>", line 995, in exec_module
  File "<frozen importlib._bootstrap>", line 488, in _call_with_frames_removed
  File "/opt/airflow/dags/driven_data_pipeline.py", line 9, in <module>
    dag = DAG(
         ^^^
NameError: name 'DAG' is not defined
[2025-06-30T01:59:05.296+0000] {processor.py:927} WARNING - No viable dags retrieved from /opt/airflow/dags/driven_data_pipeline.py
[2025-06-30T01:59:05.320+0000] {processor.py:208} INFO - Processing /opt/airflow/dags/driven_data_pipeline.py took 0.056 seconds
[2025-06-30T01:59:35.492+0000] {processor.py:186} INFO - Started process (PID=457) to work on /opt/airflow/dags/driven_data_pipeline.py
[2025-06-30T01:59:35.493+0000] {processor.py:914} INFO - Processing file /opt/airflow/dags/driven_data_pipeline.py for tasks to queue
[2025-06-30T01:59:35.498+0000] {logging_mixin.py:190} INFO - [2025-06-30T01:59:35.498+0000] {dagbag.py:588} INFO - Filling up the DagBag from /opt/airflow/dags/driven_data_pipeline.py
[2025-06-30T01:59:35.517+0000] {logging_mixin.py:190} INFO - [2025-06-30T01:59:35.512+0000] {dagbag.py:387} ERROR - Failed to import: /opt/airflow/dags/driven_data_pipeline.py
Traceback (most recent call last):
  File "/home/airflow/.local/lib/python3.12/site-packages/airflow/models/dagbag.py", line 383, in parse
    loader.exec_module(new_module)
  File "<frozen importlib._bootstrap_external>", line 995, in exec_module
  File "<frozen importlib._bootstrap>", line 488, in _call_with_frames_removed
  File "/opt/airflow/dags/driven_data_pipeline.py", line 9, in <module>
    dag = DAG(
         ^^^
NameError: name 'DAG' is not defined
[2025-06-30T01:59:35.518+0000] {processor.py:927} WARNING - No viable dags retrieved from /opt/airflow/dags/driven_data_pipeline.py
[2025-06-30T01:59:35.542+0000] {processor.py:208} INFO - Processing /opt/airflow/dags/driven_data_pipeline.py took 0.058 seconds
[2025-06-30T02:00:05.624+0000] {processor.py:186} INFO - Started process (PID=464) to work on /opt/airflow/dags/driven_data_pipeline.py
[2025-06-30T02:00:05.626+0000] {processor.py:914} INFO - Processing file /opt/airflow/dags/driven_data_pipeline.py for tasks to queue
[2025-06-30T02:00:05.629+0000] {logging_mixin.py:190} INFO - [2025-06-30T02:00:05.628+0000] {dagbag.py:588} INFO - Filling up the DagBag from /opt/airflow/dags/driven_data_pipeline.py
[2025-06-30T02:00:05.647+0000] {logging_mixin.py:190} INFO - [2025-06-30T02:00:05.643+0000] {dagbag.py:387} ERROR - Failed to import: /opt/airflow/dags/driven_data_pipeline.py
Traceback (most recent call last):
  File "/home/airflow/.local/lib/python3.12/site-packages/airflow/models/dagbag.py", line 383, in parse
    loader.exec_module(new_module)
  File "<frozen importlib._bootstrap_external>", line 995, in exec_module
  File "<frozen importlib._bootstrap>", line 488, in _call_with_frames_removed
  File "/opt/airflow/dags/driven_data_pipeline.py", line 9, in <module>
    dag = DAG(
         ^^^
NameError: name 'DAG' is not defined
[2025-06-30T02:00:05.649+0000] {processor.py:927} WARNING - No viable dags retrieved from /opt/airflow/dags/driven_data_pipeline.py
[2025-06-30T02:00:05.675+0000] {processor.py:208} INFO - Processing /opt/airflow/dags/driven_data_pipeline.py took 0.058 seconds
[2025-06-30T02:00:35.730+0000] {processor.py:186} INFO - Started process (PID=471) to work on /opt/airflow/dags/driven_data_pipeline.py
[2025-06-30T02:00:35.736+0000] {processor.py:914} INFO - Processing file /opt/airflow/dags/driven_data_pipeline.py for tasks to queue
[2025-06-30T02:00:35.741+0000] {logging_mixin.py:190} INFO - [2025-06-30T02:00:35.740+0000] {dagbag.py:588} INFO - Filling up the DagBag from /opt/airflow/dags/driven_data_pipeline.py
[2025-06-30T02:00:35.759+0000] {logging_mixin.py:190} INFO - [2025-06-30T02:00:35.754+0000] {dagbag.py:387} ERROR - Failed to import: /opt/airflow/dags/driven_data_pipeline.py
Traceback (most recent call last):
  File "/home/airflow/.local/lib/python3.12/site-packages/airflow/models/dagbag.py", line 383, in parse
    loader.exec_module(new_module)
  File "<frozen importlib._bootstrap_external>", line 995, in exec_module
  File "<frozen importlib._bootstrap>", line 488, in _call_with_frames_removed
  File "/opt/airflow/dags/driven_data_pipeline.py", line 9, in <module>
    dag = DAG(
         ^^^
NameError: name 'DAG' is not defined
[2025-06-30T02:00:35.761+0000] {processor.py:927} WARNING - No viable dags retrieved from /opt/airflow/dags/driven_data_pipeline.py
[2025-06-30T02:00:35.787+0000] {processor.py:208} INFO - Processing /opt/airflow/dags/driven_data_pipeline.py took 0.067 seconds
[2025-06-30T02:01:06.615+0000] {processor.py:186} INFO - Started process (PID=478) to work on /opt/airflow/dags/driven_data_pipeline.py
[2025-06-30T02:01:06.616+0000] {processor.py:914} INFO - Processing file /opt/airflow/dags/driven_data_pipeline.py for tasks to queue
[2025-06-30T02:01:06.621+0000] {logging_mixin.py:190} INFO - [2025-06-30T02:01:06.620+0000] {dagbag.py:588} INFO - Filling up the DagBag from /opt/airflow/dags/driven_data_pipeline.py
[2025-06-30T02:01:06.642+0000] {logging_mixin.py:190} INFO - [2025-06-30T02:01:06.637+0000] {dagbag.py:387} ERROR - Failed to import: /opt/airflow/dags/driven_data_pipeline.py
Traceback (most recent call last):
  File "/home/airflow/.local/lib/python3.12/site-packages/airflow/models/dagbag.py", line 383, in parse
    loader.exec_module(new_module)
  File "<frozen importlib._bootstrap_external>", line 995, in exec_module
  File "<frozen importlib._bootstrap>", line 488, in _call_with_frames_removed
  File "/opt/airflow/dags/driven_data_pipeline.py", line 9, in <module>
    dag = DAG(
         ^^^
NameError: name 'DAG' is not defined
[2025-06-30T02:01:06.645+0000] {processor.py:927} WARNING - No viable dags retrieved from /opt/airflow/dags/driven_data_pipeline.py
[2025-06-30T02:01:06.675+0000] {processor.py:208} INFO - Processing /opt/airflow/dags/driven_data_pipeline.py took 0.069 seconds
[2025-06-30T02:01:37.589+0000] {processor.py:186} INFO - Started process (PID=485) to work on /opt/airflow/dags/driven_data_pipeline.py
[2025-06-30T02:01:37.590+0000] {processor.py:914} INFO - Processing file /opt/airflow/dags/driven_data_pipeline.py for tasks to queue
[2025-06-30T02:01:37.594+0000] {logging_mixin.py:190} INFO - [2025-06-30T02:01:37.593+0000] {dagbag.py:588} INFO - Filling up the DagBag from /opt/airflow/dags/driven_data_pipeline.py
[2025-06-30T02:01:37.613+0000] {logging_mixin.py:190} INFO - [2025-06-30T02:01:37.609+0000] {dagbag.py:387} ERROR - Failed to import: /opt/airflow/dags/driven_data_pipeline.py
Traceback (most recent call last):
  File "/home/airflow/.local/lib/python3.12/site-packages/airflow/models/dagbag.py", line 383, in parse
    loader.exec_module(new_module)
  File "<frozen importlib._bootstrap_external>", line 995, in exec_module
  File "<frozen importlib._bootstrap>", line 488, in _call_with_frames_removed
  File "/opt/airflow/dags/driven_data_pipeline.py", line 9, in <module>
    dag = DAG(
         ^^^
NameError: name 'DAG' is not defined
[2025-06-30T02:01:37.615+0000] {processor.py:927} WARNING - No viable dags retrieved from /opt/airflow/dags/driven_data_pipeline.py
[2025-06-30T02:01:37.638+0000] {processor.py:208} INFO - Processing /opt/airflow/dags/driven_data_pipeline.py took 0.057 seconds
[2025-06-30T02:02:08.590+0000] {processor.py:186} INFO - Started process (PID=493) to work on /opt/airflow/dags/driven_data_pipeline.py
[2025-06-30T02:02:08.591+0000] {processor.py:914} INFO - Processing file /opt/airflow/dags/driven_data_pipeline.py for tasks to queue
[2025-06-30T02:02:08.595+0000] {logging_mixin.py:190} INFO - [2025-06-30T02:02:08.594+0000] {dagbag.py:588} INFO - Filling up the DagBag from /opt/airflow/dags/driven_data_pipeline.py
[2025-06-30T02:02:08.612+0000] {logging_mixin.py:190} INFO - [2025-06-30T02:02:08.607+0000] {dagbag.py:387} ERROR - Failed to import: /opt/airflow/dags/driven_data_pipeline.py
Traceback (most recent call last):
  File "/home/airflow/.local/lib/python3.12/site-packages/airflow/models/dagbag.py", line 383, in parse
    loader.exec_module(new_module)
  File "<frozen importlib._bootstrap_external>", line 995, in exec_module
  File "<frozen importlib._bootstrap>", line 488, in _call_with_frames_removed
  File "/opt/airflow/dags/driven_data_pipeline.py", line 9, in <module>
    dag = DAG(
         ^^^
NameError: name 'DAG' is not defined
[2025-06-30T02:02:08.615+0000] {processor.py:927} WARNING - No viable dags retrieved from /opt/airflow/dags/driven_data_pipeline.py
[2025-06-30T02:02:08.644+0000] {processor.py:208} INFO - Processing /opt/airflow/dags/driven_data_pipeline.py took 0.061 seconds
[2025-06-30T02:02:39.668+0000] {processor.py:186} INFO - Started process (PID=500) to work on /opt/airflow/dags/driven_data_pipeline.py
[2025-06-30T02:02:39.669+0000] {processor.py:914} INFO - Processing file /opt/airflow/dags/driven_data_pipeline.py for tasks to queue
[2025-06-30T02:02:39.675+0000] {logging_mixin.py:190} INFO - [2025-06-30T02:02:39.674+0000] {dagbag.py:588} INFO - Filling up the DagBag from /opt/airflow/dags/driven_data_pipeline.py
[2025-06-30T02:02:39.695+0000] {logging_mixin.py:190} INFO - [2025-06-30T02:02:39.690+0000] {dagbag.py:387} ERROR - Failed to import: /opt/airflow/dags/driven_data_pipeline.py
Traceback (most recent call last):
  File "/home/airflow/.local/lib/python3.12/site-packages/airflow/models/dagbag.py", line 383, in parse
    loader.exec_module(new_module)
  File "<frozen importlib._bootstrap_external>", line 995, in exec_module
  File "<frozen importlib._bootstrap>", line 488, in _call_with_frames_removed
  File "/opt/airflow/dags/driven_data_pipeline.py", line 9, in <module>
    dag = DAG(
         ^^^
NameError: name 'DAG' is not defined
[2025-06-30T02:02:39.698+0000] {processor.py:927} WARNING - No viable dags retrieved from /opt/airflow/dags/driven_data_pipeline.py
[2025-06-30T02:02:39.725+0000] {processor.py:208} INFO - Processing /opt/airflow/dags/driven_data_pipeline.py took 0.071 seconds
[2025-06-30T02:03:10.490+0000] {processor.py:186} INFO - Started process (PID=507) to work on /opt/airflow/dags/driven_data_pipeline.py
[2025-06-30T02:03:10.492+0000] {processor.py:914} INFO - Processing file /opt/airflow/dags/driven_data_pipeline.py for tasks to queue
[2025-06-30T02:03:10.505+0000] {logging_mixin.py:190} INFO - [2025-06-30T02:03:10.504+0000] {dagbag.py:588} INFO - Filling up the DagBag from /opt/airflow/dags/driven_data_pipeline.py
[2025-06-30T02:03:10.541+0000] {logging_mixin.py:190} INFO - [2025-06-30T02:03:10.527+0000] {dagbag.py:387} ERROR - Failed to import: /opt/airflow/dags/driven_data_pipeline.py
Traceback (most recent call last):
  File "/home/airflow/.local/lib/python3.12/site-packages/airflow/models/dagbag.py", line 383, in parse
    loader.exec_module(new_module)
  File "<frozen importlib._bootstrap_external>", line 995, in exec_module
  File "<frozen importlib._bootstrap>", line 488, in _call_with_frames_removed
  File "/opt/airflow/dags/driven_data_pipeline.py", line 9, in <module>
    dag = DAG(
         ^^^
NameError: name 'DAG' is not defined
[2025-06-30T02:03:10.546+0000] {processor.py:927} WARNING - No viable dags retrieved from /opt/airflow/dags/driven_data_pipeline.py
[2025-06-30T02:03:10.580+0000] {processor.py:208} INFO - Processing /opt/airflow/dags/driven_data_pipeline.py took 0.103 seconds
[2025-06-30T02:03:40.754+0000] {processor.py:186} INFO - Started process (PID=520) to work on /opt/airflow/dags/driven_data_pipeline.py
[2025-06-30T02:03:40.756+0000] {processor.py:914} INFO - Processing file /opt/airflow/dags/driven_data_pipeline.py for tasks to queue
[2025-06-30T02:03:40.761+0000] {logging_mixin.py:190} INFO - [2025-06-30T02:03:40.760+0000] {dagbag.py:588} INFO - Filling up the DagBag from /opt/airflow/dags/driven_data_pipeline.py
[2025-06-30T02:03:40.783+0000] {logging_mixin.py:190} INFO - [2025-06-30T02:03:40.778+0000] {dagbag.py:387} ERROR - Failed to import: /opt/airflow/dags/driven_data_pipeline.py
Traceback (most recent call last):
  File "/home/airflow/.local/lib/python3.12/site-packages/airflow/models/dagbag.py", line 383, in parse
    loader.exec_module(new_module)
  File "<frozen importlib._bootstrap_external>", line 995, in exec_module
  File "<frozen importlib._bootstrap>", line 488, in _call_with_frames_removed
  File "/opt/airflow/dags/driven_data_pipeline.py", line 9, in <module>
    dag = DAG(
         ^^^
NameError: name 'DAG' is not defined
[2025-06-30T02:03:40.785+0000] {processor.py:927} WARNING - No viable dags retrieved from /opt/airflow/dags/driven_data_pipeline.py
[2025-06-30T02:03:40.811+0000] {processor.py:208} INFO - Processing /opt/airflow/dags/driven_data_pipeline.py took 0.066 seconds
[2025-06-30T02:04:11.746+0000] {processor.py:186} INFO - Started process (PID=527) to work on /opt/airflow/dags/driven_data_pipeline.py
[2025-06-30T02:04:11.748+0000] {processor.py:914} INFO - Processing file /opt/airflow/dags/driven_data_pipeline.py for tasks to queue
[2025-06-30T02:04:11.753+0000] {logging_mixin.py:190} INFO - [2025-06-30T02:04:11.752+0000] {dagbag.py:588} INFO - Filling up the DagBag from /opt/airflow/dags/driven_data_pipeline.py
[2025-06-30T02:04:11.771+0000] {logging_mixin.py:190} INFO - [2025-06-30T02:04:11.767+0000] {dagbag.py:387} ERROR - Failed to import: /opt/airflow/dags/driven_data_pipeline.py
Traceback (most recent call last):
  File "/home/airflow/.local/lib/python3.12/site-packages/airflow/models/dagbag.py", line 383, in parse
    loader.exec_module(new_module)
  File "<frozen importlib._bootstrap_external>", line 995, in exec_module
  File "<frozen importlib._bootstrap>", line 488, in _call_with_frames_removed
  File "/opt/airflow/dags/driven_data_pipeline.py", line 9, in <module>
    dag = DAG(
         ^^^
NameError: name 'DAG' is not defined
[2025-06-30T02:04:11.773+0000] {processor.py:927} WARNING - No viable dags retrieved from /opt/airflow/dags/driven_data_pipeline.py
[2025-06-30T02:04:11.799+0000] {processor.py:208} INFO - Processing /opt/airflow/dags/driven_data_pipeline.py took 0.060 seconds
[2025-06-30T02:04:42.626+0000] {processor.py:186} INFO - Started process (PID=534) to work on /opt/airflow/dags/driven_data_pipeline.py
[2025-06-30T02:04:42.627+0000] {processor.py:914} INFO - Processing file /opt/airflow/dags/driven_data_pipeline.py for tasks to queue
[2025-06-30T02:04:42.631+0000] {logging_mixin.py:190} INFO - [2025-06-30T02:04:42.631+0000] {dagbag.py:588} INFO - Filling up the DagBag from /opt/airflow/dags/driven_data_pipeline.py
[2025-06-30T02:04:42.650+0000] {logging_mixin.py:190} INFO - [2025-06-30T02:04:42.644+0000] {dagbag.py:387} ERROR - Failed to import: /opt/airflow/dags/driven_data_pipeline.py
Traceback (most recent call last):
  File "/home/airflow/.local/lib/python3.12/site-packages/airflow/models/dagbag.py", line 383, in parse
    loader.exec_module(new_module)
  File "<frozen importlib._bootstrap_external>", line 995, in exec_module
  File "<frozen importlib._bootstrap>", line 488, in _call_with_frames_removed
  File "/opt/airflow/dags/driven_data_pipeline.py", line 9, in <module>
    dag = DAG(
         ^^^
NameError: name 'DAG' is not defined
[2025-06-30T02:04:42.652+0000] {processor.py:927} WARNING - No viable dags retrieved from /opt/airflow/dags/driven_data_pipeline.py
[2025-06-30T02:04:42.676+0000] {processor.py:208} INFO - Processing /opt/airflow/dags/driven_data_pipeline.py took 0.058 seconds
[2025-06-30T02:04:45.206+0000] {processor.py:186} INFO - Started process (PID=535) to work on /opt/airflow/dags/driven_data_pipeline.py
[2025-06-30T02:04:45.208+0000] {processor.py:914} INFO - Processing file /opt/airflow/dags/driven_data_pipeline.py for tasks to queue
[2025-06-30T02:04:45.212+0000] {logging_mixin.py:190} INFO - [2025-06-30T02:04:45.212+0000] {dagbag.py:588} INFO - Filling up the DagBag from /opt/airflow/dags/driven_data_pipeline.py
[2025-06-30T02:04:45.293+0000] {processor.py:927} WARNING - No viable dags retrieved from /opt/airflow/dags/driven_data_pipeline.py
[2025-06-30T02:04:45.316+0000] {processor.py:208} INFO - Processing /opt/airflow/dags/driven_data_pipeline.py took 0.118 seconds
[2025-06-30T02:04:45.378+0000] {processor.py:186} INFO - Started process (PID=536) to work on /opt/airflow/dags/driven_data_pipeline.py
[2025-06-30T02:04:45.379+0000] {processor.py:914} INFO - Processing file /opt/airflow/dags/driven_data_pipeline.py for tasks to queue
[2025-06-30T02:04:45.383+0000] {logging_mixin.py:190} INFO - [2025-06-30T02:04:45.382+0000] {dagbag.py:588} INFO - Filling up the DagBag from /opt/airflow/dags/driven_data_pipeline.py
[2025-06-30T02:04:45.401+0000] {processor.py:927} WARNING - No viable dags retrieved from /opt/airflow/dags/driven_data_pipeline.py
[2025-06-30T02:04:45.419+0000] {processor.py:208} INFO - Processing /opt/airflow/dags/driven_data_pipeline.py took 0.050 seconds
[2025-06-30T02:04:45.462+0000] {processor.py:186} INFO - Started process (PID=537) to work on /opt/airflow/dags/driven_data_pipeline.py
[2025-06-30T02:04:45.463+0000] {processor.py:914} INFO - Processing file /opt/airflow/dags/driven_data_pipeline.py for tasks to queue
[2025-06-30T02:04:45.467+0000] {logging_mixin.py:190} INFO - [2025-06-30T02:04:45.466+0000] {dagbag.py:588} INFO - Filling up the DagBag from /opt/airflow/dags/driven_data_pipeline.py
[2025-06-30T02:04:45.484+0000] {processor.py:927} WARNING - No viable dags retrieved from /opt/airflow/dags/driven_data_pipeline.py
[2025-06-30T02:04:45.500+0000] {processor.py:208} INFO - Processing /opt/airflow/dags/driven_data_pipeline.py took 0.046 seconds
[2025-06-30T02:04:45.545+0000] {processor.py:186} INFO - Started process (PID=538) to work on /opt/airflow/dags/driven_data_pipeline.py
[2025-06-30T02:04:45.546+0000] {processor.py:914} INFO - Processing file /opt/airflow/dags/driven_data_pipeline.py for tasks to queue
[2025-06-30T02:04:45.550+0000] {logging_mixin.py:190} INFO - [2025-06-30T02:04:45.549+0000] {dagbag.py:588} INFO - Filling up the DagBag from /opt/airflow/dags/driven_data_pipeline.py
[2025-06-30T02:04:45.568+0000] {processor.py:927} WARNING - No viable dags retrieved from /opt/airflow/dags/driven_data_pipeline.py
[2025-06-30T02:04:45.593+0000] {processor.py:208} INFO - Processing /opt/airflow/dags/driven_data_pipeline.py took 0.055 seconds
[2025-06-30T02:04:45.667+0000] {processor.py:186} INFO - Started process (PID=539) to work on /opt/airflow/dags/driven_data_pipeline.py
[2025-06-30T02:04:45.668+0000] {processor.py:914} INFO - Processing file /opt/airflow/dags/driven_data_pipeline.py for tasks to queue
[2025-06-30T02:04:45.673+0000] {logging_mixin.py:190} INFO - [2025-06-30T02:04:45.672+0000] {dagbag.py:588} INFO - Filling up the DagBag from /opt/airflow/dags/driven_data_pipeline.py
[2025-06-30T02:04:45.699+0000] {processor.py:927} WARNING - No viable dags retrieved from /opt/airflow/dags/driven_data_pipeline.py
[2025-06-30T02:04:45.722+0000] {processor.py:208} INFO - Processing /opt/airflow/dags/driven_data_pipeline.py took 0.064 seconds
[2025-06-30T02:05:16.638+0000] {processor.py:186} INFO - Started process (PID=546) to work on /opt/airflow/dags/driven_data_pipeline.py
[2025-06-30T02:05:16.640+0000] {processor.py:914} INFO - Processing file /opt/airflow/dags/driven_data_pipeline.py for tasks to queue
[2025-06-30T02:05:16.650+0000] {logging_mixin.py:190} INFO - [2025-06-30T02:05:16.649+0000] {dagbag.py:588} INFO - Filling up the DagBag from /opt/airflow/dags/driven_data_pipeline.py
[2025-06-30T02:05:16.714+0000] {processor.py:927} WARNING - No viable dags retrieved from /opt/airflow/dags/driven_data_pipeline.py
[2025-06-30T02:05:16.746+0000] {processor.py:208} INFO - Processing /opt/airflow/dags/driven_data_pipeline.py took 0.126 seconds
[2025-06-30T02:05:47.450+0000] {processor.py:186} INFO - Started process (PID=553) to work on /opt/airflow/dags/driven_data_pipeline.py
[2025-06-30T02:05:47.453+0000] {processor.py:914} INFO - Processing file /opt/airflow/dags/driven_data_pipeline.py for tasks to queue
[2025-06-30T02:05:47.458+0000] {logging_mixin.py:190} INFO - [2025-06-30T02:05:47.457+0000] {dagbag.py:588} INFO - Filling up the DagBag from /opt/airflow/dags/driven_data_pipeline.py
[2025-06-30T02:05:47.486+0000] {processor.py:927} WARNING - No viable dags retrieved from /opt/airflow/dags/driven_data_pipeline.py
[2025-06-30T02:05:47.508+0000] {processor.py:208} INFO - Processing /opt/airflow/dags/driven_data_pipeline.py took 0.078 seconds
[2025-06-30T02:06:18.402+0000] {processor.py:186} INFO - Started process (PID=560) to work on /opt/airflow/dags/driven_data_pipeline.py
[2025-06-30T02:06:18.403+0000] {processor.py:914} INFO - Processing file /opt/airflow/dags/driven_data_pipeline.py for tasks to queue
[2025-06-30T02:06:18.407+0000] {logging_mixin.py:190} INFO - [2025-06-30T02:06:18.406+0000] {dagbag.py:588} INFO - Filling up the DagBag from /opt/airflow/dags/driven_data_pipeline.py
[2025-06-30T02:06:18.430+0000] {processor.py:927} WARNING - No viable dags retrieved from /opt/airflow/dags/driven_data_pipeline.py
[2025-06-30T02:06:18.446+0000] {processor.py:208} INFO - Processing /opt/airflow/dags/driven_data_pipeline.py took 0.053 seconds
[2025-06-30T02:06:35.125+0000] {processor.py:186} INFO - Started process (PID=567) to work on /opt/airflow/dags/driven_data_pipeline.py
[2025-06-30T02:06:35.127+0000] {processor.py:914} INFO - Processing file /opt/airflow/dags/driven_data_pipeline.py for tasks to queue
[2025-06-30T02:06:35.131+0000] {logging_mixin.py:190} INFO - [2025-06-30T02:06:35.130+0000] {dagbag.py:588} INFO - Filling up the DagBag from /opt/airflow/dags/driven_data_pipeline.py
[2025-06-30T02:06:35.278+0000] {logging_mixin.py:190} INFO - [2025-06-30T02:06:35.266+0000] {dagbag.py:387} ERROR - Failed to import: /opt/airflow/dags/driven_data_pipeline.py
Traceback (most recent call last):
  File "/home/airflow/.local/lib/python3.12/site-packages/airflow/models/dagbag.py", line 383, in parse
    loader.exec_module(new_module)
  File "<frozen importlib._bootstrap_external>", line 995, in exec_module
  File "<frozen importlib._bootstrap>", line 488, in _call_with_frames_removed
  File "/opt/airflow/dags/driven_data_pipeline.py", line 27, in <module>
    python_callable=save_raw_data,
                    ^^^^^^^^^^^^^
NameError: name 'save_raw_data' is not defined
[2025-06-30T02:06:35.287+0000] {processor.py:927} WARNING - No viable dags retrieved from /opt/airflow/dags/driven_data_pipeline.py
[2025-06-30T02:06:35.327+0000] {processor.py:208} INFO - Processing /opt/airflow/dags/driven_data_pipeline.py took 0.209 seconds
[2025-06-30T02:06:35.401+0000] {processor.py:186} INFO - Started process (PID=568) to work on /opt/airflow/dags/driven_data_pipeline.py
[2025-06-30T02:06:35.403+0000] {processor.py:914} INFO - Processing file /opt/airflow/dags/driven_data_pipeline.py for tasks to queue
[2025-06-30T02:06:35.409+0000] {logging_mixin.py:190} INFO - [2025-06-30T02:06:35.408+0000] {dagbag.py:588} INFO - Filling up the DagBag from /opt/airflow/dags/driven_data_pipeline.py
[2025-06-30T02:06:35.471+0000] {logging_mixin.py:190} INFO - [2025-06-30T02:06:35.447+0000] {dagbag.py:387} ERROR - Failed to import: /opt/airflow/dags/driven_data_pipeline.py
Traceback (most recent call last):
  File "/home/airflow/.local/lib/python3.12/site-packages/airflow/models/dagbag.py", line 383, in parse
    loader.exec_module(new_module)
  File "<frozen importlib._bootstrap_external>", line 995, in exec_module
  File "<frozen importlib._bootstrap>", line 488, in _call_with_frames_removed
  File "/opt/airflow/dags/driven_data_pipeline.py", line 27, in <module>
    python_callable=save_raw_data,
                    ^^^^^^^^^^^^^
NameError: name 'save_raw_data' is not defined
[2025-06-30T02:06:35.495+0000] {processor.py:927} WARNING - No viable dags retrieved from /opt/airflow/dags/driven_data_pipeline.py
[2025-06-30T02:06:35.548+0000] {processor.py:208} INFO - Processing /opt/airflow/dags/driven_data_pipeline.py took 0.161 seconds
[2025-06-30T02:06:35.646+0000] {processor.py:186} INFO - Started process (PID=569) to work on /opt/airflow/dags/driven_data_pipeline.py
[2025-06-30T02:06:35.648+0000] {processor.py:914} INFO - Processing file /opt/airflow/dags/driven_data_pipeline.py for tasks to queue
[2025-06-30T02:06:35.656+0000] {logging_mixin.py:190} INFO - [2025-06-30T02:06:35.656+0000] {dagbag.py:588} INFO - Filling up the DagBag from /opt/airflow/dags/driven_data_pipeline.py
[2025-06-30T02:06:35.717+0000] {logging_mixin.py:190} INFO - [2025-06-30T02:06:35.698+0000] {dagbag.py:387} ERROR - Failed to import: /opt/airflow/dags/driven_data_pipeline.py
Traceback (most recent call last):
  File "/home/airflow/.local/lib/python3.12/site-packages/airflow/models/dagbag.py", line 383, in parse
    loader.exec_module(new_module)
  File "<frozen importlib._bootstrap_external>", line 995, in exec_module
  File "<frozen importlib._bootstrap>", line 488, in _call_with_frames_removed
  File "/opt/airflow/dags/driven_data_pipeline.py", line 27, in <module>
    python_callable=save_raw_data,
                    ^^^^^^^^^^^^^
NameError: name 'save_raw_data' is not defined
[2025-06-30T02:06:35.728+0000] {processor.py:927} WARNING - No viable dags retrieved from /opt/airflow/dags/driven_data_pipeline.py
[2025-06-30T02:06:35.768+0000] {processor.py:208} INFO - Processing /opt/airflow/dags/driven_data_pipeline.py took 0.137 seconds
[2025-06-30T02:06:35.861+0000] {processor.py:186} INFO - Started process (PID=570) to work on /opt/airflow/dags/driven_data_pipeline.py
[2025-06-30T02:06:35.864+0000] {processor.py:914} INFO - Processing file /opt/airflow/dags/driven_data_pipeline.py for tasks to queue
[2025-06-30T02:06:35.871+0000] {logging_mixin.py:190} INFO - [2025-06-30T02:06:35.870+0000] {dagbag.py:588} INFO - Filling up the DagBag from /opt/airflow/dags/driven_data_pipeline.py
[2025-06-30T02:06:35.931+0000] {logging_mixin.py:190} INFO - [2025-06-30T02:06:35.915+0000] {dagbag.py:387} ERROR - Failed to import: /opt/airflow/dags/driven_data_pipeline.py
Traceback (most recent call last):
  File "/home/airflow/.local/lib/python3.12/site-packages/airflow/models/dagbag.py", line 383, in parse
    loader.exec_module(new_module)
  File "<frozen importlib._bootstrap_external>", line 995, in exec_module
  File "<frozen importlib._bootstrap>", line 488, in _call_with_frames_removed
  File "/opt/airflow/dags/driven_data_pipeline.py", line 27, in <module>
    python_callable=save_raw_data,
                    ^^^^^^^^^^^^^
NameError: name 'save_raw_data' is not defined
[2025-06-30T02:06:35.943+0000] {processor.py:927} WARNING - No viable dags retrieved from /opt/airflow/dags/driven_data_pipeline.py
[2025-06-30T02:06:35.981+0000] {processor.py:208} INFO - Processing /opt/airflow/dags/driven_data_pipeline.py took 0.137 seconds
[2025-06-30T02:07:06.888+0000] {processor.py:186} INFO - Started process (PID=578) to work on /opt/airflow/dags/driven_data_pipeline.py
[2025-06-30T02:07:06.890+0000] {processor.py:914} INFO - Processing file /opt/airflow/dags/driven_data_pipeline.py for tasks to queue
[2025-06-30T02:07:06.894+0000] {logging_mixin.py:190} INFO - [2025-06-30T02:07:06.894+0000] {dagbag.py:588} INFO - Filling up the DagBag from /opt/airflow/dags/driven_data_pipeline.py
[2025-06-30T02:07:06.949+0000] {logging_mixin.py:190} INFO - [2025-06-30T02:07:06.935+0000] {dagbag.py:387} ERROR - Failed to import: /opt/airflow/dags/driven_data_pipeline.py
Traceback (most recent call last):
  File "/home/airflow/.local/lib/python3.12/site-packages/airflow/models/dagbag.py", line 383, in parse
    loader.exec_module(new_module)
  File "<frozen importlib._bootstrap_external>", line 995, in exec_module
  File "<frozen importlib._bootstrap>", line 488, in _call_with_frames_removed
  File "/opt/airflow/dags/driven_data_pipeline.py", line 27, in <module>
    python_callable=save_raw_data,
                    ^^^^^^^^^^^^^
NameError: name 'save_raw_data' is not defined
[2025-06-30T02:07:06.959+0000] {processor.py:927} WARNING - No viable dags retrieved from /opt/airflow/dags/driven_data_pipeline.py
[2025-06-30T02:07:06.991+0000] {processor.py:208} INFO - Processing /opt/airflow/dags/driven_data_pipeline.py took 0.114 seconds
[2025-06-30T02:07:37.706+0000] {processor.py:186} INFO - Started process (PID=585) to work on /opt/airflow/dags/driven_data_pipeline.py
[2025-06-30T02:07:37.708+0000] {processor.py:914} INFO - Processing file /opt/airflow/dags/driven_data_pipeline.py for tasks to queue
[2025-06-30T02:07:37.713+0000] {logging_mixin.py:190} INFO - [2025-06-30T02:07:37.712+0000] {dagbag.py:588} INFO - Filling up the DagBag from /opt/airflow/dags/driven_data_pipeline.py
[2025-06-30T02:07:37.754+0000] {logging_mixin.py:190} INFO - [2025-06-30T02:07:37.742+0000] {dagbag.py:387} ERROR - Failed to import: /opt/airflow/dags/driven_data_pipeline.py
Traceback (most recent call last):
  File "/home/airflow/.local/lib/python3.12/site-packages/airflow/models/dagbag.py", line 383, in parse
    loader.exec_module(new_module)
  File "<frozen importlib._bootstrap_external>", line 995, in exec_module
  File "<frozen importlib._bootstrap>", line 488, in _call_with_frames_removed
  File "/opt/airflow/dags/driven_data_pipeline.py", line 27, in <module>
    python_callable=save_raw_data,
                    ^^^^^^^^^^^^^
NameError: name 'save_raw_data' is not defined
[2025-06-30T02:07:37.763+0000] {processor.py:927} WARNING - No viable dags retrieved from /opt/airflow/dags/driven_data_pipeline.py
[2025-06-30T02:07:37.789+0000] {processor.py:208} INFO - Processing /opt/airflow/dags/driven_data_pipeline.py took 0.092 seconds
[2025-06-30T02:08:08.718+0000] {processor.py:186} INFO - Started process (PID=592) to work on /opt/airflow/dags/driven_data_pipeline.py
[2025-06-30T02:08:08.720+0000] {processor.py:914} INFO - Processing file /opt/airflow/dags/driven_data_pipeline.py for tasks to queue
[2025-06-30T02:08:08.723+0000] {logging_mixin.py:190} INFO - [2025-06-30T02:08:08.723+0000] {dagbag.py:588} INFO - Filling up the DagBag from /opt/airflow/dags/driven_data_pipeline.py
[2025-06-30T02:08:08.765+0000] {logging_mixin.py:190} INFO - [2025-06-30T02:08:08.753+0000] {dagbag.py:387} ERROR - Failed to import: /opt/airflow/dags/driven_data_pipeline.py
Traceback (most recent call last):
  File "/home/airflow/.local/lib/python3.12/site-packages/airflow/models/dagbag.py", line 383, in parse
    loader.exec_module(new_module)
  File "<frozen importlib._bootstrap_external>", line 995, in exec_module
  File "<frozen importlib._bootstrap>", line 488, in _call_with_frames_removed
  File "/opt/airflow/dags/driven_data_pipeline.py", line 27, in <module>
    python_callable=save_raw_data,
                    ^^^^^^^^^^^^^
NameError: name 'save_raw_data' is not defined
[2025-06-30T02:08:08.774+0000] {processor.py:927} WARNING - No viable dags retrieved from /opt/airflow/dags/driven_data_pipeline.py
[2025-06-30T02:08:08.799+0000] {processor.py:208} INFO - Processing /opt/airflow/dags/driven_data_pipeline.py took 0.090 seconds
[2025-06-30T02:08:36.048+0000] {processor.py:186} INFO - Started process (PID=599) to work on /opt/airflow/dags/driven_data_pipeline.py
[2025-06-30T02:08:36.050+0000] {processor.py:914} INFO - Processing file /opt/airflow/dags/driven_data_pipeline.py for tasks to queue
[2025-06-30T02:08:36.060+0000] {logging_mixin.py:190} INFO - [2025-06-30T02:08:36.059+0000] {dagbag.py:588} INFO - Filling up the DagBag from /opt/airflow/dags/driven_data_pipeline.py
[2025-06-30T02:08:36.121+0000] {logging_mixin.py:190} INFO - [2025-06-30T02:08:36.104+0000] {dagbag.py:387} ERROR - Failed to import: /opt/airflow/dags/driven_data_pipeline.py
Traceback (most recent call last):
  File "/home/airflow/.local/lib/python3.12/site-packages/airflow/models/dagbag.py", line 383, in parse
    loader.exec_module(new_module)
  File "<frozen importlib._bootstrap_external>", line 995, in exec_module
  File "<frozen importlib._bootstrap>", line 488, in _call_with_frames_removed
  File "/opt/airflow/dags/driven_data_pipeline.py", line 27, in <module>
    python_callable=save_raw_data,
                    ^^^^^^^^^^^^^
NameError: name 'save_raw_data' is not defined
[2025-06-30T02:08:36.133+0000] {processor.py:927} WARNING - No viable dags retrieved from /opt/airflow/dags/driven_data_pipeline.py
[2025-06-30T02:08:36.191+0000] {processor.py:208} INFO - Processing /opt/airflow/dags/driven_data_pipeline.py took 0.161 seconds
[2025-06-30T02:09:06.913+0000] {processor.py:186} INFO - Started process (PID=606) to work on /opt/airflow/dags/driven_data_pipeline.py
[2025-06-30T02:09:06.915+0000] {processor.py:914} INFO - Processing file /opt/airflow/dags/driven_data_pipeline.py for tasks to queue
[2025-06-30T02:09:06.920+0000] {logging_mixin.py:190} INFO - [2025-06-30T02:09:06.919+0000] {dagbag.py:588} INFO - Filling up the DagBag from /opt/airflow/dags/driven_data_pipeline.py
[2025-06-30T02:09:06.965+0000] {logging_mixin.py:190} INFO - [2025-06-30T02:09:06.952+0000] {dagbag.py:387} ERROR - Failed to import: /opt/airflow/dags/driven_data_pipeline.py
Traceback (most recent call last):
  File "/home/airflow/.local/lib/python3.12/site-packages/airflow/models/dagbag.py", line 383, in parse
    loader.exec_module(new_module)
  File "<frozen importlib._bootstrap_external>", line 995, in exec_module
  File "<frozen importlib._bootstrap>", line 488, in _call_with_frames_removed
  File "/opt/airflow/dags/driven_data_pipeline.py", line 27, in <module>
    python_callable=save_raw_data,
                    ^^^^^^^^^^^^^
NameError: name 'save_raw_data' is not defined
[2025-06-30T02:09:06.974+0000] {processor.py:927} WARNING - No viable dags retrieved from /opt/airflow/dags/driven_data_pipeline.py
[2025-06-30T02:09:07.012+0000] {processor.py:208} INFO - Processing /opt/airflow/dags/driven_data_pipeline.py took 0.113 seconds
[2025-06-30T02:09:37.912+0000] {processor.py:186} INFO - Started process (PID=619) to work on /opt/airflow/dags/driven_data_pipeline.py
[2025-06-30T02:09:37.914+0000] {processor.py:914} INFO - Processing file /opt/airflow/dags/driven_data_pipeline.py for tasks to queue
[2025-06-30T02:09:37.919+0000] {logging_mixin.py:190} INFO - [2025-06-30T02:09:37.918+0000] {dagbag.py:588} INFO - Filling up the DagBag from /opt/airflow/dags/driven_data_pipeline.py
[2025-06-30T02:09:37.959+0000] {logging_mixin.py:190} INFO - [2025-06-30T02:09:37.949+0000] {dagbag.py:387} ERROR - Failed to import: /opt/airflow/dags/driven_data_pipeline.py
Traceback (most recent call last):
  File "/home/airflow/.local/lib/python3.12/site-packages/airflow/models/dagbag.py", line 383, in parse
    loader.exec_module(new_module)
  File "<frozen importlib._bootstrap_external>", line 995, in exec_module
  File "<frozen importlib._bootstrap>", line 488, in _call_with_frames_removed
  File "/opt/airflow/dags/driven_data_pipeline.py", line 27, in <module>
    python_callable=save_raw_data,
                    ^^^^^^^^^^^^^
NameError: name 'save_raw_data' is not defined
[2025-06-30T02:09:37.967+0000] {processor.py:927} WARNING - No viable dags retrieved from /opt/airflow/dags/driven_data_pipeline.py
[2025-06-30T02:09:37.991+0000] {processor.py:208} INFO - Processing /opt/airflow/dags/driven_data_pipeline.py took 0.094 seconds
[2025-06-30T02:10:08.822+0000] {processor.py:186} INFO - Started process (PID=626) to work on /opt/airflow/dags/driven_data_pipeline.py
[2025-06-30T02:10:08.824+0000] {processor.py:914} INFO - Processing file /opt/airflow/dags/driven_data_pipeline.py for tasks to queue
[2025-06-30T02:10:08.829+0000] {logging_mixin.py:190} INFO - [2025-06-30T02:10:08.828+0000] {dagbag.py:588} INFO - Filling up the DagBag from /opt/airflow/dags/driven_data_pipeline.py
[2025-06-30T02:10:08.884+0000] {logging_mixin.py:190} INFO - [2025-06-30T02:10:08.869+0000] {dagbag.py:387} ERROR - Failed to import: /opt/airflow/dags/driven_data_pipeline.py
Traceback (most recent call last):
  File "/home/airflow/.local/lib/python3.12/site-packages/airflow/models/dagbag.py", line 383, in parse
    loader.exec_module(new_module)
  File "<frozen importlib._bootstrap_external>", line 995, in exec_module
  File "<frozen importlib._bootstrap>", line 488, in _call_with_frames_removed
  File "/opt/airflow/dags/driven_data_pipeline.py", line 27, in <module>
    python_callable=save_raw_data,
                    ^^^^^^^^^^^^^
NameError: name 'save_raw_data' is not defined
[2025-06-30T02:10:08.894+0000] {processor.py:927} WARNING - No viable dags retrieved from /opt/airflow/dags/driven_data_pipeline.py
[2025-06-30T02:10:08.927+0000] {processor.py:208} INFO - Processing /opt/airflow/dags/driven_data_pipeline.py took 0.117 seconds
[2025-06-30T02:10:39.715+0000] {processor.py:186} INFO - Started process (PID=634) to work on /opt/airflow/dags/driven_data_pipeline.py
[2025-06-30T02:10:39.720+0000] {processor.py:914} INFO - Processing file /opt/airflow/dags/driven_data_pipeline.py for tasks to queue
[2025-06-30T02:10:39.732+0000] {logging_mixin.py:190} INFO - [2025-06-30T02:10:39.730+0000] {dagbag.py:588} INFO - Filling up the DagBag from /opt/airflow/dags/driven_data_pipeline.py
[2025-06-30T02:10:39.834+0000] {logging_mixin.py:190} INFO - [2025-06-30T02:10:39.806+0000] {dagbag.py:387} ERROR - Failed to import: /opt/airflow/dags/driven_data_pipeline.py
Traceback (most recent call last):
  File "/home/airflow/.local/lib/python3.12/site-packages/airflow/models/dagbag.py", line 383, in parse
    loader.exec_module(new_module)
  File "<frozen importlib._bootstrap_external>", line 995, in exec_module
  File "<frozen importlib._bootstrap>", line 488, in _call_with_frames_removed
  File "/opt/airflow/dags/driven_data_pipeline.py", line 27, in <module>
    python_callable=save_raw_data,
                    ^^^^^^^^^^^^^
NameError: name 'save_raw_data' is not defined
[2025-06-30T02:10:39.855+0000] {processor.py:927} WARNING - No viable dags retrieved from /opt/airflow/dags/driven_data_pipeline.py
[2025-06-30T02:10:40.076+0000] {processor.py:208} INFO - Processing /opt/airflow/dags/driven_data_pipeline.py took 0.380 seconds
[2025-06-30T02:11:10.657+0000] {processor.py:186} INFO - Started process (PID=641) to work on /opt/airflow/dags/driven_data_pipeline.py
[2025-06-30T02:11:10.658+0000] {processor.py:914} INFO - Processing file /opt/airflow/dags/driven_data_pipeline.py for tasks to queue
[2025-06-30T02:11:10.663+0000] {logging_mixin.py:190} INFO - [2025-06-30T02:11:10.662+0000] {dagbag.py:588} INFO - Filling up the DagBag from /opt/airflow/dags/driven_data_pipeline.py
[2025-06-30T02:11:10.713+0000] {logging_mixin.py:190} INFO - [2025-06-30T02:11:10.696+0000] {dagbag.py:387} ERROR - Failed to import: /opt/airflow/dags/driven_data_pipeline.py
Traceback (most recent call last):
  File "/home/airflow/.local/lib/python3.12/site-packages/airflow/models/dagbag.py", line 383, in parse
    loader.exec_module(new_module)
  File "<frozen importlib._bootstrap_external>", line 995, in exec_module
  File "<frozen importlib._bootstrap>", line 488, in _call_with_frames_removed
  File "/opt/airflow/dags/driven_data_pipeline.py", line 27, in <module>
    python_callable=save_raw_data,
                    ^^^^^^^^^^^^^
NameError: name 'save_raw_data' is not defined
[2025-06-30T02:11:10.732+0000] {processor.py:927} WARNING - No viable dags retrieved from /opt/airflow/dags/driven_data_pipeline.py
[2025-06-30T02:11:10.774+0000] {processor.py:208} INFO - Processing /opt/airflow/dags/driven_data_pipeline.py took 0.129 seconds
[2025-06-30T02:11:41.522+0000] {processor.py:186} INFO - Started process (PID=648) to work on /opt/airflow/dags/driven_data_pipeline.py
[2025-06-30T02:11:41.524+0000] {processor.py:914} INFO - Processing file /opt/airflow/dags/driven_data_pipeline.py for tasks to queue
[2025-06-30T02:11:41.530+0000] {logging_mixin.py:190} INFO - [2025-06-30T02:11:41.529+0000] {dagbag.py:588} INFO - Filling up the DagBag from /opt/airflow/dags/driven_data_pipeline.py
[2025-06-30T02:11:41.586+0000] {logging_mixin.py:190} INFO - [2025-06-30T02:11:41.571+0000] {dagbag.py:387} ERROR - Failed to import: /opt/airflow/dags/driven_data_pipeline.py
Traceback (most recent call last):
  File "/home/airflow/.local/lib/python3.12/site-packages/airflow/models/dagbag.py", line 383, in parse
    loader.exec_module(new_module)
  File "<frozen importlib._bootstrap_external>", line 995, in exec_module
  File "<frozen importlib._bootstrap>", line 488, in _call_with_frames_removed
  File "/opt/airflow/dags/driven_data_pipeline.py", line 27, in <module>
    python_callable=save_raw_data,
                    ^^^^^^^^^^^^^
NameError: name 'save_raw_data' is not defined
[2025-06-30T02:11:41.598+0000] {processor.py:927} WARNING - No viable dags retrieved from /opt/airflow/dags/driven_data_pipeline.py
[2025-06-30T02:11:41.637+0000] {processor.py:208} INFO - Processing /opt/airflow/dags/driven_data_pipeline.py took 0.127 seconds
[2025-06-30T02:12:12.397+0000] {processor.py:186} INFO - Started process (PID=655) to work on /opt/airflow/dags/driven_data_pipeline.py
[2025-06-30T02:12:12.398+0000] {processor.py:914} INFO - Processing file /opt/airflow/dags/driven_data_pipeline.py for tasks to queue
[2025-06-30T02:12:12.402+0000] {logging_mixin.py:190} INFO - [2025-06-30T02:12:12.401+0000] {dagbag.py:588} INFO - Filling up the DagBag from /opt/airflow/dags/driven_data_pipeline.py
[2025-06-30T02:12:12.431+0000] {logging_mixin.py:190} INFO - [2025-06-30T02:12:12.422+0000] {dagbag.py:387} ERROR - Failed to import: /opt/airflow/dags/driven_data_pipeline.py
Traceback (most recent call last):
  File "/home/airflow/.local/lib/python3.12/site-packages/airflow/models/dagbag.py", line 383, in parse
    loader.exec_module(new_module)
  File "<frozen importlib._bootstrap_external>", line 995, in exec_module
  File "<frozen importlib._bootstrap>", line 488, in _call_with_frames_removed
  File "/opt/airflow/dags/driven_data_pipeline.py", line 27, in <module>
    python_callable=save_raw_data,
                    ^^^^^^^^^^^^^
NameError: name 'save_raw_data' is not defined
[2025-06-30T02:12:12.438+0000] {processor.py:927} WARNING - No viable dags retrieved from /opt/airflow/dags/driven_data_pipeline.py
[2025-06-30T02:12:12.463+0000] {processor.py:208} INFO - Processing /opt/airflow/dags/driven_data_pipeline.py took 0.073 seconds
[2025-06-30T02:12:42.584+0000] {processor.py:186} INFO - Started process (PID=663) to work on /opt/airflow/dags/driven_data_pipeline.py
[2025-06-30T02:12:42.586+0000] {processor.py:914} INFO - Processing file /opt/airflow/dags/driven_data_pipeline.py for tasks to queue
[2025-06-30T02:12:42.591+0000] {logging_mixin.py:190} INFO - [2025-06-30T02:12:42.591+0000] {dagbag.py:588} INFO - Filling up the DagBag from /opt/airflow/dags/driven_data_pipeline.py
[2025-06-30T02:12:42.633+0000] {logging_mixin.py:190} INFO - [2025-06-30T02:12:42.621+0000] {dagbag.py:387} ERROR - Failed to import: /opt/airflow/dags/driven_data_pipeline.py
Traceback (most recent call last):
  File "/home/airflow/.local/lib/python3.12/site-packages/airflow/models/dagbag.py", line 383, in parse
    loader.exec_module(new_module)
  File "<frozen importlib._bootstrap_external>", line 995, in exec_module
  File "<frozen importlib._bootstrap>", line 488, in _call_with_frames_removed
  File "/opt/airflow/dags/driven_data_pipeline.py", line 27, in <module>
    python_callable=save_raw_data,
                    ^^^^^^^^^^^^^
NameError: name 'save_raw_data' is not defined
[2025-06-30T02:12:42.641+0000] {processor.py:927} WARNING - No viable dags retrieved from /opt/airflow/dags/driven_data_pipeline.py
[2025-06-30T02:12:42.703+0000] {processor.py:208} INFO - Processing /opt/airflow/dags/driven_data_pipeline.py took 0.128 seconds
[2025-06-30T02:13:12.868+0000] {processor.py:186} INFO - Started process (PID=670) to work on /opt/airflow/dags/driven_data_pipeline.py
[2025-06-30T02:13:12.870+0000] {processor.py:914} INFO - Processing file /opt/airflow/dags/driven_data_pipeline.py for tasks to queue
[2025-06-30T02:13:12.873+0000] {logging_mixin.py:190} INFO - [2025-06-30T02:13:12.873+0000] {dagbag.py:588} INFO - Filling up the DagBag from /opt/airflow/dags/driven_data_pipeline.py
[2025-06-30T02:13:12.918+0000] {logging_mixin.py:190} INFO - [2025-06-30T02:13:12.904+0000] {dagbag.py:387} ERROR - Failed to import: /opt/airflow/dags/driven_data_pipeline.py
Traceback (most recent call last):
  File "/home/airflow/.local/lib/python3.12/site-packages/airflow/models/dagbag.py", line 383, in parse
    loader.exec_module(new_module)
  File "<frozen importlib._bootstrap_external>", line 995, in exec_module
  File "<frozen importlib._bootstrap>", line 488, in _call_with_frames_removed
  File "/opt/airflow/dags/driven_data_pipeline.py", line 27, in <module>
    python_callable=save_raw_data,
                    ^^^^^^^^^^^^^
NameError: name 'save_raw_data' is not defined
[2025-06-30T02:13:12.927+0000] {processor.py:927} WARNING - No viable dags retrieved from /opt/airflow/dags/driven_data_pipeline.py
[2025-06-30T02:13:12.989+0000] {processor.py:208} INFO - Processing /opt/airflow/dags/driven_data_pipeline.py took 0.153 seconds
[2025-06-30T02:13:43.889+0000] {processor.py:186} INFO - Started process (PID=677) to work on /opt/airflow/dags/driven_data_pipeline.py
[2025-06-30T02:13:43.890+0000] {processor.py:914} INFO - Processing file /opt/airflow/dags/driven_data_pipeline.py for tasks to queue
[2025-06-30T02:13:43.896+0000] {logging_mixin.py:190} INFO - [2025-06-30T02:13:43.896+0000] {dagbag.py:588} INFO - Filling up the DagBag from /opt/airflow/dags/driven_data_pipeline.py
[2025-06-30T02:13:43.955+0000] {logging_mixin.py:190} INFO - [2025-06-30T02:13:43.939+0000] {dagbag.py:387} ERROR - Failed to import: /opt/airflow/dags/driven_data_pipeline.py
Traceback (most recent call last):
  File "/home/airflow/.local/lib/python3.12/site-packages/airflow/models/dagbag.py", line 383, in parse
    loader.exec_module(new_module)
  File "<frozen importlib._bootstrap_external>", line 995, in exec_module
  File "<frozen importlib._bootstrap>", line 488, in _call_with_frames_removed
  File "/opt/airflow/dags/driven_data_pipeline.py", line 27, in <module>
    python_callable=save_raw_data,
                    ^^^^^^^^^^^^^
NameError: name 'save_raw_data' is not defined
[2025-06-30T02:13:43.968+0000] {processor.py:927} WARNING - No viable dags retrieved from /opt/airflow/dags/driven_data_pipeline.py
[2025-06-30T02:13:43.998+0000] {processor.py:208} INFO - Processing /opt/airflow/dags/driven_data_pipeline.py took 0.122 seconds
[2025-06-30T02:14:14.050+0000] {processor.py:186} INFO - Started process (PID=691) to work on /opt/airflow/dags/driven_data_pipeline.py
[2025-06-30T02:14:14.051+0000] {processor.py:914} INFO - Processing file /opt/airflow/dags/driven_data_pipeline.py for tasks to queue
[2025-06-30T02:14:14.055+0000] {logging_mixin.py:190} INFO - [2025-06-30T02:14:14.055+0000] {dagbag.py:588} INFO - Filling up the DagBag from /opt/airflow/dags/driven_data_pipeline.py
[2025-06-30T02:14:14.096+0000] {logging_mixin.py:190} INFO - [2025-06-30T02:14:14.081+0000] {dagbag.py:387} ERROR - Failed to import: /opt/airflow/dags/driven_data_pipeline.py
Traceback (most recent call last):
  File "/home/airflow/.local/lib/python3.12/site-packages/airflow/models/dagbag.py", line 383, in parse
    loader.exec_module(new_module)
  File "<frozen importlib._bootstrap_external>", line 995, in exec_module
  File "<frozen importlib._bootstrap>", line 488, in _call_with_frames_removed
  File "/opt/airflow/dags/driven_data_pipeline.py", line 27, in <module>
    python_callable=save_raw_data,
                    ^^^^^^^^^^^^^
NameError: name 'save_raw_data' is not defined
[2025-06-30T02:14:14.104+0000] {processor.py:927} WARNING - No viable dags retrieved from /opt/airflow/dags/driven_data_pipeline.py
[2025-06-30T02:14:14.131+0000] {processor.py:208} INFO - Processing /opt/airflow/dags/driven_data_pipeline.py took 0.090 seconds
[2025-06-30T02:14:44.774+0000] {processor.py:186} INFO - Started process (PID=698) to work on /opt/airflow/dags/driven_data_pipeline.py
[2025-06-30T02:14:44.775+0000] {processor.py:914} INFO - Processing file /opt/airflow/dags/driven_data_pipeline.py for tasks to queue
[2025-06-30T02:14:44.779+0000] {logging_mixin.py:190} INFO - [2025-06-30T02:14:44.778+0000] {dagbag.py:588} INFO - Filling up the DagBag from /opt/airflow/dags/driven_data_pipeline.py
[2025-06-30T02:14:44.809+0000] {logging_mixin.py:190} INFO - [2025-06-30T02:14:44.800+0000] {dagbag.py:387} ERROR - Failed to import: /opt/airflow/dags/driven_data_pipeline.py
Traceback (most recent call last):
  File "/home/airflow/.local/lib/python3.12/site-packages/airflow/models/dagbag.py", line 383, in parse
    loader.exec_module(new_module)
  File "<frozen importlib._bootstrap_external>", line 995, in exec_module
  File "<frozen importlib._bootstrap>", line 488, in _call_with_frames_removed
  File "/opt/airflow/dags/driven_data_pipeline.py", line 27, in <module>
    python_callable=save_raw_data,
                    ^^^^^^^^^^^^^
NameError: name 'save_raw_data' is not defined
[2025-06-30T02:14:44.816+0000] {processor.py:927} WARNING - No viable dags retrieved from /opt/airflow/dags/driven_data_pipeline.py
[2025-06-30T02:14:44.838+0000] {processor.py:208} INFO - Processing /opt/airflow/dags/driven_data_pipeline.py took 0.071 seconds
[2025-06-30T02:15:15.820+0000] {processor.py:186} INFO - Started process (PID=705) to work on /opt/airflow/dags/driven_data_pipeline.py
[2025-06-30T02:15:15.821+0000] {processor.py:914} INFO - Processing file /opt/airflow/dags/driven_data_pipeline.py for tasks to queue
[2025-06-30T02:15:15.825+0000] {logging_mixin.py:190} INFO - [2025-06-30T02:15:15.825+0000] {dagbag.py:588} INFO - Filling up the DagBag from /opt/airflow/dags/driven_data_pipeline.py
[2025-06-30T02:15:15.863+0000] {logging_mixin.py:190} INFO - [2025-06-30T02:15:15.852+0000] {dagbag.py:387} ERROR - Failed to import: /opt/airflow/dags/driven_data_pipeline.py
Traceback (most recent call last):
  File "/home/airflow/.local/lib/python3.12/site-packages/airflow/models/dagbag.py", line 383, in parse
    loader.exec_module(new_module)
  File "<frozen importlib._bootstrap_external>", line 995, in exec_module
  File "<frozen importlib._bootstrap>", line 488, in _call_with_frames_removed
  File "/opt/airflow/dags/driven_data_pipeline.py", line 27, in <module>
    python_callable=save_raw_data,
                    ^^^^^^^^^^^^^
NameError: name 'save_raw_data' is not defined
[2025-06-30T02:15:15.870+0000] {processor.py:927} WARNING - No viable dags retrieved from /opt/airflow/dags/driven_data_pipeline.py
[2025-06-30T02:15:15.900+0000] {processor.py:208} INFO - Processing /opt/airflow/dags/driven_data_pipeline.py took 0.089 seconds
[2025-06-30T02:15:46.786+0000] {processor.py:186} INFO - Started process (PID=712) to work on /opt/airflow/dags/driven_data_pipeline.py
[2025-06-30T02:15:46.788+0000] {processor.py:914} INFO - Processing file /opt/airflow/dags/driven_data_pipeline.py for tasks to queue
[2025-06-30T02:15:46.793+0000] {logging_mixin.py:190} INFO - [2025-06-30T02:15:46.792+0000] {dagbag.py:588} INFO - Filling up the DagBag from /opt/airflow/dags/driven_data_pipeline.py
[2025-06-30T02:15:46.834+0000] {logging_mixin.py:190} INFO - [2025-06-30T02:15:46.822+0000] {dagbag.py:387} ERROR - Failed to import: /opt/airflow/dags/driven_data_pipeline.py
Traceback (most recent call last):
  File "/home/airflow/.local/lib/python3.12/site-packages/airflow/models/dagbag.py", line 383, in parse
    loader.exec_module(new_module)
  File "<frozen importlib._bootstrap_external>", line 995, in exec_module
  File "<frozen importlib._bootstrap>", line 488, in _call_with_frames_removed
  File "/opt/airflow/dags/driven_data_pipeline.py", line 27, in <module>
    python_callable=save_raw_data,
                    ^^^^^^^^^^^^^
NameError: name 'save_raw_data' is not defined
[2025-06-30T02:15:46.842+0000] {processor.py:927} WARNING - No viable dags retrieved from /opt/airflow/dags/driven_data_pipeline.py
[2025-06-30T02:15:46.872+0000] {processor.py:208} INFO - Processing /opt/airflow/dags/driven_data_pipeline.py took 0.094 seconds
[2025-06-30T02:16:17.765+0000] {processor.py:186} INFO - Started process (PID=719) to work on /opt/airflow/dags/driven_data_pipeline.py
[2025-06-30T02:16:17.766+0000] {processor.py:914} INFO - Processing file /opt/airflow/dags/driven_data_pipeline.py for tasks to queue
[2025-06-30T02:16:17.770+0000] {logging_mixin.py:190} INFO - [2025-06-30T02:16:17.769+0000] {dagbag.py:588} INFO - Filling up the DagBag from /opt/airflow/dags/driven_data_pipeline.py
[2025-06-30T02:16:17.806+0000] {logging_mixin.py:190} INFO - [2025-06-30T02:16:17.794+0000] {dagbag.py:387} ERROR - Failed to import: /opt/airflow/dags/driven_data_pipeline.py
Traceback (most recent call last):
  File "/home/airflow/.local/lib/python3.12/site-packages/airflow/models/dagbag.py", line 383, in parse
    loader.exec_module(new_module)
  File "<frozen importlib._bootstrap_external>", line 995, in exec_module
  File "<frozen importlib._bootstrap>", line 488, in _call_with_frames_removed
  File "/opt/airflow/dags/driven_data_pipeline.py", line 27, in <module>
    python_callable=save_raw_data,
                    ^^^^^^^^^^^^^
NameError: name 'save_raw_data' is not defined
[2025-06-30T02:16:17.814+0000] {processor.py:927} WARNING - No viable dags retrieved from /opt/airflow/dags/driven_data_pipeline.py
[2025-06-30T02:16:17.843+0000] {processor.py:208} INFO - Processing /opt/airflow/dags/driven_data_pipeline.py took 0.087 seconds
[2025-06-30T02:16:48.739+0000] {processor.py:186} INFO - Started process (PID=726) to work on /opt/airflow/dags/driven_data_pipeline.py
[2025-06-30T02:16:48.740+0000] {processor.py:914} INFO - Processing file /opt/airflow/dags/driven_data_pipeline.py for tasks to queue
[2025-06-30T02:16:48.744+0000] {logging_mixin.py:190} INFO - [2025-06-30T02:16:48.744+0000] {dagbag.py:588} INFO - Filling up the DagBag from /opt/airflow/dags/driven_data_pipeline.py
[2025-06-30T02:16:48.785+0000] {logging_mixin.py:190} INFO - [2025-06-30T02:16:48.774+0000] {dagbag.py:387} ERROR - Failed to import: /opt/airflow/dags/driven_data_pipeline.py
Traceback (most recent call last):
  File "/home/airflow/.local/lib/python3.12/site-packages/airflow/models/dagbag.py", line 383, in parse
    loader.exec_module(new_module)
  File "<frozen importlib._bootstrap_external>", line 995, in exec_module
  File "<frozen importlib._bootstrap>", line 488, in _call_with_frames_removed
  File "/opt/airflow/dags/driven_data_pipeline.py", line 27, in <module>
    python_callable=save_raw_data,
                    ^^^^^^^^^^^^^
NameError: name 'save_raw_data' is not defined
[2025-06-30T02:16:48.793+0000] {processor.py:927} WARNING - No viable dags retrieved from /opt/airflow/dags/driven_data_pipeline.py
[2025-06-30T02:16:48.822+0000] {processor.py:208} INFO - Processing /opt/airflow/dags/driven_data_pipeline.py took 0.092 seconds
[2025-06-30T02:17:19.862+0000] {processor.py:186} INFO - Started process (PID=733) to work on /opt/airflow/dags/driven_data_pipeline.py
[2025-06-30T02:17:19.864+0000] {processor.py:914} INFO - Processing file /opt/airflow/dags/driven_data_pipeline.py for tasks to queue
[2025-06-30T02:17:19.868+0000] {logging_mixin.py:190} INFO - [2025-06-30T02:17:19.868+0000] {dagbag.py:588} INFO - Filling up the DagBag from /opt/airflow/dags/driven_data_pipeline.py
[2025-06-30T02:17:19.907+0000] {logging_mixin.py:190} INFO - [2025-06-30T02:17:19.895+0000] {dagbag.py:387} ERROR - Failed to import: /opt/airflow/dags/driven_data_pipeline.py
Traceback (most recent call last):
  File "/home/airflow/.local/lib/python3.12/site-packages/airflow/models/dagbag.py", line 383, in parse
    loader.exec_module(new_module)
  File "<frozen importlib._bootstrap_external>", line 995, in exec_module
  File "<frozen importlib._bootstrap>", line 488, in _call_with_frames_removed
  File "/opt/airflow/dags/driven_data_pipeline.py", line 27, in <module>
    python_callable=save_raw_data,
                    ^^^^^^^^^^^^^
NameError: name 'save_raw_data' is not defined
[2025-06-30T02:17:19.915+0000] {processor.py:927} WARNING - No viable dags retrieved from /opt/airflow/dags/driven_data_pipeline.py
[2025-06-30T02:17:19.941+0000] {processor.py:208} INFO - Processing /opt/airflow/dags/driven_data_pipeline.py took 0.087 seconds
[2025-06-30T02:17:50.028+0000] {processor.py:186} INFO - Started process (PID=740) to work on /opt/airflow/dags/driven_data_pipeline.py
[2025-06-30T02:17:50.030+0000] {processor.py:914} INFO - Processing file /opt/airflow/dags/driven_data_pipeline.py for tasks to queue
[2025-06-30T02:17:50.033+0000] {logging_mixin.py:190} INFO - [2025-06-30T02:17:50.032+0000] {dagbag.py:588} INFO - Filling up the DagBag from /opt/airflow/dags/driven_data_pipeline.py
[2025-06-30T02:17:50.062+0000] {logging_mixin.py:190} INFO - [2025-06-30T02:17:50.053+0000] {dagbag.py:387} ERROR - Failed to import: /opt/airflow/dags/driven_data_pipeline.py
Traceback (most recent call last):
  File "/home/airflow/.local/lib/python3.12/site-packages/airflow/models/dagbag.py", line 383, in parse
    loader.exec_module(new_module)
  File "<frozen importlib._bootstrap_external>", line 995, in exec_module
  File "<frozen importlib._bootstrap>", line 488, in _call_with_frames_removed
  File "/opt/airflow/dags/driven_data_pipeline.py", line 27, in <module>
    python_callable=save_raw_data,
                    ^^^^^^^^^^^^^
NameError: name 'save_raw_data' is not defined
[2025-06-30T02:17:50.069+0000] {processor.py:927} WARNING - No viable dags retrieved from /opt/airflow/dags/driven_data_pipeline.py
[2025-06-30T02:17:50.091+0000] {processor.py:208} INFO - Processing /opt/airflow/dags/driven_data_pipeline.py took 0.070 seconds
[2025-06-30T02:18:21.049+0000] {processor.py:186} INFO - Started process (PID=753) to work on /opt/airflow/dags/driven_data_pipeline.py
[2025-06-30T02:18:21.051+0000] {processor.py:914} INFO - Processing file /opt/airflow/dags/driven_data_pipeline.py for tasks to queue
[2025-06-30T02:18:21.056+0000] {logging_mixin.py:190} INFO - [2025-06-30T02:18:21.055+0000] {dagbag.py:588} INFO - Filling up the DagBag from /opt/airflow/dags/driven_data_pipeline.py
[2025-06-30T02:18:21.098+0000] {logging_mixin.py:190} INFO - [2025-06-30T02:18:21.086+0000] {dagbag.py:387} ERROR - Failed to import: /opt/airflow/dags/driven_data_pipeline.py
Traceback (most recent call last):
  File "/home/airflow/.local/lib/python3.12/site-packages/airflow/models/dagbag.py", line 383, in parse
    loader.exec_module(new_module)
  File "<frozen importlib._bootstrap_external>", line 995, in exec_module
  File "<frozen importlib._bootstrap>", line 488, in _call_with_frames_removed
  File "/opt/airflow/dags/driven_data_pipeline.py", line 27, in <module>
    python_callable=save_raw_data,
                    ^^^^^^^^^^^^^
NameError: name 'save_raw_data' is not defined
[2025-06-30T02:18:21.106+0000] {processor.py:927} WARNING - No viable dags retrieved from /opt/airflow/dags/driven_data_pipeline.py
[2025-06-30T02:18:21.137+0000] {processor.py:208} INFO - Processing /opt/airflow/dags/driven_data_pipeline.py took 0.097 seconds
[2025-06-30T02:18:52.069+0000] {processor.py:186} INFO - Started process (PID=761) to work on /opt/airflow/dags/driven_data_pipeline.py
[2025-06-30T02:18:52.070+0000] {processor.py:914} INFO - Processing file /opt/airflow/dags/driven_data_pipeline.py for tasks to queue
[2025-06-30T02:18:52.075+0000] {logging_mixin.py:190} INFO - [2025-06-30T02:18:52.075+0000] {dagbag.py:588} INFO - Filling up the DagBag from /opt/airflow/dags/driven_data_pipeline.py
[2025-06-30T02:18:52.125+0000] {logging_mixin.py:190} INFO - [2025-06-30T02:18:52.114+0000] {dagbag.py:387} ERROR - Failed to import: /opt/airflow/dags/driven_data_pipeline.py
Traceback (most recent call last):
  File "/home/airflow/.local/lib/python3.12/site-packages/airflow/models/dagbag.py", line 383, in parse
    loader.exec_module(new_module)
  File "<frozen importlib._bootstrap_external>", line 995, in exec_module
  File "<frozen importlib._bootstrap>", line 488, in _call_with_frames_removed
  File "/opt/airflow/dags/driven_data_pipeline.py", line 27, in <module>
    python_callable=save_raw_data,
                    ^^^^^^^^^^^^^
NameError: name 'save_raw_data' is not defined
[2025-06-30T02:18:52.133+0000] {processor.py:927} WARNING - No viable dags retrieved from /opt/airflow/dags/driven_data_pipeline.py
[2025-06-30T02:18:52.159+0000] {processor.py:208} INFO - Processing /opt/airflow/dags/driven_data_pipeline.py took 0.098 seconds
[2025-06-30T02:19:23.100+0000] {processor.py:186} INFO - Started process (PID=768) to work on /opt/airflow/dags/driven_data_pipeline.py
[2025-06-30T02:19:23.102+0000] {processor.py:914} INFO - Processing file /opt/airflow/dags/driven_data_pipeline.py for tasks to queue
[2025-06-30T02:19:23.106+0000] {logging_mixin.py:190} INFO - [2025-06-30T02:19:23.105+0000] {dagbag.py:588} INFO - Filling up the DagBag from /opt/airflow/dags/driven_data_pipeline.py
[2025-06-30T02:19:23.146+0000] {logging_mixin.py:190} INFO - [2025-06-30T02:19:23.135+0000] {dagbag.py:387} ERROR - Failed to import: /opt/airflow/dags/driven_data_pipeline.py
Traceback (most recent call last):
  File "/home/airflow/.local/lib/python3.12/site-packages/airflow/models/dagbag.py", line 383, in parse
    loader.exec_module(new_module)
  File "<frozen importlib._bootstrap_external>", line 995, in exec_module
  File "<frozen importlib._bootstrap>", line 488, in _call_with_frames_removed
  File "/opt/airflow/dags/driven_data_pipeline.py", line 27, in <module>
    python_callable=save_raw_data,
                    ^^^^^^^^^^^^^
NameError: name 'save_raw_data' is not defined
[2025-06-30T02:19:23.154+0000] {processor.py:927} WARNING - No viable dags retrieved from /opt/airflow/dags/driven_data_pipeline.py
[2025-06-30T02:19:23.184+0000] {processor.py:208} INFO - Processing /opt/airflow/dags/driven_data_pipeline.py took 0.091 seconds
[2025-06-30T02:19:53.836+0000] {processor.py:186} INFO - Started process (PID=775) to work on /opt/airflow/dags/driven_data_pipeline.py
[2025-06-30T02:19:53.838+0000] {processor.py:914} INFO - Processing file /opt/airflow/dags/driven_data_pipeline.py for tasks to queue
[2025-06-30T02:19:53.842+0000] {logging_mixin.py:190} INFO - [2025-06-30T02:19:53.841+0000] {dagbag.py:588} INFO - Filling up the DagBag from /opt/airflow/dags/driven_data_pipeline.py
[2025-06-30T02:19:53.880+0000] {logging_mixin.py:190} INFO - [2025-06-30T02:19:53.867+0000] {dagbag.py:387} ERROR - Failed to import: /opt/airflow/dags/driven_data_pipeline.py
Traceback (most recent call last):
  File "/home/airflow/.local/lib/python3.12/site-packages/airflow/models/dagbag.py", line 383, in parse
    loader.exec_module(new_module)
  File "<frozen importlib._bootstrap_external>", line 995, in exec_module
  File "<frozen importlib._bootstrap>", line 488, in _call_with_frames_removed
  File "/opt/airflow/dags/driven_data_pipeline.py", line 27, in <module>
    python_callable=save_raw_data,
                    ^^^^^^^^^^^^^
NameError: name 'save_raw_data' is not defined
[2025-06-30T02:19:53.889+0000] {processor.py:927} WARNING - No viable dags retrieved from /opt/airflow/dags/driven_data_pipeline.py
[2025-06-30T02:19:53.922+0000] {processor.py:208} INFO - Processing /opt/airflow/dags/driven_data_pipeline.py took 0.093 seconds
[2025-06-30T02:20:10.702+0000] {processor.py:186} INFO - Started process (PID=782) to work on /opt/airflow/dags/driven_data_pipeline.py
[2025-06-30T02:20:10.704+0000] {processor.py:914} INFO - Processing file /opt/airflow/dags/driven_data_pipeline.py for tasks to queue
[2025-06-30T02:20:10.708+0000] {logging_mixin.py:190} INFO - [2025-06-30T02:20:10.707+0000] {dagbag.py:588} INFO - Filling up the DagBag from /opt/airflow/dags/driven_data_pipeline.py
[2025-06-30T02:20:11.865+0000] {processor.py:925} INFO - DAG(s) 'extract_raw_data_pipeline' retrieved from /opt/airflow/dags/driven_data_pipeline.py
[2025-06-30T02:20:13.271+0000] {logging_mixin.py:190} INFO - [2025-06-30T02:20:13.269+0000] {override.py:1900} INFO - Created Permission View: can read on DAG:extract_raw_data_pipeline
[2025-06-30T02:20:13.307+0000] {logging_mixin.py:190} INFO - [2025-06-30T02:20:13.306+0000] {override.py:1900} INFO - Created Permission View: can edit on DAG:extract_raw_data_pipeline
[2025-06-30T02:20:13.325+0000] {logging_mixin.py:190} INFO - [2025-06-30T02:20:13.324+0000] {override.py:1900} INFO - Created Permission View: can delete on DAG:extract_raw_data_pipeline
[2025-06-30T02:20:13.342+0000] {logging_mixin.py:190} INFO - [2025-06-30T02:20:13.341+0000] {override.py:1900} INFO - Created Permission View: can read on DAG Run:extract_raw_data_pipeline
[2025-06-30T02:20:13.360+0000] {logging_mixin.py:190} INFO - [2025-06-30T02:20:13.360+0000] {override.py:1900} INFO - Created Permission View: can delete on DAG Run:extract_raw_data_pipeline
[2025-06-30T02:20:13.379+0000] {logging_mixin.py:190} INFO - [2025-06-30T02:20:13.378+0000] {override.py:1900} INFO - Created Permission View: menu access on DAG Run:extract_raw_data_pipeline
[2025-06-30T02:20:13.401+0000] {logging_mixin.py:190} INFO - [2025-06-30T02:20:13.400+0000] {override.py:1900} INFO - Created Permission View: can create on DAG Run:extract_raw_data_pipeline
[2025-06-30T02:20:13.405+0000] {logging_mixin.py:190} INFO - [2025-06-30T02:20:13.404+0000] {dag.py:3239} INFO - Sync 1 DAGs
[2025-06-30T02:20:13.504+0000] {logging_mixin.py:190} INFO - [2025-06-30T02:20:13.503+0000] {dag.py:3262} INFO - Creating ORM DAG for extract_raw_data_pipeline
[2025-06-30T02:20:13.591+0000] {logging_mixin.py:190} INFO - [2025-06-30T02:20:13.589+0000] {dag.py:4180} INFO - Setting next_dagrun for extract_raw_data_pipeline to 2025-06-29 07:58:00+00:00, run_after=2025-06-29 07:59:00+00:00
[2025-06-30T02:20:13.657+0000] {processor.py:208} INFO - Processing /opt/airflow/dags/driven_data_pipeline.py took 2.965 seconds
[2025-06-30T02:20:44.625+0000] {processor.py:186} INFO - Started process (PID=789) to work on /opt/airflow/dags/driven_data_pipeline.py
[2025-06-30T02:20:44.629+0000] {processor.py:914} INFO - Processing file /opt/airflow/dags/driven_data_pipeline.py for tasks to queue
[2025-06-30T02:20:44.643+0000] {logging_mixin.py:190} INFO - [2025-06-30T02:20:44.640+0000] {dagbag.py:588} INFO - Filling up the DagBag from /opt/airflow/dags/driven_data_pipeline.py
[2025-06-30T02:20:44.998+0000] {processor.py:925} INFO - DAG(s) 'extract_raw_data_pipeline' retrieved from /opt/airflow/dags/driven_data_pipeline.py
[2025-06-30T02:20:45.267+0000] {logging_mixin.py:190} INFO - [2025-06-30T02:20:45.267+0000] {dag.py:3239} INFO - Sync 1 DAGs
[2025-06-30T02:20:45.478+0000] {logging_mixin.py:190} INFO - [2025-06-30T02:20:45.476+0000] {dag.py:4180} INFO - Setting next_dagrun for extract_raw_data_pipeline to 2025-06-29 07:58:00+00:00, run_after=2025-06-29 07:59:00+00:00
[2025-06-30T02:20:45.601+0000] {processor.py:208} INFO - Processing /opt/airflow/dags/driven_data_pipeline.py took 1.006 seconds
[2025-06-30T02:21:16.535+0000] {processor.py:186} INFO - Started process (PID=796) to work on /opt/airflow/dags/driven_data_pipeline.py
[2025-06-30T02:21:16.539+0000] {processor.py:914} INFO - Processing file /opt/airflow/dags/driven_data_pipeline.py for tasks to queue
[2025-06-30T02:21:16.547+0000] {logging_mixin.py:190} INFO - [2025-06-30T02:21:16.546+0000] {dagbag.py:588} INFO - Filling up the DagBag from /opt/airflow/dags/driven_data_pipeline.py
[2025-06-30T02:21:16.651+0000] {processor.py:925} INFO - DAG(s) 'extract_raw_data_pipeline' retrieved from /opt/airflow/dags/driven_data_pipeline.py
[2025-06-30T02:21:16.743+0000] {logging_mixin.py:190} INFO - [2025-06-30T02:21:16.743+0000] {dag.py:3239} INFO - Sync 1 DAGs
[2025-06-30T02:21:16.866+0000] {logging_mixin.py:190} INFO - [2025-06-30T02:21:16.866+0000] {dag.py:4180} INFO - Setting next_dagrun for extract_raw_data_pipeline to 2025-06-29 07:58:00+00:00, run_after=2025-06-29 07:59:00+00:00
[2025-06-30T02:21:16.983+0000] {processor.py:208} INFO - Processing /opt/airflow/dags/driven_data_pipeline.py took 0.464 seconds
[2025-06-30T02:21:47.282+0000] {processor.py:186} INFO - Started process (PID=803) to work on /opt/airflow/dags/driven_data_pipeline.py
[2025-06-30T02:21:47.284+0000] {processor.py:914} INFO - Processing file /opt/airflow/dags/driven_data_pipeline.py for tasks to queue
[2025-06-30T02:21:47.288+0000] {logging_mixin.py:190} INFO - [2025-06-30T02:21:47.287+0000] {dagbag.py:588} INFO - Filling up the DagBag from /opt/airflow/dags/driven_data_pipeline.py
[2025-06-30T02:21:47.350+0000] {processor.py:925} INFO - DAG(s) 'extract_raw_data_pipeline' retrieved from /opt/airflow/dags/driven_data_pipeline.py
[2025-06-30T02:21:47.403+0000] {logging_mixin.py:190} INFO - [2025-06-30T02:21:47.403+0000] {dag.py:3239} INFO - Sync 1 DAGs
[2025-06-30T02:21:47.442+0000] {logging_mixin.py:190} INFO - [2025-06-30T02:21:47.441+0000] {dag.py:4180} INFO - Setting next_dagrun for extract_raw_data_pipeline to 2025-06-29 07:58:00+00:00, run_after=2025-06-29 07:59:00+00:00
[2025-06-30T02:21:47.471+0000] {processor.py:208} INFO - Processing /opt/airflow/dags/driven_data_pipeline.py took 0.215 seconds
[2025-06-30T02:22:17.749+0000] {processor.py:186} INFO - Started process (PID=810) to work on /opt/airflow/dags/driven_data_pipeline.py
[2025-06-30T02:22:17.752+0000] {processor.py:914} INFO - Processing file /opt/airflow/dags/driven_data_pipeline.py for tasks to queue
[2025-06-30T02:22:17.758+0000] {logging_mixin.py:190} INFO - [2025-06-30T02:22:17.758+0000] {dagbag.py:588} INFO - Filling up the DagBag from /opt/airflow/dags/driven_data_pipeline.py
[2025-06-30T02:22:17.848+0000] {processor.py:925} INFO - DAG(s) 'extract_raw_data_pipeline' retrieved from /opt/airflow/dags/driven_data_pipeline.py
[2025-06-30T02:22:17.928+0000] {logging_mixin.py:190} INFO - [2025-06-30T02:22:17.927+0000] {dag.py:3239} INFO - Sync 1 DAGs
[2025-06-30T02:22:18.013+0000] {logging_mixin.py:190} INFO - [2025-06-30T02:22:18.012+0000] {dag.py:4180} INFO - Setting next_dagrun for extract_raw_data_pipeline to 2025-06-29 07:58:00+00:00, run_after=2025-06-29 07:59:00+00:00
[2025-06-30T02:22:18.062+0000] {processor.py:208} INFO - Processing /opt/airflow/dags/driven_data_pipeline.py took 0.327 seconds
[2025-06-30T02:22:48.578+0000] {processor.py:186} INFO - Started process (PID=817) to work on /opt/airflow/dags/driven_data_pipeline.py
[2025-06-30T02:22:48.579+0000] {processor.py:914} INFO - Processing file /opt/airflow/dags/driven_data_pipeline.py for tasks to queue
[2025-06-30T02:22:48.584+0000] {logging_mixin.py:190} INFO - [2025-06-30T02:22:48.583+0000] {dagbag.py:588} INFO - Filling up the DagBag from /opt/airflow/dags/driven_data_pipeline.py
[2025-06-30T02:22:48.637+0000] {processor.py:925} INFO - DAG(s) 'extract_raw_data_pipeline' retrieved from /opt/airflow/dags/driven_data_pipeline.py
[2025-06-30T02:22:48.693+0000] {logging_mixin.py:190} INFO - [2025-06-30T02:22:48.692+0000] {dag.py:3239} INFO - Sync 1 DAGs
[2025-06-30T02:22:48.732+0000] {logging_mixin.py:190} INFO - [2025-06-30T02:22:48.732+0000] {dag.py:4180} INFO - Setting next_dagrun for extract_raw_data_pipeline to 2025-06-29 07:58:00+00:00, run_after=2025-06-29 07:59:00+00:00
[2025-06-30T02:22:48.760+0000] {processor.py:208} INFO - Processing /opt/airflow/dags/driven_data_pipeline.py took 0.192 seconds
[2025-06-30T02:23:19.403+0000] {processor.py:186} INFO - Started process (PID=824) to work on /opt/airflow/dags/driven_data_pipeline.py
[2025-06-30T02:23:19.405+0000] {processor.py:914} INFO - Processing file /opt/airflow/dags/driven_data_pipeline.py for tasks to queue
[2025-06-30T02:23:19.418+0000] {logging_mixin.py:190} INFO - [2025-06-30T02:23:19.417+0000] {dagbag.py:588} INFO - Filling up the DagBag from /opt/airflow/dags/driven_data_pipeline.py
[2025-06-30T02:23:19.469+0000] {processor.py:925} INFO - DAG(s) 'extract_raw_data_pipeline' retrieved from /opt/airflow/dags/driven_data_pipeline.py
[2025-06-30T02:23:19.523+0000] {logging_mixin.py:190} INFO - [2025-06-30T02:23:19.523+0000] {dag.py:3239} INFO - Sync 1 DAGs
[2025-06-30T02:23:19.557+0000] {logging_mixin.py:190} INFO - [2025-06-30T02:23:19.556+0000] {dag.py:4180} INFO - Setting next_dagrun for extract_raw_data_pipeline to 2025-06-29 07:58:00+00:00, run_after=2025-06-29 07:59:00+00:00
[2025-06-30T02:23:19.583+0000] {processor.py:208} INFO - Processing /opt/airflow/dags/driven_data_pipeline.py took 0.188 seconds
[2025-06-30T02:23:49.639+0000] {processor.py:186} INFO - Started process (PID=837) to work on /opt/airflow/dags/driven_data_pipeline.py
[2025-06-30T02:23:49.640+0000] {processor.py:914} INFO - Processing file /opt/airflow/dags/driven_data_pipeline.py for tasks to queue
[2025-06-30T02:23:49.644+0000] {logging_mixin.py:190} INFO - [2025-06-30T02:23:49.644+0000] {dagbag.py:588} INFO - Filling up the DagBag from /opt/airflow/dags/driven_data_pipeline.py
[2025-06-30T02:23:49.685+0000] {processor.py:925} INFO - DAG(s) 'extract_raw_data_pipeline' retrieved from /opt/airflow/dags/driven_data_pipeline.py
[2025-06-30T02:23:49.721+0000] {logging_mixin.py:190} INFO - [2025-06-30T02:23:49.721+0000] {dag.py:3239} INFO - Sync 1 DAGs
[2025-06-30T02:23:49.754+0000] {logging_mixin.py:190} INFO - [2025-06-30T02:23:49.754+0000] {dag.py:4180} INFO - Setting next_dagrun for extract_raw_data_pipeline to 2025-06-29 07:58:00+00:00, run_after=2025-06-29 07:59:00+00:00
[2025-06-30T02:23:49.779+0000] {processor.py:208} INFO - Processing /opt/airflow/dags/driven_data_pipeline.py took 0.149 seconds
[2025-06-30T02:24:20.647+0000] {processor.py:186} INFO - Started process (PID=844) to work on /opt/airflow/dags/driven_data_pipeline.py
[2025-06-30T02:24:20.648+0000] {processor.py:914} INFO - Processing file /opt/airflow/dags/driven_data_pipeline.py for tasks to queue
[2025-06-30T02:24:20.652+0000] {logging_mixin.py:190} INFO - [2025-06-30T02:24:20.652+0000] {dagbag.py:588} INFO - Filling up the DagBag from /opt/airflow/dags/driven_data_pipeline.py
[2025-06-30T02:24:20.697+0000] {processor.py:925} INFO - DAG(s) 'extract_raw_data_pipeline' retrieved from /opt/airflow/dags/driven_data_pipeline.py
[2025-06-30T02:24:20.735+0000] {logging_mixin.py:190} INFO - [2025-06-30T02:24:20.735+0000] {dag.py:3239} INFO - Sync 1 DAGs
[2025-06-30T02:24:20.766+0000] {logging_mixin.py:190} INFO - [2025-06-30T02:24:20.766+0000] {dag.py:4180} INFO - Setting next_dagrun for extract_raw_data_pipeline to 2025-06-29 07:58:00+00:00, run_after=2025-06-29 07:59:00+00:00
[2025-06-30T02:24:20.792+0000] {processor.py:208} INFO - Processing /opt/airflow/dags/driven_data_pipeline.py took 0.153 seconds
[2025-06-30T02:24:51.527+0000] {processor.py:186} INFO - Started process (PID=851) to work on /opt/airflow/dags/driven_data_pipeline.py
[2025-06-30T02:24:51.529+0000] {processor.py:914} INFO - Processing file /opt/airflow/dags/driven_data_pipeline.py for tasks to queue
[2025-06-30T02:24:51.533+0000] {logging_mixin.py:190} INFO - [2025-06-30T02:24:51.532+0000] {dagbag.py:588} INFO - Filling up the DagBag from /opt/airflow/dags/driven_data_pipeline.py
[2025-06-30T02:24:51.577+0000] {processor.py:925} INFO - DAG(s) 'extract_raw_data_pipeline' retrieved from /opt/airflow/dags/driven_data_pipeline.py
[2025-06-30T02:24:51.613+0000] {logging_mixin.py:190} INFO - [2025-06-30T02:24:51.613+0000] {dag.py:3239} INFO - Sync 1 DAGs
[2025-06-30T02:24:51.647+0000] {logging_mixin.py:190} INFO - [2025-06-30T02:24:51.647+0000] {dag.py:4180} INFO - Setting next_dagrun for extract_raw_data_pipeline to 2025-06-29 07:58:00+00:00, run_after=2025-06-29 07:59:00+00:00
[2025-06-30T02:24:51.671+0000] {processor.py:208} INFO - Processing /opt/airflow/dags/driven_data_pipeline.py took 0.153 seconds
[2025-06-30T02:25:22.743+0000] {processor.py:186} INFO - Started process (PID=858) to work on /opt/airflow/dags/driven_data_pipeline.py
[2025-06-30T02:25:22.744+0000] {processor.py:914} INFO - Processing file /opt/airflow/dags/driven_data_pipeline.py for tasks to queue
[2025-06-30T02:25:22.749+0000] {logging_mixin.py:190} INFO - [2025-06-30T02:25:22.748+0000] {dagbag.py:588} INFO - Filling up the DagBag from /opt/airflow/dags/driven_data_pipeline.py
[2025-06-30T02:25:22.794+0000] {processor.py:925} INFO - DAG(s) 'extract_raw_data_pipeline' retrieved from /opt/airflow/dags/driven_data_pipeline.py
[2025-06-30T02:25:22.834+0000] {logging_mixin.py:190} INFO - [2025-06-30T02:25:22.834+0000] {dag.py:3239} INFO - Sync 1 DAGs
[2025-06-30T02:25:22.870+0000] {logging_mixin.py:190} INFO - [2025-06-30T02:25:22.870+0000] {dag.py:4180} INFO - Setting next_dagrun for extract_raw_data_pipeline to 2025-06-29 07:58:00+00:00, run_after=2025-06-29 07:59:00+00:00
[2025-06-30T02:25:22.899+0000] {processor.py:208} INFO - Processing /opt/airflow/dags/driven_data_pipeline.py took 0.165 seconds
[2025-06-30T02:25:53.129+0000] {processor.py:186} INFO - Started process (PID=865) to work on /opt/airflow/dags/driven_data_pipeline.py
[2025-06-30T02:25:53.130+0000] {processor.py:914} INFO - Processing file /opt/airflow/dags/driven_data_pipeline.py for tasks to queue
[2025-06-30T02:25:53.135+0000] {logging_mixin.py:190} INFO - [2025-06-30T02:25:53.134+0000] {dagbag.py:588} INFO - Filling up the DagBag from /opt/airflow/dags/driven_data_pipeline.py
[2025-06-30T02:25:53.182+0000] {processor.py:925} INFO - DAG(s) 'extract_raw_data_pipeline' retrieved from /opt/airflow/dags/driven_data_pipeline.py
[2025-06-30T02:25:53.218+0000] {logging_mixin.py:190} INFO - [2025-06-30T02:25:53.217+0000] {dag.py:3239} INFO - Sync 1 DAGs
[2025-06-30T02:25:53.257+0000] {logging_mixin.py:190} INFO - [2025-06-30T02:25:53.257+0000] {dag.py:4180} INFO - Setting next_dagrun for extract_raw_data_pipeline to 2025-06-29 07:58:00+00:00, run_after=2025-06-29 07:59:00+00:00
[2025-06-30T02:25:53.284+0000] {processor.py:208} INFO - Processing /opt/airflow/dags/driven_data_pipeline.py took 0.165 seconds
[2025-06-30T02:26:24.177+0000] {processor.py:186} INFO - Started process (PID=872) to work on /opt/airflow/dags/driven_data_pipeline.py
[2025-06-30T02:26:24.179+0000] {processor.py:914} INFO - Processing file /opt/airflow/dags/driven_data_pipeline.py for tasks to queue
[2025-06-30T02:26:24.183+0000] {logging_mixin.py:190} INFO - [2025-06-30T02:26:24.182+0000] {dagbag.py:588} INFO - Filling up the DagBag from /opt/airflow/dags/driven_data_pipeline.py
[2025-06-30T02:26:24.225+0000] {processor.py:925} INFO - DAG(s) 'extract_raw_data_pipeline' retrieved from /opt/airflow/dags/driven_data_pipeline.py
[2025-06-30T02:26:24.259+0000] {logging_mixin.py:190} INFO - [2025-06-30T02:26:24.259+0000] {dag.py:3239} INFO - Sync 1 DAGs
[2025-06-30T02:26:24.292+0000] {logging_mixin.py:190} INFO - [2025-06-30T02:26:24.291+0000] {dag.py:4180} INFO - Setting next_dagrun for extract_raw_data_pipeline to 2025-06-29 07:58:00+00:00, run_after=2025-06-29 07:59:00+00:00
[2025-06-30T02:26:24.318+0000] {processor.py:208} INFO - Processing /opt/airflow/dags/driven_data_pipeline.py took 0.149 seconds
[2025-06-30T02:26:54.500+0000] {processor.py:186} INFO - Started process (PID=879) to work on /opt/airflow/dags/driven_data_pipeline.py
[2025-06-30T02:26:54.502+0000] {processor.py:914} INFO - Processing file /opt/airflow/dags/driven_data_pipeline.py for tasks to queue
[2025-06-30T02:26:54.509+0000] {logging_mixin.py:190} INFO - [2025-06-30T02:26:54.508+0000] {dagbag.py:588} INFO - Filling up the DagBag from /opt/airflow/dags/driven_data_pipeline.py
[2025-06-30T02:26:54.587+0000] {processor.py:925} INFO - DAG(s) 'extract_raw_data_pipeline' retrieved from /opt/airflow/dags/driven_data_pipeline.py
[2025-06-30T02:26:54.657+0000] {logging_mixin.py:190} INFO - [2025-06-30T02:26:54.657+0000] {dag.py:3239} INFO - Sync 1 DAGs
[2025-06-30T02:26:54.722+0000] {logging_mixin.py:190} INFO - [2025-06-30T02:26:54.721+0000] {dag.py:4180} INFO - Setting next_dagrun for extract_raw_data_pipeline to 2025-06-29 07:58:00+00:00, run_after=2025-06-29 07:59:00+00:00
[2025-06-30T02:26:54.766+0000] {processor.py:208} INFO - Processing /opt/airflow/dags/driven_data_pipeline.py took 0.278 seconds
[2025-06-30T02:27:25.091+0000] {processor.py:186} INFO - Started process (PID=886) to work on /opt/airflow/dags/driven_data_pipeline.py
[2025-06-30T02:27:25.093+0000] {processor.py:914} INFO - Processing file /opt/airflow/dags/driven_data_pipeline.py for tasks to queue
[2025-06-30T02:27:25.099+0000] {logging_mixin.py:190} INFO - [2025-06-30T02:27:25.097+0000] {dagbag.py:588} INFO - Filling up the DagBag from /opt/airflow/dags/driven_data_pipeline.py
[2025-06-30T02:27:25.199+0000] {processor.py:925} INFO - DAG(s) 'extract_raw_data_pipeline' retrieved from /opt/airflow/dags/driven_data_pipeline.py
[2025-06-30T02:27:25.266+0000] {logging_mixin.py:190} INFO - [2025-06-30T02:27:25.266+0000] {dag.py:3239} INFO - Sync 1 DAGs
[2025-06-30T02:27:25.318+0000] {logging_mixin.py:190} INFO - [2025-06-30T02:27:25.317+0000] {dag.py:4180} INFO - Setting next_dagrun for extract_raw_data_pipeline to 2025-06-29 07:58:00+00:00, run_after=2025-06-29 07:59:00+00:00
[2025-06-30T02:27:25.361+0000] {processor.py:208} INFO - Processing /opt/airflow/dags/driven_data_pipeline.py took 0.281 seconds
[2025-06-30T02:27:56.010+0000] {processor.py:186} INFO - Started process (PID=893) to work on /opt/airflow/dags/driven_data_pipeline.py
[2025-06-30T02:27:56.012+0000] {processor.py:914} INFO - Processing file /opt/airflow/dags/driven_data_pipeline.py for tasks to queue
[2025-06-30T02:27:56.018+0000] {logging_mixin.py:190} INFO - [2025-06-30T02:27:56.018+0000] {dagbag.py:588} INFO - Filling up the DagBag from /opt/airflow/dags/driven_data_pipeline.py
[2025-06-30T02:27:56.169+0000] {processor.py:925} INFO - DAG(s) 'extract_raw_data_pipeline' retrieved from /opt/airflow/dags/driven_data_pipeline.py
[2025-06-30T02:27:56.477+0000] {logging_mixin.py:190} INFO - [2025-06-30T02:27:56.476+0000] {dag.py:3239} INFO - Sync 1 DAGs
[2025-06-30T02:27:56.533+0000] {logging_mixin.py:190} INFO - [2025-06-30T02:27:56.533+0000] {dag.py:4180} INFO - Setting next_dagrun for extract_raw_data_pipeline to 2025-06-29 07:58:00+00:00, run_after=2025-06-29 07:59:00+00:00
[2025-06-30T02:27:56.656+0000] {processor.py:208} INFO - Processing /opt/airflow/dags/driven_data_pipeline.py took 0.688 seconds
[2025-06-30T02:28:27.719+0000] {processor.py:186} INFO - Started process (PID=900) to work on /opt/airflow/dags/driven_data_pipeline.py
[2025-06-30T02:28:27.722+0000] {processor.py:914} INFO - Processing file /opt/airflow/dags/driven_data_pipeline.py for tasks to queue
[2025-06-30T02:28:27.738+0000] {logging_mixin.py:190} INFO - [2025-06-30T02:28:27.736+0000] {dagbag.py:588} INFO - Filling up the DagBag from /opt/airflow/dags/driven_data_pipeline.py
[2025-06-30T02:28:27.886+0000] {processor.py:925} INFO - DAG(s) 'extract_raw_data_pipeline' retrieved from /opt/airflow/dags/driven_data_pipeline.py
[2025-06-30T02:28:27.990+0000] {logging_mixin.py:190} INFO - [2025-06-30T02:28:27.989+0000] {dag.py:3239} INFO - Sync 1 DAGs
[2025-06-30T02:28:28.142+0000] {logging_mixin.py:190} INFO - [2025-06-30T02:28:28.141+0000] {dag.py:4180} INFO - Setting next_dagrun for extract_raw_data_pipeline to 2025-06-29 07:58:00+00:00, run_after=2025-06-29 07:59:00+00:00
[2025-06-30T02:28:28.297+0000] {processor.py:208} INFO - Processing /opt/airflow/dags/driven_data_pipeline.py took 0.613 seconds
[2025-06-30T02:28:58.511+0000] {processor.py:186} INFO - Started process (PID=907) to work on /opt/airflow/dags/driven_data_pipeline.py
[2025-06-30T02:28:58.514+0000] {processor.py:914} INFO - Processing file /opt/airflow/dags/driven_data_pipeline.py for tasks to queue
[2025-06-30T02:28:58.522+0000] {logging_mixin.py:190} INFO - [2025-06-30T02:28:58.521+0000] {dagbag.py:588} INFO - Filling up the DagBag from /opt/airflow/dags/driven_data_pipeline.py
[2025-06-30T02:28:58.617+0000] {processor.py:925} INFO - DAG(s) 'extract_raw_data_pipeline' retrieved from /opt/airflow/dags/driven_data_pipeline.py
[2025-06-30T02:28:58.697+0000] {logging_mixin.py:190} INFO - [2025-06-30T02:28:58.696+0000] {dag.py:3239} INFO - Sync 1 DAGs
[2025-06-30T02:28:58.810+0000] {logging_mixin.py:190} INFO - [2025-06-30T02:28:58.809+0000] {dag.py:4180} INFO - Setting next_dagrun for extract_raw_data_pipeline to 2025-06-29 07:58:00+00:00, run_after=2025-06-29 07:59:00+00:00
[2025-06-30T02:28:58.869+0000] {processor.py:208} INFO - Processing /opt/airflow/dags/driven_data_pipeline.py took 0.380 seconds
[2025-06-30T02:29:29.190+0000] {processor.py:186} INFO - Started process (PID=914) to work on /opt/airflow/dags/driven_data_pipeline.py
[2025-06-30T02:29:29.193+0000] {processor.py:914} INFO - Processing file /opt/airflow/dags/driven_data_pipeline.py for tasks to queue
[2025-06-30T02:29:29.203+0000] {logging_mixin.py:190} INFO - [2025-06-30T02:29:29.202+0000] {dagbag.py:588} INFO - Filling up the DagBag from /opt/airflow/dags/driven_data_pipeline.py
[2025-06-30T02:29:29.352+0000] {processor.py:925} INFO - DAG(s) 'extract_raw_data_pipeline' retrieved from /opt/airflow/dags/driven_data_pipeline.py
[2025-06-30T02:29:29.520+0000] {logging_mixin.py:190} INFO - [2025-06-30T02:29:29.519+0000] {dag.py:3239} INFO - Sync 1 DAGs
[2025-06-30T02:29:29.721+0000] {logging_mixin.py:190} INFO - [2025-06-30T02:29:29.720+0000] {dag.py:4180} INFO - Setting next_dagrun for extract_raw_data_pipeline to 2025-06-29 07:58:00+00:00, run_after=2025-06-29 07:59:00+00:00
[2025-06-30T02:29:29.798+0000] {processor.py:208} INFO - Processing /opt/airflow/dags/driven_data_pipeline.py took 0.626 seconds
[2025-06-30T02:30:00.205+0000] {processor.py:186} INFO - Started process (PID=921) to work on /opt/airflow/dags/driven_data_pipeline.py
[2025-06-30T02:30:00.208+0000] {processor.py:914} INFO - Processing file /opt/airflow/dags/driven_data_pipeline.py for tasks to queue
[2025-06-30T02:30:00.214+0000] {logging_mixin.py:190} INFO - [2025-06-30T02:30:00.213+0000] {dagbag.py:588} INFO - Filling up the DagBag from /opt/airflow/dags/driven_data_pipeline.py
[2025-06-30T02:30:00.283+0000] {processor.py:925} INFO - DAG(s) 'extract_raw_data_pipeline' retrieved from /opt/airflow/dags/driven_data_pipeline.py
[2025-06-30T02:30:00.366+0000] {logging_mixin.py:190} INFO - [2025-06-30T02:30:00.365+0000] {dag.py:3239} INFO - Sync 1 DAGs
[2025-06-30T02:30:00.455+0000] {logging_mixin.py:190} INFO - [2025-06-30T02:30:00.454+0000] {dag.py:4180} INFO - Setting next_dagrun for extract_raw_data_pipeline to 2025-06-29 07:58:00+00:00, run_after=2025-06-29 07:59:00+00:00
[2025-06-30T02:30:00.549+0000] {processor.py:208} INFO - Processing /opt/airflow/dags/driven_data_pipeline.py took 0.361 seconds
[2025-06-30T02:30:31.092+0000] {processor.py:186} INFO - Started process (PID=928) to work on /opt/airflow/dags/driven_data_pipeline.py
[2025-06-30T02:30:31.094+0000] {processor.py:914} INFO - Processing file /opt/airflow/dags/driven_data_pipeline.py for tasks to queue
[2025-06-30T02:30:31.099+0000] {logging_mixin.py:190} INFO - [2025-06-30T02:30:31.098+0000] {dagbag.py:588} INFO - Filling up the DagBag from /opt/airflow/dags/driven_data_pipeline.py
[2025-06-30T02:30:31.154+0000] {processor.py:925} INFO - DAG(s) 'extract_raw_data_pipeline' retrieved from /opt/airflow/dags/driven_data_pipeline.py
[2025-06-30T02:30:31.205+0000] {logging_mixin.py:190} INFO - [2025-06-30T02:30:31.204+0000] {dag.py:3239} INFO - Sync 1 DAGs
[2025-06-30T02:30:31.247+0000] {logging_mixin.py:190} INFO - [2025-06-30T02:30:31.247+0000] {dag.py:4180} INFO - Setting next_dagrun for extract_raw_data_pipeline to 2025-06-29 07:58:00+00:00, run_after=2025-06-29 07:59:00+00:00
[2025-06-30T02:30:31.279+0000] {processor.py:208} INFO - Processing /opt/airflow/dags/driven_data_pipeline.py took 0.198 seconds
[2025-06-30T02:31:01.833+0000] {processor.py:186} INFO - Started process (PID=935) to work on /opt/airflow/dags/driven_data_pipeline.py
[2025-06-30T02:31:01.835+0000] {processor.py:914} INFO - Processing file /opt/airflow/dags/driven_data_pipeline.py for tasks to queue
[2025-06-30T02:31:01.840+0000] {logging_mixin.py:190} INFO - [2025-06-30T02:31:01.839+0000] {dagbag.py:588} INFO - Filling up the DagBag from /opt/airflow/dags/driven_data_pipeline.py
[2025-06-30T02:31:01.894+0000] {processor.py:925} INFO - DAG(s) 'extract_raw_data_pipeline' retrieved from /opt/airflow/dags/driven_data_pipeline.py
[2025-06-30T02:31:01.941+0000] {logging_mixin.py:190} INFO - [2025-06-30T02:31:01.941+0000] {dag.py:3239} INFO - Sync 1 DAGs
[2025-06-30T02:31:01.985+0000] {logging_mixin.py:190} INFO - [2025-06-30T02:31:01.984+0000] {dag.py:4180} INFO - Setting next_dagrun for extract_raw_data_pipeline to 2025-06-29 07:58:00+00:00, run_after=2025-06-29 07:59:00+00:00
[2025-06-30T02:31:02.024+0000] {processor.py:208} INFO - Processing /opt/airflow/dags/driven_data_pipeline.py took 0.200 seconds
[2025-06-30T02:31:32.477+0000] {processor.py:186} INFO - Started process (PID=942) to work on /opt/airflow/dags/driven_data_pipeline.py
[2025-06-30T02:31:32.488+0000] {processor.py:914} INFO - Processing file /opt/airflow/dags/driven_data_pipeline.py for tasks to queue
[2025-06-30T02:31:32.524+0000] {logging_mixin.py:190} INFO - [2025-06-30T02:31:32.521+0000] {dagbag.py:588} INFO - Filling up the DagBag from /opt/airflow/dags/driven_data_pipeline.py
[2025-06-30T02:31:33.002+0000] {processor.py:925} INFO - DAG(s) 'extract_raw_data_pipeline' retrieved from /opt/airflow/dags/driven_data_pipeline.py
[2025-06-30T02:31:33.400+0000] {logging_mixin.py:190} INFO - [2025-06-30T02:31:33.400+0000] {dag.py:3239} INFO - Sync 1 DAGs
[2025-06-30T02:31:33.456+0000] {logging_mixin.py:190} INFO - [2025-06-30T02:31:33.456+0000] {dag.py:4180} INFO - Setting next_dagrun for extract_raw_data_pipeline to 2025-06-29 07:58:00+00:00, run_after=2025-06-29 07:59:00+00:00
[2025-06-30T02:31:33.534+0000] {processor.py:208} INFO - Processing /opt/airflow/dags/driven_data_pipeline.py took 1.145 seconds
[2025-06-30T02:32:04.129+0000] {processor.py:186} INFO - Started process (PID=949) to work on /opt/airflow/dags/driven_data_pipeline.py
[2025-06-30T02:32:04.131+0000] {processor.py:914} INFO - Processing file /opt/airflow/dags/driven_data_pipeline.py for tasks to queue
[2025-06-30T02:32:04.137+0000] {logging_mixin.py:190} INFO - [2025-06-30T02:32:04.136+0000] {dagbag.py:588} INFO - Filling up the DagBag from /opt/airflow/dags/driven_data_pipeline.py
[2025-06-30T02:32:04.210+0000] {processor.py:925} INFO - DAG(s) 'extract_raw_data_pipeline' retrieved from /opt/airflow/dags/driven_data_pipeline.py
[2025-06-30T02:32:04.271+0000] {logging_mixin.py:190} INFO - [2025-06-30T02:32:04.270+0000] {dag.py:3239} INFO - Sync 1 DAGs
[2025-06-30T02:32:04.329+0000] {logging_mixin.py:190} INFO - [2025-06-30T02:32:04.328+0000] {dag.py:4180} INFO - Setting next_dagrun for extract_raw_data_pipeline to 2025-06-29 07:58:00+00:00, run_after=2025-06-29 07:59:00+00:00
[2025-06-30T02:32:04.369+0000] {processor.py:208} INFO - Processing /opt/airflow/dags/driven_data_pipeline.py took 0.254 seconds
[2025-06-30T02:32:34.934+0000] {processor.py:186} INFO - Started process (PID=962) to work on /opt/airflow/dags/driven_data_pipeline.py
[2025-06-30T02:32:34.936+0000] {processor.py:914} INFO - Processing file /opt/airflow/dags/driven_data_pipeline.py for tasks to queue
[2025-06-30T02:32:34.943+0000] {logging_mixin.py:190} INFO - [2025-06-30T02:32:34.942+0000] {dagbag.py:588} INFO - Filling up the DagBag from /opt/airflow/dags/driven_data_pipeline.py
[2025-06-30T02:32:35.008+0000] {processor.py:925} INFO - DAG(s) 'extract_raw_data_pipeline' retrieved from /opt/airflow/dags/driven_data_pipeline.py
[2025-06-30T02:32:35.068+0000] {logging_mixin.py:190} INFO - [2025-06-30T02:32:35.067+0000] {dag.py:3239} INFO - Sync 1 DAGs
[2025-06-30T02:32:35.125+0000] {logging_mixin.py:190} INFO - [2025-06-30T02:32:35.124+0000] {dag.py:4180} INFO - Setting next_dagrun for extract_raw_data_pipeline to 2025-06-29 07:58:00+00:00, run_after=2025-06-29 07:59:00+00:00
[2025-06-30T02:32:35.173+0000] {processor.py:208} INFO - Processing /opt/airflow/dags/driven_data_pipeline.py took 0.252 seconds
[2025-06-30T02:33:05.930+0000] {processor.py:186} INFO - Started process (PID=970) to work on /opt/airflow/dags/driven_data_pipeline.py
[2025-06-30T02:33:05.932+0000] {processor.py:914} INFO - Processing file /opt/airflow/dags/driven_data_pipeline.py for tasks to queue
[2025-06-30T02:33:05.936+0000] {logging_mixin.py:190} INFO - [2025-06-30T02:33:05.936+0000] {dagbag.py:588} INFO - Filling up the DagBag from /opt/airflow/dags/driven_data_pipeline.py
[2025-06-30T02:33:05.998+0000] {processor.py:925} INFO - DAG(s) 'extract_raw_data_pipeline' retrieved from /opt/airflow/dags/driven_data_pipeline.py
[2025-06-30T02:33:06.055+0000] {logging_mixin.py:190} INFO - [2025-06-30T02:33:06.054+0000] {dag.py:3239} INFO - Sync 1 DAGs
[2025-06-30T02:33:06.107+0000] {logging_mixin.py:190} INFO - [2025-06-30T02:33:06.106+0000] {dag.py:4180} INFO - Setting next_dagrun for extract_raw_data_pipeline to 2025-06-29 07:58:00+00:00, run_after=2025-06-29 07:59:00+00:00
[2025-06-30T02:33:06.162+0000] {processor.py:208} INFO - Processing /opt/airflow/dags/driven_data_pipeline.py took 0.246 seconds
[2025-06-30T02:33:37.041+0000] {processor.py:186} INFO - Started process (PID=977) to work on /opt/airflow/dags/driven_data_pipeline.py
[2025-06-30T02:33:37.045+0000] {processor.py:914} INFO - Processing file /opt/airflow/dags/driven_data_pipeline.py for tasks to queue
[2025-06-30T02:33:37.055+0000] {logging_mixin.py:190} INFO - [2025-06-30T02:33:37.053+0000] {dagbag.py:588} INFO - Filling up the DagBag from /opt/airflow/dags/driven_data_pipeline.py
[2025-06-30T02:33:37.135+0000] {processor.py:925} INFO - DAG(s) 'extract_raw_data_pipeline' retrieved from /opt/airflow/dags/driven_data_pipeline.py
[2025-06-30T02:33:37.208+0000] {logging_mixin.py:190} INFO - [2025-06-30T02:33:37.207+0000] {dag.py:3239} INFO - Sync 1 DAGs
[2025-06-30T02:33:37.296+0000] {logging_mixin.py:190} INFO - [2025-06-30T02:33:37.295+0000] {dag.py:4180} INFO - Setting next_dagrun for extract_raw_data_pipeline to 2025-06-29 07:58:00+00:00, run_after=2025-06-29 07:59:00+00:00
[2025-06-30T02:33:37.790+0000] {processor.py:208} INFO - Processing /opt/airflow/dags/driven_data_pipeline.py took 0.771 seconds
[2025-06-30T02:34:07.937+0000] {processor.py:186} INFO - Started process (PID=984) to work on /opt/airflow/dags/driven_data_pipeline.py
[2025-06-30T02:34:07.938+0000] {processor.py:914} INFO - Processing file /opt/airflow/dags/driven_data_pipeline.py for tasks to queue
[2025-06-30T02:34:07.942+0000] {logging_mixin.py:190} INFO - [2025-06-30T02:34:07.941+0000] {dagbag.py:588} INFO - Filling up the DagBag from /opt/airflow/dags/driven_data_pipeline.py
[2025-06-30T02:34:07.982+0000] {processor.py:925} INFO - DAG(s) 'extract_raw_data_pipeline' retrieved from /opt/airflow/dags/driven_data_pipeline.py
[2025-06-30T02:34:08.020+0000] {logging_mixin.py:190} INFO - [2025-06-30T02:34:08.019+0000] {dag.py:3239} INFO - Sync 1 DAGs
[2025-06-30T02:34:08.052+0000] {logging_mixin.py:190} INFO - [2025-06-30T02:34:08.052+0000] {dag.py:4180} INFO - Setting next_dagrun for extract_raw_data_pipeline to 2025-06-29 07:58:00+00:00, run_after=2025-06-29 07:59:00+00:00
[2025-06-30T02:34:08.079+0000] {processor.py:208} INFO - Processing /opt/airflow/dags/driven_data_pipeline.py took 0.150 seconds
[2025-06-30T02:34:38.892+0000] {processor.py:186} INFO - Started process (PID=991) to work on /opt/airflow/dags/driven_data_pipeline.py
[2025-06-30T02:34:38.894+0000] {processor.py:914} INFO - Processing file /opt/airflow/dags/driven_data_pipeline.py for tasks to queue
[2025-06-30T02:34:38.897+0000] {logging_mixin.py:190} INFO - [2025-06-30T02:34:38.897+0000] {dagbag.py:588} INFO - Filling up the DagBag from /opt/airflow/dags/driven_data_pipeline.py
[2025-06-30T02:34:38.937+0000] {processor.py:925} INFO - DAG(s) 'extract_raw_data_pipeline' retrieved from /opt/airflow/dags/driven_data_pipeline.py
[2025-06-30T02:34:38.973+0000] {logging_mixin.py:190} INFO - [2025-06-30T02:34:38.973+0000] {dag.py:3239} INFO - Sync 1 DAGs
[2025-06-30T02:34:39.006+0000] {logging_mixin.py:190} INFO - [2025-06-30T02:34:39.005+0000] {dag.py:4180} INFO - Setting next_dagrun for extract_raw_data_pipeline to 2025-06-29 07:58:00+00:00, run_after=2025-06-29 07:59:00+00:00
[2025-06-30T02:34:39.032+0000] {processor.py:208} INFO - Processing /opt/airflow/dags/driven_data_pipeline.py took 0.148 seconds
[2025-06-30T02:35:09.186+0000] {processor.py:186} INFO - Started process (PID=998) to work on /opt/airflow/dags/driven_data_pipeline.py
[2025-06-30T02:35:09.187+0000] {processor.py:914} INFO - Processing file /opt/airflow/dags/driven_data_pipeline.py for tasks to queue
[2025-06-30T02:35:09.191+0000] {logging_mixin.py:190} INFO - [2025-06-30T02:35:09.191+0000] {dagbag.py:588} INFO - Filling up the DagBag from /opt/airflow/dags/driven_data_pipeline.py
[2025-06-30T02:35:09.231+0000] {processor.py:925} INFO - DAG(s) 'extract_raw_data_pipeline' retrieved from /opt/airflow/dags/driven_data_pipeline.py
[2025-06-30T02:35:09.266+0000] {logging_mixin.py:190} INFO - [2025-06-30T02:35:09.265+0000] {dag.py:3239} INFO - Sync 1 DAGs
[2025-06-30T02:35:09.297+0000] {logging_mixin.py:190} INFO - [2025-06-30T02:35:09.296+0000] {dag.py:4180} INFO - Setting next_dagrun for extract_raw_data_pipeline to 2025-06-29 07:58:00+00:00, run_after=2025-06-29 07:59:00+00:00
[2025-06-30T02:35:09.323+0000] {processor.py:208} INFO - Processing /opt/airflow/dags/driven_data_pipeline.py took 0.145 seconds
[2025-06-30T02:35:40.231+0000] {processor.py:186} INFO - Started process (PID=1005) to work on /opt/airflow/dags/driven_data_pipeline.py
[2025-06-30T02:35:40.232+0000] {processor.py:914} INFO - Processing file /opt/airflow/dags/driven_data_pipeline.py for tasks to queue
[2025-06-30T02:35:40.236+0000] {logging_mixin.py:190} INFO - [2025-06-30T02:35:40.235+0000] {dagbag.py:588} INFO - Filling up the DagBag from /opt/airflow/dags/driven_data_pipeline.py
[2025-06-30T02:35:40.273+0000] {processor.py:925} INFO - DAG(s) 'extract_raw_data_pipeline' retrieved from /opt/airflow/dags/driven_data_pipeline.py
[2025-06-30T02:35:40.306+0000] {logging_mixin.py:190} INFO - [2025-06-30T02:35:40.305+0000] {dag.py:3239} INFO - Sync 1 DAGs
[2025-06-30T02:35:40.337+0000] {logging_mixin.py:190} INFO - [2025-06-30T02:35:40.336+0000] {dag.py:4180} INFO - Setting next_dagrun for extract_raw_data_pipeline to 2025-06-29 07:58:00+00:00, run_after=2025-06-29 07:59:00+00:00
[2025-06-30T02:35:40.363+0000] {processor.py:208} INFO - Processing /opt/airflow/dags/driven_data_pipeline.py took 0.140 seconds
[2025-06-30T02:36:10.433+0000] {processor.py:186} INFO - Started process (PID=1012) to work on /opt/airflow/dags/driven_data_pipeline.py
[2025-06-30T02:36:10.435+0000] {processor.py:914} INFO - Processing file /opt/airflow/dags/driven_data_pipeline.py for tasks to queue
[2025-06-30T02:36:10.440+0000] {logging_mixin.py:190} INFO - [2025-06-30T02:36:10.440+0000] {dagbag.py:588} INFO - Filling up the DagBag from /opt/airflow/dags/driven_data_pipeline.py
[2025-06-30T02:36:10.491+0000] {processor.py:925} INFO - DAG(s) 'extract_raw_data_pipeline' retrieved from /opt/airflow/dags/driven_data_pipeline.py
[2025-06-30T02:36:10.535+0000] {logging_mixin.py:190} INFO - [2025-06-30T02:36:10.535+0000] {dag.py:3239} INFO - Sync 1 DAGs
[2025-06-30T02:36:10.577+0000] {logging_mixin.py:190} INFO - [2025-06-30T02:36:10.577+0000] {dag.py:4180} INFO - Setting next_dagrun for extract_raw_data_pipeline to 2025-06-29 07:58:00+00:00, run_after=2025-06-29 07:59:00+00:00
[2025-06-30T02:36:10.660+0000] {processor.py:208} INFO - Processing /opt/airflow/dags/driven_data_pipeline.py took 0.236 seconds
[2025-06-30T02:36:40.794+0000] {processor.py:186} INFO - Started process (PID=1019) to work on /opt/airflow/dags/driven_data_pipeline.py
[2025-06-30T02:36:40.796+0000] {processor.py:914} INFO - Processing file /opt/airflow/dags/driven_data_pipeline.py for tasks to queue
[2025-06-30T02:36:40.799+0000] {logging_mixin.py:190} INFO - [2025-06-30T02:36:40.798+0000] {dagbag.py:588} INFO - Filling up the DagBag from /opt/airflow/dags/driven_data_pipeline.py
[2025-06-30T02:36:40.834+0000] {processor.py:925} INFO - DAG(s) 'extract_raw_data_pipeline' retrieved from /opt/airflow/dags/driven_data_pipeline.py
[2025-06-30T02:36:40.869+0000] {logging_mixin.py:190} INFO - [2025-06-30T02:36:40.869+0000] {dag.py:3239} INFO - Sync 1 DAGs
[2025-06-30T02:36:40.903+0000] {logging_mixin.py:190} INFO - [2025-06-30T02:36:40.903+0000] {dag.py:4180} INFO - Setting next_dagrun for extract_raw_data_pipeline to 2025-06-29 07:58:00+00:00, run_after=2025-06-29 07:59:00+00:00
[2025-06-30T02:36:40.930+0000] {processor.py:208} INFO - Processing /opt/airflow/dags/driven_data_pipeline.py took 0.143 seconds
[2025-06-30T02:37:11.035+0000] {processor.py:186} INFO - Started process (PID=1026) to work on /opt/airflow/dags/driven_data_pipeline.py
[2025-06-30T02:37:11.036+0000] {processor.py:914} INFO - Processing file /opt/airflow/dags/driven_data_pipeline.py for tasks to queue
[2025-06-30T02:37:11.040+0000] {logging_mixin.py:190} INFO - [2025-06-30T02:37:11.039+0000] {dagbag.py:588} INFO - Filling up the DagBag from /opt/airflow/dags/driven_data_pipeline.py
[2025-06-30T02:37:11.079+0000] {processor.py:925} INFO - DAG(s) 'extract_raw_data_pipeline' retrieved from /opt/airflow/dags/driven_data_pipeline.py
[2025-06-30T02:37:11.116+0000] {logging_mixin.py:190} INFO - [2025-06-30T02:37:11.116+0000] {dag.py:3239} INFO - Sync 1 DAGs
[2025-06-30T02:37:11.147+0000] {logging_mixin.py:190} INFO - [2025-06-30T02:37:11.146+0000] {dag.py:4180} INFO - Setting next_dagrun for extract_raw_data_pipeline to 2025-06-29 07:58:00+00:00, run_after=2025-06-29 07:59:00+00:00
[2025-06-30T02:37:11.176+0000] {processor.py:208} INFO - Processing /opt/airflow/dags/driven_data_pipeline.py took 0.150 seconds
[2025-06-30T02:37:42.106+0000] {processor.py:186} INFO - Started process (PID=1033) to work on /opt/airflow/dags/driven_data_pipeline.py
[2025-06-30T02:37:42.108+0000] {processor.py:914} INFO - Processing file /opt/airflow/dags/driven_data_pipeline.py for tasks to queue
[2025-06-30T02:37:42.112+0000] {logging_mixin.py:190} INFO - [2025-06-30T02:37:42.111+0000] {dagbag.py:588} INFO - Filling up the DagBag from /opt/airflow/dags/driven_data_pipeline.py
[2025-06-30T02:37:42.151+0000] {processor.py:925} INFO - DAG(s) 'extract_raw_data_pipeline' retrieved from /opt/airflow/dags/driven_data_pipeline.py
[2025-06-30T02:37:42.184+0000] {logging_mixin.py:190} INFO - [2025-06-30T02:37:42.184+0000] {dag.py:3239} INFO - Sync 1 DAGs
[2025-06-30T02:37:42.215+0000] {logging_mixin.py:190} INFO - [2025-06-30T02:37:42.215+0000] {dag.py:4180} INFO - Setting next_dagrun for extract_raw_data_pipeline to 2025-06-29 07:58:00+00:00, run_after=2025-06-29 07:59:00+00:00
[2025-06-30T02:37:42.245+0000] {processor.py:208} INFO - Processing /opt/airflow/dags/driven_data_pipeline.py took 0.147 seconds
[2025-06-30T02:41:09.346+0000] {processor.py:186} INFO - Started process (PID=1034) to work on /opt/airflow/dags/driven_data_pipeline.py
[2025-06-30T02:41:09.357+0000] {processor.py:914} INFO - Processing file /opt/airflow/dags/driven_data_pipeline.py for tasks to queue
[2025-06-30T02:41:09.369+0000] {logging_mixin.py:190} INFO - [2025-06-30T02:41:09.368+0000] {dagbag.py:588} INFO - Filling up the DagBag from /opt/airflow/dags/driven_data_pipeline.py
[2025-06-30T02:41:09.495+0000] {processor.py:925} INFO - DAG(s) 'extract_raw_data_pipeline' retrieved from /opt/airflow/dags/driven_data_pipeline.py
[2025-06-30T02:41:09.599+0000] {logging_mixin.py:190} INFO - [2025-06-30T02:41:09.589+0000] {dag.py:3239} INFO - Sync 1 DAGs
[2025-06-30T02:41:09.719+0000] {logging_mixin.py:190} INFO - [2025-06-30T02:41:09.718+0000] {dag.py:4180} INFO - Setting next_dagrun for extract_raw_data_pipeline to 2025-06-29 07:58:00+00:00, run_after=2025-06-29 07:59:00+00:00
[2025-06-30T02:41:09.810+0000] {processor.py:208} INFO - Processing /opt/airflow/dags/driven_data_pipeline.py took 0.502 seconds
[2025-06-30T02:41:40.175+0000] {processor.py:186} INFO - Started process (PID=1041) to work on /opt/airflow/dags/driven_data_pipeline.py
[2025-06-30T02:41:40.177+0000] {processor.py:914} INFO - Processing file /opt/airflow/dags/driven_data_pipeline.py for tasks to queue
[2025-06-30T02:41:40.181+0000] {logging_mixin.py:190} INFO - [2025-06-30T02:41:40.181+0000] {dagbag.py:588} INFO - Filling up the DagBag from /opt/airflow/dags/driven_data_pipeline.py
[2025-06-30T02:41:40.230+0000] {processor.py:925} INFO - DAG(s) 'extract_raw_data_pipeline' retrieved from /opt/airflow/dags/driven_data_pipeline.py
[2025-06-30T02:41:40.271+0000] {logging_mixin.py:190} INFO - [2025-06-30T02:41:40.270+0000] {dag.py:3239} INFO - Sync 1 DAGs
[2025-06-30T02:41:40.304+0000] {logging_mixin.py:190} INFO - [2025-06-30T02:41:40.304+0000] {dag.py:4180} INFO - Setting next_dagrun for extract_raw_data_pipeline to 2025-06-29 07:58:00+00:00, run_after=2025-06-29 07:59:00+00:00
[2025-06-30T02:41:40.351+0000] {processor.py:208} INFO - Processing /opt/airflow/dags/driven_data_pipeline.py took 0.186 seconds
[2025-06-30T02:42:10.706+0000] {processor.py:186} INFO - Started process (PID=1048) to work on /opt/airflow/dags/driven_data_pipeline.py
[2025-06-30T02:42:10.708+0000] {processor.py:914} INFO - Processing file /opt/airflow/dags/driven_data_pipeline.py for tasks to queue
[2025-06-30T02:42:10.713+0000] {logging_mixin.py:190} INFO - [2025-06-30T02:42:10.712+0000] {dagbag.py:588} INFO - Filling up the DagBag from /opt/airflow/dags/driven_data_pipeline.py
[2025-06-30T02:42:10.765+0000] {processor.py:925} INFO - DAG(s) 'extract_raw_data_pipeline' retrieved from /opt/airflow/dags/driven_data_pipeline.py
[2025-06-30T02:42:10.822+0000] {logging_mixin.py:190} INFO - [2025-06-30T02:42:10.821+0000] {dag.py:3239} INFO - Sync 1 DAGs
[2025-06-30T02:42:10.865+0000] {logging_mixin.py:190} INFO - [2025-06-30T02:42:10.865+0000] {dag.py:4180} INFO - Setting next_dagrun for extract_raw_data_pipeline to 2025-06-29 07:58:00+00:00, run_after=2025-06-29 07:59:00+00:00
[2025-06-30T02:42:10.888+0000] {processor.py:208} INFO - Processing /opt/airflow/dags/driven_data_pipeline.py took 0.191 seconds
[2025-06-30T02:42:40.962+0000] {processor.py:186} INFO - Started process (PID=1055) to work on /opt/airflow/dags/driven_data_pipeline.py
[2025-06-30T02:42:40.964+0000] {processor.py:914} INFO - Processing file /opt/airflow/dags/driven_data_pipeline.py for tasks to queue
[2025-06-30T02:42:40.967+0000] {logging_mixin.py:190} INFO - [2025-06-30T02:42:40.967+0000] {dagbag.py:588} INFO - Filling up the DagBag from /opt/airflow/dags/driven_data_pipeline.py
[2025-06-30T02:42:41.008+0000] {processor.py:925} INFO - DAG(s) 'extract_raw_data_pipeline' retrieved from /opt/airflow/dags/driven_data_pipeline.py
[2025-06-30T02:42:41.044+0000] {logging_mixin.py:190} INFO - [2025-06-30T02:42:41.043+0000] {dag.py:3239} INFO - Sync 1 DAGs
[2025-06-30T02:42:41.076+0000] {logging_mixin.py:190} INFO - [2025-06-30T02:42:41.075+0000] {dag.py:4180} INFO - Setting next_dagrun for extract_raw_data_pipeline to 2025-06-29 07:58:00+00:00, run_after=2025-06-29 07:59:00+00:00
[2025-06-30T02:42:41.103+0000] {processor.py:208} INFO - Processing /opt/airflow/dags/driven_data_pipeline.py took 0.149 seconds
[2025-06-30T02:43:11.514+0000] {processor.py:186} INFO - Started process (PID=1062) to work on /opt/airflow/dags/driven_data_pipeline.py
[2025-06-30T02:43:11.515+0000] {processor.py:914} INFO - Processing file /opt/airflow/dags/driven_data_pipeline.py for tasks to queue
[2025-06-30T02:43:11.519+0000] {logging_mixin.py:190} INFO - [2025-06-30T02:43:11.519+0000] {dagbag.py:588} INFO - Filling up the DagBag from /opt/airflow/dags/driven_data_pipeline.py
[2025-06-30T02:43:11.567+0000] {processor.py:925} INFO - DAG(s) 'extract_raw_data_pipeline' retrieved from /opt/airflow/dags/driven_data_pipeline.py
[2025-06-30T02:43:11.600+0000] {logging_mixin.py:190} INFO - [2025-06-30T02:43:11.599+0000] {dag.py:3239} INFO - Sync 1 DAGs
[2025-06-30T02:43:11.631+0000] {logging_mixin.py:190} INFO - [2025-06-30T02:43:11.631+0000] {dag.py:4180} INFO - Setting next_dagrun for extract_raw_data_pipeline to 2025-06-29 07:58:00+00:00, run_after=2025-06-29 07:59:00+00:00
[2025-06-30T02:43:11.657+0000] {processor.py:208} INFO - Processing /opt/airflow/dags/driven_data_pipeline.py took 0.151 seconds
[2025-06-30T02:43:41.850+0000] {processor.py:186} INFO - Started process (PID=1069) to work on /opt/airflow/dags/driven_data_pipeline.py
[2025-06-30T02:43:41.852+0000] {processor.py:914} INFO - Processing file /opt/airflow/dags/driven_data_pipeline.py for tasks to queue
[2025-06-30T02:43:41.856+0000] {logging_mixin.py:190} INFO - [2025-06-30T02:43:41.855+0000] {dagbag.py:588} INFO - Filling up the DagBag from /opt/airflow/dags/driven_data_pipeline.py
[2025-06-30T02:43:41.900+0000] {processor.py:925} INFO - DAG(s) 'extract_raw_data_pipeline' retrieved from /opt/airflow/dags/driven_data_pipeline.py
[2025-06-30T02:43:41.940+0000] {logging_mixin.py:190} INFO - [2025-06-30T02:43:41.940+0000] {dag.py:3239} INFO - Sync 1 DAGs
[2025-06-30T02:43:41.979+0000] {logging_mixin.py:190} INFO - [2025-06-30T02:43:41.979+0000] {dag.py:4180} INFO - Setting next_dagrun for extract_raw_data_pipeline to 2025-06-29 07:58:00+00:00, run_after=2025-06-29 07:59:00+00:00
[2025-06-30T02:43:42.004+0000] {processor.py:208} INFO - Processing /opt/airflow/dags/driven_data_pipeline.py took 0.163 seconds
[2025-06-30T02:44:12.240+0000] {processor.py:186} INFO - Started process (PID=1076) to work on /opt/airflow/dags/driven_data_pipeline.py
[2025-06-30T02:44:12.241+0000] {processor.py:914} INFO - Processing file /opt/airflow/dags/driven_data_pipeline.py for tasks to queue
[2025-06-30T02:44:12.244+0000] {logging_mixin.py:190} INFO - [2025-06-30T02:44:12.244+0000] {dagbag.py:588} INFO - Filling up the DagBag from /opt/airflow/dags/driven_data_pipeline.py
[2025-06-30T02:44:12.289+0000] {processor.py:925} INFO - DAG(s) 'extract_raw_data_pipeline' retrieved from /opt/airflow/dags/driven_data_pipeline.py
[2025-06-30T02:44:12.334+0000] {logging_mixin.py:190} INFO - [2025-06-30T02:44:12.334+0000] {dag.py:3239} INFO - Sync 1 DAGs
[2025-06-30T02:44:12.368+0000] {logging_mixin.py:190} INFO - [2025-06-30T02:44:12.368+0000] {dag.py:4180} INFO - Setting next_dagrun for extract_raw_data_pipeline to 2025-06-29 07:58:00+00:00, run_after=2025-06-29 07:59:00+00:00
[2025-06-30T02:44:12.394+0000] {processor.py:208} INFO - Processing /opt/airflow/dags/driven_data_pipeline.py took 0.163 seconds
[2025-06-30T02:44:42.588+0000] {processor.py:186} INFO - Started process (PID=1083) to work on /opt/airflow/dags/driven_data_pipeline.py
[2025-06-30T02:44:42.590+0000] {processor.py:914} INFO - Processing file /opt/airflow/dags/driven_data_pipeline.py for tasks to queue
[2025-06-30T02:44:42.594+0000] {logging_mixin.py:190} INFO - [2025-06-30T02:44:42.593+0000] {dagbag.py:588} INFO - Filling up the DagBag from /opt/airflow/dags/driven_data_pipeline.py
[2025-06-30T02:44:42.632+0000] {processor.py:925} INFO - DAG(s) 'extract_raw_data_pipeline' retrieved from /opt/airflow/dags/driven_data_pipeline.py
[2025-06-30T02:44:42.672+0000] {logging_mixin.py:190} INFO - [2025-06-30T02:44:42.672+0000] {dag.py:3239} INFO - Sync 1 DAGs
[2025-06-30T02:44:42.710+0000] {logging_mixin.py:190} INFO - [2025-06-30T02:44:42.710+0000] {dag.py:4180} INFO - Setting next_dagrun for extract_raw_data_pipeline to 2025-06-29 07:58:00+00:00, run_after=2025-06-29 07:59:00+00:00
[2025-06-30T02:44:42.741+0000] {processor.py:208} INFO - Processing /opt/airflow/dags/driven_data_pipeline.py took 0.161 seconds
[2025-06-30T02:45:13.148+0000] {processor.py:186} INFO - Started process (PID=1096) to work on /opt/airflow/dags/driven_data_pipeline.py
[2025-06-30T02:45:13.154+0000] {processor.py:914} INFO - Processing file /opt/airflow/dags/driven_data_pipeline.py for tasks to queue
[2025-06-30T02:45:13.161+0000] {logging_mixin.py:190} INFO - [2025-06-30T02:45:13.160+0000] {dagbag.py:588} INFO - Filling up the DagBag from /opt/airflow/dags/driven_data_pipeline.py
[2025-06-30T02:45:13.455+0000] {processor.py:925} INFO - DAG(s) 'extract_raw_data_pipeline' retrieved from /opt/airflow/dags/driven_data_pipeline.py
[2025-06-30T02:45:13.912+0000] {logging_mixin.py:190} INFO - [2025-06-30T02:45:13.911+0000] {dag.py:3239} INFO - Sync 1 DAGs
[2025-06-30T02:45:14.081+0000] {logging_mixin.py:190} INFO - [2025-06-30T02:45:14.080+0000] {dag.py:4180} INFO - Setting next_dagrun for extract_raw_data_pipeline to 2025-06-29 07:59:00+00:00, run_after=2025-06-30 07:00:00+00:00
[2025-06-30T02:45:14.115+0000] {processor.py:208} INFO - Processing /opt/airflow/dags/driven_data_pipeline.py took 1.078 seconds
[2025-06-30T02:45:44.385+0000] {processor.py:186} INFO - Started process (PID=1115) to work on /opt/airflow/dags/driven_data_pipeline.py
[2025-06-30T02:45:44.387+0000] {processor.py:914} INFO - Processing file /opt/airflow/dags/driven_data_pipeline.py for tasks to queue
[2025-06-30T02:45:44.393+0000] {logging_mixin.py:190} INFO - [2025-06-30T02:45:44.393+0000] {dagbag.py:588} INFO - Filling up the DagBag from /opt/airflow/dags/driven_data_pipeline.py
[2025-06-30T02:45:44.460+0000] {processor.py:925} INFO - DAG(s) 'extract_raw_data_pipeline' retrieved from /opt/airflow/dags/driven_data_pipeline.py
[2025-06-30T02:45:44.520+0000] {logging_mixin.py:190} INFO - [2025-06-30T02:45:44.520+0000] {dag.py:3239} INFO - Sync 1 DAGs
[2025-06-30T02:45:44.568+0000] {logging_mixin.py:190} INFO - [2025-06-30T02:45:44.568+0000] {dag.py:4180} INFO - Setting next_dagrun for extract_raw_data_pipeline to 2025-06-29 07:59:00+00:00, run_after=2025-06-30 07:00:00+00:00
[2025-06-30T02:45:44.602+0000] {processor.py:208} INFO - Processing /opt/airflow/dags/driven_data_pipeline.py took 0.228 seconds
[2025-06-30T02:46:14.861+0000] {processor.py:186} INFO - Started process (PID=1122) to work on /opt/airflow/dags/driven_data_pipeline.py
[2025-06-30T02:46:14.863+0000] {processor.py:914} INFO - Processing file /opt/airflow/dags/driven_data_pipeline.py for tasks to queue
[2025-06-30T02:46:14.868+0000] {logging_mixin.py:190} INFO - [2025-06-30T02:46:14.867+0000] {dagbag.py:588} INFO - Filling up the DagBag from /opt/airflow/dags/driven_data_pipeline.py
[2025-06-30T02:46:14.921+0000] {processor.py:925} INFO - DAG(s) 'extract_raw_data_pipeline' retrieved from /opt/airflow/dags/driven_data_pipeline.py
[2025-06-30T02:46:14.973+0000] {logging_mixin.py:190} INFO - [2025-06-30T02:46:14.973+0000] {dag.py:3239} INFO - Sync 1 DAGs
[2025-06-30T02:46:15.017+0000] {logging_mixin.py:190} INFO - [2025-06-30T02:46:15.017+0000] {dag.py:4180} INFO - Setting next_dagrun for extract_raw_data_pipeline to 2025-06-29 07:59:00+00:00, run_after=2025-06-30 07:00:00+00:00
[2025-06-30T02:46:15.052+0000] {processor.py:208} INFO - Processing /opt/airflow/dags/driven_data_pipeline.py took 0.204 seconds
[2025-06-30T02:46:45.824+0000] {processor.py:186} INFO - Started process (PID=1129) to work on /opt/airflow/dags/driven_data_pipeline.py
[2025-06-30T02:46:45.825+0000] {processor.py:914} INFO - Processing file /opt/airflow/dags/driven_data_pipeline.py for tasks to queue
[2025-06-30T02:46:45.829+0000] {logging_mixin.py:190} INFO - [2025-06-30T02:46:45.828+0000] {dagbag.py:588} INFO - Filling up the DagBag from /opt/airflow/dags/driven_data_pipeline.py
[2025-06-30T02:46:45.873+0000] {processor.py:925} INFO - DAG(s) 'extract_raw_data_pipeline' retrieved from /opt/airflow/dags/driven_data_pipeline.py
[2025-06-30T02:46:45.914+0000] {logging_mixin.py:190} INFO - [2025-06-30T02:46:45.913+0000] {dag.py:3239} INFO - Sync 1 DAGs
[2025-06-30T02:46:45.949+0000] {logging_mixin.py:190} INFO - [2025-06-30T02:46:45.949+0000] {dag.py:4180} INFO - Setting next_dagrun for extract_raw_data_pipeline to 2025-06-29 07:59:00+00:00, run_after=2025-06-30 07:00:00+00:00
[2025-06-30T02:46:45.993+0000] {processor.py:208} INFO - Processing /opt/airflow/dags/driven_data_pipeline.py took 0.178 seconds
[2025-06-30T02:47:18.560+0000] {processor.py:186} INFO - Started process (PID=1137) to work on /opt/airflow/dags/driven_data_pipeline.py
[2025-06-30T02:47:18.562+0000] {processor.py:914} INFO - Processing file /opt/airflow/dags/driven_data_pipeline.py for tasks to queue
[2025-06-30T02:47:18.566+0000] {logging_mixin.py:190} INFO - [2025-06-30T02:47:18.565+0000] {dagbag.py:588} INFO - Filling up the DagBag from /opt/airflow/dags/driven_data_pipeline.py
[2025-06-30T02:47:18.630+0000] {processor.py:925} INFO - DAG(s) 'extract_raw_data_pipeline' retrieved from /opt/airflow/dags/driven_data_pipeline.py
[2025-06-30T02:47:18.686+0000] {logging_mixin.py:190} INFO - [2025-06-30T02:47:18.686+0000] {dag.py:3239} INFO - Sync 1 DAGs
[2025-06-30T02:47:18.732+0000] {logging_mixin.py:190} INFO - [2025-06-30T02:47:18.732+0000] {dag.py:4180} INFO - Setting next_dagrun for extract_raw_data_pipeline to 2025-06-29 07:59:00+00:00, run_after=2025-06-30 07:00:00+00:00
[2025-06-30T02:47:18.786+0000] {processor.py:208} INFO - Processing /opt/airflow/dags/driven_data_pipeline.py took 0.236 seconds
[2025-06-30T02:47:49.966+0000] {processor.py:186} INFO - Started process (PID=1144) to work on /opt/airflow/dags/driven_data_pipeline.py
[2025-06-30T02:47:49.967+0000] {processor.py:914} INFO - Processing file /opt/airflow/dags/driven_data_pipeline.py for tasks to queue
[2025-06-30T02:47:49.971+0000] {logging_mixin.py:190} INFO - [2025-06-30T02:47:49.970+0000] {dagbag.py:588} INFO - Filling up the DagBag from /opt/airflow/dags/driven_data_pipeline.py
[2025-06-30T02:47:50.159+0000] {processor.py:925} INFO - DAG(s) 'extract_raw_data_pipeline' retrieved from /opt/airflow/dags/driven_data_pipeline.py
[2025-06-30T02:47:50.200+0000] {logging_mixin.py:190} INFO - [2025-06-30T02:47:50.200+0000] {dag.py:3239} INFO - Sync 1 DAGs
[2025-06-30T02:47:50.234+0000] {logging_mixin.py:190} INFO - [2025-06-30T02:47:50.233+0000] {dag.py:4180} INFO - Setting next_dagrun for extract_raw_data_pipeline to 2025-06-29 07:59:00+00:00, run_after=2025-06-30 07:00:00+00:00
[2025-06-30T02:47:50.266+0000] {processor.py:208} INFO - Processing /opt/airflow/dags/driven_data_pipeline.py took 0.307 seconds
[2025-06-30T02:48:20.705+0000] {processor.py:186} INFO - Started process (PID=1151) to work on /opt/airflow/dags/driven_data_pipeline.py
[2025-06-30T02:48:20.707+0000] {processor.py:914} INFO - Processing file /opt/airflow/dags/driven_data_pipeline.py for tasks to queue
[2025-06-30T02:48:20.710+0000] {logging_mixin.py:190} INFO - [2025-06-30T02:48:20.709+0000] {dagbag.py:588} INFO - Filling up the DagBag from /opt/airflow/dags/driven_data_pipeline.py
[2025-06-30T02:48:20.745+0000] {processor.py:925} INFO - DAG(s) 'extract_raw_data_pipeline' retrieved from /opt/airflow/dags/driven_data_pipeline.py
[2025-06-30T02:48:20.783+0000] {logging_mixin.py:190} INFO - [2025-06-30T02:48:20.783+0000] {dag.py:3239} INFO - Sync 1 DAGs
[2025-06-30T02:48:20.815+0000] {logging_mixin.py:190} INFO - [2025-06-30T02:48:20.814+0000] {dag.py:4180} INFO - Setting next_dagrun for extract_raw_data_pipeline to 2025-06-29 07:59:00+00:00, run_after=2025-06-30 07:00:00+00:00
[2025-06-30T02:48:20.856+0000] {processor.py:208} INFO - Processing /opt/airflow/dags/driven_data_pipeline.py took 0.158 seconds
[2025-06-30T02:48:51.886+0000] {processor.py:186} INFO - Started process (PID=1159) to work on /opt/airflow/dags/driven_data_pipeline.py
[2025-06-30T02:48:51.889+0000] {processor.py:914} INFO - Processing file /opt/airflow/dags/driven_data_pipeline.py for tasks to queue
[2025-06-30T02:48:51.895+0000] {logging_mixin.py:190} INFO - [2025-06-30T02:48:51.895+0000] {dagbag.py:588} INFO - Filling up the DagBag from /opt/airflow/dags/driven_data_pipeline.py
[2025-06-30T02:48:51.959+0000] {processor.py:925} INFO - DAG(s) 'extract_raw_data_pipeline' retrieved from /opt/airflow/dags/driven_data_pipeline.py
[2025-06-30T02:48:52.024+0000] {logging_mixin.py:190} INFO - [2025-06-30T02:48:52.023+0000] {dag.py:3239} INFO - Sync 1 DAGs
[2025-06-30T02:48:52.073+0000] {logging_mixin.py:190} INFO - [2025-06-30T02:48:52.073+0000] {dag.py:4180} INFO - Setting next_dagrun for extract_raw_data_pipeline to 2025-06-29 07:59:00+00:00, run_after=2025-06-30 07:00:00+00:00
[2025-06-30T02:48:52.120+0000] {processor.py:208} INFO - Processing /opt/airflow/dags/driven_data_pipeline.py took 0.246 seconds
[2025-06-30T02:49:22.224+0000] {processor.py:186} INFO - Started process (PID=1166) to work on /opt/airflow/dags/driven_data_pipeline.py
[2025-06-30T02:49:22.225+0000] {processor.py:914} INFO - Processing file /opt/airflow/dags/driven_data_pipeline.py for tasks to queue
[2025-06-30T02:49:22.230+0000] {logging_mixin.py:190} INFO - [2025-06-30T02:49:22.229+0000] {dagbag.py:588} INFO - Filling up the DagBag from /opt/airflow/dags/driven_data_pipeline.py
[2025-06-30T02:49:22.269+0000] {processor.py:925} INFO - DAG(s) 'extract_raw_data_pipeline' retrieved from /opt/airflow/dags/driven_data_pipeline.py
[2025-06-30T02:49:22.308+0000] {logging_mixin.py:190} INFO - [2025-06-30T02:49:22.308+0000] {dag.py:3239} INFO - Sync 1 DAGs
[2025-06-30T02:49:22.343+0000] {logging_mixin.py:190} INFO - [2025-06-30T02:49:22.342+0000] {dag.py:4180} INFO - Setting next_dagrun for extract_raw_data_pipeline to 2025-06-29 07:59:00+00:00, run_after=2025-06-30 07:00:00+00:00
[2025-06-30T02:49:22.370+0000] {processor.py:208} INFO - Processing /opt/airflow/dags/driven_data_pipeline.py took 0.155 seconds
[2025-06-30T02:49:52.643+0000] {processor.py:186} INFO - Started process (PID=1173) to work on /opt/airflow/dags/driven_data_pipeline.py
[2025-06-30T02:49:52.644+0000] {processor.py:914} INFO - Processing file /opt/airflow/dags/driven_data_pipeline.py for tasks to queue
[2025-06-30T02:49:52.649+0000] {logging_mixin.py:190} INFO - [2025-06-30T02:49:52.648+0000] {dagbag.py:588} INFO - Filling up the DagBag from /opt/airflow/dags/driven_data_pipeline.py
[2025-06-30T02:49:52.687+0000] {processor.py:925} INFO - DAG(s) 'extract_raw_data_pipeline' retrieved from /opt/airflow/dags/driven_data_pipeline.py
[2025-06-30T02:49:52.723+0000] {logging_mixin.py:190} INFO - [2025-06-30T02:49:52.723+0000] {dag.py:3239} INFO - Sync 1 DAGs
[2025-06-30T02:49:52.756+0000] {logging_mixin.py:190} INFO - [2025-06-30T02:49:52.756+0000] {dag.py:4180} INFO - Setting next_dagrun for extract_raw_data_pipeline to 2025-06-29 07:59:00+00:00, run_after=2025-06-30 07:00:00+00:00
[2025-06-30T02:49:52.786+0000] {processor.py:208} INFO - Processing /opt/airflow/dags/driven_data_pipeline.py took 0.151 seconds
[2025-06-30T02:50:23.112+0000] {processor.py:186} INFO - Started process (PID=1180) to work on /opt/airflow/dags/driven_data_pipeline.py
[2025-06-30T02:50:23.113+0000] {processor.py:914} INFO - Processing file /opt/airflow/dags/driven_data_pipeline.py for tasks to queue
[2025-06-30T02:50:23.118+0000] {logging_mixin.py:190} INFO - [2025-06-30T02:50:23.117+0000] {dagbag.py:588} INFO - Filling up the DagBag from /opt/airflow/dags/driven_data_pipeline.py
[2025-06-30T02:50:23.167+0000] {processor.py:925} INFO - DAG(s) 'extract_raw_data_pipeline' retrieved from /opt/airflow/dags/driven_data_pipeline.py
[2025-06-30T02:50:23.210+0000] {logging_mixin.py:190} INFO - [2025-06-30T02:50:23.210+0000] {dag.py:3239} INFO - Sync 1 DAGs
[2025-06-30T02:50:23.246+0000] {logging_mixin.py:190} INFO - [2025-06-30T02:50:23.246+0000] {dag.py:4180} INFO - Setting next_dagrun for extract_raw_data_pipeline to 2025-06-29 07:59:00+00:00, run_after=2025-06-30 07:00:00+00:00
[2025-06-30T02:50:23.353+0000] {processor.py:208} INFO - Processing /opt/airflow/dags/driven_data_pipeline.py took 0.250 seconds
[2025-06-30T02:50:53.543+0000] {processor.py:186} INFO - Started process (PID=1187) to work on /opt/airflow/dags/driven_data_pipeline.py
[2025-06-30T02:50:53.544+0000] {processor.py:914} INFO - Processing file /opt/airflow/dags/driven_data_pipeline.py for tasks to queue
[2025-06-30T02:50:53.555+0000] {logging_mixin.py:190} INFO - [2025-06-30T02:50:53.554+0000] {dagbag.py:588} INFO - Filling up the DagBag from /opt/airflow/dags/driven_data_pipeline.py
[2025-06-30T02:50:53.598+0000] {processor.py:925} INFO - DAG(s) 'extract_raw_data_pipeline' retrieved from /opt/airflow/dags/driven_data_pipeline.py
[2025-06-30T02:50:53.639+0000] {logging_mixin.py:190} INFO - [2025-06-30T02:50:53.638+0000] {dag.py:3239} INFO - Sync 1 DAGs
[2025-06-30T02:50:53.677+0000] {logging_mixin.py:190} INFO - [2025-06-30T02:50:53.677+0000] {dag.py:4180} INFO - Setting next_dagrun for extract_raw_data_pipeline to 2025-06-29 07:59:00+00:00, run_after=2025-06-30 07:00:00+00:00
[2025-06-30T02:50:53.705+0000] {processor.py:208} INFO - Processing /opt/airflow/dags/driven_data_pipeline.py took 0.171 seconds
[2025-06-30T02:51:24.033+0000] {processor.py:186} INFO - Started process (PID=1200) to work on /opt/airflow/dags/driven_data_pipeline.py
[2025-06-30T02:51:24.034+0000] {processor.py:914} INFO - Processing file /opt/airflow/dags/driven_data_pipeline.py for tasks to queue
[2025-06-30T02:51:24.038+0000] {logging_mixin.py:190} INFO - [2025-06-30T02:51:24.038+0000] {dagbag.py:588} INFO - Filling up the DagBag from /opt/airflow/dags/driven_data_pipeline.py
[2025-06-30T02:51:24.081+0000] {processor.py:925} INFO - DAG(s) 'extract_raw_data_pipeline' retrieved from /opt/airflow/dags/driven_data_pipeline.py
[2025-06-30T02:51:24.118+0000] {logging_mixin.py:190} INFO - [2025-06-30T02:51:24.117+0000] {dag.py:3239} INFO - Sync 1 DAGs
[2025-06-30T02:51:24.150+0000] {logging_mixin.py:190} INFO - [2025-06-30T02:51:24.150+0000] {dag.py:4180} INFO - Setting next_dagrun for extract_raw_data_pipeline to 2025-06-29 07:59:00+00:00, run_after=2025-06-30 07:00:00+00:00
[2025-06-30T02:51:24.177+0000] {processor.py:208} INFO - Processing /opt/airflow/dags/driven_data_pipeline.py took 0.152 seconds
[2025-06-30T02:51:54.490+0000] {processor.py:186} INFO - Started process (PID=1207) to work on /opt/airflow/dags/driven_data_pipeline.py
[2025-06-30T02:51:54.492+0000] {processor.py:914} INFO - Processing file /opt/airflow/dags/driven_data_pipeline.py for tasks to queue
[2025-06-30T02:51:54.495+0000] {logging_mixin.py:190} INFO - [2025-06-30T02:51:54.495+0000] {dagbag.py:588} INFO - Filling up the DagBag from /opt/airflow/dags/driven_data_pipeline.py
[2025-06-30T02:51:54.540+0000] {processor.py:925} INFO - DAG(s) 'extract_raw_data_pipeline' retrieved from /opt/airflow/dags/driven_data_pipeline.py
[2025-06-30T02:51:54.580+0000] {logging_mixin.py:190} INFO - [2025-06-30T02:51:54.580+0000] {dag.py:3239} INFO - Sync 1 DAGs
[2025-06-30T02:51:54.615+0000] {logging_mixin.py:190} INFO - [2025-06-30T02:51:54.615+0000] {dag.py:4180} INFO - Setting next_dagrun for extract_raw_data_pipeline to 2025-06-29 07:59:00+00:00, run_after=2025-06-30 07:00:00+00:00
[2025-06-30T02:51:54.644+0000] {processor.py:208} INFO - Processing /opt/airflow/dags/driven_data_pipeline.py took 0.162 seconds
[2025-06-30T02:52:24.759+0000] {processor.py:186} INFO - Started process (PID=1214) to work on /opt/airflow/dags/driven_data_pipeline.py
[2025-06-30T02:52:24.761+0000] {processor.py:914} INFO - Processing file /opt/airflow/dags/driven_data_pipeline.py for tasks to queue
[2025-06-30T02:52:24.765+0000] {logging_mixin.py:190} INFO - [2025-06-30T02:52:24.765+0000] {dagbag.py:588} INFO - Filling up the DagBag from /opt/airflow/dags/driven_data_pipeline.py
[2025-06-30T02:52:24.823+0000] {processor.py:925} INFO - DAG(s) 'extract_raw_data_pipeline' retrieved from /opt/airflow/dags/driven_data_pipeline.py
[2025-06-30T02:52:24.870+0000] {logging_mixin.py:190} INFO - [2025-06-30T02:52:24.869+0000] {dag.py:3239} INFO - Sync 1 DAGs
[2025-06-30T02:52:24.915+0000] {logging_mixin.py:190} INFO - [2025-06-30T02:52:24.914+0000] {dag.py:4180} INFO - Setting next_dagrun for extract_raw_data_pipeline to 2025-06-29 07:59:00+00:00, run_after=2025-06-30 07:00:00+00:00
[2025-06-30T02:52:24.946+0000] {processor.py:208} INFO - Processing /opt/airflow/dags/driven_data_pipeline.py took 0.196 seconds
[2025-06-30T02:52:55.049+0000] {processor.py:186} INFO - Started process (PID=1221) to work on /opt/airflow/dags/driven_data_pipeline.py
[2025-06-30T02:52:55.051+0000] {processor.py:914} INFO - Processing file /opt/airflow/dags/driven_data_pipeline.py for tasks to queue
[2025-06-30T02:52:55.056+0000] {logging_mixin.py:190} INFO - [2025-06-30T02:52:55.055+0000] {dagbag.py:588} INFO - Filling up the DagBag from /opt/airflow/dags/driven_data_pipeline.py
[2025-06-30T02:52:56.125+0000] {processor.py:925} INFO - DAG(s) 'extract_raw_data_pipeline' retrieved from /opt/airflow/dags/driven_data_pipeline.py
[2025-06-30T02:52:56.176+0000] {logging_mixin.py:190} INFO - [2025-06-30T02:52:56.175+0000] {dag.py:3239} INFO - Sync 1 DAGs
[2025-06-30T02:52:56.219+0000] {logging_mixin.py:190} INFO - [2025-06-30T02:52:56.218+0000] {dag.py:4180} INFO - Setting next_dagrun for extract_raw_data_pipeline to 2025-06-29 07:59:00+00:00, run_after=2025-06-30 07:00:00+00:00
[2025-06-30T02:52:56.255+0000] {processor.py:208} INFO - Processing /opt/airflow/dags/driven_data_pipeline.py took 0.208 seconds
[2025-06-30T02:53:26.882+0000] {processor.py:186} INFO - Started process (PID=1228) to work on /opt/airflow/dags/driven_data_pipeline.py
[2025-06-30T02:53:26.884+0000] {processor.py:914} INFO - Processing file /opt/airflow/dags/driven_data_pipeline.py for tasks to queue
[2025-06-30T02:53:26.889+0000] {logging_mixin.py:190} INFO - [2025-06-30T02:53:26.888+0000] {dagbag.py:588} INFO - Filling up the DagBag from /opt/airflow/dags/driven_data_pipeline.py
[2025-06-30T02:53:26.940+0000] {processor.py:925} INFO - DAG(s) 'extract_raw_data_pipeline' retrieved from /opt/airflow/dags/driven_data_pipeline.py
[2025-06-30T02:53:26.985+0000] {logging_mixin.py:190} INFO - [2025-06-30T02:53:26.985+0000] {dag.py:3239} INFO - Sync 1 DAGs
[2025-06-30T02:53:27.032+0000] {logging_mixin.py:190} INFO - [2025-06-30T02:53:27.032+0000] {dag.py:4180} INFO - Setting next_dagrun for extract_raw_data_pipeline to 2025-06-29 07:59:00+00:00, run_after=2025-06-30 07:00:00+00:00
[2025-06-30T02:53:27.083+0000] {processor.py:208} INFO - Processing /opt/airflow/dags/driven_data_pipeline.py took 0.211 seconds
[2025-06-30T02:53:57.253+0000] {processor.py:186} INFO - Started process (PID=1235) to work on /opt/airflow/dags/driven_data_pipeline.py
[2025-06-30T02:53:57.255+0000] {processor.py:914} INFO - Processing file /opt/airflow/dags/driven_data_pipeline.py for tasks to queue
[2025-06-30T02:53:57.260+0000] {logging_mixin.py:190} INFO - [2025-06-30T02:53:57.259+0000] {dagbag.py:588} INFO - Filling up the DagBag from /opt/airflow/dags/driven_data_pipeline.py
[2025-06-30T02:53:57.321+0000] {processor.py:925} INFO - DAG(s) 'extract_raw_data_pipeline' retrieved from /opt/airflow/dags/driven_data_pipeline.py
[2025-06-30T02:53:57.372+0000] {logging_mixin.py:190} INFO - [2025-06-30T02:53:57.372+0000] {dag.py:3239} INFO - Sync 1 DAGs
[2025-06-30T02:53:57.426+0000] {logging_mixin.py:190} INFO - [2025-06-30T02:53:57.426+0000] {dag.py:4180} INFO - Setting next_dagrun for extract_raw_data_pipeline to 2025-06-29 07:59:00+00:00, run_after=2025-06-30 07:00:00+00:00
[2025-06-30T02:53:57.461+0000] {processor.py:208} INFO - Processing /opt/airflow/dags/driven_data_pipeline.py took 0.219 seconds
[2025-06-30T02:54:27.656+0000] {processor.py:186} INFO - Started process (PID=1242) to work on /opt/airflow/dags/driven_data_pipeline.py
[2025-06-30T02:54:27.659+0000] {processor.py:914} INFO - Processing file /opt/airflow/dags/driven_data_pipeline.py for tasks to queue
[2025-06-30T02:54:27.668+0000] {logging_mixin.py:190} INFO - [2025-06-30T02:54:27.667+0000] {dagbag.py:588} INFO - Filling up the DagBag from /opt/airflow/dags/driven_data_pipeline.py
[2025-06-30T02:54:27.776+0000] {processor.py:925} INFO - DAG(s) 'extract_raw_data_pipeline' retrieved from /opt/airflow/dags/driven_data_pipeline.py
[2025-06-30T02:54:27.842+0000] {logging_mixin.py:190} INFO - [2025-06-30T02:54:27.841+0000] {dag.py:3239} INFO - Sync 1 DAGs
[2025-06-30T02:54:27.904+0000] {logging_mixin.py:190} INFO - [2025-06-30T02:54:27.903+0000] {dag.py:4180} INFO - Setting next_dagrun for extract_raw_data_pipeline to 2025-06-29 07:59:00+00:00, run_after=2025-06-30 07:00:00+00:00
[2025-06-30T02:54:27.952+0000] {processor.py:208} INFO - Processing /opt/airflow/dags/driven_data_pipeline.py took 0.312 seconds
[2025-06-30T02:54:58.098+0000] {processor.py:186} INFO - Started process (PID=1249) to work on /opt/airflow/dags/driven_data_pipeline.py
[2025-06-30T02:54:58.099+0000] {processor.py:914} INFO - Processing file /opt/airflow/dags/driven_data_pipeline.py for tasks to queue
[2025-06-30T02:54:58.103+0000] {logging_mixin.py:190} INFO - [2025-06-30T02:54:58.103+0000] {dagbag.py:588} INFO - Filling up the DagBag from /opt/airflow/dags/driven_data_pipeline.py
[2025-06-30T02:54:58.142+0000] {processor.py:925} INFO - DAG(s) 'extract_raw_data_pipeline' retrieved from /opt/airflow/dags/driven_data_pipeline.py
[2025-06-30T02:54:58.175+0000] {logging_mixin.py:190} INFO - [2025-06-30T02:54:58.174+0000] {dag.py:3239} INFO - Sync 1 DAGs
[2025-06-30T02:54:58.206+0000] {logging_mixin.py:190} INFO - [2025-06-30T02:54:58.206+0000] {dag.py:4180} INFO - Setting next_dagrun for extract_raw_data_pipeline to 2025-06-29 07:59:00+00:00, run_after=2025-06-30 07:00:00+00:00
[2025-06-30T02:54:58.239+0000] {processor.py:208} INFO - Processing /opt/airflow/dags/driven_data_pipeline.py took 0.148 seconds
[2025-06-30T02:55:28.351+0000] {processor.py:186} INFO - Started process (PID=1256) to work on /opt/airflow/dags/driven_data_pipeline.py
[2025-06-30T02:55:28.353+0000] {processor.py:914} INFO - Processing file /opt/airflow/dags/driven_data_pipeline.py for tasks to queue
[2025-06-30T02:55:28.359+0000] {logging_mixin.py:190} INFO - [2025-06-30T02:55:28.358+0000] {dagbag.py:588} INFO - Filling up the DagBag from /opt/airflow/dags/driven_data_pipeline.py
[2025-06-30T02:55:28.408+0000] {processor.py:925} INFO - DAG(s) 'extract_raw_data_pipeline' retrieved from /opt/airflow/dags/driven_data_pipeline.py
[2025-06-30T02:55:28.452+0000] {logging_mixin.py:190} INFO - [2025-06-30T02:55:28.452+0000] {dag.py:3239} INFO - Sync 1 DAGs
[2025-06-30T02:55:28.492+0000] {logging_mixin.py:190} INFO - [2025-06-30T02:55:28.492+0000] {dag.py:4180} INFO - Setting next_dagrun for extract_raw_data_pipeline to 2025-06-29 07:59:00+00:00, run_after=2025-06-30 07:00:00+00:00
[2025-06-30T02:55:28.522+0000] {processor.py:208} INFO - Processing /opt/airflow/dags/driven_data_pipeline.py took 0.181 seconds
[2025-06-30T02:55:59.574+0000] {processor.py:186} INFO - Started process (PID=1263) to work on /opt/airflow/dags/driven_data_pipeline.py
[2025-06-30T02:55:59.575+0000] {processor.py:914} INFO - Processing file /opt/airflow/dags/driven_data_pipeline.py for tasks to queue
[2025-06-30T02:55:59.579+0000] {logging_mixin.py:190} INFO - [2025-06-30T02:55:59.579+0000] {dagbag.py:588} INFO - Filling up the DagBag from /opt/airflow/dags/driven_data_pipeline.py
[2025-06-30T02:55:59.625+0000] {processor.py:925} INFO - DAG(s) 'extract_raw_data_pipeline' retrieved from /opt/airflow/dags/driven_data_pipeline.py
[2025-06-30T02:55:59.661+0000] {logging_mixin.py:190} INFO - [2025-06-30T02:55:59.660+0000] {dag.py:3239} INFO - Sync 1 DAGs
[2025-06-30T02:55:59.695+0000] {logging_mixin.py:190} INFO - [2025-06-30T02:55:59.695+0000] {dag.py:4180} INFO - Setting next_dagrun for extract_raw_data_pipeline to 2025-06-29 07:59:00+00:00, run_after=2025-06-30 07:00:00+00:00
[2025-06-30T02:55:59.722+0000] {processor.py:208} INFO - Processing /opt/airflow/dags/driven_data_pipeline.py took 0.156 seconds
[2025-06-30T02:56:29.953+0000] {processor.py:186} INFO - Started process (PID=1276) to work on /opt/airflow/dags/driven_data_pipeline.py
[2025-06-30T02:56:29.955+0000] {processor.py:914} INFO - Processing file /opt/airflow/dags/driven_data_pipeline.py for tasks to queue
[2025-06-30T02:56:29.960+0000] {logging_mixin.py:190} INFO - [2025-06-30T02:56:29.960+0000] {dagbag.py:588} INFO - Filling up the DagBag from /opt/airflow/dags/driven_data_pipeline.py
[2025-06-30T02:56:30.020+0000] {processor.py:925} INFO - DAG(s) 'extract_raw_data_pipeline' retrieved from /opt/airflow/dags/driven_data_pipeline.py
[2025-06-30T02:56:30.067+0000] {logging_mixin.py:190} INFO - [2025-06-30T02:56:30.066+0000] {dag.py:3239} INFO - Sync 1 DAGs
[2025-06-30T02:56:30.109+0000] {logging_mixin.py:190} INFO - [2025-06-30T02:56:30.109+0000] {dag.py:4180} INFO - Setting next_dagrun for extract_raw_data_pipeline to 2025-06-29 07:59:00+00:00, run_after=2025-06-30 07:00:00+00:00
[2025-06-30T02:56:30.141+0000] {processor.py:208} INFO - Processing /opt/airflow/dags/driven_data_pipeline.py took 0.198 seconds
[2025-06-30T02:57:00.273+0000] {processor.py:186} INFO - Started process (PID=1283) to work on /opt/airflow/dags/driven_data_pipeline.py
[2025-06-30T02:57:00.274+0000] {processor.py:914} INFO - Processing file /opt/airflow/dags/driven_data_pipeline.py for tasks to queue
[2025-06-30T02:57:00.278+0000] {logging_mixin.py:190} INFO - [2025-06-30T02:57:00.278+0000] {dagbag.py:588} INFO - Filling up the DagBag from /opt/airflow/dags/driven_data_pipeline.py
[2025-06-30T02:57:00.326+0000] {processor.py:925} INFO - DAG(s) 'extract_raw_data_pipeline' retrieved from /opt/airflow/dags/driven_data_pipeline.py
[2025-06-30T02:57:00.365+0000] {logging_mixin.py:190} INFO - [2025-06-30T02:57:00.364+0000] {dag.py:3239} INFO - Sync 1 DAGs
[2025-06-30T02:57:00.397+0000] {logging_mixin.py:190} INFO - [2025-06-30T02:57:00.397+0000] {dag.py:4180} INFO - Setting next_dagrun for extract_raw_data_pipeline to 2025-06-29 07:59:00+00:00, run_after=2025-06-30 07:00:00+00:00
[2025-06-30T02:57:00.430+0000] {processor.py:208} INFO - Processing /opt/airflow/dags/driven_data_pipeline.py took 0.166 seconds
[2025-06-30T02:57:30.759+0000] {processor.py:186} INFO - Started process (PID=1290) to work on /opt/airflow/dags/driven_data_pipeline.py
[2025-06-30T02:57:30.760+0000] {processor.py:914} INFO - Processing file /opt/airflow/dags/driven_data_pipeline.py for tasks to queue
[2025-06-30T02:57:30.764+0000] {logging_mixin.py:190} INFO - [2025-06-30T02:57:30.764+0000] {dagbag.py:588} INFO - Filling up the DagBag from /opt/airflow/dags/driven_data_pipeline.py
[2025-06-30T02:57:30.810+0000] {processor.py:925} INFO - DAG(s) 'extract_raw_data_pipeline' retrieved from /opt/airflow/dags/driven_data_pipeline.py
[2025-06-30T02:57:30.846+0000] {logging_mixin.py:190} INFO - [2025-06-30T02:57:30.846+0000] {dag.py:3239} INFO - Sync 1 DAGs
[2025-06-30T02:57:30.879+0000] {logging_mixin.py:190} INFO - [2025-06-30T02:57:30.879+0000] {dag.py:4180} INFO - Setting next_dagrun for extract_raw_data_pipeline to 2025-06-29 07:59:00+00:00, run_after=2025-06-30 07:00:00+00:00
[2025-06-30T02:57:30.906+0000] {processor.py:208} INFO - Processing /opt/airflow/dags/driven_data_pipeline.py took 0.156 seconds
[2025-06-30T02:58:01.843+0000] {processor.py:186} INFO - Started process (PID=1297) to work on /opt/airflow/dags/driven_data_pipeline.py
[2025-06-30T02:58:01.844+0000] {processor.py:914} INFO - Processing file /opt/airflow/dags/driven_data_pipeline.py for tasks to queue
[2025-06-30T02:58:01.849+0000] {logging_mixin.py:190} INFO - [2025-06-30T02:58:01.848+0000] {dagbag.py:588} INFO - Filling up the DagBag from /opt/airflow/dags/driven_data_pipeline.py
[2025-06-30T02:58:01.889+0000] {processor.py:925} INFO - DAG(s) 'extract_raw_data_pipeline' retrieved from /opt/airflow/dags/driven_data_pipeline.py
[2025-06-30T02:58:01.926+0000] {logging_mixin.py:190} INFO - [2025-06-30T02:58:01.926+0000] {dag.py:3239} INFO - Sync 1 DAGs
[2025-06-30T02:58:01.958+0000] {logging_mixin.py:190} INFO - [2025-06-30T02:58:01.958+0000] {dag.py:4180} INFO - Setting next_dagrun for extract_raw_data_pipeline to 2025-06-29 07:59:00+00:00, run_after=2025-06-30 07:00:00+00:00
[2025-06-30T02:58:02.003+0000] {processor.py:208} INFO - Processing /opt/airflow/dags/driven_data_pipeline.py took 0.169 seconds
[2025-06-30T02:58:32.393+0000] {processor.py:186} INFO - Started process (PID=1304) to work on /opt/airflow/dags/driven_data_pipeline.py
[2025-06-30T02:58:32.394+0000] {processor.py:914} INFO - Processing file /opt/airflow/dags/driven_data_pipeline.py for tasks to queue
[2025-06-30T02:58:32.398+0000] {logging_mixin.py:190} INFO - [2025-06-30T02:58:32.397+0000] {dagbag.py:588} INFO - Filling up the DagBag from /opt/airflow/dags/driven_data_pipeline.py
[2025-06-30T02:58:32.435+0000] {processor.py:925} INFO - DAG(s) 'extract_raw_data_pipeline' retrieved from /opt/airflow/dags/driven_data_pipeline.py
[2025-06-30T02:58:32.470+0000] {logging_mixin.py:190} INFO - [2025-06-30T02:58:32.469+0000] {dag.py:3239} INFO - Sync 1 DAGs
[2025-06-30T02:58:32.502+0000] {logging_mixin.py:190} INFO - [2025-06-30T02:58:32.502+0000] {dag.py:4180} INFO - Setting next_dagrun for extract_raw_data_pipeline to 2025-06-29 07:59:00+00:00, run_after=2025-06-30 07:00:00+00:00
[2025-06-30T02:58:32.528+0000] {processor.py:208} INFO - Processing /opt/airflow/dags/driven_data_pipeline.py took 0.142 seconds
[2025-06-30T02:59:02.958+0000] {processor.py:186} INFO - Started process (PID=1311) to work on /opt/airflow/dags/driven_data_pipeline.py
[2025-06-30T02:59:02.959+0000] {processor.py:914} INFO - Processing file /opt/airflow/dags/driven_data_pipeline.py for tasks to queue
[2025-06-30T02:59:02.962+0000] {logging_mixin.py:190} INFO - [2025-06-30T02:59:02.962+0000] {dagbag.py:588} INFO - Filling up the DagBag from /opt/airflow/dags/driven_data_pipeline.py
[2025-06-30T02:59:02.999+0000] {processor.py:925} INFO - DAG(s) 'extract_raw_data_pipeline' retrieved from /opt/airflow/dags/driven_data_pipeline.py
[2025-06-30T02:59:03.034+0000] {logging_mixin.py:190} INFO - [2025-06-30T02:59:03.033+0000] {dag.py:3239} INFO - Sync 1 DAGs
[2025-06-30T02:59:03.067+0000] {logging_mixin.py:190} INFO - [2025-06-30T02:59:03.066+0000] {dag.py:4180} INFO - Setting next_dagrun for extract_raw_data_pipeline to 2025-06-29 07:59:00+00:00, run_after=2025-06-30 07:00:00+00:00
[2025-06-30T02:59:03.099+0000] {processor.py:208} INFO - Processing /opt/airflow/dags/driven_data_pipeline.py took 0.148 seconds
[2025-06-30T02:59:33.515+0000] {processor.py:186} INFO - Started process (PID=1318) to work on /opt/airflow/dags/driven_data_pipeline.py
[2025-06-30T02:59:33.516+0000] {processor.py:914} INFO - Processing file /opt/airflow/dags/driven_data_pipeline.py for tasks to queue
[2025-06-30T02:59:33.520+0000] {logging_mixin.py:190} INFO - [2025-06-30T02:59:33.519+0000] {dagbag.py:588} INFO - Filling up the DagBag from /opt/airflow/dags/driven_data_pipeline.py
[2025-06-30T02:59:33.566+0000] {processor.py:925} INFO - DAG(s) 'extract_raw_data_pipeline' retrieved from /opt/airflow/dags/driven_data_pipeline.py
[2025-06-30T02:59:33.607+0000] {logging_mixin.py:190} INFO - [2025-06-30T02:59:33.606+0000] {dag.py:3239} INFO - Sync 1 DAGs
[2025-06-30T02:59:33.661+0000] {logging_mixin.py:190} INFO - [2025-06-30T02:59:33.660+0000] {dag.py:4180} INFO - Setting next_dagrun for extract_raw_data_pipeline to 2025-06-29 07:59:00+00:00, run_after=2025-06-30 07:00:00+00:00
[2025-06-30T02:59:33.691+0000] {processor.py:208} INFO - Processing /opt/airflow/dags/driven_data_pipeline.py took 0.183 seconds
[2025-06-30T03:00:03.974+0000] {processor.py:186} INFO - Started process (PID=1325) to work on /opt/airflow/dags/driven_data_pipeline.py
[2025-06-30T03:00:03.976+0000] {processor.py:914} INFO - Processing file /opt/airflow/dags/driven_data_pipeline.py for tasks to queue
[2025-06-30T03:00:03.981+0000] {logging_mixin.py:190} INFO - [2025-06-30T03:00:03.980+0000] {dagbag.py:588} INFO - Filling up the DagBag from /opt/airflow/dags/driven_data_pipeline.py
[2025-06-30T03:00:04.027+0000] {processor.py:925} INFO - DAG(s) 'extract_raw_data_pipeline' retrieved from /opt/airflow/dags/driven_data_pipeline.py
[2025-06-30T03:00:04.067+0000] {logging_mixin.py:190} INFO - [2025-06-30T03:00:04.067+0000] {dag.py:3239} INFO - Sync 1 DAGs
[2025-06-30T03:00:04.102+0000] {logging_mixin.py:190} INFO - [2025-06-30T03:00:04.102+0000] {dag.py:4180} INFO - Setting next_dagrun for extract_raw_data_pipeline to 2025-06-29 07:59:00+00:00, run_after=2025-06-30 07:00:00+00:00
[2025-06-30T03:00:04.130+0000] {processor.py:208} INFO - Processing /opt/airflow/dags/driven_data_pipeline.py took 0.164 seconds
[2025-06-30T03:00:34.323+0000] {processor.py:186} INFO - Started process (PID=1332) to work on /opt/airflow/dags/driven_data_pipeline.py
[2025-06-30T03:00:34.324+0000] {processor.py:914} INFO - Processing file /opt/airflow/dags/driven_data_pipeline.py for tasks to queue
[2025-06-30T03:00:34.327+0000] {logging_mixin.py:190} INFO - [2025-06-30T03:00:34.327+0000] {dagbag.py:588} INFO - Filling up the DagBag from /opt/airflow/dags/driven_data_pipeline.py
[2025-06-30T03:00:34.368+0000] {processor.py:925} INFO - DAG(s) 'extract_raw_data_pipeline' retrieved from /opt/airflow/dags/driven_data_pipeline.py
[2025-06-30T03:00:34.404+0000] {logging_mixin.py:190} INFO - [2025-06-30T03:00:34.403+0000] {dag.py:3239} INFO - Sync 1 DAGs
[2025-06-30T03:00:34.436+0000] {logging_mixin.py:190} INFO - [2025-06-30T03:00:34.435+0000] {dag.py:4180} INFO - Setting next_dagrun for extract_raw_data_pipeline to 2025-06-29 07:59:00+00:00, run_after=2025-06-30 07:00:00+00:00
[2025-06-30T03:00:34.460+0000] {processor.py:208} INFO - Processing /opt/airflow/dags/driven_data_pipeline.py took 0.146 seconds
[2025-06-30T03:01:04.543+0000] {processor.py:186} INFO - Started process (PID=1339) to work on /opt/airflow/dags/driven_data_pipeline.py
[2025-06-30T03:01:04.545+0000] {processor.py:914} INFO - Processing file /opt/airflow/dags/driven_data_pipeline.py for tasks to queue
[2025-06-30T03:01:04.550+0000] {logging_mixin.py:190} INFO - [2025-06-30T03:01:04.549+0000] {dagbag.py:588} INFO - Filling up the DagBag from /opt/airflow/dags/driven_data_pipeline.py
[2025-06-30T03:01:04.607+0000] {processor.py:925} INFO - DAG(s) 'extract_raw_data_pipeline' retrieved from /opt/airflow/dags/driven_data_pipeline.py
[2025-06-30T03:01:04.652+0000] {logging_mixin.py:190} INFO - [2025-06-30T03:01:04.652+0000] {dag.py:3239} INFO - Sync 1 DAGs
[2025-06-30T03:01:04.690+0000] {logging_mixin.py:190} INFO - [2025-06-30T03:01:04.690+0000] {dag.py:4180} INFO - Setting next_dagrun for extract_raw_data_pipeline to 2025-06-29 07:59:00+00:00, run_after=2025-06-30 07:00:00+00:00
[2025-06-30T03:01:04.719+0000] {processor.py:208} INFO - Processing /opt/airflow/dags/driven_data_pipeline.py took 0.188 seconds
[2025-06-30T03:01:35.826+0000] {processor.py:186} INFO - Started process (PID=1352) to work on /opt/airflow/dags/driven_data_pipeline.py
[2025-06-30T03:01:35.828+0000] {processor.py:914} INFO - Processing file /opt/airflow/dags/driven_data_pipeline.py for tasks to queue
[2025-06-30T03:01:35.832+0000] {logging_mixin.py:190} INFO - [2025-06-30T03:01:35.832+0000] {dagbag.py:588} INFO - Filling up the DagBag from /opt/airflow/dags/driven_data_pipeline.py
[2025-06-30T03:01:35.895+0000] {processor.py:925} INFO - DAG(s) 'extract_raw_data_pipeline' retrieved from /opt/airflow/dags/driven_data_pipeline.py
[2025-06-30T03:01:35.933+0000] {logging_mixin.py:190} INFO - [2025-06-30T03:01:35.933+0000] {dag.py:3239} INFO - Sync 1 DAGs
[2025-06-30T03:01:35.968+0000] {logging_mixin.py:190} INFO - [2025-06-30T03:01:35.967+0000] {dag.py:4180} INFO - Setting next_dagrun for extract_raw_data_pipeline to 2025-06-29 07:59:00+00:00, run_after=2025-06-30 07:00:00+00:00
[2025-06-30T03:01:35.996+0000] {processor.py:208} INFO - Processing /opt/airflow/dags/driven_data_pipeline.py took 0.179 seconds
[2025-06-30T03:02:07.092+0000] {processor.py:186} INFO - Started process (PID=1359) to work on /opt/airflow/dags/driven_data_pipeline.py
[2025-06-30T03:02:07.094+0000] {processor.py:914} INFO - Processing file /opt/airflow/dags/driven_data_pipeline.py for tasks to queue
[2025-06-30T03:02:07.099+0000] {logging_mixin.py:190} INFO - [2025-06-30T03:02:07.098+0000] {dagbag.py:588} INFO - Filling up the DagBag from /opt/airflow/dags/driven_data_pipeline.py
[2025-06-30T03:02:07.162+0000] {processor.py:925} INFO - DAG(s) 'extract_raw_data_pipeline' retrieved from /opt/airflow/dags/driven_data_pipeline.py
[2025-06-30T03:02:07.216+0000] {logging_mixin.py:190} INFO - [2025-06-30T03:02:07.215+0000] {dag.py:3239} INFO - Sync 1 DAGs
[2025-06-30T03:02:07.289+0000] {logging_mixin.py:190} INFO - [2025-06-30T03:02:07.288+0000] {dag.py:4180} INFO - Setting next_dagrun for extract_raw_data_pipeline to 2025-06-29 07:59:00+00:00, run_after=2025-06-30 07:00:00+00:00
[2025-06-30T03:02:07.317+0000] {processor.py:208} INFO - Processing /opt/airflow/dags/driven_data_pipeline.py took 0.237 seconds
[2025-06-30T03:02:37.435+0000] {processor.py:186} INFO - Started process (PID=1366) to work on /opt/airflow/dags/driven_data_pipeline.py
[2025-06-30T03:02:37.436+0000] {processor.py:914} INFO - Processing file /opt/airflow/dags/driven_data_pipeline.py for tasks to queue
[2025-06-30T03:02:37.440+0000] {logging_mixin.py:190} INFO - [2025-06-30T03:02:37.439+0000] {dagbag.py:588} INFO - Filling up the DagBag from /opt/airflow/dags/driven_data_pipeline.py
[2025-06-30T03:02:37.481+0000] {processor.py:925} INFO - DAG(s) 'extract_raw_data_pipeline' retrieved from /opt/airflow/dags/driven_data_pipeline.py
[2025-06-30T03:02:37.518+0000] {logging_mixin.py:190} INFO - [2025-06-30T03:02:37.518+0000] {dag.py:3239} INFO - Sync 1 DAGs
[2025-06-30T03:02:37.551+0000] {logging_mixin.py:190} INFO - [2025-06-30T03:02:37.551+0000] {dag.py:4180} INFO - Setting next_dagrun for extract_raw_data_pipeline to 2025-06-29 07:59:00+00:00, run_after=2025-06-30 07:00:00+00:00
[2025-06-30T03:02:37.578+0000] {processor.py:208} INFO - Processing /opt/airflow/dags/driven_data_pipeline.py took 0.152 seconds
[2025-06-30T03:03:04.258+0000] {processor.py:186} INFO - Started process (PID=1374) to work on /opt/airflow/dags/driven_data_pipeline.py
[2025-06-30T03:03:04.260+0000] {processor.py:914} INFO - Processing file /opt/airflow/dags/driven_data_pipeline.py for tasks to queue
[2025-06-30T03:03:04.263+0000] {logging_mixin.py:190} INFO - [2025-06-30T03:03:04.263+0000] {dagbag.py:588} INFO - Filling up the DagBag from /opt/airflow/dags/driven_data_pipeline.py
[2025-06-30T03:03:04.304+0000] {processor.py:925} INFO - DAG(s) 'extract_raw_data_pipeline' retrieved from /opt/airflow/dags/driven_data_pipeline.py
[2025-06-30T03:03:04.340+0000] {logging_mixin.py:190} INFO - [2025-06-30T03:03:04.340+0000] {dag.py:3239} INFO - Sync 1 DAGs
[2025-06-30T03:03:04.373+0000] {logging_mixin.py:190} INFO - [2025-06-30T03:03:04.372+0000] {dag.py:4180} INFO - Setting next_dagrun for extract_raw_data_pipeline to 2025-06-29 07:59:00+00:00, run_after=2025-06-30 07:00:00+00:00
[2025-06-30T03:03:04.399+0000] {processor.py:208} INFO - Processing /opt/airflow/dags/driven_data_pipeline.py took 0.151 seconds
[2025-06-30T03:03:35.291+0000] {processor.py:186} INFO - Started process (PID=1382) to work on /opt/airflow/dags/driven_data_pipeline.py
[2025-06-30T03:03:35.292+0000] {processor.py:914} INFO - Processing file /opt/airflow/dags/driven_data_pipeline.py for tasks to queue
[2025-06-30T03:03:35.297+0000] {logging_mixin.py:190} INFO - [2025-06-30T03:03:35.296+0000] {dagbag.py:588} INFO - Filling up the DagBag from /opt/airflow/dags/driven_data_pipeline.py
[2025-06-30T03:03:35.339+0000] {processor.py:925} INFO - DAG(s) 'extract_raw_data_pipeline' retrieved from /opt/airflow/dags/driven_data_pipeline.py
[2025-06-30T03:03:35.379+0000] {logging_mixin.py:190} INFO - [2025-06-30T03:03:35.379+0000] {dag.py:3239} INFO - Sync 1 DAGs
[2025-06-30T03:03:35.413+0000] {logging_mixin.py:190} INFO - [2025-06-30T03:03:35.413+0000] {dag.py:4180} INFO - Setting next_dagrun for extract_raw_data_pipeline to 2025-06-29 07:59:00+00:00, run_after=2025-06-30 07:00:00+00:00
[2025-06-30T03:03:35.441+0000] {processor.py:208} INFO - Processing /opt/airflow/dags/driven_data_pipeline.py took 0.159 seconds
[2025-06-30T03:04:05.711+0000] {processor.py:186} INFO - Started process (PID=1389) to work on /opt/airflow/dags/driven_data_pipeline.py
[2025-06-30T03:04:05.712+0000] {processor.py:914} INFO - Processing file /opt/airflow/dags/driven_data_pipeline.py for tasks to queue
[2025-06-30T03:04:05.716+0000] {logging_mixin.py:190} INFO - [2025-06-30T03:04:05.715+0000] {dagbag.py:588} INFO - Filling up the DagBag from /opt/airflow/dags/driven_data_pipeline.py
[2025-06-30T03:04:05.758+0000] {processor.py:925} INFO - DAG(s) 'extract_raw_data_pipeline' retrieved from /opt/airflow/dags/driven_data_pipeline.py
[2025-06-30T03:04:05.795+0000] {logging_mixin.py:190} INFO - [2025-06-30T03:04:05.795+0000] {dag.py:3239} INFO - Sync 1 DAGs
[2025-06-30T03:04:05.830+0000] {logging_mixin.py:190} INFO - [2025-06-30T03:04:05.830+0000] {dag.py:4180} INFO - Setting next_dagrun for extract_raw_data_pipeline to 2025-06-29 07:59:00+00:00, run_after=2025-06-30 07:00:00+00:00
[2025-06-30T03:04:05.860+0000] {processor.py:208} INFO - Processing /opt/airflow/dags/driven_data_pipeline.py took 0.159 seconds
[2025-06-30T03:04:36.896+0000] {processor.py:186} INFO - Started process (PID=1396) to work on /opt/airflow/dags/driven_data_pipeline.py
[2025-06-30T03:04:36.898+0000] {processor.py:914} INFO - Processing file /opt/airflow/dags/driven_data_pipeline.py for tasks to queue
[2025-06-30T03:04:36.904+0000] {logging_mixin.py:190} INFO - [2025-06-30T03:04:36.903+0000] {dagbag.py:588} INFO - Filling up the DagBag from /opt/airflow/dags/driven_data_pipeline.py
[2025-06-30T03:04:36.960+0000] {processor.py:925} INFO - DAG(s) 'extract_raw_data_pipeline' retrieved from /opt/airflow/dags/driven_data_pipeline.py
[2025-06-30T03:04:36.999+0000] {logging_mixin.py:190} INFO - [2025-06-30T03:04:36.999+0000] {dag.py:3239} INFO - Sync 1 DAGs
[2025-06-30T03:04:37.034+0000] {logging_mixin.py:190} INFO - [2025-06-30T03:04:37.034+0000] {dag.py:4180} INFO - Setting next_dagrun for extract_raw_data_pipeline to 2025-06-29 07:59:00+00:00, run_after=2025-06-30 07:00:00+00:00
[2025-06-30T03:04:37.061+0000] {processor.py:208} INFO - Processing /opt/airflow/dags/driven_data_pipeline.py took 0.177 seconds
[2025-06-30T03:05:07.223+0000] {processor.py:186} INFO - Started process (PID=1403) to work on /opt/airflow/dags/driven_data_pipeline.py
[2025-06-30T03:05:07.226+0000] {processor.py:914} INFO - Processing file /opt/airflow/dags/driven_data_pipeline.py for tasks to queue
[2025-06-30T03:05:07.232+0000] {logging_mixin.py:190} INFO - [2025-06-30T03:05:07.231+0000] {dagbag.py:588} INFO - Filling up the DagBag from /opt/airflow/dags/driven_data_pipeline.py
[2025-06-30T03:05:07.306+0000] {processor.py:925} INFO - DAG(s) 'extract_raw_data_pipeline' retrieved from /opt/airflow/dags/driven_data_pipeline.py
[2025-06-30T03:05:07.365+0000] {logging_mixin.py:190} INFO - [2025-06-30T03:05:07.364+0000] {dag.py:3239} INFO - Sync 1 DAGs
[2025-06-30T03:05:07.404+0000] {logging_mixin.py:190} INFO - [2025-06-30T03:05:07.403+0000] {dag.py:4180} INFO - Setting next_dagrun for extract_raw_data_pipeline to 2025-06-29 07:59:00+00:00, run_after=2025-06-30 07:00:00+00:00
[2025-06-30T03:05:07.428+0000] {processor.py:208} INFO - Processing /opt/airflow/dags/driven_data_pipeline.py took 0.224 seconds
[2025-06-30T03:05:37.881+0000] {processor.py:186} INFO - Started process (PID=1411) to work on /opt/airflow/dags/driven_data_pipeline.py
[2025-06-30T03:05:37.883+0000] {processor.py:914} INFO - Processing file /opt/airflow/dags/driven_data_pipeline.py for tasks to queue
[2025-06-30T03:05:37.887+0000] {logging_mixin.py:190} INFO - [2025-06-30T03:05:37.887+0000] {dagbag.py:588} INFO - Filling up the DagBag from /opt/airflow/dags/driven_data_pipeline.py
[2025-06-30T03:05:37.938+0000] {processor.py:925} INFO - DAG(s) 'extract_raw_data_pipeline' retrieved from /opt/airflow/dags/driven_data_pipeline.py
[2025-06-30T03:05:37.977+0000] {logging_mixin.py:190} INFO - [2025-06-30T03:05:37.977+0000] {dag.py:3239} INFO - Sync 1 DAGs
[2025-06-30T03:05:38.012+0000] {logging_mixin.py:190} INFO - [2025-06-30T03:05:38.012+0000] {dag.py:4180} INFO - Setting next_dagrun for extract_raw_data_pipeline to 2025-06-29 07:59:00+00:00, run_after=2025-06-30 07:00:00+00:00
[2025-06-30T03:05:38.043+0000] {processor.py:208} INFO - Processing /opt/airflow/dags/driven_data_pipeline.py took 0.171 seconds
[2025-06-30T03:06:08.649+0000] {processor.py:186} INFO - Started process (PID=1418) to work on /opt/airflow/dags/driven_data_pipeline.py
[2025-06-30T03:06:08.651+0000] {processor.py:914} INFO - Processing file /opt/airflow/dags/driven_data_pipeline.py for tasks to queue
[2025-06-30T03:06:08.657+0000] {logging_mixin.py:190} INFO - [2025-06-30T03:06:08.656+0000] {dagbag.py:588} INFO - Filling up the DagBag from /opt/airflow/dags/driven_data_pipeline.py
[2025-06-30T03:06:08.726+0000] {processor.py:925} INFO - DAG(s) 'extract_raw_data_pipeline' retrieved from /opt/airflow/dags/driven_data_pipeline.py
[2025-06-30T03:06:08.769+0000] {logging_mixin.py:190} INFO - [2025-06-30T03:06:08.769+0000] {dag.py:3239} INFO - Sync 1 DAGs
[2025-06-30T03:06:08.809+0000] {logging_mixin.py:190} INFO - [2025-06-30T03:06:08.808+0000] {dag.py:4180} INFO - Setting next_dagrun for extract_raw_data_pipeline to 2025-06-29 07:59:00+00:00, run_after=2025-06-30 07:00:00+00:00
[2025-06-30T03:06:08.840+0000] {processor.py:208} INFO - Processing /opt/airflow/dags/driven_data_pipeline.py took 0.201 seconds
[2025-06-30T03:06:39.005+0000] {processor.py:186} INFO - Started process (PID=1425) to work on /opt/airflow/dags/driven_data_pipeline.py
[2025-06-30T03:06:39.007+0000] {processor.py:914} INFO - Processing file /opt/airflow/dags/driven_data_pipeline.py for tasks to queue
[2025-06-30T03:06:39.011+0000] {logging_mixin.py:190} INFO - [2025-06-30T03:06:39.010+0000] {dagbag.py:588} INFO - Filling up the DagBag from /opt/airflow/dags/driven_data_pipeline.py
[2025-06-30T03:06:39.053+0000] {processor.py:925} INFO - DAG(s) 'extract_raw_data_pipeline' retrieved from /opt/airflow/dags/driven_data_pipeline.py
[2025-06-30T03:06:39.096+0000] {logging_mixin.py:190} INFO - [2025-06-30T03:06:39.096+0000] {dag.py:3239} INFO - Sync 1 DAGs
[2025-06-30T03:06:39.129+0000] {logging_mixin.py:190} INFO - [2025-06-30T03:06:39.129+0000] {dag.py:4180} INFO - Setting next_dagrun for extract_raw_data_pipeline to 2025-06-29 07:59:00+00:00, run_after=2025-06-30 07:00:00+00:00
[2025-06-30T03:06:39.154+0000] {processor.py:208} INFO - Processing /opt/airflow/dags/driven_data_pipeline.py took 0.160 seconds
[2025-06-30T03:07:09.536+0000] {processor.py:186} INFO - Started process (PID=1432) to work on /opt/airflow/dags/driven_data_pipeline.py
[2025-06-30T03:07:09.538+0000] {processor.py:914} INFO - Processing file /opt/airflow/dags/driven_data_pipeline.py for tasks to queue
[2025-06-30T03:07:09.542+0000] {logging_mixin.py:190} INFO - [2025-06-30T03:07:09.542+0000] {dagbag.py:588} INFO - Filling up the DagBag from /opt/airflow/dags/driven_data_pipeline.py
[2025-06-30T03:07:09.587+0000] {processor.py:925} INFO - DAG(s) 'extract_raw_data_pipeline' retrieved from /opt/airflow/dags/driven_data_pipeline.py
[2025-06-30T03:07:09.629+0000] {logging_mixin.py:190} INFO - [2025-06-30T03:07:09.628+0000] {dag.py:3239} INFO - Sync 1 DAGs
[2025-06-30T03:07:09.664+0000] {logging_mixin.py:190} INFO - [2025-06-30T03:07:09.664+0000] {dag.py:4180} INFO - Setting next_dagrun for extract_raw_data_pipeline to 2025-06-29 07:59:00+00:00, run_after=2025-06-30 07:00:00+00:00
[2025-06-30T03:07:09.714+0000] {processor.py:208} INFO - Processing /opt/airflow/dags/driven_data_pipeline.py took 0.186 seconds
[2025-06-30T03:07:40.244+0000] {processor.py:186} INFO - Started process (PID=1439) to work on /opt/airflow/dags/driven_data_pipeline.py
[2025-06-30T03:07:40.245+0000] {processor.py:914} INFO - Processing file /opt/airflow/dags/driven_data_pipeline.py for tasks to queue
[2025-06-30T03:07:40.249+0000] {logging_mixin.py:190} INFO - [2025-06-30T03:07:40.248+0000] {dagbag.py:588} INFO - Filling up the DagBag from /opt/airflow/dags/driven_data_pipeline.py
[2025-06-30T03:07:40.298+0000] {processor.py:925} INFO - DAG(s) 'extract_raw_data_pipeline' retrieved from /opt/airflow/dags/driven_data_pipeline.py
[2025-06-30T03:07:40.340+0000] {logging_mixin.py:190} INFO - [2025-06-30T03:07:40.339+0000] {dag.py:3239} INFO - Sync 1 DAGs
[2025-06-30T03:07:41.388+0000] {logging_mixin.py:190} INFO - [2025-06-30T03:07:41.388+0000] {dag.py:4180} INFO - Setting next_dagrun for extract_raw_data_pipeline to 2025-06-29 07:59:00+00:00, run_after=2025-06-30 07:00:00+00:00
[2025-06-30T03:07:41.418+0000] {processor.py:208} INFO - Processing /opt/airflow/dags/driven_data_pipeline.py took 0.176 seconds
[2025-06-30T03:08:11.640+0000] {processor.py:186} INFO - Started process (PID=1452) to work on /opt/airflow/dags/driven_data_pipeline.py
[2025-06-30T03:08:11.641+0000] {processor.py:914} INFO - Processing file /opt/airflow/dags/driven_data_pipeline.py for tasks to queue
[2025-06-30T03:08:11.644+0000] {logging_mixin.py:190} INFO - [2025-06-30T03:08:11.644+0000] {dagbag.py:588} INFO - Filling up the DagBag from /opt/airflow/dags/driven_data_pipeline.py
[2025-06-30T03:08:11.689+0000] {processor.py:925} INFO - DAG(s) 'extract_raw_data_pipeline' retrieved from /opt/airflow/dags/driven_data_pipeline.py
[2025-06-30T03:08:11.722+0000] {logging_mixin.py:190} INFO - [2025-06-30T03:08:11.721+0000] {dag.py:3239} INFO - Sync 1 DAGs
[2025-06-30T03:08:11.751+0000] {logging_mixin.py:190} INFO - [2025-06-30T03:08:11.750+0000] {dag.py:4180} INFO - Setting next_dagrun for extract_raw_data_pipeline to 2025-06-29 07:59:00+00:00, run_after=2025-06-30 07:00:00+00:00
[2025-06-30T03:08:11.780+0000] {processor.py:208} INFO - Processing /opt/airflow/dags/driven_data_pipeline.py took 0.149 seconds
[2025-06-30T03:08:42.072+0000] {processor.py:186} INFO - Started process (PID=1459) to work on /opt/airflow/dags/driven_data_pipeline.py
[2025-06-30T03:08:42.073+0000] {processor.py:914} INFO - Processing file /opt/airflow/dags/driven_data_pipeline.py for tasks to queue
[2025-06-30T03:08:42.078+0000] {logging_mixin.py:190} INFO - [2025-06-30T03:08:42.078+0000] {dagbag.py:588} INFO - Filling up the DagBag from /opt/airflow/dags/driven_data_pipeline.py
[2025-06-30T03:08:42.121+0000] {processor.py:925} INFO - DAG(s) 'extract_raw_data_pipeline' retrieved from /opt/airflow/dags/driven_data_pipeline.py
[2025-06-30T03:08:42.156+0000] {logging_mixin.py:190} INFO - [2025-06-30T03:08:42.156+0000] {dag.py:3239} INFO - Sync 1 DAGs
[2025-06-30T03:08:42.189+0000] {logging_mixin.py:190} INFO - [2025-06-30T03:08:42.188+0000] {dag.py:4180} INFO - Setting next_dagrun for extract_raw_data_pipeline to 2025-06-29 07:59:00+00:00, run_after=2025-06-30 07:00:00+00:00
[2025-06-30T03:08:42.239+0000] {processor.py:208} INFO - Processing /opt/airflow/dags/driven_data_pipeline.py took 0.175 seconds
[2025-06-30T03:09:12.481+0000] {processor.py:186} INFO - Started process (PID=1466) to work on /opt/airflow/dags/driven_data_pipeline.py
[2025-06-30T03:09:12.482+0000] {processor.py:914} INFO - Processing file /opt/airflow/dags/driven_data_pipeline.py for tasks to queue
[2025-06-30T03:09:12.486+0000] {logging_mixin.py:190} INFO - [2025-06-30T03:09:12.486+0000] {dagbag.py:588} INFO - Filling up the DagBag from /opt/airflow/dags/driven_data_pipeline.py
[2025-06-30T03:09:12.529+0000] {processor.py:925} INFO - DAG(s) 'extract_raw_data_pipeline' retrieved from /opt/airflow/dags/driven_data_pipeline.py
[2025-06-30T03:09:12.566+0000] {logging_mixin.py:190} INFO - [2025-06-30T03:09:12.566+0000] {dag.py:3239} INFO - Sync 1 DAGs
[2025-06-30T03:09:12.601+0000] {logging_mixin.py:190} INFO - [2025-06-30T03:09:12.600+0000] {dag.py:4180} INFO - Setting next_dagrun for extract_raw_data_pipeline to 2025-06-29 07:59:00+00:00, run_after=2025-06-30 07:00:00+00:00
[2025-06-30T03:09:12.626+0000] {processor.py:208} INFO - Processing /opt/airflow/dags/driven_data_pipeline.py took 0.154 seconds
[2025-06-30T03:09:42.922+0000] {processor.py:186} INFO - Started process (PID=1473) to work on /opt/airflow/dags/driven_data_pipeline.py
[2025-06-30T03:09:42.923+0000] {processor.py:914} INFO - Processing file /opt/airflow/dags/driven_data_pipeline.py for tasks to queue
[2025-06-30T03:09:42.927+0000] {logging_mixin.py:190} INFO - [2025-06-30T03:09:42.927+0000] {dagbag.py:588} INFO - Filling up the DagBag from /opt/airflow/dags/driven_data_pipeline.py
[2025-06-30T03:09:42.969+0000] {processor.py:925} INFO - DAG(s) 'extract_raw_data_pipeline' retrieved from /opt/airflow/dags/driven_data_pipeline.py
[2025-06-30T03:09:43.003+0000] {logging_mixin.py:190} INFO - [2025-06-30T03:09:43.003+0000] {dag.py:3239} INFO - Sync 1 DAGs
[2025-06-30T03:09:43.036+0000] {logging_mixin.py:190} INFO - [2025-06-30T03:09:43.035+0000] {dag.py:4180} INFO - Setting next_dagrun for extract_raw_data_pipeline to 2025-06-29 07:59:00+00:00, run_after=2025-06-30 07:00:00+00:00
[2025-06-30T03:09:43.061+0000] {processor.py:208} INFO - Processing /opt/airflow/dags/driven_data_pipeline.py took 0.148 seconds
[2025-06-30T03:10:13.171+0000] {processor.py:186} INFO - Started process (PID=1480) to work on /opt/airflow/dags/driven_data_pipeline.py
[2025-06-30T03:10:13.173+0000] {processor.py:914} INFO - Processing file /opt/airflow/dags/driven_data_pipeline.py for tasks to queue
[2025-06-30T03:10:13.177+0000] {logging_mixin.py:190} INFO - [2025-06-30T03:10:13.176+0000] {dagbag.py:588} INFO - Filling up the DagBag from /opt/airflow/dags/driven_data_pipeline.py
[2025-06-30T03:10:13.220+0000] {processor.py:925} INFO - DAG(s) 'extract_raw_data_pipeline' retrieved from /opt/airflow/dags/driven_data_pipeline.py
[2025-06-30T03:10:13.257+0000] {logging_mixin.py:190} INFO - [2025-06-30T03:10:13.257+0000] {dag.py:3239} INFO - Sync 1 DAGs
[2025-06-30T03:10:13.290+0000] {logging_mixin.py:190} INFO - [2025-06-30T03:10:13.289+0000] {dag.py:4180} INFO - Setting next_dagrun for extract_raw_data_pipeline to 2025-06-29 07:59:00+00:00, run_after=2025-06-30 07:00:00+00:00
[2025-06-30T03:10:13.333+0000] {processor.py:208} INFO - Processing /opt/airflow/dags/driven_data_pipeline.py took 0.171 seconds
[2025-06-30T03:10:43.834+0000] {processor.py:186} INFO - Started process (PID=1487) to work on /opt/airflow/dags/driven_data_pipeline.py
[2025-06-30T03:10:43.836+0000] {processor.py:914} INFO - Processing file /opt/airflow/dags/driven_data_pipeline.py for tasks to queue
[2025-06-30T03:10:43.840+0000] {logging_mixin.py:190} INFO - [2025-06-30T03:10:43.839+0000] {dagbag.py:588} INFO - Filling up the DagBag from /opt/airflow/dags/driven_data_pipeline.py
[2025-06-30T03:10:43.879+0000] {processor.py:925} INFO - DAG(s) 'extract_raw_data_pipeline' retrieved from /opt/airflow/dags/driven_data_pipeline.py
[2025-06-30T03:10:43.914+0000] {logging_mixin.py:190} INFO - [2025-06-30T03:10:43.914+0000] {dag.py:3239} INFO - Sync 1 DAGs
[2025-06-30T03:10:43.947+0000] {logging_mixin.py:190} INFO - [2025-06-30T03:10:43.946+0000] {dag.py:4180} INFO - Setting next_dagrun for extract_raw_data_pipeline to 2025-06-29 07:59:00+00:00, run_after=2025-06-30 07:00:00+00:00
[2025-06-30T03:10:43.979+0000] {processor.py:208} INFO - Processing /opt/airflow/dags/driven_data_pipeline.py took 0.152 seconds
[2025-06-30T03:11:14.295+0000] {processor.py:186} INFO - Started process (PID=1494) to work on /opt/airflow/dags/driven_data_pipeline.py
[2025-06-30T03:11:14.297+0000] {processor.py:914} INFO - Processing file /opt/airflow/dags/driven_data_pipeline.py for tasks to queue
[2025-06-30T03:11:14.300+0000] {logging_mixin.py:190} INFO - [2025-06-30T03:11:14.300+0000] {dagbag.py:588} INFO - Filling up the DagBag from /opt/airflow/dags/driven_data_pipeline.py
[2025-06-30T03:11:14.340+0000] {processor.py:925} INFO - DAG(s) 'extract_raw_data_pipeline' retrieved from /opt/airflow/dags/driven_data_pipeline.py
[2025-06-30T03:11:14.376+0000] {logging_mixin.py:190} INFO - [2025-06-30T03:11:14.376+0000] {dag.py:3239} INFO - Sync 1 DAGs
[2025-06-30T03:11:14.408+0000] {logging_mixin.py:190} INFO - [2025-06-30T03:11:14.408+0000] {dag.py:4180} INFO - Setting next_dagrun for extract_raw_data_pipeline to 2025-06-29 07:59:00+00:00, run_after=2025-06-30 07:00:00+00:00
[2025-06-30T03:11:14.435+0000] {processor.py:208} INFO - Processing /opt/airflow/dags/driven_data_pipeline.py took 0.147 seconds
[2025-06-30T03:11:44.738+0000] {processor.py:186} INFO - Started process (PID=1501) to work on /opt/airflow/dags/driven_data_pipeline.py
[2025-06-30T03:11:44.740+0000] {processor.py:914} INFO - Processing file /opt/airflow/dags/driven_data_pipeline.py for tasks to queue
[2025-06-30T03:11:44.743+0000] {logging_mixin.py:190} INFO - [2025-06-30T03:11:44.743+0000] {dagbag.py:588} INFO - Filling up the DagBag from /opt/airflow/dags/driven_data_pipeline.py
[2025-06-30T03:11:44.784+0000] {processor.py:925} INFO - DAG(s) 'extract_raw_data_pipeline' retrieved from /opt/airflow/dags/driven_data_pipeline.py
[2025-06-30T03:11:44.820+0000] {logging_mixin.py:190} INFO - [2025-06-30T03:11:44.819+0000] {dag.py:3239} INFO - Sync 1 DAGs
[2025-06-30T03:11:44.852+0000] {logging_mixin.py:190} INFO - [2025-06-30T03:11:44.852+0000] {dag.py:4180} INFO - Setting next_dagrun for extract_raw_data_pipeline to 2025-06-29 07:59:00+00:00, run_after=2025-06-30 07:00:00+00:00
[2025-06-30T03:11:44.878+0000] {processor.py:208} INFO - Processing /opt/airflow/dags/driven_data_pipeline.py took 0.147 seconds
[2025-06-30T03:12:15.022+0000] {processor.py:186} INFO - Started process (PID=1508) to work on /opt/airflow/dags/driven_data_pipeline.py
[2025-06-30T03:12:15.024+0000] {processor.py:914} INFO - Processing file /opt/airflow/dags/driven_data_pipeline.py for tasks to queue
[2025-06-30T03:12:15.027+0000] {logging_mixin.py:190} INFO - [2025-06-30T03:12:15.027+0000] {dagbag.py:588} INFO - Filling up the DagBag from /opt/airflow/dags/driven_data_pipeline.py
[2025-06-30T03:12:15.064+0000] {processor.py:925} INFO - DAG(s) 'extract_raw_data_pipeline' retrieved from /opt/airflow/dags/driven_data_pipeline.py
[2025-06-30T03:12:15.109+0000] {logging_mixin.py:190} INFO - [2025-06-30T03:12:15.108+0000] {dag.py:3239} INFO - Sync 1 DAGs
[2025-06-30T03:12:15.162+0000] {logging_mixin.py:190} INFO - [2025-06-30T03:12:15.161+0000] {dag.py:4180} INFO - Setting next_dagrun for extract_raw_data_pipeline to 2025-06-29 07:59:00+00:00, run_after=2025-06-30 07:00:00+00:00
[2025-06-30T03:12:15.204+0000] {processor.py:208} INFO - Processing /opt/airflow/dags/driven_data_pipeline.py took 0.189 seconds
[2025-06-30T03:12:45.915+0000] {processor.py:186} INFO - Started process (PID=1521) to work on /opt/airflow/dags/driven_data_pipeline.py
[2025-06-30T03:12:45.917+0000] {processor.py:914} INFO - Processing file /opt/airflow/dags/driven_data_pipeline.py for tasks to queue
[2025-06-30T03:12:45.921+0000] {logging_mixin.py:190} INFO - [2025-06-30T03:12:45.921+0000] {dagbag.py:588} INFO - Filling up the DagBag from /opt/airflow/dags/driven_data_pipeline.py
[2025-06-30T03:12:45.974+0000] {processor.py:925} INFO - DAG(s) 'extract_raw_data_pipeline' retrieved from /opt/airflow/dags/driven_data_pipeline.py
[2025-06-30T03:12:46.028+0000] {logging_mixin.py:190} INFO - [2025-06-30T03:12:46.028+0000] {dag.py:3239} INFO - Sync 1 DAGs
[2025-06-30T03:12:46.064+0000] {logging_mixin.py:190} INFO - [2025-06-30T03:12:46.064+0000] {dag.py:4180} INFO - Setting next_dagrun for extract_raw_data_pipeline to 2025-06-29 07:59:00+00:00, run_after=2025-06-30 07:00:00+00:00
[2025-06-30T03:12:46.087+0000] {processor.py:208} INFO - Processing /opt/airflow/dags/driven_data_pipeline.py took 0.180 seconds
[2025-06-30T03:13:16.477+0000] {processor.py:186} INFO - Started process (PID=1528) to work on /opt/airflow/dags/driven_data_pipeline.py
[2025-06-30T03:13:16.478+0000] {processor.py:914} INFO - Processing file /opt/airflow/dags/driven_data_pipeline.py for tasks to queue
[2025-06-30T03:13:16.483+0000] {logging_mixin.py:190} INFO - [2025-06-30T03:13:16.482+0000] {dagbag.py:588} INFO - Filling up the DagBag from /opt/airflow/dags/driven_data_pipeline.py
[2025-06-30T03:13:16.525+0000] {processor.py:925} INFO - DAG(s) 'extract_raw_data_pipeline' retrieved from /opt/airflow/dags/driven_data_pipeline.py
[2025-06-30T03:13:16.564+0000] {logging_mixin.py:190} INFO - [2025-06-30T03:13:16.564+0000] {dag.py:3239} INFO - Sync 1 DAGs
[2025-06-30T03:13:16.599+0000] {logging_mixin.py:190} INFO - [2025-06-30T03:13:16.599+0000] {dag.py:4180} INFO - Setting next_dagrun for extract_raw_data_pipeline to 2025-06-29 07:59:00+00:00, run_after=2025-06-30 07:00:00+00:00
[2025-06-30T03:13:16.627+0000] {processor.py:208} INFO - Processing /opt/airflow/dags/driven_data_pipeline.py took 0.157 seconds
[2025-06-30T03:13:46.898+0000] {processor.py:186} INFO - Started process (PID=1535) to work on /opt/airflow/dags/driven_data_pipeline.py
[2025-06-30T03:13:46.900+0000] {processor.py:914} INFO - Processing file /opt/airflow/dags/driven_data_pipeline.py for tasks to queue
[2025-06-30T03:13:46.905+0000] {logging_mixin.py:190} INFO - [2025-06-30T03:13:46.904+0000] {dagbag.py:588} INFO - Filling up the DagBag from /opt/airflow/dags/driven_data_pipeline.py
[2025-06-30T03:13:46.950+0000] {processor.py:925} INFO - DAG(s) 'extract_raw_data_pipeline' retrieved from /opt/airflow/dags/driven_data_pipeline.py
[2025-06-30T03:13:46.987+0000] {logging_mixin.py:190} INFO - [2025-06-30T03:13:46.986+0000] {dag.py:3239} INFO - Sync 1 DAGs
[2025-06-30T03:13:47.019+0000] {logging_mixin.py:190} INFO - [2025-06-30T03:13:47.018+0000] {dag.py:4180} INFO - Setting next_dagrun for extract_raw_data_pipeline to 2025-06-29 07:59:00+00:00, run_after=2025-06-30 07:00:00+00:00
[2025-06-30T03:13:47.043+0000] {processor.py:208} INFO - Processing /opt/airflow/dags/driven_data_pipeline.py took 0.153 seconds
[2025-06-30T03:14:17.230+0000] {processor.py:186} INFO - Started process (PID=1542) to work on /opt/airflow/dags/driven_data_pipeline.py
[2025-06-30T03:14:17.233+0000] {processor.py:914} INFO - Processing file /opt/airflow/dags/driven_data_pipeline.py for tasks to queue
[2025-06-30T03:14:17.243+0000] {logging_mixin.py:190} INFO - [2025-06-30T03:14:17.242+0000] {dagbag.py:588} INFO - Filling up the DagBag from /opt/airflow/dags/driven_data_pipeline.py
[2025-06-30T03:14:17.318+0000] {processor.py:925} INFO - DAG(s) 'extract_raw_data_pipeline' retrieved from /opt/airflow/dags/driven_data_pipeline.py
[2025-06-30T03:14:17.381+0000] {logging_mixin.py:190} INFO - [2025-06-30T03:14:17.381+0000] {dag.py:3239} INFO - Sync 1 DAGs
[2025-06-30T03:14:17.424+0000] {logging_mixin.py:190} INFO - [2025-06-30T03:14:17.424+0000] {dag.py:4180} INFO - Setting next_dagrun for extract_raw_data_pipeline to 2025-06-29 07:59:00+00:00, run_after=2025-06-30 07:00:00+00:00
[2025-06-30T03:14:17.453+0000] {processor.py:208} INFO - Processing /opt/airflow/dags/driven_data_pipeline.py took 0.242 seconds
[2025-06-30T03:14:48.293+0000] {processor.py:186} INFO - Started process (PID=1549) to work on /opt/airflow/dags/driven_data_pipeline.py
[2025-06-30T03:14:48.296+0000] {processor.py:914} INFO - Processing file /opt/airflow/dags/driven_data_pipeline.py for tasks to queue
[2025-06-30T03:14:48.301+0000] {logging_mixin.py:190} INFO - [2025-06-30T03:14:48.300+0000] {dagbag.py:588} INFO - Filling up the DagBag from /opt/airflow/dags/driven_data_pipeline.py
[2025-06-30T03:14:48.357+0000] {processor.py:925} INFO - DAG(s) 'extract_raw_data_pipeline' retrieved from /opt/airflow/dags/driven_data_pipeline.py
[2025-06-30T03:14:48.404+0000] {logging_mixin.py:190} INFO - [2025-06-30T03:14:48.403+0000] {dag.py:3239} INFO - Sync 1 DAGs
[2025-06-30T03:14:48.442+0000] {logging_mixin.py:190} INFO - [2025-06-30T03:14:48.441+0000] {dag.py:4180} INFO - Setting next_dagrun for extract_raw_data_pipeline to 2025-06-29 07:59:00+00:00, run_after=2025-06-30 07:00:00+00:00
[2025-06-30T03:14:48.472+0000] {processor.py:208} INFO - Processing /opt/airflow/dags/driven_data_pipeline.py took 0.192 seconds
[2025-06-30T03:15:18.740+0000] {processor.py:186} INFO - Started process (PID=1556) to work on /opt/airflow/dags/driven_data_pipeline.py
[2025-06-30T03:15:18.742+0000] {processor.py:914} INFO - Processing file /opt/airflow/dags/driven_data_pipeline.py for tasks to queue
[2025-06-30T03:15:18.747+0000] {logging_mixin.py:190} INFO - [2025-06-30T03:15:18.746+0000] {dagbag.py:588} INFO - Filling up the DagBag from /opt/airflow/dags/driven_data_pipeline.py
[2025-06-30T03:15:18.801+0000] {processor.py:925} INFO - DAG(s) 'extract_raw_data_pipeline' retrieved from /opt/airflow/dags/driven_data_pipeline.py
[2025-06-30T03:15:18.844+0000] {logging_mixin.py:190} INFO - [2025-06-30T03:15:18.844+0000] {dag.py:3239} INFO - Sync 1 DAGs
[2025-06-30T03:15:18.886+0000] {logging_mixin.py:190} INFO - [2025-06-30T03:15:18.886+0000] {dag.py:4180} INFO - Setting next_dagrun for extract_raw_data_pipeline to 2025-06-29 07:59:00+00:00, run_after=2025-06-30 07:00:00+00:00
[2025-06-30T03:15:18.921+0000] {processor.py:208} INFO - Processing /opt/airflow/dags/driven_data_pipeline.py took 0.191 seconds
[2025-06-30T03:15:49.147+0000] {processor.py:186} INFO - Started process (PID=1563) to work on /opt/airflow/dags/driven_data_pipeline.py
[2025-06-30T03:15:49.149+0000] {processor.py:914} INFO - Processing file /opt/airflow/dags/driven_data_pipeline.py for tasks to queue
[2025-06-30T03:15:49.154+0000] {logging_mixin.py:190} INFO - [2025-06-30T03:15:49.153+0000] {dagbag.py:588} INFO - Filling up the DagBag from /opt/airflow/dags/driven_data_pipeline.py
[2025-06-30T03:15:49.211+0000] {processor.py:925} INFO - DAG(s) 'extract_raw_data_pipeline' retrieved from /opt/airflow/dags/driven_data_pipeline.py
[2025-06-30T03:15:49.250+0000] {logging_mixin.py:190} INFO - [2025-06-30T03:15:49.249+0000] {dag.py:3239} INFO - Sync 1 DAGs
[2025-06-30T03:15:49.283+0000] {logging_mixin.py:190} INFO - [2025-06-30T03:15:49.283+0000] {dag.py:4180} INFO - Setting next_dagrun for extract_raw_data_pipeline to 2025-06-29 07:59:00+00:00, run_after=2025-06-30 07:00:00+00:00
[2025-06-30T03:15:49.324+0000] {processor.py:208} INFO - Processing /opt/airflow/dags/driven_data_pipeline.py took 0.186 seconds
[2025-06-30T03:15:49.371+0000] {processor.py:186} INFO - Started process (PID=1564) to work on /opt/airflow/dags/driven_data_pipeline.py
[2025-06-30T03:15:49.372+0000] {processor.py:914} INFO - Processing file /opt/airflow/dags/driven_data_pipeline.py for tasks to queue
[2025-06-30T03:15:49.375+0000] {logging_mixin.py:190} INFO - [2025-06-30T03:15:49.375+0000] {dagbag.py:588} INFO - Filling up the DagBag from /opt/airflow/dags/driven_data_pipeline.py
[2025-06-30T03:15:49.409+0000] {processor.py:925} INFO - DAG(s) 'extract_raw_data_pipeline' retrieved from /opt/airflow/dags/driven_data_pipeline.py
[2025-06-30T03:15:49.445+0000] {logging_mixin.py:190} INFO - [2025-06-30T03:15:49.444+0000] {dag.py:3239} INFO - Sync 1 DAGs
[2025-06-30T03:15:49.480+0000] {logging_mixin.py:190} INFO - [2025-06-30T03:15:49.480+0000] {dag.py:4180} INFO - Setting next_dagrun for extract_raw_data_pipeline to 2025-06-29 07:59:00+00:00, run_after=2025-06-30 07:00:00+00:00
[2025-06-30T03:15:49.508+0000] {processor.py:208} INFO - Processing /opt/airflow/dags/driven_data_pipeline.py took 0.144 seconds
[2025-06-30T03:15:49.569+0000] {processor.py:186} INFO - Started process (PID=1565) to work on /opt/airflow/dags/driven_data_pipeline.py
[2025-06-30T03:15:49.570+0000] {processor.py:914} INFO - Processing file /opt/airflow/dags/driven_data_pipeline.py for tasks to queue
[2025-06-30T03:15:49.575+0000] {logging_mixin.py:190} INFO - [2025-06-30T03:15:49.574+0000] {dagbag.py:588} INFO - Filling up the DagBag from /opt/airflow/dags/driven_data_pipeline.py
[2025-06-30T03:15:49.631+0000] {processor.py:925} INFO - DAG(s) 'extract_raw_data_pipeline' retrieved from /opt/airflow/dags/driven_data_pipeline.py
[2025-06-30T03:15:49.670+0000] {logging_mixin.py:190} INFO - [2025-06-30T03:15:49.669+0000] {dag.py:3239} INFO - Sync 1 DAGs
[2025-06-30T03:15:49.706+0000] {logging_mixin.py:190} INFO - [2025-06-30T03:15:49.705+0000] {dag.py:4180} INFO - Setting next_dagrun for extract_raw_data_pipeline to 2025-06-29 07:59:00+00:00, run_after=2025-06-30 07:00:00+00:00
[2025-06-30T03:15:49.735+0000] {processor.py:208} INFO - Processing /opt/airflow/dags/driven_data_pipeline.py took 0.175 seconds
[2025-06-30T03:15:49.796+0000] {processor.py:186} INFO - Started process (PID=1566) to work on /opt/airflow/dags/driven_data_pipeline.py
[2025-06-30T03:15:49.797+0000] {processor.py:914} INFO - Processing file /opt/airflow/dags/driven_data_pipeline.py for tasks to queue
[2025-06-30T03:15:49.801+0000] {logging_mixin.py:190} INFO - [2025-06-30T03:15:49.801+0000] {dagbag.py:588} INFO - Filling up the DagBag from /opt/airflow/dags/driven_data_pipeline.py
[2025-06-30T03:15:49.852+0000] {processor.py:925} INFO - DAG(s) 'extract_raw_data_pipeline' retrieved from /opt/airflow/dags/driven_data_pipeline.py
[2025-06-30T03:15:49.897+0000] {logging_mixin.py:190} INFO - [2025-06-30T03:15:49.896+0000] {dag.py:3239} INFO - Sync 1 DAGs
[2025-06-30T03:15:49.938+0000] {logging_mixin.py:190} INFO - [2025-06-30T03:15:49.937+0000] {dag.py:4180} INFO - Setting next_dagrun for extract_raw_data_pipeline to 2025-06-29 07:59:00+00:00, run_after=2025-06-30 07:00:00+00:00
[2025-06-30T03:15:49.966+0000] {processor.py:208} INFO - Processing /opt/airflow/dags/driven_data_pipeline.py took 0.180 seconds
[2025-06-30T03:15:50.029+0000] {processor.py:186} INFO - Started process (PID=1567) to work on /opt/airflow/dags/driven_data_pipeline.py
[2025-06-30T03:15:50.031+0000] {processor.py:914} INFO - Processing file /opt/airflow/dags/driven_data_pipeline.py for tasks to queue
[2025-06-30T03:15:50.034+0000] {logging_mixin.py:190} INFO - [2025-06-30T03:15:50.034+0000] {dagbag.py:588} INFO - Filling up the DagBag from /opt/airflow/dags/driven_data_pipeline.py
[2025-06-30T03:15:50.076+0000] {processor.py:925} INFO - DAG(s) 'extract_raw_data_pipeline' retrieved from /opt/airflow/dags/driven_data_pipeline.py
[2025-06-30T03:15:50.117+0000] {logging_mixin.py:190} INFO - [2025-06-30T03:15:50.117+0000] {dag.py:3239} INFO - Sync 1 DAGs
[2025-06-30T03:15:50.164+0000] {logging_mixin.py:190} INFO - [2025-06-30T03:15:50.163+0000] {dag.py:4180} INFO - Setting next_dagrun for extract_raw_data_pipeline to 2025-06-29 07:59:00+00:00, run_after=2025-06-30 07:00:00+00:00
[2025-06-30T03:15:50.193+0000] {processor.py:208} INFO - Processing /opt/airflow/dags/driven_data_pipeline.py took 0.172 seconds
[2025-06-30T03:15:50.242+0000] {processor.py:186} INFO - Started process (PID=1568) to work on /opt/airflow/dags/driven_data_pipeline.py
[2025-06-30T03:15:50.244+0000] {processor.py:914} INFO - Processing file /opt/airflow/dags/driven_data_pipeline.py for tasks to queue
[2025-06-30T03:15:50.247+0000] {logging_mixin.py:190} INFO - [2025-06-30T03:15:50.247+0000] {dagbag.py:588} INFO - Filling up the DagBag from /opt/airflow/dags/driven_data_pipeline.py
[2025-06-30T03:15:50.282+0000] {processor.py:925} INFO - DAG(s) 'extract_raw_data_pipeline' retrieved from /opt/airflow/dags/driven_data_pipeline.py
[2025-06-30T03:15:50.320+0000] {logging_mixin.py:190} INFO - [2025-06-30T03:15:50.319+0000] {dag.py:3239} INFO - Sync 1 DAGs
[2025-06-30T03:15:50.358+0000] {logging_mixin.py:190} INFO - [2025-06-30T03:15:50.357+0000] {dag.py:4180} INFO - Setting next_dagrun for extract_raw_data_pipeline to 2025-06-29 07:59:00+00:00, run_after=2025-06-30 07:00:00+00:00
[2025-06-30T03:15:50.384+0000] {processor.py:208} INFO - Processing /opt/airflow/dags/driven_data_pipeline.py took 0.152 seconds
[2025-06-30T03:16:20.483+0000] {processor.py:186} INFO - Started process (PID=1575) to work on /opt/airflow/dags/driven_data_pipeline.py
[2025-06-30T03:16:20.485+0000] {processor.py:914} INFO - Processing file /opt/airflow/dags/driven_data_pipeline.py for tasks to queue
[2025-06-30T03:16:20.489+0000] {logging_mixin.py:190} INFO - [2025-06-30T03:16:20.489+0000] {dagbag.py:588} INFO - Filling up the DagBag from /opt/airflow/dags/driven_data_pipeline.py
[2025-06-30T03:16:20.550+0000] {processor.py:925} INFO - DAG(s) 'extract_raw_data_pipeline' retrieved from /opt/airflow/dags/driven_data_pipeline.py
[2025-06-30T03:16:20.592+0000] {logging_mixin.py:190} INFO - [2025-06-30T03:16:20.592+0000] {dag.py:3239} INFO - Sync 1 DAGs
[2025-06-30T03:16:20.631+0000] {logging_mixin.py:190} INFO - [2025-06-30T03:16:20.630+0000] {dag.py:4180} INFO - Setting next_dagrun for extract_raw_data_pipeline to 2025-06-29 07:59:00+00:00, run_after=2025-06-30 07:00:00+00:00
[2025-06-30T03:16:20.658+0000] {processor.py:208} INFO - Processing /opt/airflow/dags/driven_data_pipeline.py took 0.185 seconds
[2025-06-30T03:16:51.847+0000] {processor.py:186} INFO - Started process (PID=1586) to work on /opt/airflow/dags/driven_data_pipeline.py
[2025-06-30T03:16:51.853+0000] {processor.py:914} INFO - Processing file /opt/airflow/dags/driven_data_pipeline.py for tasks to queue
[2025-06-30T03:16:51.868+0000] {logging_mixin.py:190} INFO - [2025-06-30T03:16:51.865+0000] {dagbag.py:588} INFO - Filling up the DagBag from /opt/airflow/dags/driven_data_pipeline.py
[2025-06-30T03:16:52.300+0000] {processor.py:925} INFO - DAG(s) 'extract_raw_data_pipeline' retrieved from /opt/airflow/dags/driven_data_pipeline.py
[2025-06-30T03:16:52.575+0000] {logging_mixin.py:190} INFO - [2025-06-30T03:16:52.574+0000] {dag.py:3239} INFO - Sync 1 DAGs
[2025-06-30T03:16:52.782+0000] {logging_mixin.py:190} INFO - [2025-06-30T03:16:52.782+0000] {dag.py:4180} INFO - Setting next_dagrun for extract_raw_data_pipeline to 2025-06-29 07:59:00+00:00, run_after=2025-06-30 07:00:00+00:00
[2025-06-30T03:16:52.855+0000] {processor.py:208} INFO - Processing /opt/airflow/dags/driven_data_pipeline.py took 1.112 seconds
[2025-06-30T03:17:23.706+0000] {processor.py:186} INFO - Started process (PID=1599) to work on /opt/airflow/dags/driven_data_pipeline.py
[2025-06-30T03:17:23.708+0000] {processor.py:914} INFO - Processing file /opt/airflow/dags/driven_data_pipeline.py for tasks to queue
[2025-06-30T03:17:23.712+0000] {logging_mixin.py:190} INFO - [2025-06-30T03:17:23.711+0000] {dagbag.py:588} INFO - Filling up the DagBag from /opt/airflow/dags/driven_data_pipeline.py
[2025-06-30T03:17:23.776+0000] {processor.py:925} INFO - DAG(s) 'extract_raw_data_pipeline' retrieved from /opt/airflow/dags/driven_data_pipeline.py
[2025-06-30T03:17:23.820+0000] {logging_mixin.py:190} INFO - [2025-06-30T03:17:23.820+0000] {dag.py:3239} INFO - Sync 1 DAGs
[2025-06-30T03:17:23.863+0000] {logging_mixin.py:190} INFO - [2025-06-30T03:17:23.863+0000] {dag.py:4180} INFO - Setting next_dagrun for extract_raw_data_pipeline to 2025-06-29 07:59:00+00:00, run_after=2025-06-30 07:00:00+00:00
[2025-06-30T03:17:23.894+0000] {processor.py:208} INFO - Processing /opt/airflow/dags/driven_data_pipeline.py took 0.199 seconds
[2025-06-30T03:17:54.088+0000] {processor.py:186} INFO - Started process (PID=1606) to work on /opt/airflow/dags/driven_data_pipeline.py
[2025-06-30T03:17:54.090+0000] {processor.py:914} INFO - Processing file /opt/airflow/dags/driven_data_pipeline.py for tasks to queue
[2025-06-30T03:17:54.094+0000] {logging_mixin.py:190} INFO - [2025-06-30T03:17:54.093+0000] {dagbag.py:588} INFO - Filling up the DagBag from /opt/airflow/dags/driven_data_pipeline.py
[2025-06-30T03:17:54.137+0000] {processor.py:925} INFO - DAG(s) 'extract_raw_data_pipeline' retrieved from /opt/airflow/dags/driven_data_pipeline.py
[2025-06-30T03:17:54.172+0000] {logging_mixin.py:190} INFO - [2025-06-30T03:17:54.171+0000] {dag.py:3239} INFO - Sync 1 DAGs
[2025-06-30T03:17:54.206+0000] {logging_mixin.py:190} INFO - [2025-06-30T03:17:54.206+0000] {dag.py:4180} INFO - Setting next_dagrun for extract_raw_data_pipeline to 2025-06-29 07:59:00+00:00, run_after=2025-06-30 07:00:00+00:00
[2025-06-30T03:17:54.235+0000] {processor.py:208} INFO - Processing /opt/airflow/dags/driven_data_pipeline.py took 0.157 seconds
[2025-06-30T03:18:24.364+0000] {processor.py:186} INFO - Started process (PID=1613) to work on /opt/airflow/dags/driven_data_pipeline.py
[2025-06-30T03:18:24.366+0000] {processor.py:914} INFO - Processing file /opt/airflow/dags/driven_data_pipeline.py for tasks to queue
[2025-06-30T03:18:24.369+0000] {logging_mixin.py:190} INFO - [2025-06-30T03:18:24.369+0000] {dagbag.py:588} INFO - Filling up the DagBag from /opt/airflow/dags/driven_data_pipeline.py
[2025-06-30T03:18:24.412+0000] {processor.py:925} INFO - DAG(s) 'extract_raw_data_pipeline' retrieved from /opt/airflow/dags/driven_data_pipeline.py
[2025-06-30T03:18:24.449+0000] {logging_mixin.py:190} INFO - [2025-06-30T03:18:24.449+0000] {dag.py:3239} INFO - Sync 1 DAGs
[2025-06-30T03:18:24.484+0000] {logging_mixin.py:190} INFO - [2025-06-30T03:18:24.483+0000] {dag.py:4180} INFO - Setting next_dagrun for extract_raw_data_pipeline to 2025-06-29 07:59:00+00:00, run_after=2025-06-30 07:00:00+00:00
[2025-06-30T03:18:24.509+0000] {processor.py:208} INFO - Processing /opt/airflow/dags/driven_data_pipeline.py took 0.154 seconds
[2025-06-30T03:18:54.761+0000] {processor.py:186} INFO - Started process (PID=1620) to work on /opt/airflow/dags/driven_data_pipeline.py
[2025-06-30T03:18:54.762+0000] {processor.py:914} INFO - Processing file /opt/airflow/dags/driven_data_pipeline.py for tasks to queue
[2025-06-30T03:18:54.766+0000] {logging_mixin.py:190} INFO - [2025-06-30T03:18:54.765+0000] {dagbag.py:588} INFO - Filling up the DagBag from /opt/airflow/dags/driven_data_pipeline.py
[2025-06-30T03:18:54.822+0000] {processor.py:925} INFO - DAG(s) 'extract_raw_data_pipeline' retrieved from /opt/airflow/dags/driven_data_pipeline.py
[2025-06-30T03:18:54.863+0000] {logging_mixin.py:190} INFO - [2025-06-30T03:18:54.862+0000] {dag.py:3239} INFO - Sync 1 DAGs
[2025-06-30T03:18:54.898+0000] {logging_mixin.py:190} INFO - [2025-06-30T03:18:54.897+0000] {dag.py:4180} INFO - Setting next_dagrun for extract_raw_data_pipeline to 2025-06-29 07:59:00+00:00, run_after=2025-06-30 07:00:00+00:00
[2025-06-30T03:18:54.923+0000] {processor.py:208} INFO - Processing /opt/airflow/dags/driven_data_pipeline.py took 0.171 seconds
[2025-06-30T03:19:25.253+0000] {processor.py:186} INFO - Started process (PID=1627) to work on /opt/airflow/dags/driven_data_pipeline.py
[2025-06-30T03:19:25.255+0000] {processor.py:914} INFO - Processing file /opt/airflow/dags/driven_data_pipeline.py for tasks to queue
[2025-06-30T03:19:25.260+0000] {logging_mixin.py:190} INFO - [2025-06-30T03:19:25.259+0000] {dagbag.py:588} INFO - Filling up the DagBag from /opt/airflow/dags/driven_data_pipeline.py
[2025-06-30T03:19:25.308+0000] {processor.py:925} INFO - DAG(s) 'extract_raw_data_pipeline' retrieved from /opt/airflow/dags/driven_data_pipeline.py
[2025-06-30T03:19:25.352+0000] {logging_mixin.py:190} INFO - [2025-06-30T03:19:25.351+0000] {dag.py:3239} INFO - Sync 1 DAGs
[2025-06-30T03:19:25.396+0000] {logging_mixin.py:190} INFO - [2025-06-30T03:19:25.396+0000] {dag.py:4180} INFO - Setting next_dagrun for extract_raw_data_pipeline to 2025-06-29 07:59:00+00:00, run_after=2025-06-30 07:00:00+00:00
[2025-06-30T03:19:25.429+0000] {processor.py:208} INFO - Processing /opt/airflow/dags/driven_data_pipeline.py took 0.185 seconds
[2025-06-30T03:19:55.582+0000] {processor.py:186} INFO - Started process (PID=1634) to work on /opt/airflow/dags/driven_data_pipeline.py
[2025-06-30T03:19:55.583+0000] {processor.py:914} INFO - Processing file /opt/airflow/dags/driven_data_pipeline.py for tasks to queue
[2025-06-30T03:19:55.587+0000] {logging_mixin.py:190} INFO - [2025-06-30T03:19:55.586+0000] {dagbag.py:588} INFO - Filling up the DagBag from /opt/airflow/dags/driven_data_pipeline.py
[2025-06-30T03:19:55.632+0000] {processor.py:925} INFO - DAG(s) 'extract_raw_data_pipeline' retrieved from /opt/airflow/dags/driven_data_pipeline.py
[2025-06-30T03:19:55.674+0000] {logging_mixin.py:190} INFO - [2025-06-30T03:19:55.673+0000] {dag.py:3239} INFO - Sync 1 DAGs
[2025-06-30T03:19:55.710+0000] {logging_mixin.py:190} INFO - [2025-06-30T03:19:55.710+0000] {dag.py:4180} INFO - Setting next_dagrun for extract_raw_data_pipeline to 2025-06-29 07:59:00+00:00, run_after=2025-06-30 07:00:00+00:00
[2025-06-30T03:19:55.734+0000] {processor.py:208} INFO - Processing /opt/airflow/dags/driven_data_pipeline.py took 0.161 seconds
[2025-06-30T03:20:25.873+0000] {processor.py:186} INFO - Started process (PID=1641) to work on /opt/airflow/dags/driven_data_pipeline.py
[2025-06-30T03:20:25.875+0000] {processor.py:914} INFO - Processing file /opt/airflow/dags/driven_data_pipeline.py for tasks to queue
[2025-06-30T03:20:25.879+0000] {logging_mixin.py:190} INFO - [2025-06-30T03:20:25.879+0000] {dagbag.py:588} INFO - Filling up the DagBag from /opt/airflow/dags/driven_data_pipeline.py
[2025-06-30T03:20:25.930+0000] {processor.py:925} INFO - DAG(s) 'extract_raw_data_pipeline' retrieved from /opt/airflow/dags/driven_data_pipeline.py
[2025-06-30T03:20:25.969+0000] {logging_mixin.py:190} INFO - [2025-06-30T03:20:25.968+0000] {dag.py:3239} INFO - Sync 1 DAGs
[2025-06-30T03:20:26.004+0000] {logging_mixin.py:190} INFO - [2025-06-30T03:20:26.004+0000] {dag.py:4180} INFO - Setting next_dagrun for extract_raw_data_pipeline to 2025-06-29 07:59:00+00:00, run_after=2025-06-30 07:00:00+00:00
[2025-06-30T03:20:26.031+0000] {processor.py:208} INFO - Processing /opt/airflow/dags/driven_data_pipeline.py took 0.169 seconds
[2025-06-30T03:20:56.551+0000] {processor.py:186} INFO - Started process (PID=1648) to work on /opt/airflow/dags/driven_data_pipeline.py
[2025-06-30T03:20:56.782+0000] {processor.py:914} INFO - Processing file /opt/airflow/dags/driven_data_pipeline.py for tasks to queue
[2025-06-30T03:20:56.794+0000] {logging_mixin.py:190} INFO - [2025-06-30T03:20:56.793+0000] {dagbag.py:588} INFO - Filling up the DagBag from /opt/airflow/dags/driven_data_pipeline.py
[2025-06-30T03:20:56.886+0000] {processor.py:925} INFO - DAG(s) 'extract_raw_data_pipeline' retrieved from /opt/airflow/dags/driven_data_pipeline.py
[2025-06-30T03:20:56.952+0000] {logging_mixin.py:190} INFO - [2025-06-30T03:20:56.952+0000] {dag.py:3239} INFO - Sync 1 DAGs
[2025-06-30T03:20:57.024+0000] {logging_mixin.py:190} INFO - [2025-06-30T03:20:57.024+0000] {dag.py:4180} INFO - Setting next_dagrun for extract_raw_data_pipeline to 2025-06-29 07:59:00+00:00, run_after=2025-06-30 07:00:00+00:00
[2025-06-30T03:20:57.053+0000] {processor.py:208} INFO - Processing /opt/airflow/dags/driven_data_pipeline.py took 0.508 seconds
[2025-06-30T03:21:29.009+0000] {processor.py:186} INFO - Started process (PID=1655) to work on /opt/airflow/dags/driven_data_pipeline.py
[2025-06-30T03:21:29.010+0000] {processor.py:914} INFO - Processing file /opt/airflow/dags/driven_data_pipeline.py for tasks to queue
[2025-06-30T03:21:29.014+0000] {logging_mixin.py:190} INFO - [2025-06-30T03:21:29.013+0000] {dagbag.py:588} INFO - Filling up the DagBag from /opt/airflow/dags/driven_data_pipeline.py
[2025-06-30T03:21:29.564+0000] {processor.py:925} INFO - DAG(s) 'extract_raw_data_pipeline' retrieved from /opt/airflow/dags/driven_data_pipeline.py
[2025-06-30T03:21:30.116+0000] {logging_mixin.py:190} INFO - [2025-06-30T03:21:30.116+0000] {dag.py:3239} INFO - Sync 1 DAGs
[2025-06-30T03:21:30.150+0000] {logging_mixin.py:190} INFO - [2025-06-30T03:21:30.149+0000] {dag.py:4180} INFO - Setting next_dagrun for extract_raw_data_pipeline to 2025-06-29 07:59:00+00:00, run_after=2025-06-30 07:00:00+00:00
[2025-06-30T03:21:32.229+0000] {processor.py:208} INFO - Processing /opt/airflow/dags/driven_data_pipeline.py took 2.256 seconds
[2025-06-30T03:22:02.309+0000] {processor.py:186} INFO - Started process (PID=1669) to work on /opt/airflow/dags/driven_data_pipeline.py
[2025-06-30T03:22:02.311+0000] {processor.py:914} INFO - Processing file /opt/airflow/dags/driven_data_pipeline.py for tasks to queue
[2025-06-30T03:22:02.317+0000] {logging_mixin.py:190} INFO - [2025-06-30T03:22:02.316+0000] {dagbag.py:588} INFO - Filling up the DagBag from /opt/airflow/dags/driven_data_pipeline.py
[2025-06-30T03:22:02.382+0000] {processor.py:925} INFO - DAG(s) 'extract_raw_data_pipeline' retrieved from /opt/airflow/dags/driven_data_pipeline.py
[2025-06-30T03:22:02.437+0000] {logging_mixin.py:190} INFO - [2025-06-30T03:22:02.436+0000] {dag.py:3239} INFO - Sync 1 DAGs
[2025-06-30T03:22:02.481+0000] {logging_mixin.py:190} INFO - [2025-06-30T03:22:02.480+0000] {dag.py:4180} INFO - Setting next_dagrun for extract_raw_data_pipeline to 2025-06-29 07:59:00+00:00, run_after=2025-06-30 07:00:00+00:00
[2025-06-30T03:22:02.512+0000] {processor.py:208} INFO - Processing /opt/airflow/dags/driven_data_pipeline.py took 0.217 seconds
[2025-06-30T03:22:33.431+0000] {processor.py:186} INFO - Started process (PID=1676) to work on /opt/airflow/dags/driven_data_pipeline.py
[2025-06-30T03:22:33.433+0000] {processor.py:914} INFO - Processing file /opt/airflow/dags/driven_data_pipeline.py for tasks to queue
[2025-06-30T03:22:33.437+0000] {logging_mixin.py:190} INFO - [2025-06-30T03:22:33.437+0000] {dagbag.py:588} INFO - Filling up the DagBag from /opt/airflow/dags/driven_data_pipeline.py
[2025-06-30T03:22:33.482+0000] {processor.py:925} INFO - DAG(s) 'extract_raw_data_pipeline' retrieved from /opt/airflow/dags/driven_data_pipeline.py
[2025-06-30T03:22:34.660+0000] {logging_mixin.py:190} INFO - [2025-06-30T03:22:34.659+0000] {dag.py:3239} INFO - Sync 1 DAGs
[2025-06-30T03:22:34.872+0000] {logging_mixin.py:190} INFO - [2025-06-30T03:22:34.871+0000] {dag.py:4180} INFO - Setting next_dagrun for extract_raw_data_pipeline to 2025-06-29 07:59:00+00:00, run_after=2025-06-30 07:00:00+00:00
[2025-06-30T03:22:34.935+0000] {processor.py:208} INFO - Processing /opt/airflow/dags/driven_data_pipeline.py took 1.514 seconds
[2025-06-30T03:23:05.331+0000] {processor.py:186} INFO - Started process (PID=1683) to work on /opt/airflow/dags/driven_data_pipeline.py
[2025-06-30T03:23:05.333+0000] {processor.py:914} INFO - Processing file /opt/airflow/dags/driven_data_pipeline.py for tasks to queue
[2025-06-30T03:23:05.336+0000] {logging_mixin.py:190} INFO - [2025-06-30T03:23:05.336+0000] {dagbag.py:588} INFO - Filling up the DagBag from /opt/airflow/dags/driven_data_pipeline.py
[2025-06-30T03:23:05.382+0000] {processor.py:925} INFO - DAG(s) 'extract_raw_data_pipeline' retrieved from /opt/airflow/dags/driven_data_pipeline.py
[2025-06-30T03:23:05.418+0000] {logging_mixin.py:190} INFO - [2025-06-30T03:23:05.417+0000] {dag.py:3239} INFO - Sync 1 DAGs
[2025-06-30T03:23:05.450+0000] {logging_mixin.py:190} INFO - [2025-06-30T03:23:05.449+0000] {dag.py:4180} INFO - Setting next_dagrun for extract_raw_data_pipeline to 2025-06-29 07:59:00+00:00, run_after=2025-06-30 07:00:00+00:00
[2025-06-30T03:23:05.478+0000] {processor.py:208} INFO - Processing /opt/airflow/dags/driven_data_pipeline.py took 0.154 seconds
[2025-06-30T03:23:35.666+0000] {processor.py:186} INFO - Started process (PID=1690) to work on /opt/airflow/dags/driven_data_pipeline.py
[2025-06-30T03:23:35.668+0000] {processor.py:914} INFO - Processing file /opt/airflow/dags/driven_data_pipeline.py for tasks to queue
[2025-06-30T03:23:35.672+0000] {logging_mixin.py:190} INFO - [2025-06-30T03:23:35.671+0000] {dagbag.py:588} INFO - Filling up the DagBag from /opt/airflow/dags/driven_data_pipeline.py
[2025-06-30T03:23:35.713+0000] {processor.py:925} INFO - DAG(s) 'extract_raw_data_pipeline' retrieved from /opt/airflow/dags/driven_data_pipeline.py
[2025-06-30T03:23:35.749+0000] {logging_mixin.py:190} INFO - [2025-06-30T03:23:35.749+0000] {dag.py:3239} INFO - Sync 1 DAGs
[2025-06-30T03:23:35.782+0000] {logging_mixin.py:190} INFO - [2025-06-30T03:23:35.782+0000] {dag.py:4180} INFO - Setting next_dagrun for extract_raw_data_pipeline to 2025-06-29 07:59:00+00:00, run_after=2025-06-30 07:00:00+00:00
[2025-06-30T03:23:35.810+0000] {processor.py:208} INFO - Processing /opt/airflow/dags/driven_data_pipeline.py took 0.151 seconds
[2025-06-30T03:24:05.948+0000] {processor.py:186} INFO - Started process (PID=1697) to work on /opt/airflow/dags/driven_data_pipeline.py
[2025-06-30T03:24:05.950+0000] {processor.py:914} INFO - Processing file /opt/airflow/dags/driven_data_pipeline.py for tasks to queue
[2025-06-30T03:24:05.955+0000] {logging_mixin.py:190} INFO - [2025-06-30T03:24:05.955+0000] {dagbag.py:588} INFO - Filling up the DagBag from /opt/airflow/dags/driven_data_pipeline.py
[2025-06-30T03:24:06.011+0000] {processor.py:925} INFO - DAG(s) 'extract_raw_data_pipeline' retrieved from /opt/airflow/dags/driven_data_pipeline.py
[2025-06-30T03:24:06.062+0000] {logging_mixin.py:190} INFO - [2025-06-30T03:24:06.061+0000] {dag.py:3239} INFO - Sync 1 DAGs
[2025-06-30T03:24:06.104+0000] {logging_mixin.py:190} INFO - [2025-06-30T03:24:06.103+0000] {dag.py:4180} INFO - Setting next_dagrun for extract_raw_data_pipeline to 2025-06-29 07:59:00+00:00, run_after=2025-06-30 07:00:00+00:00
[2025-06-30T03:24:06.145+0000] {processor.py:208} INFO - Processing /opt/airflow/dags/driven_data_pipeline.py took 0.207 seconds
[2025-06-30T03:24:36.365+0000] {processor.py:186} INFO - Started process (PID=1704) to work on /opt/airflow/dags/driven_data_pipeline.py
[2025-06-30T03:24:36.368+0000] {processor.py:914} INFO - Processing file /opt/airflow/dags/driven_data_pipeline.py for tasks to queue
[2025-06-30T03:24:36.380+0000] {logging_mixin.py:190} INFO - [2025-06-30T03:24:36.379+0000] {dagbag.py:588} INFO - Filling up the DagBag from /opt/airflow/dags/driven_data_pipeline.py
[2025-06-30T03:24:36.511+0000] {processor.py:925} INFO - DAG(s) 'extract_raw_data_pipeline' retrieved from /opt/airflow/dags/driven_data_pipeline.py
[2025-06-30T03:24:36.606+0000] {logging_mixin.py:190} INFO - [2025-06-30T03:24:36.606+0000] {dag.py:3239} INFO - Sync 1 DAGs
[2025-06-30T03:24:36.673+0000] {logging_mixin.py:190} INFO - [2025-06-30T03:24:36.672+0000] {dag.py:4180} INFO - Setting next_dagrun for extract_raw_data_pipeline to 2025-06-29 07:59:00+00:00, run_after=2025-06-30 07:00:00+00:00
[2025-06-30T03:24:36.724+0000] {processor.py:208} INFO - Processing /opt/airflow/dags/driven_data_pipeline.py took 0.380 seconds
[2025-06-30T03:25:07.112+0000] {processor.py:186} INFO - Started process (PID=1711) to work on /opt/airflow/dags/driven_data_pipeline.py
[2025-06-30T03:25:07.116+0000] {processor.py:914} INFO - Processing file /opt/airflow/dags/driven_data_pipeline.py for tasks to queue
[2025-06-30T03:25:07.126+0000] {logging_mixin.py:190} INFO - [2025-06-30T03:25:07.124+0000] {dagbag.py:588} INFO - Filling up the DagBag from /opt/airflow/dags/driven_data_pipeline.py
[2025-06-30T03:25:07.229+0000] {processor.py:925} INFO - DAG(s) 'extract_raw_data_pipeline' retrieved from /opt/airflow/dags/driven_data_pipeline.py
[2025-06-30T03:25:07.291+0000] {logging_mixin.py:190} INFO - [2025-06-30T03:25:07.290+0000] {dag.py:3239} INFO - Sync 1 DAGs
[2025-06-30T03:25:07.341+0000] {logging_mixin.py:190} INFO - [2025-06-30T03:25:07.341+0000] {dag.py:4180} INFO - Setting next_dagrun for extract_raw_data_pipeline to 2025-06-29 07:59:00+00:00, run_after=2025-06-30 07:00:00+00:00
[2025-06-30T03:25:07.389+0000] {processor.py:208} INFO - Processing /opt/airflow/dags/driven_data_pipeline.py took 0.305 seconds
[2025-06-30T03:25:37.593+0000] {processor.py:186} INFO - Started process (PID=1718) to work on /opt/airflow/dags/driven_data_pipeline.py
[2025-06-30T03:25:37.595+0000] {processor.py:914} INFO - Processing file /opt/airflow/dags/driven_data_pipeline.py for tasks to queue
[2025-06-30T03:25:37.598+0000] {logging_mixin.py:190} INFO - [2025-06-30T03:25:37.598+0000] {dagbag.py:588} INFO - Filling up the DagBag from /opt/airflow/dags/driven_data_pipeline.py
[2025-06-30T03:25:37.640+0000] {processor.py:925} INFO - DAG(s) 'extract_raw_data_pipeline' retrieved from /opt/airflow/dags/driven_data_pipeline.py
[2025-06-30T03:25:37.678+0000] {logging_mixin.py:190} INFO - [2025-06-30T03:25:37.677+0000] {dag.py:3239} INFO - Sync 1 DAGs
[2025-06-30T03:25:37.713+0000] {logging_mixin.py:190} INFO - [2025-06-30T03:25:37.713+0000] {dag.py:4180} INFO - Setting next_dagrun for extract_raw_data_pipeline to 2025-06-29 07:59:00+00:00, run_after=2025-06-30 07:00:00+00:00
[2025-06-30T03:25:37.738+0000] {processor.py:208} INFO - Processing /opt/airflow/dags/driven_data_pipeline.py took 0.154 seconds
[2025-06-30T03:26:08.536+0000] {processor.py:186} INFO - Started process (PID=1725) to work on /opt/airflow/dags/driven_data_pipeline.py
[2025-06-30T03:26:08.538+0000] {processor.py:914} INFO - Processing file /opt/airflow/dags/driven_data_pipeline.py for tasks to queue
[2025-06-30T03:26:08.545+0000] {logging_mixin.py:190} INFO - [2025-06-30T03:26:08.544+0000] {dagbag.py:588} INFO - Filling up the DagBag from /opt/airflow/dags/driven_data_pipeline.py
[2025-06-30T03:26:08.619+0000] {processor.py:925} INFO - DAG(s) 'extract_raw_data_pipeline' retrieved from /opt/airflow/dags/driven_data_pipeline.py
[2025-06-30T03:26:08.673+0000] {logging_mixin.py:190} INFO - [2025-06-30T03:26:08.673+0000] {dag.py:3239} INFO - Sync 1 DAGs
[2025-06-30T03:26:08.720+0000] {logging_mixin.py:190} INFO - [2025-06-30T03:26:08.720+0000] {dag.py:4180} INFO - Setting next_dagrun for extract_raw_data_pipeline to 2025-06-29 07:59:00+00:00, run_after=2025-06-30 07:00:00+00:00
[2025-06-30T03:26:08.755+0000] {processor.py:208} INFO - Processing /opt/airflow/dags/driven_data_pipeline.py took 0.240 seconds
[2025-06-30T03:26:38.972+0000] {processor.py:186} INFO - Started process (PID=1733) to work on /opt/airflow/dags/driven_data_pipeline.py
[2025-06-30T03:26:38.973+0000] {processor.py:914} INFO - Processing file /opt/airflow/dags/driven_data_pipeline.py for tasks to queue
[2025-06-30T03:26:38.978+0000] {logging_mixin.py:190} INFO - [2025-06-30T03:26:38.977+0000] {dagbag.py:588} INFO - Filling up the DagBag from /opt/airflow/dags/driven_data_pipeline.py
[2025-06-30T03:26:39.028+0000] {processor.py:925} INFO - DAG(s) 'extract_raw_data_pipeline' retrieved from /opt/airflow/dags/driven_data_pipeline.py
[2025-06-30T03:26:39.067+0000] {logging_mixin.py:190} INFO - [2025-06-30T03:26:39.066+0000] {dag.py:3239} INFO - Sync 1 DAGs
[2025-06-30T03:26:39.103+0000] {logging_mixin.py:190} INFO - [2025-06-30T03:26:39.103+0000] {dag.py:4180} INFO - Setting next_dagrun for extract_raw_data_pipeline to 2025-06-29 07:59:00+00:00, run_after=2025-06-30 07:00:00+00:00
[2025-06-30T03:26:39.129+0000] {processor.py:208} INFO - Processing /opt/airflow/dags/driven_data_pipeline.py took 0.166 seconds
[2025-06-30T03:27:09.284+0000] {processor.py:186} INFO - Started process (PID=1747) to work on /opt/airflow/dags/driven_data_pipeline.py
[2025-06-30T03:27:09.285+0000] {processor.py:914} INFO - Processing file /opt/airflow/dags/driven_data_pipeline.py for tasks to queue
[2025-06-30T03:27:09.290+0000] {logging_mixin.py:190} INFO - [2025-06-30T03:27:09.289+0000] {dagbag.py:588} INFO - Filling up the DagBag from /opt/airflow/dags/driven_data_pipeline.py
[2025-06-30T03:27:09.339+0000] {processor.py:925} INFO - DAG(s) 'extract_raw_data_pipeline' retrieved from /opt/airflow/dags/driven_data_pipeline.py
[2025-06-30T03:27:09.388+0000] {logging_mixin.py:190} INFO - [2025-06-30T03:27:09.387+0000] {dag.py:3239} INFO - Sync 1 DAGs
[2025-06-30T03:27:09.438+0000] {logging_mixin.py:190} INFO - [2025-06-30T03:27:09.438+0000] {dag.py:4180} INFO - Setting next_dagrun for extract_raw_data_pipeline to 2025-06-29 07:59:00+00:00, run_after=2025-06-30 07:00:00+00:00
[2025-06-30T03:27:09.471+0000] {processor.py:208} INFO - Processing /opt/airflow/dags/driven_data_pipeline.py took 0.197 seconds
[2025-06-30T03:27:39.598+0000] {processor.py:186} INFO - Started process (PID=1754) to work on /opt/airflow/dags/driven_data_pipeline.py
[2025-06-30T03:27:39.599+0000] {processor.py:914} INFO - Processing file /opt/airflow/dags/driven_data_pipeline.py for tasks to queue
[2025-06-30T03:27:39.603+0000] {logging_mixin.py:190} INFO - [2025-06-30T03:27:39.603+0000] {dagbag.py:588} INFO - Filling up the DagBag from /opt/airflow/dags/driven_data_pipeline.py
[2025-06-30T03:27:39.643+0000] {processor.py:925} INFO - DAG(s) 'extract_raw_data_pipeline' retrieved from /opt/airflow/dags/driven_data_pipeline.py
[2025-06-30T03:27:39.682+0000] {logging_mixin.py:190} INFO - [2025-06-30T03:27:39.682+0000] {dag.py:3239} INFO - Sync 1 DAGs
[2025-06-30T03:27:39.715+0000] {logging_mixin.py:190} INFO - [2025-06-30T03:27:39.715+0000] {dag.py:4180} INFO - Setting next_dagrun for extract_raw_data_pipeline to 2025-06-29 07:59:00+00:00, run_after=2025-06-30 07:00:00+00:00
[2025-06-30T03:27:39.741+0000] {processor.py:208} INFO - Processing /opt/airflow/dags/driven_data_pipeline.py took 0.152 seconds
[2025-06-30T03:28:09.823+0000] {processor.py:186} INFO - Started process (PID=1762) to work on /opt/airflow/dags/driven_data_pipeline.py
[2025-06-30T03:28:09.825+0000] {processor.py:914} INFO - Processing file /opt/airflow/dags/driven_data_pipeline.py for tasks to queue
[2025-06-30T03:28:09.831+0000] {logging_mixin.py:190} INFO - [2025-06-30T03:28:09.830+0000] {dagbag.py:588} INFO - Filling up the DagBag from /opt/airflow/dags/driven_data_pipeline.py
[2025-06-30T03:28:09.895+0000] {processor.py:925} INFO - DAG(s) 'extract_raw_data_pipeline' retrieved from /opt/airflow/dags/driven_data_pipeline.py
[2025-06-30T03:28:09.938+0000] {logging_mixin.py:190} INFO - [2025-06-30T03:28:09.938+0000] {dag.py:3239} INFO - Sync 1 DAGs
[2025-06-30T03:28:09.982+0000] {logging_mixin.py:190} INFO - [2025-06-30T03:28:09.982+0000] {dag.py:4180} INFO - Setting next_dagrun for extract_raw_data_pipeline to 2025-06-29 07:59:00+00:00, run_after=2025-06-30 07:00:00+00:00
[2025-06-30T03:28:10.013+0000] {processor.py:208} INFO - Processing /opt/airflow/dags/driven_data_pipeline.py took 0.202 seconds
[2025-06-30T03:28:40.139+0000] {processor.py:186} INFO - Started process (PID=1769) to work on /opt/airflow/dags/driven_data_pipeline.py
[2025-06-30T03:28:40.140+0000] {processor.py:914} INFO - Processing file /opt/airflow/dags/driven_data_pipeline.py for tasks to queue
[2025-06-30T03:28:40.145+0000] {logging_mixin.py:190} INFO - [2025-06-30T03:28:40.144+0000] {dagbag.py:588} INFO - Filling up the DagBag from /opt/airflow/dags/driven_data_pipeline.py
[2025-06-30T03:28:40.193+0000] {processor.py:925} INFO - DAG(s) 'extract_raw_data_pipeline' retrieved from /opt/airflow/dags/driven_data_pipeline.py
[2025-06-30T03:28:40.232+0000] {logging_mixin.py:190} INFO - [2025-06-30T03:28:40.231+0000] {dag.py:3239} INFO - Sync 1 DAGs
[2025-06-30T03:28:40.268+0000] {logging_mixin.py:190} INFO - [2025-06-30T03:28:40.268+0000] {dag.py:4180} INFO - Setting next_dagrun for extract_raw_data_pipeline to 2025-06-29 07:59:00+00:00, run_after=2025-06-30 07:00:00+00:00
[2025-06-30T03:28:40.296+0000] {processor.py:208} INFO - Processing /opt/airflow/dags/driven_data_pipeline.py took 0.166 seconds
[2025-06-30T03:29:10.495+0000] {processor.py:186} INFO - Started process (PID=1776) to work on /opt/airflow/dags/driven_data_pipeline.py
[2025-06-30T03:29:10.496+0000] {processor.py:914} INFO - Processing file /opt/airflow/dags/driven_data_pipeline.py for tasks to queue
[2025-06-30T03:29:10.502+0000] {logging_mixin.py:190} INFO - [2025-06-30T03:29:10.501+0000] {dagbag.py:588} INFO - Filling up the DagBag from /opt/airflow/dags/driven_data_pipeline.py
[2025-06-30T03:29:10.555+0000] {processor.py:925} INFO - DAG(s) 'extract_raw_data_pipeline' retrieved from /opt/airflow/dags/driven_data_pipeline.py
[2025-06-30T03:29:10.597+0000] {logging_mixin.py:190} INFO - [2025-06-30T03:29:10.597+0000] {dag.py:3239} INFO - Sync 1 DAGs
[2025-06-30T03:29:10.637+0000] {logging_mixin.py:190} INFO - [2025-06-30T03:29:10.637+0000] {dag.py:4180} INFO - Setting next_dagrun for extract_raw_data_pipeline to 2025-06-29 07:59:00+00:00, run_after=2025-06-30 07:00:00+00:00
[2025-06-30T03:29:10.673+0000] {processor.py:208} INFO - Processing /opt/airflow/dags/driven_data_pipeline.py took 0.188 seconds
[2025-06-30T03:29:40.888+0000] {processor.py:186} INFO - Started process (PID=1783) to work on /opt/airflow/dags/driven_data_pipeline.py
[2025-06-30T03:29:40.890+0000] {processor.py:914} INFO - Processing file /opt/airflow/dags/driven_data_pipeline.py for tasks to queue
[2025-06-30T03:29:40.895+0000] {logging_mixin.py:190} INFO - [2025-06-30T03:29:40.895+0000] {dagbag.py:588} INFO - Filling up the DagBag from /opt/airflow/dags/driven_data_pipeline.py
[2025-06-30T03:29:40.947+0000] {processor.py:925} INFO - DAG(s) 'extract_raw_data_pipeline' retrieved from /opt/airflow/dags/driven_data_pipeline.py
[2025-06-30T03:29:40.989+0000] {logging_mixin.py:190} INFO - [2025-06-30T03:29:40.989+0000] {dag.py:3239} INFO - Sync 1 DAGs
[2025-06-30T03:29:41.026+0000] {logging_mixin.py:190} INFO - [2025-06-30T03:29:41.025+0000] {dag.py:4180} INFO - Setting next_dagrun for extract_raw_data_pipeline to 2025-06-29 07:59:00+00:00, run_after=2025-06-30 07:00:00+00:00
[2025-06-30T03:29:41.052+0000] {processor.py:208} INFO - Processing /opt/airflow/dags/driven_data_pipeline.py took 0.172 seconds
[2025-06-30T03:30:11.121+0000] {processor.py:186} INFO - Started process (PID=1790) to work on /opt/airflow/dags/driven_data_pipeline.py
[2025-06-30T03:30:11.123+0000] {processor.py:914} INFO - Processing file /opt/airflow/dags/driven_data_pipeline.py for tasks to queue
[2025-06-30T03:30:11.128+0000] {logging_mixin.py:190} INFO - [2025-06-30T03:30:11.127+0000] {dagbag.py:588} INFO - Filling up the DagBag from /opt/airflow/dags/driven_data_pipeline.py
[2025-06-30T03:30:11.182+0000] {processor.py:925} INFO - DAG(s) 'extract_raw_data_pipeline' retrieved from /opt/airflow/dags/driven_data_pipeline.py
[2025-06-30T03:30:11.236+0000] {logging_mixin.py:190} INFO - [2025-06-30T03:30:11.235+0000] {dag.py:3239} INFO - Sync 1 DAGs
[2025-06-30T03:30:11.275+0000] {logging_mixin.py:190} INFO - [2025-06-30T03:30:11.274+0000] {dag.py:4180} INFO - Setting next_dagrun for extract_raw_data_pipeline to 2025-06-29 07:59:00+00:00, run_after=2025-06-30 07:00:00+00:00
[2025-06-30T03:30:11.303+0000] {processor.py:208} INFO - Processing /opt/airflow/dags/driven_data_pipeline.py took 0.193 seconds
[2025-06-30T03:30:41.465+0000] {processor.py:186} INFO - Started process (PID=1797) to work on /opt/airflow/dags/driven_data_pipeline.py
[2025-06-30T03:30:41.467+0000] {processor.py:914} INFO - Processing file /opt/airflow/dags/driven_data_pipeline.py for tasks to queue
[2025-06-30T03:30:41.472+0000] {logging_mixin.py:190} INFO - [2025-06-30T03:30:41.471+0000] {dagbag.py:588} INFO - Filling up the DagBag from /opt/airflow/dags/driven_data_pipeline.py
[2025-06-30T03:30:41.519+0000] {processor.py:925} INFO - DAG(s) 'extract_raw_data_pipeline' retrieved from /opt/airflow/dags/driven_data_pipeline.py
[2025-06-30T03:30:41.556+0000] {logging_mixin.py:190} INFO - [2025-06-30T03:30:41.555+0000] {dag.py:3239} INFO - Sync 1 DAGs
[2025-06-30T03:30:41.590+0000] {logging_mixin.py:190} INFO - [2025-06-30T03:30:41.590+0000] {dag.py:4180} INFO - Setting next_dagrun for extract_raw_data_pipeline to 2025-06-29 07:59:00+00:00, run_after=2025-06-30 07:00:00+00:00
[2025-06-30T03:30:41.612+0000] {processor.py:208} INFO - Processing /opt/airflow/dags/driven_data_pipeline.py took 0.158 seconds
[2025-06-30T03:31:11.766+0000] {processor.py:186} INFO - Started process (PID=1804) to work on /opt/airflow/dags/driven_data_pipeline.py
[2025-06-30T03:31:11.768+0000] {processor.py:914} INFO - Processing file /opt/airflow/dags/driven_data_pipeline.py for tasks to queue
[2025-06-30T03:31:11.772+0000] {logging_mixin.py:190} INFO - [2025-06-30T03:31:11.771+0000] {dagbag.py:588} INFO - Filling up the DagBag from /opt/airflow/dags/driven_data_pipeline.py
[2025-06-30T03:31:11.820+0000] {processor.py:925} INFO - DAG(s) 'extract_raw_data_pipeline' retrieved from /opt/airflow/dags/driven_data_pipeline.py
[2025-06-30T03:31:12.862+0000] {logging_mixin.py:190} INFO - [2025-06-30T03:31:12.862+0000] {dag.py:3239} INFO - Sync 1 DAGs
[2025-06-30T03:31:12.896+0000] {logging_mixin.py:190} INFO - [2025-06-30T03:31:12.896+0000] {dag.py:4180} INFO - Setting next_dagrun for extract_raw_data_pipeline to 2025-06-29 07:59:00+00:00, run_after=2025-06-30 07:00:00+00:00
[2025-06-30T03:31:12.926+0000] {processor.py:208} INFO - Processing /opt/airflow/dags/driven_data_pipeline.py took 0.164 seconds
[2025-06-30T03:31:43.999+0000] {processor.py:186} INFO - Started process (PID=1811) to work on /opt/airflow/dags/driven_data_pipeline.py
[2025-06-30T03:31:44.000+0000] {processor.py:914} INFO - Processing file /opt/airflow/dags/driven_data_pipeline.py for tasks to queue
[2025-06-30T03:31:44.006+0000] {logging_mixin.py:190} INFO - [2025-06-30T03:31:44.005+0000] {dagbag.py:588} INFO - Filling up the DagBag from /opt/airflow/dags/driven_data_pipeline.py
[2025-06-30T03:31:44.065+0000] {processor.py:925} INFO - DAG(s) 'extract_raw_data_pipeline' retrieved from /opt/airflow/dags/driven_data_pipeline.py
[2025-06-30T03:31:44.100+0000] {logging_mixin.py:190} INFO - [2025-06-30T03:31:44.100+0000] {dag.py:3239} INFO - Sync 1 DAGs
[2025-06-30T03:31:44.135+0000] {logging_mixin.py:190} INFO - [2025-06-30T03:31:44.135+0000] {dag.py:4180} INFO - Setting next_dagrun for extract_raw_data_pipeline to 2025-06-29 07:59:00+00:00, run_after=2025-06-30 07:00:00+00:00
[2025-06-30T03:31:44.158+0000] {processor.py:208} INFO - Processing /opt/airflow/dags/driven_data_pipeline.py took 0.166 seconds
[2025-06-30T03:32:14.338+0000] {processor.py:186} INFO - Started process (PID=1818) to work on /opt/airflow/dags/driven_data_pipeline.py
[2025-06-30T03:32:14.341+0000] {processor.py:914} INFO - Processing file /opt/airflow/dags/driven_data_pipeline.py for tasks to queue
[2025-06-30T03:32:14.354+0000] {logging_mixin.py:190} INFO - [2025-06-30T03:32:14.353+0000] {dagbag.py:588} INFO - Filling up the DagBag from /opt/airflow/dags/driven_data_pipeline.py
[2025-06-30T03:32:14.617+0000] {processor.py:925} INFO - DAG(s) 'extract_raw_data_pipeline' retrieved from /opt/airflow/dags/driven_data_pipeline.py
[2025-06-30T03:32:14.891+0000] {logging_mixin.py:190} INFO - [2025-06-30T03:32:14.878+0000] {dag.py:3239} INFO - Sync 1 DAGs
[2025-06-30T03:32:15.070+0000] {logging_mixin.py:190} INFO - [2025-06-30T03:32:15.070+0000] {dag.py:4180} INFO - Setting next_dagrun for extract_raw_data_pipeline to 2025-06-29 07:59:00+00:00, run_after=2025-06-30 07:00:00+00:00
[2025-06-30T03:32:15.216+0000] {processor.py:208} INFO - Processing /opt/airflow/dags/driven_data_pipeline.py took 0.905 seconds
[2025-06-30T03:32:45.573+0000] {processor.py:186} INFO - Started process (PID=1832) to work on /opt/airflow/dags/driven_data_pipeline.py
[2025-06-30T03:32:45.574+0000] {processor.py:914} INFO - Processing file /opt/airflow/dags/driven_data_pipeline.py for tasks to queue
[2025-06-30T03:32:45.578+0000] {logging_mixin.py:190} INFO - [2025-06-30T03:32:45.578+0000] {dagbag.py:588} INFO - Filling up the DagBag from /opt/airflow/dags/driven_data_pipeline.py
[2025-06-30T03:32:45.627+0000] {processor.py:925} INFO - DAG(s) 'extract_raw_data_pipeline' retrieved from /opt/airflow/dags/driven_data_pipeline.py
[2025-06-30T03:32:45.667+0000] {logging_mixin.py:190} INFO - [2025-06-30T03:32:45.667+0000] {dag.py:3239} INFO - Sync 1 DAGs
[2025-06-30T03:32:45.703+0000] {logging_mixin.py:190} INFO - [2025-06-30T03:32:45.703+0000] {dag.py:4180} INFO - Setting next_dagrun for extract_raw_data_pipeline to 2025-06-29 07:59:00+00:00, run_after=2025-06-30 07:00:00+00:00
[2025-06-30T03:32:45.728+0000] {processor.py:208} INFO - Processing /opt/airflow/dags/driven_data_pipeline.py took 0.164 seconds
[2025-06-30T03:33:15.976+0000] {processor.py:186} INFO - Started process (PID=1839) to work on /opt/airflow/dags/driven_data_pipeline.py
[2025-06-30T03:33:15.977+0000] {processor.py:914} INFO - Processing file /opt/airflow/dags/driven_data_pipeline.py for tasks to queue
[2025-06-30T03:33:15.983+0000] {logging_mixin.py:190} INFO - [2025-06-30T03:33:15.982+0000] {dagbag.py:588} INFO - Filling up the DagBag from /opt/airflow/dags/driven_data_pipeline.py
[2025-06-30T03:33:16.029+0000] {processor.py:925} INFO - DAG(s) 'extract_raw_data_pipeline' retrieved from /opt/airflow/dags/driven_data_pipeline.py
[2025-06-30T03:33:16.070+0000] {logging_mixin.py:190} INFO - [2025-06-30T03:33:16.069+0000] {dag.py:3239} INFO - Sync 1 DAGs
[2025-06-30T03:33:16.106+0000] {logging_mixin.py:190} INFO - [2025-06-30T03:33:16.106+0000] {dag.py:4180} INFO - Setting next_dagrun for extract_raw_data_pipeline to 2025-06-29 07:59:00+00:00, run_after=2025-06-30 07:00:00+00:00
[2025-06-30T03:33:16.133+0000] {processor.py:208} INFO - Processing /opt/airflow/dags/driven_data_pipeline.py took 0.166 seconds
[2025-06-30T03:33:46.253+0000] {processor.py:186} INFO - Started process (PID=1846) to work on /opt/airflow/dags/driven_data_pipeline.py
[2025-06-30T03:33:46.256+0000] {processor.py:914} INFO - Processing file /opt/airflow/dags/driven_data_pipeline.py for tasks to queue
[2025-06-30T03:33:46.261+0000] {logging_mixin.py:190} INFO - [2025-06-30T03:33:46.260+0000] {dagbag.py:588} INFO - Filling up the DagBag from /opt/airflow/dags/driven_data_pipeline.py
[2025-06-30T03:33:46.393+0000] {processor.py:925} INFO - DAG(s) 'extract_raw_data_pipeline' retrieved from /opt/airflow/dags/driven_data_pipeline.py
[2025-06-30T03:33:46.432+0000] {logging_mixin.py:190} INFO - [2025-06-30T03:33:46.432+0000] {dag.py:3239} INFO - Sync 1 DAGs
[2025-06-30T03:33:46.468+0000] {logging_mixin.py:190} INFO - [2025-06-30T03:33:46.467+0000] {dag.py:4180} INFO - Setting next_dagrun for extract_raw_data_pipeline to 2025-06-29 07:59:00+00:00, run_after=2025-06-30 07:00:00+00:00
[2025-06-30T03:33:46.496+0000] {processor.py:208} INFO - Processing /opt/airflow/dags/driven_data_pipeline.py took 0.255 seconds
[2025-06-30T03:34:16.675+0000] {processor.py:186} INFO - Started process (PID=1853) to work on /opt/airflow/dags/driven_data_pipeline.py
[2025-06-30T03:34:16.677+0000] {processor.py:914} INFO - Processing file /opt/airflow/dags/driven_data_pipeline.py for tasks to queue
[2025-06-30T03:34:16.683+0000] {logging_mixin.py:190} INFO - [2025-06-30T03:34:16.682+0000] {dagbag.py:588} INFO - Filling up the DagBag from /opt/airflow/dags/driven_data_pipeline.py
[2025-06-30T03:34:16.759+0000] {processor.py:925} INFO - DAG(s) 'extract_raw_data_pipeline' retrieved from /opt/airflow/dags/driven_data_pipeline.py
[2025-06-30T03:34:16.832+0000] {logging_mixin.py:190} INFO - [2025-06-30T03:34:16.831+0000] {dag.py:3239} INFO - Sync 1 DAGs
[2025-06-30T03:34:16.906+0000] {logging_mixin.py:190} INFO - [2025-06-30T03:34:16.906+0000] {dag.py:4180} INFO - Setting next_dagrun for extract_raw_data_pipeline to 2025-06-29 07:59:00+00:00, run_after=2025-06-30 07:00:00+00:00
[2025-06-30T03:34:16.958+0000] {processor.py:208} INFO - Processing /opt/airflow/dags/driven_data_pipeline.py took 0.315 seconds
[2025-06-30T03:34:47.238+0000] {processor.py:186} INFO - Started process (PID=1860) to work on /opt/airflow/dags/driven_data_pipeline.py
[2025-06-30T03:34:47.239+0000] {processor.py:914} INFO - Processing file /opt/airflow/dags/driven_data_pipeline.py for tasks to queue
[2025-06-30T03:34:47.244+0000] {logging_mixin.py:190} INFO - [2025-06-30T03:34:47.244+0000] {dagbag.py:588} INFO - Filling up the DagBag from /opt/airflow/dags/driven_data_pipeline.py
[2025-06-30T03:34:47.299+0000] {processor.py:925} INFO - DAG(s) 'extract_raw_data_pipeline' retrieved from /opt/airflow/dags/driven_data_pipeline.py
[2025-06-30T03:34:47.349+0000] {logging_mixin.py:190} INFO - [2025-06-30T03:34:47.349+0000] {dag.py:3239} INFO - Sync 1 DAGs
[2025-06-30T03:34:47.393+0000] {logging_mixin.py:190} INFO - [2025-06-30T03:34:47.393+0000] {dag.py:4180} INFO - Setting next_dagrun for extract_raw_data_pipeline to 2025-06-29 07:59:00+00:00, run_after=2025-06-30 07:00:00+00:00
[2025-06-30T03:34:47.427+0000] {processor.py:208} INFO - Processing /opt/airflow/dags/driven_data_pipeline.py took 0.201 seconds
[2025-06-30T03:35:17.602+0000] {processor.py:186} INFO - Started process (PID=1867) to work on /opt/airflow/dags/driven_data_pipeline.py
[2025-06-30T03:35:17.605+0000] {processor.py:914} INFO - Processing file /opt/airflow/dags/driven_data_pipeline.py for tasks to queue
[2025-06-30T03:35:17.611+0000] {logging_mixin.py:190} INFO - [2025-06-30T03:35:17.610+0000] {dagbag.py:588} INFO - Filling up the DagBag from /opt/airflow/dags/driven_data_pipeline.py
[2025-06-30T03:35:17.687+0000] {processor.py:925} INFO - DAG(s) 'extract_raw_data_pipeline' retrieved from /opt/airflow/dags/driven_data_pipeline.py
[2025-06-30T03:35:17.751+0000] {logging_mixin.py:190} INFO - [2025-06-30T03:35:17.750+0000] {dag.py:3239} INFO - Sync 1 DAGs
[2025-06-30T03:35:17.898+0000] {logging_mixin.py:190} INFO - [2025-06-30T03:35:17.897+0000] {dag.py:4180} INFO - Setting next_dagrun for extract_raw_data_pipeline to 2025-06-29 07:59:00+00:00, run_after=2025-06-30 07:00:00+00:00
[2025-06-30T03:35:18.041+0000] {processor.py:208} INFO - Processing /opt/airflow/dags/driven_data_pipeline.py took 0.456 seconds
[2025-06-30T03:35:48.282+0000] {processor.py:186} INFO - Started process (PID=1874) to work on /opt/airflow/dags/driven_data_pipeline.py
[2025-06-30T03:35:48.306+0000] {processor.py:914} INFO - Processing file /opt/airflow/dags/driven_data_pipeline.py for tasks to queue
[2025-06-30T03:35:48.377+0000] {logging_mixin.py:190} INFO - [2025-06-30T03:35:48.369+0000] {dagbag.py:588} INFO - Filling up the DagBag from /opt/airflow/dags/driven_data_pipeline.py
[2025-06-30T03:35:49.704+0000] {processor.py:925} INFO - DAG(s) 'extract_raw_data_pipeline' retrieved from /opt/airflow/dags/driven_data_pipeline.py
[2025-06-30T03:35:46.503+0000] {logging_mixin.py:190} INFO - [2025-06-30T03:35:46.502+0000] {dag.py:3239} INFO - Sync 1 DAGs
[2025-06-30T03:35:46.713+0000] {logging_mixin.py:190} INFO - [2025-06-30T03:35:46.712+0000] {dag.py:4180} INFO - Setting next_dagrun for extract_raw_data_pipeline to 2025-06-29 07:59:00+00:00, run_after=2025-06-30 07:00:00+00:00
[2025-06-30T03:35:46.826+0000] {processor.py:208} INFO - Processing /opt/airflow/dags/driven_data_pipeline.py took 1.054 seconds
[2025-06-30T03:36:17.314+0000] {processor.py:186} INFO - Started process (PID=1881) to work on /opt/airflow/dags/driven_data_pipeline.py
[2025-06-30T03:36:17.316+0000] {processor.py:914} INFO - Processing file /opt/airflow/dags/driven_data_pipeline.py for tasks to queue
[2025-06-30T03:36:17.319+0000] {logging_mixin.py:190} INFO - [2025-06-30T03:36:17.319+0000] {dagbag.py:588} INFO - Filling up the DagBag from /opt/airflow/dags/driven_data_pipeline.py
[2025-06-30T03:36:14.025+0000] {processor.py:925} INFO - DAG(s) 'extract_raw_data_pipeline' retrieved from /opt/airflow/dags/driven_data_pipeline.py
[2025-06-30T03:36:14.063+0000] {logging_mixin.py:190} INFO - [2025-06-30T03:36:14.063+0000] {dag.py:3239} INFO - Sync 1 DAGs
[2025-06-30T03:36:14.100+0000] {logging_mixin.py:190} INFO - [2025-06-30T03:36:14.099+0000] {dag.py:4180} INFO - Setting next_dagrun for extract_raw_data_pipeline to 2025-06-29 07:59:00+00:00, run_after=2025-06-30 07:00:00+00:00
[2025-06-30T03:36:14.126+0000] {processor.py:208} INFO - Processing /opt/airflow/dags/driven_data_pipeline.py took 0.164 seconds
[2025-06-30T03:36:44.555+0000] {processor.py:186} INFO - Started process (PID=1888) to work on /opt/airflow/dags/driven_data_pipeline.py
[2025-06-30T03:36:44.557+0000] {processor.py:914} INFO - Processing file /opt/airflow/dags/driven_data_pipeline.py for tasks to queue
[2025-06-30T03:36:44.562+0000] {logging_mixin.py:190} INFO - [2025-06-30T03:36:44.562+0000] {dagbag.py:588} INFO - Filling up the DagBag from /opt/airflow/dags/driven_data_pipeline.py
[2025-06-30T03:36:44.621+0000] {processor.py:925} INFO - DAG(s) 'extract_raw_data_pipeline' retrieved from /opt/airflow/dags/driven_data_pipeline.py
[2025-06-30T03:36:44.671+0000] {logging_mixin.py:190} INFO - [2025-06-30T03:36:44.671+0000] {dag.py:3239} INFO - Sync 1 DAGs
[2025-06-30T03:36:44.721+0000] {logging_mixin.py:190} INFO - [2025-06-30T03:36:44.721+0000] {dag.py:4180} INFO - Setting next_dagrun for extract_raw_data_pipeline to 2025-06-29 07:59:00+00:00, run_after=2025-06-30 07:00:00+00:00
[2025-06-30T03:36:45.227+0000] {processor.py:208} INFO - Processing /opt/airflow/dags/driven_data_pipeline.py took 0.682 seconds
[2025-06-30T03:37:15.547+0000] {processor.py:186} INFO - Started process (PID=1895) to work on /opt/airflow/dags/driven_data_pipeline.py
[2025-06-30T03:37:15.549+0000] {processor.py:914} INFO - Processing file /opt/airflow/dags/driven_data_pipeline.py for tasks to queue
[2025-06-30T03:37:15.553+0000] {logging_mixin.py:190} INFO - [2025-06-30T03:37:15.553+0000] {dagbag.py:588} INFO - Filling up the DagBag from /opt/airflow/dags/driven_data_pipeline.py
[2025-06-30T03:37:15.600+0000] {processor.py:925} INFO - DAG(s) 'extract_raw_data_pipeline' retrieved from /opt/airflow/dags/driven_data_pipeline.py
[2025-06-30T03:37:15.639+0000] {logging_mixin.py:190} INFO - [2025-06-30T03:37:15.638+0000] {dag.py:3239} INFO - Sync 1 DAGs
[2025-06-30T03:37:15.673+0000] {logging_mixin.py:190} INFO - [2025-06-30T03:37:15.673+0000] {dag.py:4180} INFO - Setting next_dagrun for extract_raw_data_pipeline to 2025-06-29 07:59:00+00:00, run_after=2025-06-30 07:00:00+00:00
[2025-06-30T03:37:15.716+0000] {processor.py:208} INFO - Processing /opt/airflow/dags/driven_data_pipeline.py took 0.178 seconds
[2025-06-30T03:37:46.686+0000] {processor.py:186} INFO - Started process (PID=1902) to work on /opt/airflow/dags/driven_data_pipeline.py
[2025-06-30T03:37:46.688+0000] {processor.py:914} INFO - Processing file /opt/airflow/dags/driven_data_pipeline.py for tasks to queue
[2025-06-30T03:37:46.702+0000] {logging_mixin.py:190} INFO - [2025-06-30T03:37:46.701+0000] {dagbag.py:588} INFO - Filling up the DagBag from /opt/airflow/dags/driven_data_pipeline.py
[2025-06-30T03:37:46.774+0000] {processor.py:925} INFO - DAG(s) 'extract_raw_data_pipeline' retrieved from /opt/airflow/dags/driven_data_pipeline.py
[2025-06-30T03:37:46.837+0000] {logging_mixin.py:190} INFO - [2025-06-30T03:37:46.837+0000] {dag.py:3239} INFO - Sync 1 DAGs
[2025-06-30T03:37:46.890+0000] {logging_mixin.py:190} INFO - [2025-06-30T03:37:46.889+0000] {dag.py:4180} INFO - Setting next_dagrun for extract_raw_data_pipeline to 2025-06-29 07:59:00+00:00, run_after=2025-06-30 07:00:00+00:00
[2025-06-30T03:37:46.935+0000] {processor.py:208} INFO - Processing /opt/airflow/dags/driven_data_pipeline.py took 0.264 seconds
[2025-06-30T03:38:17.326+0000] {processor.py:186} INFO - Started process (PID=1909) to work on /opt/airflow/dags/driven_data_pipeline.py
[2025-06-30T03:38:17.328+0000] {processor.py:914} INFO - Processing file /opt/airflow/dags/driven_data_pipeline.py for tasks to queue
[2025-06-30T03:38:17.332+0000] {logging_mixin.py:190} INFO - [2025-06-30T03:38:17.332+0000] {dagbag.py:588} INFO - Filling up the DagBag from /opt/airflow/dags/driven_data_pipeline.py
[2025-06-30T03:38:17.378+0000] {processor.py:925} INFO - DAG(s) 'extract_raw_data_pipeline' retrieved from /opt/airflow/dags/driven_data_pipeline.py
[2025-06-30T03:38:17.427+0000] {logging_mixin.py:190} INFO - [2025-06-30T03:38:17.427+0000] {dag.py:3239} INFO - Sync 1 DAGs
[2025-06-30T03:38:17.460+0000] {logging_mixin.py:190} INFO - [2025-06-30T03:38:17.460+0000] {dag.py:4180} INFO - Setting next_dagrun for extract_raw_data_pipeline to 2025-06-29 07:59:00+00:00, run_after=2025-06-30 07:00:00+00:00
[2025-06-30T03:38:17.497+0000] {processor.py:208} INFO - Processing /opt/airflow/dags/driven_data_pipeline.py took 0.179 seconds
[2025-06-30T03:38:47.836+0000] {processor.py:186} INFO - Started process (PID=1922) to work on /opt/airflow/dags/driven_data_pipeline.py
[2025-06-30T03:38:47.873+0000] {processor.py:914} INFO - Processing file /opt/airflow/dags/driven_data_pipeline.py for tasks to queue
[2025-06-30T03:38:47.878+0000] {logging_mixin.py:190} INFO - [2025-06-30T03:38:47.877+0000] {dagbag.py:588} INFO - Filling up the DagBag from /opt/airflow/dags/driven_data_pipeline.py
[2025-06-30T03:38:47.927+0000] {processor.py:925} INFO - DAG(s) 'extract_raw_data_pipeline' retrieved from /opt/airflow/dags/driven_data_pipeline.py
[2025-06-30T03:38:47.964+0000] {logging_mixin.py:190} INFO - [2025-06-30T03:38:47.964+0000] {dag.py:3239} INFO - Sync 1 DAGs
[2025-06-30T03:38:48.006+0000] {logging_mixin.py:190} INFO - [2025-06-30T03:38:48.006+0000] {dag.py:4180} INFO - Setting next_dagrun for extract_raw_data_pipeline to 2025-06-29 07:59:00+00:00, run_after=2025-06-30 07:00:00+00:00
[2025-06-30T03:38:48.038+0000] {processor.py:208} INFO - Processing /opt/airflow/dags/driven_data_pipeline.py took 0.211 seconds
[2025-06-30T03:39:18.196+0000] {processor.py:186} INFO - Started process (PID=1929) to work on /opt/airflow/dags/driven_data_pipeline.py
[2025-06-30T03:39:18.198+0000] {processor.py:914} INFO - Processing file /opt/airflow/dags/driven_data_pipeline.py for tasks to queue
[2025-06-30T03:39:18.202+0000] {logging_mixin.py:190} INFO - [2025-06-30T03:39:18.202+0000] {dagbag.py:588} INFO - Filling up the DagBag from /opt/airflow/dags/driven_data_pipeline.py
[2025-06-30T03:39:18.247+0000] {processor.py:925} INFO - DAG(s) 'extract_raw_data_pipeline' retrieved from /opt/airflow/dags/driven_data_pipeline.py
[2025-06-30T03:39:18.283+0000] {logging_mixin.py:190} INFO - [2025-06-30T03:39:18.283+0000] {dag.py:3239} INFO - Sync 1 DAGs
[2025-06-30T03:39:18.316+0000] {logging_mixin.py:190} INFO - [2025-06-30T03:39:18.316+0000] {dag.py:4180} INFO - Setting next_dagrun for extract_raw_data_pipeline to 2025-06-29 07:59:00+00:00, run_after=2025-06-30 07:00:00+00:00
[2025-06-30T03:39:18.343+0000] {processor.py:208} INFO - Processing /opt/airflow/dags/driven_data_pipeline.py took 0.156 seconds
[2025-06-30T03:39:48.510+0000] {processor.py:186} INFO - Started process (PID=1936) to work on /opt/airflow/dags/driven_data_pipeline.py
[2025-06-30T03:39:48.511+0000] {processor.py:914} INFO - Processing file /opt/airflow/dags/driven_data_pipeline.py for tasks to queue
[2025-06-30T03:39:48.516+0000] {logging_mixin.py:190} INFO - [2025-06-30T03:39:48.515+0000] {dagbag.py:588} INFO - Filling up the DagBag from /opt/airflow/dags/driven_data_pipeline.py
[2025-06-30T03:39:48.599+0000] {processor.py:925} INFO - DAG(s) 'extract_raw_data_pipeline' retrieved from /opt/airflow/dags/driven_data_pipeline.py
[2025-06-30T03:39:48.657+0000] {logging_mixin.py:190} INFO - [2025-06-30T03:39:48.656+0000] {dag.py:3239} INFO - Sync 1 DAGs
[2025-06-30T03:39:48.704+0000] {logging_mixin.py:190} INFO - [2025-06-30T03:39:48.703+0000] {dag.py:4180} INFO - Setting next_dagrun for extract_raw_data_pipeline to 2025-06-29 07:59:00+00:00, run_after=2025-06-30 07:00:00+00:00
[2025-06-30T03:39:48.737+0000] {processor.py:208} INFO - Processing /opt/airflow/dags/driven_data_pipeline.py took 0.238 seconds
[2025-06-30T03:40:19.111+0000] {processor.py:186} INFO - Started process (PID=1943) to work on /opt/airflow/dags/driven_data_pipeline.py
[2025-06-30T03:40:19.114+0000] {processor.py:914} INFO - Processing file /opt/airflow/dags/driven_data_pipeline.py for tasks to queue
[2025-06-30T03:40:19.123+0000] {logging_mixin.py:190} INFO - [2025-06-30T03:40:19.122+0000] {dagbag.py:588} INFO - Filling up the DagBag from /opt/airflow/dags/driven_data_pipeline.py
[2025-06-30T03:40:19.226+0000] {processor.py:925} INFO - DAG(s) 'extract_raw_data_pipeline' retrieved from /opt/airflow/dags/driven_data_pipeline.py
[2025-06-30T03:40:19.340+0000] {logging_mixin.py:190} INFO - [2025-06-30T03:40:19.339+0000] {dag.py:3239} INFO - Sync 1 DAGs
[2025-06-30T03:40:19.458+0000] {logging_mixin.py:190} INFO - [2025-06-30T03:40:19.457+0000] {dag.py:4180} INFO - Setting next_dagrun for extract_raw_data_pipeline to 2025-06-29 07:59:00+00:00, run_after=2025-06-30 07:00:00+00:00
[2025-06-30T03:40:19.530+0000] {processor.py:208} INFO - Processing /opt/airflow/dags/driven_data_pipeline.py took 0.434 seconds
[2025-06-30T03:40:50.185+0000] {processor.py:186} INFO - Started process (PID=1950) to work on /opt/airflow/dags/driven_data_pipeline.py
[2025-06-30T03:40:50.187+0000] {processor.py:914} INFO - Processing file /opt/airflow/dags/driven_data_pipeline.py for tasks to queue
[2025-06-30T03:40:50.192+0000] {logging_mixin.py:190} INFO - [2025-06-30T03:40:50.191+0000] {dagbag.py:588} INFO - Filling up the DagBag from /opt/airflow/dags/driven_data_pipeline.py
[2025-06-30T03:40:50.255+0000] {processor.py:925} INFO - DAG(s) 'extract_raw_data_pipeline' retrieved from /opt/airflow/dags/driven_data_pipeline.py
[2025-06-30T03:40:50.327+0000] {logging_mixin.py:190} INFO - [2025-06-30T03:40:50.326+0000] {dag.py:3239} INFO - Sync 1 DAGs
[2025-06-30T03:40:50.379+0000] {logging_mixin.py:190} INFO - [2025-06-30T03:40:50.379+0000] {dag.py:4180} INFO - Setting next_dagrun for extract_raw_data_pipeline to 2025-06-29 07:59:00+00:00, run_after=2025-06-30 07:00:00+00:00
[2025-06-30T03:40:50.419+0000] {processor.py:208} INFO - Processing /opt/airflow/dags/driven_data_pipeline.py took 0.246 seconds
[2025-06-30T03:41:20.640+0000] {processor.py:186} INFO - Started process (PID=1957) to work on /opt/airflow/dags/driven_data_pipeline.py
[2025-06-30T03:41:20.642+0000] {processor.py:914} INFO - Processing file /opt/airflow/dags/driven_data_pipeline.py for tasks to queue
[2025-06-30T03:41:20.650+0000] {logging_mixin.py:190} INFO - [2025-06-30T03:41:20.649+0000] {dagbag.py:588} INFO - Filling up the DagBag from /opt/airflow/dags/driven_data_pipeline.py
[2025-06-30T03:41:20.715+0000] {processor.py:925} INFO - DAG(s) 'extract_raw_data_pipeline' retrieved from /opt/airflow/dags/driven_data_pipeline.py
[2025-06-30T03:41:20.763+0000] {logging_mixin.py:190} INFO - [2025-06-30T03:41:20.763+0000] {dag.py:3239} INFO - Sync 1 DAGs
[2025-06-30T03:41:20.804+0000] {logging_mixin.py:190} INFO - [2025-06-30T03:41:20.804+0000] {dag.py:4180} INFO - Setting next_dagrun for extract_raw_data_pipeline to 2025-06-29 07:59:00+00:00, run_after=2025-06-30 07:00:00+00:00
[2025-06-30T03:41:20.837+0000] {processor.py:208} INFO - Processing /opt/airflow/dags/driven_data_pipeline.py took 0.209 seconds
[2025-06-30T03:41:51.702+0000] {processor.py:186} INFO - Started process (PID=1964) to work on /opt/airflow/dags/driven_data_pipeline.py
[2025-06-30T03:41:51.704+0000] {processor.py:914} INFO - Processing file /opt/airflow/dags/driven_data_pipeline.py for tasks to queue
[2025-06-30T03:41:51.708+0000] {logging_mixin.py:190} INFO - [2025-06-30T03:41:51.707+0000] {dagbag.py:588} INFO - Filling up the DagBag from /opt/airflow/dags/driven_data_pipeline.py
[2025-06-30T03:41:51.752+0000] {processor.py:925} INFO - DAG(s) 'extract_raw_data_pipeline' retrieved from /opt/airflow/dags/driven_data_pipeline.py
[2025-06-30T03:41:51.790+0000] {logging_mixin.py:190} INFO - [2025-06-30T03:41:51.790+0000] {dag.py:3239} INFO - Sync 1 DAGs
[2025-06-30T03:41:51.828+0000] {logging_mixin.py:190} INFO - [2025-06-30T03:41:51.828+0000] {dag.py:4180} INFO - Setting next_dagrun for extract_raw_data_pipeline to 2025-06-29 07:59:00+00:00, run_after=2025-06-30 07:00:00+00:00
[2025-06-30T03:41:51.858+0000] {processor.py:208} INFO - Processing /opt/airflow/dags/driven_data_pipeline.py took 0.165 seconds
[2025-06-30T03:42:22.090+0000] {processor.py:186} INFO - Started process (PID=1971) to work on /opt/airflow/dags/driven_data_pipeline.py
[2025-06-30T03:42:22.093+0000] {processor.py:914} INFO - Processing file /opt/airflow/dags/driven_data_pipeline.py for tasks to queue
[2025-06-30T03:42:22.099+0000] {logging_mixin.py:190} INFO - [2025-06-30T03:42:22.099+0000] {dagbag.py:588} INFO - Filling up the DagBag from /opt/airflow/dags/driven_data_pipeline.py
[2025-06-30T03:42:22.149+0000] {processor.py:925} INFO - DAG(s) 'extract_raw_data_pipeline' retrieved from /opt/airflow/dags/driven_data_pipeline.py
[2025-06-30T03:42:22.191+0000] {logging_mixin.py:190} INFO - [2025-06-30T03:42:22.191+0000] {dag.py:3239} INFO - Sync 1 DAGs
[2025-06-30T03:42:22.232+0000] {logging_mixin.py:190} INFO - [2025-06-30T03:42:22.232+0000] {dag.py:4180} INFO - Setting next_dagrun for extract_raw_data_pipeline to 2025-06-29 07:59:00+00:00, run_after=2025-06-30 07:00:00+00:00
[2025-06-30T03:42:22.262+0000] {processor.py:208} INFO - Processing /opt/airflow/dags/driven_data_pipeline.py took 0.183 seconds
[2025-06-30T03:42:52.460+0000] {processor.py:186} INFO - Started process (PID=1978) to work on /opt/airflow/dags/driven_data_pipeline.py
[2025-06-30T03:42:52.462+0000] {processor.py:914} INFO - Processing file /opt/airflow/dags/driven_data_pipeline.py for tasks to queue
[2025-06-30T03:42:52.467+0000] {logging_mixin.py:190} INFO - [2025-06-30T03:42:52.466+0000] {dagbag.py:588} INFO - Filling up the DagBag from /opt/airflow/dags/driven_data_pipeline.py
[2025-06-30T03:42:52.514+0000] {processor.py:925} INFO - DAG(s) 'extract_raw_data_pipeline' retrieved from /opt/airflow/dags/driven_data_pipeline.py
[2025-06-30T03:42:52.550+0000] {logging_mixin.py:190} INFO - [2025-06-30T03:42:52.550+0000] {dag.py:3239} INFO - Sync 1 DAGs
[2025-06-30T03:42:52.584+0000] {logging_mixin.py:190} INFO - [2025-06-30T03:42:52.584+0000] {dag.py:4180} INFO - Setting next_dagrun for extract_raw_data_pipeline to 2025-06-29 07:59:00+00:00, run_after=2025-06-30 07:00:00+00:00
[2025-06-30T03:42:52.612+0000] {processor.py:208} INFO - Processing /opt/airflow/dags/driven_data_pipeline.py took 0.162 seconds
[2025-06-30T03:43:22.710+0000] {processor.py:186} INFO - Started process (PID=1985) to work on /opt/airflow/dags/driven_data_pipeline.py
[2025-06-30T03:43:22.712+0000] {processor.py:914} INFO - Processing file /opt/airflow/dags/driven_data_pipeline.py for tasks to queue
[2025-06-30T03:43:22.717+0000] {logging_mixin.py:190} INFO - [2025-06-30T03:43:22.716+0000] {dagbag.py:588} INFO - Filling up the DagBag from /opt/airflow/dags/driven_data_pipeline.py
[2025-06-30T03:43:22.768+0000] {processor.py:925} INFO - DAG(s) 'extract_raw_data_pipeline' retrieved from /opt/airflow/dags/driven_data_pipeline.py
[2025-06-30T03:43:22.837+0000] {logging_mixin.py:190} INFO - [2025-06-30T03:43:22.836+0000] {dag.py:3239} INFO - Sync 1 DAGs
[2025-06-30T03:43:22.880+0000] {logging_mixin.py:190} INFO - [2025-06-30T03:43:22.879+0000] {dag.py:4180} INFO - Setting next_dagrun for extract_raw_data_pipeline to 2025-06-29 07:59:00+00:00, run_after=2025-06-30 07:00:00+00:00
[2025-06-30T03:43:22.910+0000] {processor.py:208} INFO - Processing /opt/airflow/dags/driven_data_pipeline.py took 0.212 seconds
[2025-06-30T03:43:53.066+0000] {processor.py:186} INFO - Started process (PID=1998) to work on /opt/airflow/dags/driven_data_pipeline.py
[2025-06-30T03:43:53.068+0000] {processor.py:914} INFO - Processing file /opt/airflow/dags/driven_data_pipeline.py for tasks to queue
[2025-06-30T03:43:53.071+0000] {logging_mixin.py:190} INFO - [2025-06-30T03:43:53.070+0000] {dagbag.py:588} INFO - Filling up the DagBag from /opt/airflow/dags/driven_data_pipeline.py
[2025-06-30T03:43:53.113+0000] {processor.py:925} INFO - DAG(s) 'extract_raw_data_pipeline' retrieved from /opt/airflow/dags/driven_data_pipeline.py
[2025-06-30T03:43:53.155+0000] {logging_mixin.py:190} INFO - [2025-06-30T03:43:53.154+0000] {dag.py:3239} INFO - Sync 1 DAGs
[2025-06-30T03:43:53.189+0000] {logging_mixin.py:190} INFO - [2025-06-30T03:43:53.189+0000] {dag.py:4180} INFO - Setting next_dagrun for extract_raw_data_pipeline to 2025-06-29 07:59:00+00:00, run_after=2025-06-30 07:00:00+00:00
[2025-06-30T03:43:53.216+0000] {processor.py:208} INFO - Processing /opt/airflow/dags/driven_data_pipeline.py took 0.157 seconds
[2025-06-30T03:44:23.316+0000] {processor.py:186} INFO - Started process (PID=2005) to work on /opt/airflow/dags/driven_data_pipeline.py
[2025-06-30T03:44:23.318+0000] {processor.py:914} INFO - Processing file /opt/airflow/dags/driven_data_pipeline.py for tasks to queue
[2025-06-30T03:44:23.322+0000] {logging_mixin.py:190} INFO - [2025-06-30T03:44:23.322+0000] {dagbag.py:588} INFO - Filling up the DagBag from /opt/airflow/dags/driven_data_pipeline.py
[2025-06-30T03:44:23.376+0000] {processor.py:925} INFO - DAG(s) 'extract_raw_data_pipeline' retrieved from /opt/airflow/dags/driven_data_pipeline.py
[2025-06-30T03:44:23.420+0000] {logging_mixin.py:190} INFO - [2025-06-30T03:44:23.419+0000] {dag.py:3239} INFO - Sync 1 DAGs
[2025-06-30T03:44:23.458+0000] {logging_mixin.py:190} INFO - [2025-06-30T03:44:23.458+0000] {dag.py:4180} INFO - Setting next_dagrun for extract_raw_data_pipeline to 2025-06-29 07:59:00+00:00, run_after=2025-06-30 07:00:00+00:00
[2025-06-30T03:44:23.491+0000] {processor.py:208} INFO - Processing /opt/airflow/dags/driven_data_pipeline.py took 0.184 seconds
[2025-06-30T03:44:53.677+0000] {processor.py:186} INFO - Started process (PID=2012) to work on /opt/airflow/dags/driven_data_pipeline.py
[2025-06-30T03:44:53.678+0000] {processor.py:914} INFO - Processing file /opt/airflow/dags/driven_data_pipeline.py for tasks to queue
[2025-06-30T03:44:53.682+0000] {logging_mixin.py:190} INFO - [2025-06-30T03:44:53.681+0000] {dagbag.py:588} INFO - Filling up the DagBag from /opt/airflow/dags/driven_data_pipeline.py
[2025-06-30T03:44:53.725+0000] {processor.py:925} INFO - DAG(s) 'extract_raw_data_pipeline' retrieved from /opt/airflow/dags/driven_data_pipeline.py
[2025-06-30T03:44:53.762+0000] {logging_mixin.py:190} INFO - [2025-06-30T03:44:53.761+0000] {dag.py:3239} INFO - Sync 1 DAGs
[2025-06-30T03:44:53.805+0000] {logging_mixin.py:190} INFO - [2025-06-30T03:44:53.804+0000] {dag.py:4180} INFO - Setting next_dagrun for extract_raw_data_pipeline to 2025-06-29 07:59:00+00:00, run_after=2025-06-30 07:00:00+00:00
[2025-06-30T03:44:53.841+0000] {processor.py:208} INFO - Processing /opt/airflow/dags/driven_data_pipeline.py took 0.174 seconds
[2025-06-30T06:46:49.671+0000] {processor.py:186} INFO - Started process (PID=2019) to work on /opt/airflow/dags/driven_data_pipeline.py
[2025-06-30T06:46:49.676+0000] {processor.py:914} INFO - Processing file /opt/airflow/dags/driven_data_pipeline.py for tasks to queue
[2025-06-30T06:46:49.716+0000] {logging_mixin.py:190} INFO - [2025-06-30T06:46:49.713+0000] {dagbag.py:588} INFO - Filling up the DagBag from /opt/airflow/dags/driven_data_pipeline.py
[2025-06-30T06:46:50.333+0000] {processor.py:925} INFO - DAG(s) 'extract_raw_data_pipeline' retrieved from /opt/airflow/dags/driven_data_pipeline.py
[2025-06-30T06:46:50.536+0000] {logging_mixin.py:190} INFO - [2025-06-30T06:46:50.535+0000] {dag.py:3239} INFO - Sync 1 DAGs
[2025-06-30T06:46:50.713+0000] {logging_mixin.py:190} INFO - [2025-06-30T06:46:50.712+0000] {dag.py:4180} INFO - Setting next_dagrun for extract_raw_data_pipeline to 2025-06-29 07:59:00+00:00, run_after=2025-06-30 07:00:00+00:00
[2025-06-30T06:46:50.810+0000] {processor.py:208} INFO - Processing /opt/airflow/dags/driven_data_pipeline.py took 1.172 seconds
[2025-06-30T06:47:21.149+0000] {processor.py:186} INFO - Started process (PID=2026) to work on /opt/airflow/dags/driven_data_pipeline.py
[2025-06-30T06:47:21.151+0000] {processor.py:914} INFO - Processing file /opt/airflow/dags/driven_data_pipeline.py for tasks to queue
[2025-06-30T06:47:21.157+0000] {logging_mixin.py:190} INFO - [2025-06-30T06:47:21.156+0000] {dagbag.py:588} INFO - Filling up the DagBag from /opt/airflow/dags/driven_data_pipeline.py
[2025-06-30T06:47:21.216+0000] {processor.py:925} INFO - DAG(s) 'extract_raw_data_pipeline' retrieved from /opt/airflow/dags/driven_data_pipeline.py
[2025-06-30T06:47:21.321+0000] {logging_mixin.py:190} INFO - [2025-06-30T06:47:21.320+0000] {dag.py:3239} INFO - Sync 1 DAGs
[2025-06-30T06:47:21.369+0000] {logging_mixin.py:190} INFO - [2025-06-30T06:47:21.368+0000] {dag.py:4180} INFO - Setting next_dagrun for extract_raw_data_pipeline to 2025-06-29 07:59:00+00:00, run_after=2025-06-30 07:00:00+00:00
[2025-06-30T06:47:21.420+0000] {processor.py:208} INFO - Processing /opt/airflow/dags/driven_data_pipeline.py took 0.284 seconds
[2025-06-30T06:47:51.748+0000] {processor.py:186} INFO - Started process (PID=2034) to work on /opt/airflow/dags/driven_data_pipeline.py
[2025-06-30T06:47:51.750+0000] {processor.py:914} INFO - Processing file /opt/airflow/dags/driven_data_pipeline.py for tasks to queue
[2025-06-30T06:47:51.754+0000] {logging_mixin.py:190} INFO - [2025-06-30T06:47:51.753+0000] {dagbag.py:588} INFO - Filling up the DagBag from /opt/airflow/dags/driven_data_pipeline.py
[2025-06-30T06:47:51.804+0000] {processor.py:925} INFO - DAG(s) 'extract_raw_data_pipeline' retrieved from /opt/airflow/dags/driven_data_pipeline.py
[2025-06-30T06:47:51.846+0000] {logging_mixin.py:190} INFO - [2025-06-30T06:47:51.846+0000] {dag.py:3239} INFO - Sync 1 DAGs
[2025-06-30T06:47:51.891+0000] {logging_mixin.py:190} INFO - [2025-06-30T06:47:51.891+0000] {dag.py:4180} INFO - Setting next_dagrun for extract_raw_data_pipeline to 2025-06-29 07:59:00+00:00, run_after=2025-06-30 07:00:00+00:00
[2025-06-30T06:47:51.921+0000] {processor.py:208} INFO - Processing /opt/airflow/dags/driven_data_pipeline.py took 0.182 seconds
[2025-06-30T06:48:22.093+0000] {processor.py:186} INFO - Started process (PID=2041) to work on /opt/airflow/dags/driven_data_pipeline.py
[2025-06-30T06:48:22.094+0000] {processor.py:914} INFO - Processing file /opt/airflow/dags/driven_data_pipeline.py for tasks to queue
[2025-06-30T06:48:22.098+0000] {logging_mixin.py:190} INFO - [2025-06-30T06:48:22.097+0000] {dagbag.py:588} INFO - Filling up the DagBag from /opt/airflow/dags/driven_data_pipeline.py
[2025-06-30T06:48:22.142+0000] {processor.py:925} INFO - DAG(s) 'extract_raw_data_pipeline' retrieved from /opt/airflow/dags/driven_data_pipeline.py
[2025-06-30T06:48:22.179+0000] {logging_mixin.py:190} INFO - [2025-06-30T06:48:22.178+0000] {dag.py:3239} INFO - Sync 1 DAGs
[2025-06-30T06:48:22.210+0000] {logging_mixin.py:190} INFO - [2025-06-30T06:48:22.210+0000] {dag.py:4180} INFO - Setting next_dagrun for extract_raw_data_pipeline to 2025-06-29 07:59:00+00:00, run_after=2025-06-30 07:00:00+00:00
[2025-06-30T06:48:22.238+0000] {processor.py:208} INFO - Processing /opt/airflow/dags/driven_data_pipeline.py took 0.153 seconds
[2025-06-30T06:48:53.190+0000] {processor.py:186} INFO - Started process (PID=2048) to work on /opt/airflow/dags/driven_data_pipeline.py
[2025-06-30T06:48:53.191+0000] {processor.py:914} INFO - Processing file /opt/airflow/dags/driven_data_pipeline.py for tasks to queue
[2025-06-30T06:48:53.194+0000] {logging_mixin.py:190} INFO - [2025-06-30T06:48:53.194+0000] {dagbag.py:588} INFO - Filling up the DagBag from /opt/airflow/dags/driven_data_pipeline.py
[2025-06-30T06:48:53.247+0000] {processor.py:925} INFO - DAG(s) 'extract_raw_data_pipeline' retrieved from /opt/airflow/dags/driven_data_pipeline.py
[2025-06-30T06:48:53.324+0000] {logging_mixin.py:190} INFO - [2025-06-30T06:48:53.323+0000] {dag.py:3239} INFO - Sync 1 DAGs
[2025-06-30T06:48:53.386+0000] {logging_mixin.py:190} INFO - [2025-06-30T06:48:53.385+0000] {dag.py:4180} INFO - Setting next_dagrun for extract_raw_data_pipeline to 2025-06-29 07:59:00+00:00, run_after=2025-06-30 07:00:00+00:00
[2025-06-30T06:48:53.438+0000] {processor.py:208} INFO - Processing /opt/airflow/dags/driven_data_pipeline.py took 0.254 seconds
[2025-06-30T09:50:31.745+0000] {processor.py:186} INFO - Started process (PID=2049) to work on /opt/airflow/dags/driven_data_pipeline.py
[2025-06-30T09:50:31.755+0000] {processor.py:914} INFO - Processing file /opt/airflow/dags/driven_data_pipeline.py for tasks to queue
[2025-06-30T09:50:31.793+0000] {logging_mixin.py:190} INFO - [2025-06-30T09:50:31.792+0000] {dagbag.py:588} INFO - Filling up the DagBag from /opt/airflow/dags/driven_data_pipeline.py
[2025-06-30T09:50:32.664+0000] {processor.py:925} INFO - DAG(s) 'extract_raw_data_pipeline' retrieved from /opt/airflow/dags/driven_data_pipeline.py
[2025-06-30T09:50:32.872+0000] {logging_mixin.py:190} INFO - [2025-06-30T09:50:32.871+0000] {dag.py:3239} INFO - Sync 1 DAGs
[2025-06-30T09:50:33.123+0000] {logging_mixin.py:190} INFO - [2025-06-30T09:50:33.123+0000] {dag.py:4180} INFO - Setting next_dagrun for extract_raw_data_pipeline to 2025-06-30 07:59:00+00:00, run_after=2025-07-01 07:00:00+00:00
[2025-06-30T09:50:33.273+0000] {processor.py:208} INFO - Processing /opt/airflow/dags/driven_data_pipeline.py took 1.571 seconds
[2025-06-30T09:51:04.268+0000] {processor.py:186} INFO - Started process (PID=2072) to work on /opt/airflow/dags/driven_data_pipeline.py
[2025-06-30T09:51:04.844+0000] {processor.py:914} INFO - Processing file /opt/airflow/dags/driven_data_pipeline.py for tasks to queue
[2025-06-30T09:51:05.029+0000] {logging_mixin.py:190} INFO - [2025-06-30T09:51:05.028+0000] {dagbag.py:588} INFO - Filling up the DagBag from /opt/airflow/dags/driven_data_pipeline.py
[2025-06-30T09:51:08.330+0000] {processor.py:925} INFO - DAG(s) 'extract_raw_data_pipeline' retrieved from /opt/airflow/dags/driven_data_pipeline.py
[2025-06-30T09:51:08.591+0000] {logging_mixin.py:190} INFO - [2025-06-30T09:51:08.590+0000] {dag.py:3239} INFO - Sync 1 DAGs
[2025-06-30T09:51:08.669+0000] {logging_mixin.py:190} INFO - [2025-06-30T09:51:08.668+0000] {dag.py:4180} INFO - Setting next_dagrun for extract_raw_data_pipeline to 2025-06-30 07:59:00+00:00, run_after=2025-07-01 07:00:00+00:00
[2025-06-30T09:51:08.731+0000] {processor.py:208} INFO - Processing /opt/airflow/dags/driven_data_pipeline.py took 4.616 seconds
[2025-06-30T09:51:39.358+0000] {processor.py:186} INFO - Started process (PID=2079) to work on /opt/airflow/dags/driven_data_pipeline.py
[2025-06-30T09:51:39.359+0000] {processor.py:914} INFO - Processing file /opt/airflow/dags/driven_data_pipeline.py for tasks to queue
[2025-06-30T09:51:39.363+0000] {logging_mixin.py:190} INFO - [2025-06-30T09:51:39.362+0000] {dagbag.py:588} INFO - Filling up the DagBag from /opt/airflow/dags/driven_data_pipeline.py
[2025-06-30T09:51:39.413+0000] {processor.py:925} INFO - DAG(s) 'extract_raw_data_pipeline' retrieved from /opt/airflow/dags/driven_data_pipeline.py
[2025-06-30T09:51:39.453+0000] {logging_mixin.py:190} INFO - [2025-06-30T09:51:39.453+0000] {dag.py:3239} INFO - Sync 1 DAGs
[2025-06-30T09:51:39.498+0000] {logging_mixin.py:190} INFO - [2025-06-30T09:51:39.498+0000] {dag.py:4180} INFO - Setting next_dagrun for extract_raw_data_pipeline to 2025-06-30 07:59:00+00:00, run_after=2025-07-01 07:00:00+00:00
[2025-06-30T09:51:40.165+0000] {processor.py:208} INFO - Processing /opt/airflow/dags/driven_data_pipeline.py took 0.815 seconds
[2025-06-30T09:52:10.374+0000] {processor.py:186} INFO - Started process (PID=2086) to work on /opt/airflow/dags/driven_data_pipeline.py
[2025-06-30T09:52:10.375+0000] {processor.py:914} INFO - Processing file /opt/airflow/dags/driven_data_pipeline.py for tasks to queue
[2025-06-30T09:52:10.378+0000] {logging_mixin.py:190} INFO - [2025-06-30T09:52:10.378+0000] {dagbag.py:588} INFO - Filling up the DagBag from /opt/airflow/dags/driven_data_pipeline.py
[2025-06-30T09:52:10.413+0000] {processor.py:925} INFO - DAG(s) 'extract_raw_data_pipeline' retrieved from /opt/airflow/dags/driven_data_pipeline.py
[2025-06-30T09:52:10.443+0000] {logging_mixin.py:190} INFO - [2025-06-30T09:52:10.443+0000] {dag.py:3239} INFO - Sync 1 DAGs
[2025-06-30T09:52:10.470+0000] {logging_mixin.py:190} INFO - [2025-06-30T09:52:10.469+0000] {dag.py:4180} INFO - Setting next_dagrun for extract_raw_data_pipeline to 2025-06-30 07:59:00+00:00, run_after=2025-07-01 07:00:00+00:00
[2025-06-30T09:52:10.503+0000] {processor.py:208} INFO - Processing /opt/airflow/dags/driven_data_pipeline.py took 0.137 seconds
[2025-06-30T09:52:40.749+0000] {processor.py:186} INFO - Started process (PID=2093) to work on /opt/airflow/dags/driven_data_pipeline.py
[2025-06-30T09:52:40.750+0000] {processor.py:914} INFO - Processing file /opt/airflow/dags/driven_data_pipeline.py for tasks to queue
[2025-06-30T09:52:40.753+0000] {logging_mixin.py:190} INFO - [2025-06-30T09:52:40.753+0000] {dagbag.py:588} INFO - Filling up the DagBag from /opt/airflow/dags/driven_data_pipeline.py
[2025-06-30T09:52:40.794+0000] {processor.py:925} INFO - DAG(s) 'extract_raw_data_pipeline' retrieved from /opt/airflow/dags/driven_data_pipeline.py
[2025-06-30T09:52:40.828+0000] {logging_mixin.py:190} INFO - [2025-06-30T09:52:40.827+0000] {dag.py:3239} INFO - Sync 1 DAGs
[2025-06-30T09:52:40.860+0000] {logging_mixin.py:190} INFO - [2025-06-30T09:52:40.859+0000] {dag.py:4180} INFO - Setting next_dagrun for extract_raw_data_pipeline to 2025-06-30 07:59:00+00:00, run_after=2025-07-01 07:00:00+00:00
[2025-06-30T09:52:40.884+0000] {processor.py:208} INFO - Processing /opt/airflow/dags/driven_data_pipeline.py took 0.143 seconds
[2025-06-30T12:54:27.670+0000] {processor.py:186} INFO - Started process (PID=2100) to work on /opt/airflow/dags/driven_data_pipeline.py
[2025-06-30T12:54:27.678+0000] {processor.py:914} INFO - Processing file /opt/airflow/dags/driven_data_pipeline.py for tasks to queue
[2025-06-30T12:54:27.691+0000] {logging_mixin.py:190} INFO - [2025-06-30T12:54:27.685+0000] {dagbag.py:588} INFO - Filling up the DagBag from /opt/airflow/dags/driven_data_pipeline.py
[2025-06-30T12:54:27.839+0000] {processor.py:925} INFO - DAG(s) 'extract_raw_data_pipeline' retrieved from /opt/airflow/dags/driven_data_pipeline.py
[2025-06-30T12:54:28.771+0000] {logging_mixin.py:190} INFO - [2025-06-30T12:54:28.770+0000] {dag.py:3239} INFO - Sync 1 DAGs
[2025-06-30T12:54:28.974+0000] {logging_mixin.py:190} INFO - [2025-06-30T12:54:28.973+0000] {dag.py:4180} INFO - Setting next_dagrun for extract_raw_data_pipeline to 2025-06-30 07:59:00+00:00, run_after=2025-07-01 07:00:00+00:00
[2025-06-30T12:54:29.159+0000] {processor.py:208} INFO - Processing /opt/airflow/dags/driven_data_pipeline.py took 1.532 seconds
