[2025-07-05T21:35:12.721+0000] {processor.py:186} INFO - Started process (PID=64) to work on /opt/airflow/dags/driven_data_pipeline.py
[2025-07-05T21:35:12.734+0000] {processor.py:914} INFO - Processing file /opt/airflow/dags/driven_data_pipeline.py for tasks to queue
[2025-07-05T21:35:12.761+0000] {logging_mixin.py:190} INFO - [2025-07-05T21:35:12.757+0000] {dagbag.py:588} INFO - Filling up the DagBag from /opt/airflow/dags/driven_data_pipeline.py
[2025-07-05T21:35:19.054+0000] {processor.py:925} INFO - DAG(s) 'extract_raw_data_pipeline' retrieved from /opt/airflow/dags/driven_data_pipeline.py
[2025-07-05T21:35:19.596+0000] {logging_mixin.py:190} INFO - [2025-07-05T21:35:19.595+0000] {dag.py:3239} INFO - Sync 1 DAGs
[2025-07-05T21:35:20.039+0000] {logging_mixin.py:190} INFO - [2025-07-05T21:35:20.035+0000] {dag.py:4180} INFO - Setting next_dagrun for extract_raw_data_pipeline to 2025-07-05 07:59:00+00:00, run_after=2025-07-06 07:00:00+00:00
[2025-07-05T21:35:20.268+0000] {processor.py:208} INFO - Processing /opt/airflow/dags/driven_data_pipeline.py took 7.610 seconds
[2025-07-05T21:35:56.021+0000] {processor.py:186} INFO - Started process (PID=94) to work on /opt/airflow/dags/driven_data_pipeline.py
[2025-07-05T21:35:56.371+0000] {processor.py:914} INFO - Processing file /opt/airflow/dags/driven_data_pipeline.py for tasks to queue
[2025-07-05T21:36:00.510+0000] {logging_mixin.py:190} INFO - [2025-07-05T21:36:00.483+0000] {dagbag.py:588} INFO - Filling up the DagBag from /opt/airflow/dags/driven_data_pipeline.py
[2025-07-05T21:36:00.915+0000] {processor.py:925} INFO - DAG(s) 'extract_raw_data_pipeline' retrieved from /opt/airflow/dags/driven_data_pipeline.py
[2025-07-05T21:36:01.194+0000] {logging_mixin.py:190} INFO - [2025-07-05T21:36:01.193+0000] {dag.py:3239} INFO - Sync 1 DAGs
[2025-07-05T21:36:01.262+0000] {logging_mixin.py:190} INFO - [2025-07-05T21:36:01.261+0000] {dag.py:4180} INFO - Setting next_dagrun for extract_raw_data_pipeline to 2025-07-05 07:59:00+00:00, run_after=2025-07-06 07:00:00+00:00
[2025-07-05T21:36:01.344+0000] {processor.py:208} INFO - Processing /opt/airflow/dags/driven_data_pipeline.py took 8.750 seconds
[2025-07-05T21:36:32.001+0000] {processor.py:186} INFO - Started process (PID=103) to work on /opt/airflow/dags/driven_data_pipeline.py
[2025-07-05T21:36:32.002+0000] {processor.py:914} INFO - Processing file /opt/airflow/dags/driven_data_pipeline.py for tasks to queue
[2025-07-05T21:36:32.006+0000] {logging_mixin.py:190} INFO - [2025-07-05T21:36:32.005+0000] {dagbag.py:588} INFO - Filling up the DagBag from /opt/airflow/dags/driven_data_pipeline.py
[2025-07-05T21:36:29.979+0000] {processor.py:925} INFO - DAG(s) 'extract_raw_data_pipeline' retrieved from /opt/airflow/dags/driven_data_pipeline.py
[2025-07-05T21:36:30.006+0000] {logging_mixin.py:190} INFO - [2025-07-05T21:36:30.006+0000] {dag.py:3239} INFO - Sync 1 DAGs
[2025-07-05T21:36:30.031+0000] {logging_mixin.py:190} INFO - [2025-07-05T21:36:30.031+0000] {dag.py:4180} INFO - Setting next_dagrun for extract_raw_data_pipeline to 2025-07-05 07:59:00+00:00, run_after=2025-07-06 07:00:00+00:00
[2025-07-05T21:36:32.568+0000] {processor.py:208} INFO - Processing /opt/airflow/dags/driven_data_pipeline.py took 2.981 seconds
[2025-07-05T21:37:02.905+0000] {processor.py:186} INFO - Started process (PID=112) to work on /opt/airflow/dags/driven_data_pipeline.py
[2025-07-05T21:37:02.907+0000] {processor.py:914} INFO - Processing file /opt/airflow/dags/driven_data_pipeline.py for tasks to queue
[2025-07-05T21:37:02.912+0000] {logging_mixin.py:190} INFO - [2025-07-05T21:37:02.911+0000] {dagbag.py:588} INFO - Filling up the DagBag from /opt/airflow/dags/driven_data_pipeline.py
[2025-07-05T21:37:03.334+0000] {processor.py:925} INFO - DAG(s) 'extract_raw_data_pipeline' retrieved from /opt/airflow/dags/driven_data_pipeline.py
[2025-07-05T21:37:03.361+0000] {logging_mixin.py:190} INFO - [2025-07-05T21:37:03.361+0000] {dag.py:3239} INFO - Sync 1 DAGs
[2025-07-05T21:37:03.391+0000] {logging_mixin.py:190} INFO - [2025-07-05T21:37:03.391+0000] {dag.py:4180} INFO - Setting next_dagrun for extract_raw_data_pipeline to 2025-07-05 07:59:00+00:00, run_after=2025-07-06 07:00:00+00:00
[2025-07-05T21:37:03.428+0000] {processor.py:208} INFO - Processing /opt/airflow/dags/driven_data_pipeline.py took 0.534 seconds
[2025-07-05T21:37:33.674+0000] {processor.py:186} INFO - Started process (PID=126) to work on /opt/airflow/dags/driven_data_pipeline.py
[2025-07-05T21:37:33.676+0000] {processor.py:914} INFO - Processing file /opt/airflow/dags/driven_data_pipeline.py for tasks to queue
[2025-07-05T21:37:33.681+0000] {logging_mixin.py:190} INFO - [2025-07-05T21:37:33.680+0000] {dagbag.py:588} INFO - Filling up the DagBag from /opt/airflow/dags/driven_data_pipeline.py
[2025-07-05T21:37:34.210+0000] {processor.py:925} INFO - DAG(s) 'extract_raw_data_pipeline' retrieved from /opt/airflow/dags/driven_data_pipeline.py
[2025-07-05T21:37:34.238+0000] {logging_mixin.py:190} INFO - [2025-07-05T21:37:34.237+0000] {dag.py:3239} INFO - Sync 1 DAGs
[2025-07-05T21:37:34.263+0000] {logging_mixin.py:190} INFO - [2025-07-05T21:37:34.262+0000] {dag.py:4180} INFO - Setting next_dagrun for extract_raw_data_pipeline to 2025-07-05 07:59:00+00:00, run_after=2025-07-06 07:00:00+00:00
[2025-07-05T21:37:34.317+0000] {processor.py:208} INFO - Processing /opt/airflow/dags/driven_data_pipeline.py took 0.652 seconds
[2025-07-05T21:38:04.691+0000] {processor.py:186} INFO - Started process (PID=134) to work on /opt/airflow/dags/driven_data_pipeline.py
[2025-07-05T21:38:04.695+0000] {processor.py:914} INFO - Processing file /opt/airflow/dags/driven_data_pipeline.py for tasks to queue
[2025-07-05T21:38:04.701+0000] {logging_mixin.py:190} INFO - [2025-07-05T21:38:04.701+0000] {dagbag.py:588} INFO - Filling up the DagBag from /opt/airflow/dags/driven_data_pipeline.py
[2025-07-05T21:38:08.807+0000] {processor.py:925} INFO - DAG(s) 'extract_raw_data_pipeline' retrieved from /opt/airflow/dags/driven_data_pipeline.py
[2025-07-05T21:38:08.839+0000] {logging_mixin.py:190} INFO - [2025-07-05T21:38:08.838+0000] {dag.py:3239} INFO - Sync 1 DAGs
[2025-07-05T21:38:08.866+0000] {logging_mixin.py:190} INFO - [2025-07-05T21:38:08.866+0000] {dag.py:4180} INFO - Setting next_dagrun for extract_raw_data_pipeline to 2025-07-05 07:59:00+00:00, run_after=2025-07-06 07:00:00+00:00
[2025-07-05T21:38:08.890+0000] {processor.py:208} INFO - Processing /opt/airflow/dags/driven_data_pipeline.py took 4.219 seconds
[2025-07-05T21:38:39.194+0000] {processor.py:186} INFO - Started process (PID=142) to work on /opt/airflow/dags/driven_data_pipeline.py
[2025-07-05T21:38:39.196+0000] {processor.py:914} INFO - Processing file /opt/airflow/dags/driven_data_pipeline.py for tasks to queue
[2025-07-05T21:38:39.201+0000] {logging_mixin.py:190} INFO - [2025-07-05T21:38:39.200+0000] {dagbag.py:588} INFO - Filling up the DagBag from /opt/airflow/dags/driven_data_pipeline.py
[2025-07-05T21:38:39.406+0000] {processor.py:925} INFO - DAG(s) 'extract_raw_data_pipeline' retrieved from /opt/airflow/dags/driven_data_pipeline.py
[2025-07-05T21:38:39.442+0000] {logging_mixin.py:190} INFO - [2025-07-05T21:38:39.441+0000] {dag.py:3239} INFO - Sync 1 DAGs
[2025-07-05T21:38:39.475+0000] {logging_mixin.py:190} INFO - [2025-07-05T21:38:39.474+0000] {dag.py:4180} INFO - Setting next_dagrun for extract_raw_data_pipeline to 2025-07-05 07:59:00+00:00, run_after=2025-07-06 07:00:00+00:00
[2025-07-05T21:38:40.069+0000] {processor.py:208} INFO - Processing /opt/airflow/dags/driven_data_pipeline.py took 0.887 seconds
[2025-07-05T21:39:10.806+0000] {processor.py:186} INFO - Started process (PID=150) to work on /opt/airflow/dags/driven_data_pipeline.py
[2025-07-05T21:39:10.810+0000] {processor.py:914} INFO - Processing file /opt/airflow/dags/driven_data_pipeline.py for tasks to queue
[2025-07-05T21:39:10.816+0000] {logging_mixin.py:190} INFO - [2025-07-05T21:39:10.816+0000] {dagbag.py:588} INFO - Filling up the DagBag from /opt/airflow/dags/driven_data_pipeline.py
[2025-07-05T21:39:11.301+0000] {processor.py:925} INFO - DAG(s) 'extract_raw_data_pipeline' retrieved from /opt/airflow/dags/driven_data_pipeline.py
[2025-07-05T21:39:11.363+0000] {logging_mixin.py:190} INFO - [2025-07-05T21:39:11.362+0000] {dag.py:3239} INFO - Sync 1 DAGs
[2025-07-05T21:39:11.432+0000] {logging_mixin.py:190} INFO - [2025-07-05T21:39:11.431+0000] {dag.py:4180} INFO - Setting next_dagrun for extract_raw_data_pipeline to 2025-07-05 07:59:00+00:00, run_after=2025-07-06 07:00:00+00:00
[2025-07-05T21:39:11.491+0000] {processor.py:208} INFO - Processing /opt/airflow/dags/driven_data_pipeline.py took 0.707 seconds
[2025-07-05T21:39:41.895+0000] {processor.py:186} INFO - Started process (PID=159) to work on /opt/airflow/dags/driven_data_pipeline.py
[2025-07-05T21:39:41.896+0000] {processor.py:914} INFO - Processing file /opt/airflow/dags/driven_data_pipeline.py for tasks to queue
[2025-07-05T21:39:41.900+0000] {logging_mixin.py:190} INFO - [2025-07-05T21:39:41.900+0000] {dagbag.py:588} INFO - Filling up the DagBag from /opt/airflow/dags/driven_data_pipeline.py
[2025-07-05T21:39:42.158+0000] {processor.py:925} INFO - DAG(s) 'extract_raw_data_pipeline' retrieved from /opt/airflow/dags/driven_data_pipeline.py
[2025-07-05T21:39:42.218+0000] {logging_mixin.py:190} INFO - [2025-07-05T21:39:42.218+0000] {dag.py:3239} INFO - Sync 1 DAGs
[2025-07-05T21:39:42.276+0000] {logging_mixin.py:190} INFO - [2025-07-05T21:39:42.276+0000] {dag.py:4180} INFO - Setting next_dagrun for extract_raw_data_pipeline to 2025-07-05 07:59:00+00:00, run_after=2025-07-06 07:00:00+00:00
[2025-07-05T21:39:42.332+0000] {processor.py:208} INFO - Processing /opt/airflow/dags/driven_data_pipeline.py took 0.447 seconds
[2025-07-05T21:40:12.841+0000] {processor.py:186} INFO - Started process (PID=168) to work on /opt/airflow/dags/driven_data_pipeline.py
[2025-07-05T21:40:12.845+0000] {processor.py:914} INFO - Processing file /opt/airflow/dags/driven_data_pipeline.py for tasks to queue
[2025-07-05T21:40:12.855+0000] {logging_mixin.py:190} INFO - [2025-07-05T21:40:12.853+0000] {dagbag.py:588} INFO - Filling up the DagBag from /opt/airflow/dags/driven_data_pipeline.py
[2025-07-05T21:40:13.532+0000] {processor.py:925} INFO - DAG(s) 'extract_raw_data_pipeline' retrieved from /opt/airflow/dags/driven_data_pipeline.py
[2025-07-05T21:40:13.591+0000] {logging_mixin.py:190} INFO - [2025-07-05T21:40:13.590+0000] {dag.py:3239} INFO - Sync 1 DAGs
[2025-07-05T21:40:13.661+0000] {logging_mixin.py:190} INFO - [2025-07-05T21:40:13.660+0000] {dag.py:4180} INFO - Setting next_dagrun for extract_raw_data_pipeline to 2025-07-05 07:59:00+00:00, run_after=2025-07-06 07:00:00+00:00
[2025-07-05T21:40:13.704+0000] {processor.py:208} INFO - Processing /opt/airflow/dags/driven_data_pipeline.py took 0.893 seconds
[2025-07-05T21:40:44.437+0000] {processor.py:186} INFO - Started process (PID=176) to work on /opt/airflow/dags/driven_data_pipeline.py
[2025-07-05T21:40:44.440+0000] {processor.py:914} INFO - Processing file /opt/airflow/dags/driven_data_pipeline.py for tasks to queue
[2025-07-05T21:40:44.447+0000] {logging_mixin.py:190} INFO - [2025-07-05T21:40:44.445+0000] {dagbag.py:588} INFO - Filling up the DagBag from /opt/airflow/dags/driven_data_pipeline.py
[2025-07-05T21:40:44.783+0000] {processor.py:925} INFO - DAG(s) 'extract_raw_data_pipeline' retrieved from /opt/airflow/dags/driven_data_pipeline.py
[2025-07-05T21:40:44.831+0000] {logging_mixin.py:190} INFO - [2025-07-05T21:40:44.830+0000] {dag.py:3239} INFO - Sync 1 DAGs
[2025-07-05T21:40:44.873+0000] {logging_mixin.py:190} INFO - [2025-07-05T21:40:44.873+0000] {dag.py:4180} INFO - Setting next_dagrun for extract_raw_data_pipeline to 2025-07-05 07:59:00+00:00, run_after=2025-07-06 07:00:00+00:00
[2025-07-05T21:40:44.909+0000] {processor.py:208} INFO - Processing /opt/airflow/dags/driven_data_pipeline.py took 0.490 seconds
[2025-07-05T21:41:15.242+0000] {processor.py:186} INFO - Started process (PID=190) to work on /opt/airflow/dags/driven_data_pipeline.py
[2025-07-05T21:41:15.259+0000] {processor.py:914} INFO - Processing file /opt/airflow/dags/driven_data_pipeline.py for tasks to queue
[2025-07-05T21:41:15.273+0000] {logging_mixin.py:190} INFO - [2025-07-05T21:41:15.271+0000] {dagbag.py:588} INFO - Filling up the DagBag from /opt/airflow/dags/driven_data_pipeline.py
[2025-07-05T21:41:16.448+0000] {processor.py:925} INFO - DAG(s) 'extract_raw_data_pipeline' retrieved from /opt/airflow/dags/driven_data_pipeline.py
[2025-07-05T21:41:16.505+0000] {logging_mixin.py:190} INFO - [2025-07-05T21:41:16.504+0000] {dag.py:3239} INFO - Sync 1 DAGs
[2025-07-05T21:41:16.564+0000] {logging_mixin.py:190} INFO - [2025-07-05T21:41:16.563+0000] {dag.py:4180} INFO - Setting next_dagrun for extract_raw_data_pipeline to 2025-07-05 07:59:00+00:00, run_after=2025-07-06 07:00:00+00:00
[2025-07-05T21:41:16.609+0000] {processor.py:208} INFO - Processing /opt/airflow/dags/driven_data_pipeline.py took 1.404 seconds
[2025-07-05T21:41:46.847+0000] {processor.py:186} INFO - Started process (PID=198) to work on /opt/airflow/dags/driven_data_pipeline.py
[2025-07-05T21:41:46.849+0000] {processor.py:914} INFO - Processing file /opt/airflow/dags/driven_data_pipeline.py for tasks to queue
[2025-07-05T21:41:46.854+0000] {logging_mixin.py:190} INFO - [2025-07-05T21:41:46.853+0000] {dagbag.py:588} INFO - Filling up the DagBag from /opt/airflow/dags/driven_data_pipeline.py
[2025-07-05T21:41:47.235+0000] {processor.py:925} INFO - DAG(s) 'extract_raw_data_pipeline' retrieved from /opt/airflow/dags/driven_data_pipeline.py
[2025-07-05T21:41:47.283+0000] {logging_mixin.py:190} INFO - [2025-07-05T21:41:47.283+0000] {dag.py:3239} INFO - Sync 1 DAGs
[2025-07-05T21:41:47.349+0000] {logging_mixin.py:190} INFO - [2025-07-05T21:41:47.349+0000] {dag.py:4180} INFO - Setting next_dagrun for extract_raw_data_pipeline to 2025-07-05 07:59:00+00:00, run_after=2025-07-06 07:00:00+00:00
[2025-07-05T21:41:47.416+0000] {processor.py:208} INFO - Processing /opt/airflow/dags/driven_data_pipeline.py took 0.581 seconds
[2025-07-05T21:42:17.537+0000] {processor.py:186} INFO - Started process (PID=206) to work on /opt/airflow/dags/driven_data_pipeline.py
[2025-07-05T21:42:17.539+0000] {processor.py:914} INFO - Processing file /opt/airflow/dags/driven_data_pipeline.py for tasks to queue
[2025-07-05T21:42:17.546+0000] {logging_mixin.py:190} INFO - [2025-07-05T21:42:17.545+0000] {dagbag.py:588} INFO - Filling up the DagBag from /opt/airflow/dags/driven_data_pipeline.py
[2025-07-05T21:42:18.079+0000] {processor.py:925} INFO - DAG(s) 'extract_raw_data_pipeline' retrieved from /opt/airflow/dags/driven_data_pipeline.py
[2025-07-05T21:42:18.178+0000] {logging_mixin.py:190} INFO - [2025-07-05T21:42:18.177+0000] {dag.py:3239} INFO - Sync 1 DAGs
[2025-07-05T21:42:18.292+0000] {logging_mixin.py:190} INFO - [2025-07-05T21:42:18.292+0000] {dag.py:4180} INFO - Setting next_dagrun for extract_raw_data_pipeline to 2025-07-05 07:59:00+00:00, run_after=2025-07-06 07:00:00+00:00
[2025-07-05T21:42:18.348+0000] {processor.py:208} INFO - Processing /opt/airflow/dags/driven_data_pipeline.py took 0.823 seconds
[2025-07-05T21:42:52.718+0000] {processor.py:186} INFO - Started process (PID=214) to work on /opt/airflow/dags/driven_data_pipeline.py
[2025-07-05T21:42:52.720+0000] {processor.py:914} INFO - Processing file /opt/airflow/dags/driven_data_pipeline.py for tasks to queue
[2025-07-05T21:42:52.725+0000] {logging_mixin.py:190} INFO - [2025-07-05T21:42:52.724+0000] {dagbag.py:588} INFO - Filling up the DagBag from /opt/airflow/dags/driven_data_pipeline.py
[2025-07-05T21:42:52.963+0000] {processor.py:925} INFO - DAG(s) 'extract_raw_data_pipeline' retrieved from /opt/airflow/dags/driven_data_pipeline.py
[2025-07-05T21:42:54.296+0000] {logging_mixin.py:190} INFO - [2025-07-05T21:42:54.296+0000] {dag.py:3239} INFO - Sync 1 DAGs
[2025-07-05T21:42:54.428+0000] {logging_mixin.py:190} INFO - [2025-07-05T21:42:54.428+0000] {dag.py:4180} INFO - Setting next_dagrun for extract_raw_data_pipeline to 2025-07-05 07:59:00+00:00, run_after=2025-07-06 07:00:00+00:00
[2025-07-05T21:42:55.004+0000] {processor.py:208} INFO - Processing /opt/airflow/dags/driven_data_pipeline.py took 2.307 seconds
[2025-07-05T21:43:25.646+0000] {processor.py:186} INFO - Started process (PID=238) to work on /opt/airflow/dags/driven_data_pipeline.py
[2025-07-05T21:43:25.647+0000] {processor.py:914} INFO - Processing file /opt/airflow/dags/driven_data_pipeline.py for tasks to queue
[2025-07-05T21:43:25.651+0000] {logging_mixin.py:190} INFO - [2025-07-05T21:43:25.651+0000] {dagbag.py:588} INFO - Filling up the DagBag from /opt/airflow/dags/driven_data_pipeline.py
[2025-07-05T21:43:27.633+0000] {processor.py:925} INFO - DAG(s) 'extract_raw_data_pipeline' retrieved from /opt/airflow/dags/driven_data_pipeline.py
[2025-07-05T21:43:27.777+0000] {logging_mixin.py:190} INFO - [2025-07-05T21:43:27.777+0000] {dag.py:3239} INFO - Sync 1 DAGs
[2025-07-05T21:43:27.843+0000] {logging_mixin.py:190} INFO - [2025-07-05T21:43:27.843+0000] {dag.py:4180} INFO - Setting next_dagrun for extract_raw_data_pipeline to 2025-07-05 07:59:00+00:00, run_after=2025-07-06 07:00:00+00:00
[2025-07-05T21:43:29.321+0000] {processor.py:208} INFO - Processing /opt/airflow/dags/driven_data_pipeline.py took 6.108 seconds
[2025-07-05T21:44:00.776+0000] {processor.py:186} INFO - Started process (PID=246) to work on /opt/airflow/dags/driven_data_pipeline.py
[2025-07-05T21:44:00.778+0000] {processor.py:914} INFO - Processing file /opt/airflow/dags/driven_data_pipeline.py for tasks to queue
[2025-07-05T21:44:00.783+0000] {logging_mixin.py:190} INFO - [2025-07-05T21:44:00.782+0000] {dagbag.py:588} INFO - Filling up the DagBag from /opt/airflow/dags/driven_data_pipeline.py
[2025-07-05T21:44:02.521+0000] {processor.py:925} INFO - DAG(s) 'extract_raw_data_pipeline' retrieved from /opt/airflow/dags/driven_data_pipeline.py
[2025-07-05T21:44:02.579+0000] {logging_mixin.py:190} INFO - [2025-07-05T21:44:02.578+0000] {dag.py:3239} INFO - Sync 1 DAGs
[2025-07-05T21:44:02.644+0000] {logging_mixin.py:190} INFO - [2025-07-05T21:44:02.644+0000] {dag.py:4180} INFO - Setting next_dagrun for extract_raw_data_pipeline to 2025-07-05 07:59:00+00:00, run_after=2025-07-06 07:00:00+00:00
[2025-07-05T21:44:03.785+0000] {processor.py:208} INFO - Processing /opt/airflow/dags/driven_data_pipeline.py took 3.021 seconds
[2025-07-05T21:44:34.540+0000] {processor.py:186} INFO - Started process (PID=259) to work on /opt/airflow/dags/driven_data_pipeline.py
[2025-07-05T21:44:34.542+0000] {processor.py:914} INFO - Processing file /opt/airflow/dags/driven_data_pipeline.py for tasks to queue
[2025-07-05T21:44:34.547+0000] {logging_mixin.py:190} INFO - [2025-07-05T21:44:34.547+0000] {dagbag.py:588} INFO - Filling up the DagBag from /opt/airflow/dags/driven_data_pipeline.py
[2025-07-05T21:44:34.890+0000] {processor.py:925} INFO - DAG(s) 'extract_raw_data_pipeline' retrieved from /opt/airflow/dags/driven_data_pipeline.py
[2025-07-05T21:44:34.943+0000] {logging_mixin.py:190} INFO - [2025-07-05T21:44:34.942+0000] {dag.py:3239} INFO - Sync 1 DAGs
[2025-07-05T21:44:34.987+0000] {logging_mixin.py:190} INFO - [2025-07-05T21:44:34.987+0000] {dag.py:4180} INFO - Setting next_dagrun for extract_raw_data_pipeline to 2025-07-05 07:59:00+00:00, run_after=2025-07-06 07:00:00+00:00
[2025-07-05T21:44:37.744+0000] {processor.py:208} INFO - Processing /opt/airflow/dags/driven_data_pipeline.py took 3.215 seconds
[2025-07-05T21:45:08.536+0000] {processor.py:186} INFO - Started process (PID=267) to work on /opt/airflow/dags/driven_data_pipeline.py
[2025-07-05T21:45:08.537+0000] {processor.py:914} INFO - Processing file /opt/airflow/dags/driven_data_pipeline.py for tasks to queue
[2025-07-05T21:45:08.542+0000] {logging_mixin.py:190} INFO - [2025-07-05T21:45:08.541+0000] {dagbag.py:588} INFO - Filling up the DagBag from /opt/airflow/dags/driven_data_pipeline.py
[2025-07-05T21:45:08.871+0000] {processor.py:925} INFO - DAG(s) 'extract_raw_data_pipeline' retrieved from /opt/airflow/dags/driven_data_pipeline.py
[2025-07-05T21:45:08.931+0000] {logging_mixin.py:190} INFO - [2025-07-05T21:45:08.930+0000] {dag.py:3239} INFO - Sync 1 DAGs
[2025-07-05T21:45:08.978+0000] {logging_mixin.py:190} INFO - [2025-07-05T21:45:08.978+0000] {dag.py:4180} INFO - Setting next_dagrun for extract_raw_data_pipeline to 2025-07-05 07:59:00+00:00, run_after=2025-07-06 07:00:00+00:00
[2025-07-05T21:45:09.025+0000] {processor.py:208} INFO - Processing /opt/airflow/dags/driven_data_pipeline.py took 0.501 seconds
[2025-07-05T21:45:39.676+0000] {processor.py:186} INFO - Started process (PID=275) to work on /opt/airflow/dags/driven_data_pipeline.py
[2025-07-05T21:45:39.687+0000] {processor.py:914} INFO - Processing file /opt/airflow/dags/driven_data_pipeline.py for tasks to queue
[2025-07-05T21:45:39.731+0000] {logging_mixin.py:190} INFO - [2025-07-05T21:45:39.729+0000] {dagbag.py:588} INFO - Filling up the DagBag from /opt/airflow/dags/driven_data_pipeline.py
[2025-07-05T21:45:41.655+0000] {processor.py:925} INFO - DAG(s) 'extract_raw_data_pipeline' retrieved from /opt/airflow/dags/driven_data_pipeline.py
[2025-07-05T21:45:41.851+0000] {logging_mixin.py:190} INFO - [2025-07-05T21:45:41.850+0000] {dag.py:3239} INFO - Sync 1 DAGs
[2025-07-05T21:45:42.043+0000] {logging_mixin.py:190} INFO - [2025-07-05T21:45:42.032+0000] {dag.py:4180} INFO - Setting next_dagrun for extract_raw_data_pipeline to 2025-07-05 07:59:00+00:00, run_after=2025-07-06 07:00:00+00:00
[2025-07-05T21:45:42.190+0000] {processor.py:208} INFO - Processing /opt/airflow/dags/driven_data_pipeline.py took 2.611 seconds
[2025-07-05T21:46:12.851+0000] {processor.py:186} INFO - Started process (PID=282) to work on /opt/airflow/dags/driven_data_pipeline.py
[2025-07-05T21:46:12.852+0000] {processor.py:914} INFO - Processing file /opt/airflow/dags/driven_data_pipeline.py for tasks to queue
[2025-07-05T21:46:12.857+0000] {logging_mixin.py:190} INFO - [2025-07-05T21:46:12.856+0000] {dagbag.py:588} INFO - Filling up the DagBag from /opt/airflow/dags/driven_data_pipeline.py
[2025-07-05T21:46:13.073+0000] {processor.py:925} INFO - DAG(s) 'extract_raw_data_pipeline' retrieved from /opt/airflow/dags/driven_data_pipeline.py
[2025-07-05T21:46:13.108+0000] {logging_mixin.py:190} INFO - [2025-07-05T21:46:13.108+0000] {dag.py:3239} INFO - Sync 1 DAGs
[2025-07-05T21:46:13.137+0000] {logging_mixin.py:190} INFO - [2025-07-05T21:46:13.137+0000] {dag.py:4180} INFO - Setting next_dagrun for extract_raw_data_pipeline to 2025-07-05 07:59:00+00:00, run_after=2025-07-06 07:00:00+00:00
[2025-07-05T21:46:13.162+0000] {processor.py:208} INFO - Processing /opt/airflow/dags/driven_data_pipeline.py took 0.321 seconds
[2025-07-05T21:46:43.957+0000] {processor.py:186} INFO - Started process (PID=290) to work on /opt/airflow/dags/driven_data_pipeline.py
[2025-07-05T21:46:43.958+0000] {processor.py:914} INFO - Processing file /opt/airflow/dags/driven_data_pipeline.py for tasks to queue
[2025-07-05T21:46:43.962+0000] {logging_mixin.py:190} INFO - [2025-07-05T21:46:43.962+0000] {dagbag.py:588} INFO - Filling up the DagBag from /opt/airflow/dags/driven_data_pipeline.py
[2025-07-05T21:47:06.920+0000] {processor.py:925} INFO - DAG(s) 'extract_raw_data_pipeline' retrieved from /opt/airflow/dags/driven_data_pipeline.py
[2025-07-05T21:47:07.123+0000] {logging_mixin.py:190} INFO - [2025-07-05T21:47:07.122+0000] {dag.py:3239} INFO - Sync 1 DAGs
[2025-07-05T21:47:07.230+0000] {logging_mixin.py:190} INFO - [2025-07-05T21:47:07.230+0000] {dag.py:4180} INFO - Setting next_dagrun for extract_raw_data_pipeline to 2025-07-05 07:59:00+00:00, run_after=2025-07-06 07:00:00+00:00
[2025-07-05T21:47:07.338+0000] {processor.py:208} INFO - Processing /opt/airflow/dags/driven_data_pipeline.py took 25.611 seconds
[2025-07-05T21:47:38.420+0000] {processor.py:186} INFO - Started process (PID=304) to work on /opt/airflow/dags/driven_data_pipeline.py
[2025-07-05T21:47:38.421+0000] {processor.py:914} INFO - Processing file /opt/airflow/dags/driven_data_pipeline.py for tasks to queue
[2025-07-05T21:47:38.425+0000] {logging_mixin.py:190} INFO - [2025-07-05T21:47:38.424+0000] {dagbag.py:588} INFO - Filling up the DagBag from /opt/airflow/dags/driven_data_pipeline.py
[2025-07-05T21:47:38.722+0000] {processor.py:925} INFO - DAG(s) 'extract_raw_data_pipeline' retrieved from /opt/airflow/dags/driven_data_pipeline.py
[2025-07-05T21:47:38.756+0000] {logging_mixin.py:190} INFO - [2025-07-05T21:47:38.756+0000] {dag.py:3239} INFO - Sync 1 DAGs
[2025-07-05T21:47:38.790+0000] {logging_mixin.py:190} INFO - [2025-07-05T21:47:38.789+0000] {dag.py:4180} INFO - Setting next_dagrun for extract_raw_data_pipeline to 2025-07-05 07:59:00+00:00, run_after=2025-07-06 07:00:00+00:00
[2025-07-05T21:47:38.926+0000] {processor.py:208} INFO - Processing /opt/airflow/dags/driven_data_pipeline.py took 0.514 seconds
[2025-07-05T21:48:09.092+0000] {processor.py:186} INFO - Started process (PID=312) to work on /opt/airflow/dags/driven_data_pipeline.py
[2025-07-05T21:48:09.094+0000] {processor.py:914} INFO - Processing file /opt/airflow/dags/driven_data_pipeline.py for tasks to queue
[2025-07-05T21:48:09.098+0000] {logging_mixin.py:190} INFO - [2025-07-05T21:48:09.097+0000] {dagbag.py:588} INFO - Filling up the DagBag from /opt/airflow/dags/driven_data_pipeline.py
[2025-07-05T21:48:09.333+0000] {processor.py:925} INFO - DAG(s) 'extract_raw_data_pipeline' retrieved from /opt/airflow/dags/driven_data_pipeline.py
[2025-07-05T21:48:09.369+0000] {logging_mixin.py:190} INFO - [2025-07-05T21:48:09.369+0000] {dag.py:3239} INFO - Sync 1 DAGs
[2025-07-05T21:48:09.399+0000] {logging_mixin.py:190} INFO - [2025-07-05T21:48:09.399+0000] {dag.py:4180} INFO - Setting next_dagrun for extract_raw_data_pipeline to 2025-07-05 07:59:00+00:00, run_after=2025-07-06 07:00:00+00:00
[2025-07-05T21:48:09.431+0000] {processor.py:208} INFO - Processing /opt/airflow/dags/driven_data_pipeline.py took 0.348 seconds
[2025-07-05T21:48:40.323+0000] {processor.py:186} INFO - Started process (PID=320) to work on /opt/airflow/dags/driven_data_pipeline.py
[2025-07-05T21:48:40.325+0000] {processor.py:914} INFO - Processing file /opt/airflow/dags/driven_data_pipeline.py for tasks to queue
[2025-07-05T21:48:40.329+0000] {logging_mixin.py:190} INFO - [2025-07-05T21:48:40.329+0000] {dagbag.py:588} INFO - Filling up the DagBag from /opt/airflow/dags/driven_data_pipeline.py
[2025-07-05T21:48:40.710+0000] {processor.py:925} INFO - DAG(s) 'extract_raw_data_pipeline' retrieved from /opt/airflow/dags/driven_data_pipeline.py
[2025-07-05T21:48:40.772+0000] {logging_mixin.py:190} INFO - [2025-07-05T21:48:40.772+0000] {dag.py:3239} INFO - Sync 1 DAGs
[2025-07-05T21:48:40.835+0000] {logging_mixin.py:190} INFO - [2025-07-05T21:48:40.834+0000] {dag.py:4180} INFO - Setting next_dagrun for extract_raw_data_pipeline to 2025-07-05 07:59:00+00:00, run_after=2025-07-06 07:00:00+00:00
[2025-07-05T21:48:40.881+0000] {processor.py:208} INFO - Processing /opt/airflow/dags/driven_data_pipeline.py took 0.567 seconds
[2025-07-05T21:49:11.222+0000] {processor.py:186} INFO - Started process (PID=340) to work on /opt/airflow/dags/driven_data_pipeline.py
[2025-07-05T21:49:11.223+0000] {processor.py:914} INFO - Processing file /opt/airflow/dags/driven_data_pipeline.py for tasks to queue
[2025-07-05T21:49:11.227+0000] {logging_mixin.py:190} INFO - [2025-07-05T21:49:11.227+0000] {dagbag.py:588} INFO - Filling up the DagBag from /opt/airflow/dags/driven_data_pipeline.py
[2025-07-05T21:49:11.477+0000] {processor.py:925} INFO - DAG(s) 'extract_raw_data_pipeline' retrieved from /opt/airflow/dags/driven_data_pipeline.py
[2025-07-05T21:49:11.515+0000] {logging_mixin.py:190} INFO - [2025-07-05T21:49:11.514+0000] {dag.py:3239} INFO - Sync 1 DAGs
[2025-07-05T21:49:11.550+0000] {logging_mixin.py:190} INFO - [2025-07-05T21:49:11.549+0000] {dag.py:4180} INFO - Setting next_dagrun for extract_raw_data_pipeline to 2025-07-05 07:59:00+00:00, run_after=2025-07-06 07:00:00+00:00
[2025-07-05T21:49:11.576+0000] {processor.py:208} INFO - Processing /opt/airflow/dags/driven_data_pipeline.py took 0.365 seconds
[2025-07-05T21:49:42.328+0000] {processor.py:186} INFO - Started process (PID=348) to work on /opt/airflow/dags/driven_data_pipeline.py
[2025-07-05T21:49:42.331+0000] {processor.py:914} INFO - Processing file /opt/airflow/dags/driven_data_pipeline.py for tasks to queue
[2025-07-05T21:49:42.337+0000] {logging_mixin.py:190} INFO - [2025-07-05T21:49:42.336+0000] {dagbag.py:588} INFO - Filling up the DagBag from /opt/airflow/dags/driven_data_pipeline.py
[2025-07-05T21:49:42.792+0000] {processor.py:925} INFO - DAG(s) 'extract_raw_data_pipeline' retrieved from /opt/airflow/dags/driven_data_pipeline.py
[2025-07-05T21:49:42.853+0000] {logging_mixin.py:190} INFO - [2025-07-05T21:49:42.852+0000] {dag.py:3239} INFO - Sync 1 DAGs
[2025-07-05T21:49:42.910+0000] {logging_mixin.py:190} INFO - [2025-07-05T21:49:42.910+0000] {dag.py:4180} INFO - Setting next_dagrun for extract_raw_data_pipeline to 2025-07-05 07:59:00+00:00, run_after=2025-07-06 07:00:00+00:00
[2025-07-05T21:49:42.958+0000] {processor.py:208} INFO - Processing /opt/airflow/dags/driven_data_pipeline.py took 0.648 seconds
[2025-07-05T21:50:13.457+0000] {processor.py:186} INFO - Started process (PID=356) to work on /opt/airflow/dags/driven_data_pipeline.py
[2025-07-05T21:50:13.458+0000] {processor.py:914} INFO - Processing file /opt/airflow/dags/driven_data_pipeline.py for tasks to queue
[2025-07-05T21:50:13.462+0000] {logging_mixin.py:190} INFO - [2025-07-05T21:50:13.461+0000] {dagbag.py:588} INFO - Filling up the DagBag from /opt/airflow/dags/driven_data_pipeline.py
[2025-07-05T21:50:13.707+0000] {processor.py:925} INFO - DAG(s) 'extract_raw_data_pipeline' retrieved from /opt/airflow/dags/driven_data_pipeline.py
[2025-07-05T21:50:13.742+0000] {logging_mixin.py:190} INFO - [2025-07-05T21:50:13.741+0000] {dag.py:3239} INFO - Sync 1 DAGs
[2025-07-05T21:50:13.773+0000] {logging_mixin.py:190} INFO - [2025-07-05T21:50:13.772+0000] {dag.py:4180} INFO - Setting next_dagrun for extract_raw_data_pipeline to 2025-07-05 07:59:00+00:00, run_after=2025-07-06 07:00:00+00:00
[2025-07-05T21:50:13.799+0000] {processor.py:208} INFO - Processing /opt/airflow/dags/driven_data_pipeline.py took 0.351 seconds
[2025-07-05T21:50:44.439+0000] {processor.py:186} INFO - Started process (PID=364) to work on /opt/airflow/dags/driven_data_pipeline.py
[2025-07-05T21:50:44.441+0000] {processor.py:914} INFO - Processing file /opt/airflow/dags/driven_data_pipeline.py for tasks to queue
[2025-07-05T21:50:44.446+0000] {logging_mixin.py:190} INFO - [2025-07-05T21:50:44.445+0000] {dagbag.py:588} INFO - Filling up the DagBag from /opt/airflow/dags/driven_data_pipeline.py
[2025-07-05T21:50:44.771+0000] {processor.py:925} INFO - DAG(s) 'extract_raw_data_pipeline' retrieved from /opt/airflow/dags/driven_data_pipeline.py
[2025-07-05T21:50:44.827+0000] {logging_mixin.py:190} INFO - [2025-07-05T21:50:44.826+0000] {dag.py:3239} INFO - Sync 1 DAGs
[2025-07-05T21:50:44.885+0000] {logging_mixin.py:190} INFO - [2025-07-05T21:50:44.885+0000] {dag.py:4180} INFO - Setting next_dagrun for extract_raw_data_pipeline to 2025-07-05 07:59:00+00:00, run_after=2025-07-06 07:00:00+00:00
[2025-07-05T21:50:44.932+0000] {processor.py:208} INFO - Processing /opt/airflow/dags/driven_data_pipeline.py took 0.505 seconds
[2025-07-05T21:51:15.992+0000] {processor.py:186} INFO - Started process (PID=378) to work on /opt/airflow/dags/driven_data_pipeline.py
[2025-07-05T21:51:15.994+0000] {processor.py:914} INFO - Processing file /opt/airflow/dags/driven_data_pipeline.py for tasks to queue
[2025-07-05T21:51:16.000+0000] {logging_mixin.py:190} INFO - [2025-07-05T21:51:15.999+0000] {dagbag.py:588} INFO - Filling up the DagBag from /opt/airflow/dags/driven_data_pipeline.py
[2025-07-05T21:51:16.398+0000] {processor.py:925} INFO - DAG(s) 'extract_raw_data_pipeline' retrieved from /opt/airflow/dags/driven_data_pipeline.py
[2025-07-05T21:51:16.450+0000] {logging_mixin.py:190} INFO - [2025-07-05T21:51:16.450+0000] {dag.py:3239} INFO - Sync 1 DAGs
[2025-07-05T21:51:16.502+0000] {logging_mixin.py:190} INFO - [2025-07-05T21:51:16.502+0000] {dag.py:4180} INFO - Setting next_dagrun for extract_raw_data_pipeline to 2025-07-05 07:59:00+00:00, run_after=2025-07-06 07:00:00+00:00
[2025-07-05T21:51:16.546+0000] {processor.py:208} INFO - Processing /opt/airflow/dags/driven_data_pipeline.py took 0.567 seconds
[2025-07-05T21:51:47.114+0000] {processor.py:186} INFO - Started process (PID=386) to work on /opt/airflow/dags/driven_data_pipeline.py
[2025-07-05T21:51:47.122+0000] {processor.py:914} INFO - Processing file /opt/airflow/dags/driven_data_pipeline.py for tasks to queue
[2025-07-05T21:51:47.132+0000] {logging_mixin.py:190} INFO - [2025-07-05T21:51:47.131+0000] {dagbag.py:588} INFO - Filling up the DagBag from /opt/airflow/dags/driven_data_pipeline.py
[2025-07-05T21:51:47.634+0000] {processor.py:925} INFO - DAG(s) 'extract_raw_data_pipeline' retrieved from /opt/airflow/dags/driven_data_pipeline.py
[2025-07-05T21:51:47.692+0000] {logging_mixin.py:190} INFO - [2025-07-05T21:51:47.691+0000] {dag.py:3239} INFO - Sync 1 DAGs
[2025-07-05T21:51:47.776+0000] {logging_mixin.py:190} INFO - [2025-07-05T21:51:47.775+0000] {dag.py:4180} INFO - Setting next_dagrun for extract_raw_data_pipeline to 2025-07-05 07:59:00+00:00, run_after=2025-07-06 07:00:00+00:00
[2025-07-05T21:51:47.823+0000] {processor.py:208} INFO - Processing /opt/airflow/dags/driven_data_pipeline.py took 0.737 seconds
[2025-07-05T21:52:18.339+0000] {processor.py:186} INFO - Started process (PID=394) to work on /opt/airflow/dags/driven_data_pipeline.py
[2025-07-05T21:52:18.341+0000] {processor.py:914} INFO - Processing file /opt/airflow/dags/driven_data_pipeline.py for tasks to queue
[2025-07-05T21:52:18.346+0000] {logging_mixin.py:190} INFO - [2025-07-05T21:52:18.345+0000] {dagbag.py:588} INFO - Filling up the DagBag from /opt/airflow/dags/driven_data_pipeline.py
[2025-07-05T21:52:18.742+0000] {processor.py:925} INFO - DAG(s) 'extract_raw_data_pipeline' retrieved from /opt/airflow/dags/driven_data_pipeline.py
[2025-07-05T21:52:18.797+0000] {logging_mixin.py:190} INFO - [2025-07-05T21:52:18.796+0000] {dag.py:3239} INFO - Sync 1 DAGs
[2025-07-05T21:52:18.841+0000] {logging_mixin.py:190} INFO - [2025-07-05T21:52:18.841+0000] {dag.py:4180} INFO - Setting next_dagrun for extract_raw_data_pipeline to 2025-07-05 07:59:00+00:00, run_after=2025-07-06 07:00:00+00:00
[2025-07-05T21:52:18.877+0000] {processor.py:208} INFO - Processing /opt/airflow/dags/driven_data_pipeline.py took 0.550 seconds
[2025-07-05T21:52:49.772+0000] {processor.py:186} INFO - Started process (PID=402) to work on /opt/airflow/dags/driven_data_pipeline.py
[2025-07-05T21:52:49.774+0000] {processor.py:914} INFO - Processing file /opt/airflow/dags/driven_data_pipeline.py for tasks to queue
[2025-07-05T21:52:49.777+0000] {logging_mixin.py:190} INFO - [2025-07-05T21:52:49.777+0000] {dagbag.py:588} INFO - Filling up the DagBag from /opt/airflow/dags/driven_data_pipeline.py
[2025-07-05T21:52:50.034+0000] {processor.py:925} INFO - DAG(s) 'extract_raw_data_pipeline' retrieved from /opt/airflow/dags/driven_data_pipeline.py
[2025-07-05T21:52:50.089+0000] {logging_mixin.py:190} INFO - [2025-07-05T21:52:50.089+0000] {dag.py:3239} INFO - Sync 1 DAGs
[2025-07-05T21:52:50.138+0000] {logging_mixin.py:190} INFO - [2025-07-05T21:52:50.137+0000] {dag.py:4180} INFO - Setting next_dagrun for extract_raw_data_pipeline to 2025-07-05 07:59:00+00:00, run_after=2025-07-06 07:00:00+00:00
[2025-07-05T21:52:50.181+0000] {processor.py:208} INFO - Processing /opt/airflow/dags/driven_data_pipeline.py took 0.419 seconds
[2025-07-05T21:53:20.699+0000] {processor.py:186} INFO - Started process (PID=410) to work on /opt/airflow/dags/driven_data_pipeline.py
[2025-07-05T21:53:20.701+0000] {processor.py:914} INFO - Processing file /opt/airflow/dags/driven_data_pipeline.py for tasks to queue
[2025-07-05T21:53:20.707+0000] {logging_mixin.py:190} INFO - [2025-07-05T21:53:20.706+0000] {dagbag.py:588} INFO - Filling up the DagBag from /opt/airflow/dags/driven_data_pipeline.py
[2025-07-05T21:53:21.155+0000] {processor.py:925} INFO - DAG(s) 'extract_raw_data_pipeline' retrieved from /opt/airflow/dags/driven_data_pipeline.py
[2025-07-05T21:53:21.213+0000] {logging_mixin.py:190} INFO - [2025-07-05T21:53:21.212+0000] {dag.py:3239} INFO - Sync 1 DAGs
[2025-07-05T21:53:21.268+0000] {logging_mixin.py:190} INFO - [2025-07-05T21:53:21.267+0000] {dag.py:4180} INFO - Setting next_dagrun for extract_raw_data_pipeline to 2025-07-05 07:59:00+00:00, run_after=2025-07-06 07:00:00+00:00
[2025-07-05T21:53:21.322+0000] {processor.py:208} INFO - Processing /opt/airflow/dags/driven_data_pipeline.py took 0.638 seconds
[2025-07-05T21:53:51.909+0000] {processor.py:186} INFO - Started process (PID=418) to work on /opt/airflow/dags/driven_data_pipeline.py
[2025-07-05T21:53:51.911+0000] {processor.py:914} INFO - Processing file /opt/airflow/dags/driven_data_pipeline.py for tasks to queue
[2025-07-05T21:53:51.915+0000] {logging_mixin.py:190} INFO - [2025-07-05T21:53:51.914+0000] {dagbag.py:588} INFO - Filling up the DagBag from /opt/airflow/dags/driven_data_pipeline.py
[2025-07-05T21:53:52.117+0000] {processor.py:925} INFO - DAG(s) 'extract_raw_data_pipeline' retrieved from /opt/airflow/dags/driven_data_pipeline.py
[2025-07-05T21:53:52.151+0000] {logging_mixin.py:190} INFO - [2025-07-05T21:53:52.151+0000] {dag.py:3239} INFO - Sync 1 DAGs
[2025-07-05T21:53:52.182+0000] {logging_mixin.py:190} INFO - [2025-07-05T21:53:52.182+0000] {dag.py:4180} INFO - Setting next_dagrun for extract_raw_data_pipeline to 2025-07-05 07:59:00+00:00, run_after=2025-07-06 07:00:00+00:00
[2025-07-05T21:53:52.213+0000] {processor.py:208} INFO - Processing /opt/airflow/dags/driven_data_pipeline.py took 0.312 seconds
[2025-07-05T21:54:22.298+0000] {processor.py:186} INFO - Started process (PID=426) to work on /opt/airflow/dags/driven_data_pipeline.py
[2025-07-05T21:54:22.301+0000] {processor.py:914} INFO - Processing file /opt/airflow/dags/driven_data_pipeline.py for tasks to queue
[2025-07-05T21:54:22.307+0000] {logging_mixin.py:190} INFO - [2025-07-05T21:54:22.306+0000] {dagbag.py:588} INFO - Filling up the DagBag from /opt/airflow/dags/driven_data_pipeline.py
[2025-07-05T21:54:22.689+0000] {processor.py:925} INFO - DAG(s) 'extract_raw_data_pipeline' retrieved from /opt/airflow/dags/driven_data_pipeline.py
[2025-07-05T21:54:22.804+0000] {logging_mixin.py:190} INFO - [2025-07-05T21:54:22.803+0000] {dag.py:3239} INFO - Sync 1 DAGs
[2025-07-05T21:54:22.900+0000] {logging_mixin.py:190} INFO - [2025-07-05T21:54:22.899+0000] {dag.py:4180} INFO - Setting next_dagrun for extract_raw_data_pipeline to 2025-07-05 07:59:00+00:00, run_after=2025-07-06 07:00:00+00:00
[2025-07-05T21:54:22.961+0000] {processor.py:208} INFO - Processing /opt/airflow/dags/driven_data_pipeline.py took 0.679 seconds
[2025-07-05T21:54:53.271+0000] {processor.py:186} INFO - Started process (PID=434) to work on /opt/airflow/dags/driven_data_pipeline.py
[2025-07-05T21:54:53.273+0000] {processor.py:914} INFO - Processing file /opt/airflow/dags/driven_data_pipeline.py for tasks to queue
[2025-07-05T21:54:53.277+0000] {logging_mixin.py:190} INFO - [2025-07-05T21:54:53.276+0000] {dagbag.py:588} INFO - Filling up the DagBag from /opt/airflow/dags/driven_data_pipeline.py
[2025-07-05T21:54:53.486+0000] {processor.py:925} INFO - DAG(s) 'extract_raw_data_pipeline' retrieved from /opt/airflow/dags/driven_data_pipeline.py
[2025-07-05T21:54:53.524+0000] {logging_mixin.py:190} INFO - [2025-07-05T21:54:53.524+0000] {dag.py:3239} INFO - Sync 1 DAGs
[2025-07-05T21:54:53.557+0000] {logging_mixin.py:190} INFO - [2025-07-05T21:54:53.556+0000] {dag.py:4180} INFO - Setting next_dagrun for extract_raw_data_pipeline to 2025-07-05 07:59:00+00:00, run_after=2025-07-06 07:00:00+00:00
[2025-07-05T21:54:53.584+0000] {processor.py:208} INFO - Processing /opt/airflow/dags/driven_data_pipeline.py took 0.321 seconds
[2025-07-05T21:55:24.393+0000] {processor.py:186} INFO - Started process (PID=448) to work on /opt/airflow/dags/driven_data_pipeline.py
[2025-07-05T21:55:24.395+0000] {processor.py:914} INFO - Processing file /opt/airflow/dags/driven_data_pipeline.py for tasks to queue
[2025-07-05T21:55:24.398+0000] {logging_mixin.py:190} INFO - [2025-07-05T21:55:24.397+0000] {dagbag.py:588} INFO - Filling up the DagBag from /opt/airflow/dags/driven_data_pipeline.py
[2025-07-05T21:55:24.598+0000] {processor.py:925} INFO - DAG(s) 'extract_raw_data_pipeline' retrieved from /opt/airflow/dags/driven_data_pipeline.py
[2025-07-05T21:55:24.631+0000] {logging_mixin.py:190} INFO - [2025-07-05T21:55:24.631+0000] {dag.py:3239} INFO - Sync 1 DAGs
[2025-07-05T21:55:24.664+0000] {logging_mixin.py:190} INFO - [2025-07-05T21:55:24.664+0000] {dag.py:4180} INFO - Setting next_dagrun for extract_raw_data_pipeline to 2025-07-05 07:59:00+00:00, run_after=2025-07-06 07:00:00+00:00
[2025-07-05T21:55:24.702+0000] {processor.py:208} INFO - Processing /opt/airflow/dags/driven_data_pipeline.py took 0.317 seconds
[2025-07-05T21:55:55.465+0000] {processor.py:186} INFO - Started process (PID=456) to work on /opt/airflow/dags/driven_data_pipeline.py
[2025-07-05T21:55:55.467+0000] {processor.py:914} INFO - Processing file /opt/airflow/dags/driven_data_pipeline.py for tasks to queue
[2025-07-05T21:55:55.470+0000] {logging_mixin.py:190} INFO - [2025-07-05T21:55:55.470+0000] {dagbag.py:588} INFO - Filling up the DagBag from /opt/airflow/dags/driven_data_pipeline.py
[2025-07-05T21:55:55.682+0000] {processor.py:925} INFO - DAG(s) 'extract_raw_data_pipeline' retrieved from /opt/airflow/dags/driven_data_pipeline.py
[2025-07-05T21:55:55.710+0000] {logging_mixin.py:190} INFO - [2025-07-05T21:55:55.710+0000] {dag.py:3239} INFO - Sync 1 DAGs
[2025-07-05T21:55:55.743+0000] {logging_mixin.py:190} INFO - [2025-07-05T21:55:55.743+0000] {dag.py:4180} INFO - Setting next_dagrun for extract_raw_data_pipeline to 2025-07-05 07:59:00+00:00, run_after=2025-07-06 07:00:00+00:00
[2025-07-05T21:55:55.771+0000] {processor.py:208} INFO - Processing /opt/airflow/dags/driven_data_pipeline.py took 0.315 seconds
[2025-07-05T21:56:26.436+0000] {processor.py:186} INFO - Started process (PID=464) to work on /opt/airflow/dags/driven_data_pipeline.py
[2025-07-05T21:56:26.437+0000] {processor.py:914} INFO - Processing file /opt/airflow/dags/driven_data_pipeline.py for tasks to queue
[2025-07-05T21:56:26.440+0000] {logging_mixin.py:190} INFO - [2025-07-05T21:56:26.440+0000] {dagbag.py:588} INFO - Filling up the DagBag from /opt/airflow/dags/driven_data_pipeline.py
[2025-07-05T21:56:26.640+0000] {processor.py:925} INFO - DAG(s) 'extract_raw_data_pipeline' retrieved from /opt/airflow/dags/driven_data_pipeline.py
[2025-07-05T21:56:26.671+0000] {logging_mixin.py:190} INFO - [2025-07-05T21:56:26.671+0000] {dag.py:3239} INFO - Sync 1 DAGs
[2025-07-05T21:56:26.700+0000] {logging_mixin.py:190} INFO - [2025-07-05T21:56:26.699+0000] {dag.py:4180} INFO - Setting next_dagrun for extract_raw_data_pipeline to 2025-07-05 07:59:00+00:00, run_after=2025-07-06 07:00:00+00:00
[2025-07-05T21:56:26.725+0000] {processor.py:208} INFO - Processing /opt/airflow/dags/driven_data_pipeline.py took 0.298 seconds
[2025-07-05T21:56:57.528+0000] {processor.py:186} INFO - Started process (PID=472) to work on /opt/airflow/dags/driven_data_pipeline.py
[2025-07-05T21:56:57.530+0000] {processor.py:914} INFO - Processing file /opt/airflow/dags/driven_data_pipeline.py for tasks to queue
[2025-07-05T21:56:57.539+0000] {logging_mixin.py:190} INFO - [2025-07-05T21:56:57.538+0000] {dagbag.py:588} INFO - Filling up the DagBag from /opt/airflow/dags/driven_data_pipeline.py
[2025-07-05T21:56:57.958+0000] {processor.py:925} INFO - DAG(s) 'extract_raw_data_pipeline' retrieved from /opt/airflow/dags/driven_data_pipeline.py
[2025-07-05T21:56:58.012+0000] {logging_mixin.py:190} INFO - [2025-07-05T21:56:58.011+0000] {dag.py:3239} INFO - Sync 1 DAGs
[2025-07-05T21:56:58.072+0000] {logging_mixin.py:190} INFO - [2025-07-05T21:56:58.071+0000] {dag.py:4180} INFO - Setting next_dagrun for extract_raw_data_pipeline to 2025-07-05 07:59:00+00:00, run_after=2025-07-06 07:00:00+00:00
[2025-07-05T21:56:58.124+0000] {processor.py:208} INFO - Processing /opt/airflow/dags/driven_data_pipeline.py took 0.627 seconds
[2025-07-05T21:57:09.713+0000] {processor.py:186} INFO - Started process (PID=474) to work on /opt/airflow/dags/driven_data_pipeline.py
[2025-07-05T21:57:09.715+0000] {processor.py:914} INFO - Processing file /opt/airflow/dags/driven_data_pipeline.py for tasks to queue
[2025-07-05T21:57:09.719+0000] {logging_mixin.py:190} INFO - [2025-07-05T21:57:09.718+0000] {dagbag.py:588} INFO - Filling up the DagBag from /opt/airflow/dags/driven_data_pipeline.py
[2025-07-05T21:57:09.955+0000] {processor.py:925} INFO - DAG(s) 'extract_raw_data_pipeline' retrieved from /opt/airflow/dags/driven_data_pipeline.py
[2025-07-05T21:57:10.469+0000] {logging_mixin.py:190} INFO - [2025-07-05T21:57:10.469+0000] {dag.py:3239} INFO - Sync 1 DAGs
[2025-07-05T21:57:10.500+0000] {logging_mixin.py:190} INFO - [2025-07-05T21:57:10.500+0000] {dag.py:4180} INFO - Setting next_dagrun for extract_raw_data_pipeline to 2025-07-05 07:59:00+00:00, run_after=2025-07-06 07:00:00+00:00
[2025-07-05T21:57:10.541+0000] {processor.py:208} INFO - Processing /opt/airflow/dags/driven_data_pipeline.py took 0.837 seconds
[2025-07-05T21:57:10.595+0000] {processor.py:186} INFO - Started process (PID=476) to work on /opt/airflow/dags/driven_data_pipeline.py
[2025-07-05T21:57:10.597+0000] {processor.py:914} INFO - Processing file /opt/airflow/dags/driven_data_pipeline.py for tasks to queue
[2025-07-05T21:57:10.600+0000] {logging_mixin.py:190} INFO - [2025-07-05T21:57:10.599+0000] {dagbag.py:588} INFO - Filling up the DagBag from /opt/airflow/dags/driven_data_pipeline.py
[2025-07-05T21:57:10.824+0000] {processor.py:925} INFO - DAG(s) 'extract_raw_data_pipeline' retrieved from /opt/airflow/dags/driven_data_pipeline.py
[2025-07-05T21:57:10.843+0000] {logging_mixin.py:190} INFO - [2025-07-05T21:57:10.842+0000] {dag.py:3239} INFO - Sync 1 DAGs
[2025-07-05T21:57:10.877+0000] {logging_mixin.py:190} INFO - [2025-07-05T21:57:10.877+0000] {dag.py:4180} INFO - Setting next_dagrun for extract_raw_data_pipeline to 2025-07-05 07:59:00+00:00, run_after=2025-07-06 07:00:00+00:00
[2025-07-05T21:57:10.905+0000] {processor.py:208} INFO - Processing /opt/airflow/dags/driven_data_pipeline.py took 0.319 seconds
[2025-07-05T21:57:10.961+0000] {processor.py:186} INFO - Started process (PID=478) to work on /opt/airflow/dags/driven_data_pipeline.py
[2025-07-05T21:57:10.963+0000] {processor.py:914} INFO - Processing file /opt/airflow/dags/driven_data_pipeline.py for tasks to queue
[2025-07-05T21:57:10.967+0000] {logging_mixin.py:190} INFO - [2025-07-05T21:57:10.966+0000] {dagbag.py:588} INFO - Filling up the DagBag from /opt/airflow/dags/driven_data_pipeline.py
[2025-07-05T21:57:11.230+0000] {processor.py:925} INFO - DAG(s) 'extract_raw_data_pipeline' retrieved from /opt/airflow/dags/driven_data_pipeline.py
[2025-07-05T21:57:11.251+0000] {logging_mixin.py:190} INFO - [2025-07-05T21:57:11.250+0000] {dag.py:3239} INFO - Sync 1 DAGs
[2025-07-05T21:57:11.289+0000] {logging_mixin.py:190} INFO - [2025-07-05T21:57:11.289+0000] {dag.py:4180} INFO - Setting next_dagrun for extract_raw_data_pipeline to 2025-07-05 07:59:00+00:00, run_after=2025-07-06 07:00:00+00:00
[2025-07-05T21:57:11.326+0000] {processor.py:208} INFO - Processing /opt/airflow/dags/driven_data_pipeline.py took 0.375 seconds
[2025-07-05T21:57:11.418+0000] {processor.py:186} INFO - Started process (PID=486) to work on /opt/airflow/dags/driven_data_pipeline.py
[2025-07-05T21:57:11.421+0000] {processor.py:914} INFO - Processing file /opt/airflow/dags/driven_data_pipeline.py for tasks to queue
[2025-07-05T21:57:11.427+0000] {logging_mixin.py:190} INFO - [2025-07-05T21:57:11.426+0000] {dagbag.py:588} INFO - Filling up the DagBag from /opt/airflow/dags/driven_data_pipeline.py
[2025-07-05T21:57:11.757+0000] {processor.py:925} INFO - DAG(s) 'extract_raw_data_pipeline' retrieved from /opt/airflow/dags/driven_data_pipeline.py
[2025-07-05T21:57:11.779+0000] {logging_mixin.py:190} INFO - [2025-07-05T21:57:11.778+0000] {dag.py:3239} INFO - Sync 1 DAGs
[2025-07-05T21:57:11.822+0000] {logging_mixin.py:190} INFO - [2025-07-05T21:57:11.821+0000] {dag.py:4180} INFO - Setting next_dagrun for extract_raw_data_pipeline to 2025-07-05 07:59:00+00:00, run_after=2025-07-06 07:00:00+00:00
[2025-07-05T21:57:11.859+0000] {processor.py:208} INFO - Processing /opt/airflow/dags/driven_data_pipeline.py took 0.459 seconds
[2025-07-05T21:57:11.953+0000] {processor.py:186} INFO - Started process (PID=488) to work on /opt/airflow/dags/driven_data_pipeline.py
[2025-07-05T21:57:11.955+0000] {processor.py:914} INFO - Processing file /opt/airflow/dags/driven_data_pipeline.py for tasks to queue
[2025-07-05T21:57:11.960+0000] {logging_mixin.py:190} INFO - [2025-07-05T21:57:11.959+0000] {dagbag.py:588} INFO - Filling up the DagBag from /opt/airflow/dags/driven_data_pipeline.py
[2025-07-05T21:57:12.271+0000] {processor.py:925} INFO - DAG(s) 'extract_raw_data_pipeline' retrieved from /opt/airflow/dags/driven_data_pipeline.py
[2025-07-05T21:57:12.291+0000] {logging_mixin.py:190} INFO - [2025-07-05T21:57:12.291+0000] {dag.py:3239} INFO - Sync 1 DAGs
[2025-07-05T21:57:12.335+0000] {logging_mixin.py:190} INFO - [2025-07-05T21:57:12.334+0000] {dag.py:4180} INFO - Setting next_dagrun for extract_raw_data_pipeline to 2025-07-05 07:59:00+00:00, run_after=2025-07-06 07:00:00+00:00
[2025-07-05T21:57:12.365+0000] {processor.py:208} INFO - Processing /opt/airflow/dags/driven_data_pipeline.py took 0.425 seconds
[2025-07-05T21:57:12.443+0000] {processor.py:186} INFO - Started process (PID=490) to work on /opt/airflow/dags/driven_data_pipeline.py
[2025-07-05T21:57:12.445+0000] {processor.py:914} INFO - Processing file /opt/airflow/dags/driven_data_pipeline.py for tasks to queue
[2025-07-05T21:57:12.450+0000] {logging_mixin.py:190} INFO - [2025-07-05T21:57:12.450+0000] {dagbag.py:588} INFO - Filling up the DagBag from /opt/airflow/dags/driven_data_pipeline.py
[2025-07-05T21:57:12.754+0000] {processor.py:925} INFO - DAG(s) 'extract_raw_data_pipeline' retrieved from /opt/airflow/dags/driven_data_pipeline.py
[2025-07-05T21:57:12.774+0000] {logging_mixin.py:190} INFO - [2025-07-05T21:57:12.773+0000] {dag.py:3239} INFO - Sync 1 DAGs
[2025-07-05T21:57:12.814+0000] {logging_mixin.py:190} INFO - [2025-07-05T21:57:12.814+0000] {dag.py:4180} INFO - Setting next_dagrun for extract_raw_data_pipeline to 2025-07-05 07:59:00+00:00, run_after=2025-07-06 07:00:00+00:00
[2025-07-05T21:57:12.845+0000] {processor.py:208} INFO - Processing /opt/airflow/dags/driven_data_pipeline.py took 0.413 seconds
[2025-07-05T21:57:43.389+0000] {processor.py:186} INFO - Started process (PID=498) to work on /opt/airflow/dags/driven_data_pipeline.py
[2025-07-05T21:57:43.391+0000] {processor.py:914} INFO - Processing file /opt/airflow/dags/driven_data_pipeline.py for tasks to queue
[2025-07-05T21:57:43.395+0000] {logging_mixin.py:190} INFO - [2025-07-05T21:57:43.394+0000] {dagbag.py:588} INFO - Filling up the DagBag from /opt/airflow/dags/driven_data_pipeline.py
[2025-07-05T21:57:43.613+0000] {processor.py:925} INFO - DAG(s) 'extract_raw_data_pipeline' retrieved from /opt/airflow/dags/driven_data_pipeline.py
[2025-07-05T21:57:43.646+0000] {logging_mixin.py:190} INFO - [2025-07-05T21:57:43.645+0000] {dag.py:3239} INFO - Sync 1 DAGs
[2025-07-05T21:57:43.675+0000] {logging_mixin.py:190} INFO - [2025-07-05T21:57:43.675+0000] {dag.py:4180} INFO - Setting next_dagrun for extract_raw_data_pipeline to 2025-07-05 07:59:00+00:00, run_after=2025-07-06 07:00:00+00:00
[2025-07-05T21:57:43.700+0000] {processor.py:208} INFO - Processing /opt/airflow/dags/driven_data_pipeline.py took 0.320 seconds
[2025-07-05T21:58:14.177+0000] {processor.py:186} INFO - Started process (PID=507) to work on /opt/airflow/dags/driven_data_pipeline.py
[2025-07-05T21:58:14.178+0000] {processor.py:914} INFO - Processing file /opt/airflow/dags/driven_data_pipeline.py for tasks to queue
[2025-07-05T21:58:14.182+0000] {logging_mixin.py:190} INFO - [2025-07-05T21:58:14.182+0000] {dagbag.py:588} INFO - Filling up the DagBag from /opt/airflow/dags/driven_data_pipeline.py
[2025-07-05T21:58:14.386+0000] {processor.py:925} INFO - DAG(s) 'extract_raw_data_pipeline' retrieved from /opt/airflow/dags/driven_data_pipeline.py
[2025-07-05T21:58:14.421+0000] {logging_mixin.py:190} INFO - [2025-07-05T21:58:14.421+0000] {dag.py:3239} INFO - Sync 1 DAGs
[2025-07-05T21:58:14.454+0000] {logging_mixin.py:190} INFO - [2025-07-05T21:58:14.454+0000] {dag.py:4180} INFO - Setting next_dagrun for extract_raw_data_pipeline to 2025-07-05 07:59:00+00:00, run_after=2025-07-06 07:00:00+00:00
[2025-07-05T21:58:14.487+0000] {processor.py:208} INFO - Processing /opt/airflow/dags/driven_data_pipeline.py took 0.319 seconds
[2025-07-05T21:58:45.263+0000] {processor.py:186} INFO - Started process (PID=515) to work on /opt/airflow/dags/driven_data_pipeline.py
[2025-07-05T21:58:45.266+0000] {processor.py:914} INFO - Processing file /opt/airflow/dags/driven_data_pipeline.py for tasks to queue
[2025-07-05T21:58:45.275+0000] {logging_mixin.py:190} INFO - [2025-07-05T21:58:45.273+0000] {dagbag.py:588} INFO - Filling up the DagBag from /opt/airflow/dags/driven_data_pipeline.py
[2025-07-05T21:58:45.772+0000] {processor.py:925} INFO - DAG(s) 'extract_raw_data_pipeline' retrieved from /opt/airflow/dags/driven_data_pipeline.py
[2025-07-05T21:58:45.820+0000] {logging_mixin.py:190} INFO - [2025-07-05T21:58:45.820+0000] {dag.py:3239} INFO - Sync 1 DAGs
[2025-07-05T21:58:45.867+0000] {logging_mixin.py:190} INFO - [2025-07-05T21:58:45.867+0000] {dag.py:4180} INFO - Setting next_dagrun for extract_raw_data_pipeline to 2025-07-05 07:59:00+00:00, run_after=2025-07-06 07:00:00+00:00
[2025-07-05T21:58:45.904+0000] {processor.py:208} INFO - Processing /opt/airflow/dags/driven_data_pipeline.py took 0.665 seconds
[2025-07-05T22:02:05.423+0000] {processor.py:186} INFO - Started process (PID=78) to work on /opt/airflow/dags/driven_data_pipeline.py
[2025-07-05T22:02:05.431+0000] {processor.py:914} INFO - Processing file /opt/airflow/dags/driven_data_pipeline.py for tasks to queue
[2025-07-05T22:02:05.444+0000] {logging_mixin.py:190} INFO - [2025-07-05T22:02:05.442+0000] {dagbag.py:588} INFO - Filling up the DagBag from /opt/airflow/dags/driven_data_pipeline.py
[2025-07-05T22:02:15.586+0000] {processor.py:925} INFO - DAG(s) 'extract_raw_data_pipeline' retrieved from /opt/airflow/dags/driven_data_pipeline.py
[2025-07-05T22:02:15.797+0000] {logging_mixin.py:190} INFO - [2025-07-05T22:02:15.796+0000] {dag.py:3239} INFO - Sync 1 DAGs
[2025-07-05T22:02:15.908+0000] {logging_mixin.py:190} INFO - [2025-07-05T22:02:15.907+0000] {dag.py:4180} INFO - Setting next_dagrun for extract_raw_data_pipeline to 2025-07-05 07:59:00+00:00, run_after=2025-07-06 07:00:00+00:00
[2025-07-05T22:02:15.989+0000] {processor.py:208} INFO - Processing /opt/airflow/dags/driven_data_pipeline.py took 10.601 seconds
[2025-07-05T22:02:46.864+0000] {processor.py:186} INFO - Started process (PID=92) to work on /opt/airflow/dags/driven_data_pipeline.py
[2025-07-05T22:02:46.866+0000] {processor.py:914} INFO - Processing file /opt/airflow/dags/driven_data_pipeline.py for tasks to queue
[2025-07-05T22:02:46.875+0000] {logging_mixin.py:190} INFO - [2025-07-05T22:02:46.873+0000] {dagbag.py:588} INFO - Filling up the DagBag from /opt/airflow/dags/driven_data_pipeline.py
[2025-07-05T22:03:05.723+0000] {processor.py:925} INFO - DAG(s) 'extract_raw_data_pipeline' retrieved from /opt/airflow/dags/driven_data_pipeline.py
[2025-07-05T22:03:05.773+0000] {logging_mixin.py:190} INFO - [2025-07-05T22:03:05.773+0000] {dag.py:3239} INFO - Sync 1 DAGs
[2025-07-05T22:03:05.816+0000] {logging_mixin.py:190} INFO - [2025-07-05T22:03:05.815+0000] {dag.py:4180} INFO - Setting next_dagrun for extract_raw_data_pipeline to 2025-07-05 07:59:00+00:00, run_after=2025-07-06 07:00:00+00:00
[2025-07-05T22:03:05.845+0000] {processor.py:208} INFO - Processing /opt/airflow/dags/driven_data_pipeline.py took 21.728 seconds
[2025-07-05T22:03:36.317+0000] {processor.py:186} INFO - Started process (PID=100) to work on /opt/airflow/dags/driven_data_pipeline.py
[2025-07-05T22:03:36.318+0000] {processor.py:914} INFO - Processing file /opt/airflow/dags/driven_data_pipeline.py for tasks to queue
[2025-07-05T22:03:36.322+0000] {logging_mixin.py:190} INFO - [2025-07-05T22:03:36.321+0000] {dagbag.py:588} INFO - Filling up the DagBag from /opt/airflow/dags/driven_data_pipeline.py
[2025-07-05T22:03:55.922+0000] {processor.py:925} INFO - DAG(s) 'extract_raw_data_pipeline' retrieved from /opt/airflow/dags/driven_data_pipeline.py
[2025-07-05T22:03:55.957+0000] {logging_mixin.py:190} INFO - [2025-07-05T22:03:55.957+0000] {dag.py:3239} INFO - Sync 1 DAGs
[2025-07-05T22:03:55.984+0000] {logging_mixin.py:190} INFO - [2025-07-05T22:03:55.983+0000] {dag.py:4180} INFO - Setting next_dagrun for extract_raw_data_pipeline to 2025-07-05 07:59:00+00:00, run_after=2025-07-06 07:00:00+00:00
[2025-07-05T22:03:56.049+0000] {processor.py:208} INFO - Processing /opt/airflow/dags/driven_data_pipeline.py took 19.741 seconds
[2025-07-05T22:04:27.322+0000] {processor.py:186} INFO - Started process (PID=114) to work on /opt/airflow/dags/driven_data_pipeline.py
[2025-07-05T22:04:27.324+0000] {processor.py:914} INFO - Processing file /opt/airflow/dags/driven_data_pipeline.py for tasks to queue
[2025-07-05T22:04:27.329+0000] {logging_mixin.py:190} INFO - [2025-07-05T22:04:27.328+0000] {dagbag.py:588} INFO - Filling up the DagBag from /opt/airflow/dags/driven_data_pipeline.py
[2025-07-05T22:04:28.298+0000] {processor.py:925} INFO - DAG(s) 'extract_raw_data_pipeline' retrieved from /opt/airflow/dags/driven_data_pipeline.py
[2025-07-05T22:04:29.456+0000] {logging_mixin.py:190} INFO - [2025-07-05T22:04:29.456+0000] {dag.py:3239} INFO - Sync 1 DAGs
[2025-07-05T22:04:30.950+0000] {logging_mixin.py:190} INFO - [2025-07-05T22:04:30.949+0000] {dag.py:4180} INFO - Setting next_dagrun for extract_raw_data_pipeline to 2025-07-05 07:59:00+00:00, run_after=2025-07-06 07:00:00+00:00
[2025-07-05T22:04:33.209+0000] {processor.py:208} INFO - Processing /opt/airflow/dags/driven_data_pipeline.py took 5.899 seconds
[2025-07-05T22:05:04.345+0000] {processor.py:186} INFO - Started process (PID=122) to work on /opt/airflow/dags/driven_data_pipeline.py
[2025-07-05T22:05:04.347+0000] {processor.py:914} INFO - Processing file /opt/airflow/dags/driven_data_pipeline.py for tasks to queue
[2025-07-05T22:05:04.352+0000] {logging_mixin.py:190} INFO - [2025-07-05T22:05:04.351+0000] {dagbag.py:588} INFO - Filling up the DagBag from /opt/airflow/dags/driven_data_pipeline.py
[2025-07-05T22:05:04.862+0000] {processor.py:925} INFO - DAG(s) 'extract_raw_data_pipeline' retrieved from /opt/airflow/dags/driven_data_pipeline.py
[2025-07-05T22:05:05.131+0000] {logging_mixin.py:190} INFO - [2025-07-05T22:05:05.130+0000] {dag.py:3239} INFO - Sync 1 DAGs
[2025-07-05T22:05:05.161+0000] {logging_mixin.py:190} INFO - [2025-07-05T22:05:05.161+0000] {dag.py:4180} INFO - Setting next_dagrun for extract_raw_data_pipeline to 2025-07-05 07:59:00+00:00, run_after=2025-07-06 07:00:00+00:00
[2025-07-05T22:05:05.464+0000] {processor.py:208} INFO - Processing /opt/airflow/dags/driven_data_pipeline.py took 1.129 seconds
[2025-07-05T22:05:36.100+0000] {processor.py:186} INFO - Started process (PID=130) to work on /opt/airflow/dags/driven_data_pipeline.py
[2025-07-05T22:05:36.102+0000] {processor.py:914} INFO - Processing file /opt/airflow/dags/driven_data_pipeline.py for tasks to queue
[2025-07-05T22:05:36.106+0000] {logging_mixin.py:190} INFO - [2025-07-05T22:05:36.105+0000] {dagbag.py:588} INFO - Filling up the DagBag from /opt/airflow/dags/driven_data_pipeline.py
[2025-07-05T22:05:37.134+0000] {processor.py:925} INFO - DAG(s) 'extract_raw_data_pipeline' retrieved from /opt/airflow/dags/driven_data_pipeline.py
[2025-07-05T22:05:37.163+0000] {logging_mixin.py:190} INFO - [2025-07-05T22:05:37.163+0000] {dag.py:3239} INFO - Sync 1 DAGs
[2025-07-05T22:05:37.191+0000] {logging_mixin.py:190} INFO - [2025-07-05T22:05:37.190+0000] {dag.py:4180} INFO - Setting next_dagrun for extract_raw_data_pipeline to 2025-07-05 07:59:00+00:00, run_after=2025-07-06 07:00:00+00:00
[2025-07-05T22:05:39.276+0000] {processor.py:208} INFO - Processing /opt/airflow/dags/driven_data_pipeline.py took 3.185 seconds
[2025-07-05T22:06:09.637+0000] {processor.py:186} INFO - Started process (PID=145) to work on /opt/airflow/dags/driven_data_pipeline.py
[2025-07-05T22:06:09.639+0000] {processor.py:914} INFO - Processing file /opt/airflow/dags/driven_data_pipeline.py for tasks to queue
[2025-07-05T22:06:09.644+0000] {logging_mixin.py:190} INFO - [2025-07-05T22:06:09.643+0000] {dagbag.py:588} INFO - Filling up the DagBag from /opt/airflow/dags/driven_data_pipeline.py
[2025-07-05T22:06:10.175+0000] {processor.py:925} INFO - DAG(s) 'extract_raw_data_pipeline' retrieved from /opt/airflow/dags/driven_data_pipeline.py
[2025-07-05T22:06:10.213+0000] {logging_mixin.py:190} INFO - [2025-07-05T22:06:10.213+0000] {dag.py:3239} INFO - Sync 1 DAGs
[2025-07-05T22:06:10.248+0000] {logging_mixin.py:190} INFO - [2025-07-05T22:06:10.248+0000] {dag.py:4180} INFO - Setting next_dagrun for extract_raw_data_pipeline to 2025-07-05 07:59:00+00:00, run_after=2025-07-06 07:00:00+00:00
[2025-07-05T22:06:10.296+0000] {processor.py:208} INFO - Processing /opt/airflow/dags/driven_data_pipeline.py took 0.670 seconds
[2025-07-05T22:06:40.748+0000] {processor.py:186} INFO - Started process (PID=153) to work on /opt/airflow/dags/driven_data_pipeline.py
[2025-07-05T22:06:40.750+0000] {processor.py:914} INFO - Processing file /opt/airflow/dags/driven_data_pipeline.py for tasks to queue
[2025-07-05T22:06:40.766+0000] {logging_mixin.py:190} INFO - [2025-07-05T22:06:40.764+0000] {dagbag.py:588} INFO - Filling up the DagBag from /opt/airflow/dags/driven_data_pipeline.py
[2025-07-05T22:06:38.880+0000] {processor.py:925} INFO - DAG(s) 'extract_raw_data_pipeline' retrieved from /opt/airflow/dags/driven_data_pipeline.py
[2025-07-05T22:06:38.912+0000] {logging_mixin.py:190} INFO - [2025-07-05T22:06:38.912+0000] {dag.py:3239} INFO - Sync 1 DAGs
[2025-07-05T22:06:38.954+0000] {logging_mixin.py:190} INFO - [2025-07-05T22:06:38.954+0000] {dag.py:4180} INFO - Setting next_dagrun for extract_raw_data_pipeline to 2025-07-05 07:59:00+00:00, run_after=2025-07-06 07:00:00+00:00
[2025-07-05T22:06:38.979+0000] {processor.py:208} INFO - Processing /opt/airflow/dags/driven_data_pipeline.py took 1.000 seconds
[2025-07-05T22:07:09.954+0000] {processor.py:186} INFO - Started process (PID=161) to work on /opt/airflow/dags/driven_data_pipeline.py
[2025-07-05T22:07:09.956+0000] {processor.py:914} INFO - Processing file /opt/airflow/dags/driven_data_pipeline.py for tasks to queue
[2025-07-05T22:07:09.962+0000] {logging_mixin.py:190} INFO - [2025-07-05T22:07:09.959+0000] {dagbag.py:588} INFO - Filling up the DagBag from /opt/airflow/dags/driven_data_pipeline.py
[2025-07-05T22:07:10.698+0000] {processor.py:925} INFO - DAG(s) 'extract_raw_data_pipeline' retrieved from /opt/airflow/dags/driven_data_pipeline.py
[2025-07-05T22:07:10.727+0000] {logging_mixin.py:190} INFO - [2025-07-05T22:07:10.727+0000] {dag.py:3239} INFO - Sync 1 DAGs
[2025-07-05T22:07:10.758+0000] {logging_mixin.py:190} INFO - [2025-07-05T22:07:10.758+0000] {dag.py:4180} INFO - Setting next_dagrun for extract_raw_data_pipeline to 2025-07-05 07:59:00+00:00, run_after=2025-07-06 07:00:00+00:00
[2025-07-05T22:07:10.782+0000] {processor.py:208} INFO - Processing /opt/airflow/dags/driven_data_pipeline.py took 0.841 seconds
[2025-07-05T22:07:41.839+0000] {processor.py:186} INFO - Started process (PID=172) to work on /opt/airflow/dags/driven_data_pipeline.py
[2025-07-05T22:07:41.841+0000] {processor.py:914} INFO - Processing file /opt/airflow/dags/driven_data_pipeline.py for tasks to queue
[2025-07-05T22:07:41.847+0000] {logging_mixin.py:190} INFO - [2025-07-05T22:07:41.846+0000] {dagbag.py:588} INFO - Filling up the DagBag from /opt/airflow/dags/driven_data_pipeline.py
[2025-07-05T22:07:42.618+0000] {processor.py:925} INFO - DAG(s) 'extract_raw_data_pipeline' retrieved from /opt/airflow/dags/driven_data_pipeline.py
[2025-07-05T22:07:42.651+0000] {logging_mixin.py:190} INFO - [2025-07-05T22:07:42.650+0000] {dag.py:3239} INFO - Sync 1 DAGs
[2025-07-05T22:07:42.681+0000] {logging_mixin.py:190} INFO - [2025-07-05T22:07:42.680+0000] {dag.py:4180} INFO - Setting next_dagrun for extract_raw_data_pipeline to 2025-07-05 07:59:00+00:00, run_after=2025-07-06 07:00:00+00:00
[2025-07-05T22:07:42.707+0000] {processor.py:208} INFO - Processing /opt/airflow/dags/driven_data_pipeline.py took 0.876 seconds
[2025-07-05T22:08:13.757+0000] {processor.py:186} INFO - Started process (PID=180) to work on /opt/airflow/dags/driven_data_pipeline.py
[2025-07-05T22:08:13.758+0000] {processor.py:914} INFO - Processing file /opt/airflow/dags/driven_data_pipeline.py for tasks to queue
[2025-07-05T22:08:13.762+0000] {logging_mixin.py:190} INFO - [2025-07-05T22:08:13.762+0000] {dagbag.py:588} INFO - Filling up the DagBag from /opt/airflow/dags/driven_data_pipeline.py
[2025-07-05T22:08:14.202+0000] {processor.py:925} INFO - DAG(s) 'extract_raw_data_pipeline' retrieved from /opt/airflow/dags/driven_data_pipeline.py
[2025-07-05T22:08:14.230+0000] {logging_mixin.py:190} INFO - [2025-07-05T22:08:14.230+0000] {dag.py:3239} INFO - Sync 1 DAGs
[2025-07-05T22:08:14.263+0000] {logging_mixin.py:190} INFO - [2025-07-05T22:08:14.263+0000] {dag.py:4180} INFO - Setting next_dagrun for extract_raw_data_pipeline to 2025-07-05 07:59:00+00:00, run_after=2025-07-06 07:00:00+00:00
[2025-07-05T22:08:14.291+0000] {processor.py:208} INFO - Processing /opt/airflow/dags/driven_data_pipeline.py took 0.543 seconds
[2025-07-05T22:08:44.599+0000] {processor.py:186} INFO - Started process (PID=188) to work on /opt/airflow/dags/driven_data_pipeline.py
[2025-07-05T22:08:44.600+0000] {processor.py:914} INFO - Processing file /opt/airflow/dags/driven_data_pipeline.py for tasks to queue
[2025-07-05T22:08:44.604+0000] {logging_mixin.py:190} INFO - [2025-07-05T22:08:44.603+0000] {dagbag.py:588} INFO - Filling up the DagBag from /opt/airflow/dags/driven_data_pipeline.py
[2025-07-05T22:08:45.244+0000] {processor.py:925} INFO - DAG(s) 'extract_raw_data_pipeline' retrieved from /opt/airflow/dags/driven_data_pipeline.py
[2025-07-05T22:08:45.283+0000] {logging_mixin.py:190} INFO - [2025-07-05T22:08:45.283+0000] {dag.py:3239} INFO - Sync 1 DAGs
[2025-07-05T22:08:45.320+0000] {logging_mixin.py:190} INFO - [2025-07-05T22:08:45.320+0000] {dag.py:4180} INFO - Setting next_dagrun for extract_raw_data_pipeline to 2025-07-05 07:59:00+00:00, run_after=2025-07-06 07:00:00+00:00
[2025-07-05T22:08:45.349+0000] {processor.py:208} INFO - Processing /opt/airflow/dags/driven_data_pipeline.py took 0.759 seconds
[2025-07-05T22:09:16.236+0000] {processor.py:186} INFO - Started process (PID=196) to work on /opt/airflow/dags/driven_data_pipeline.py
[2025-07-05T22:09:16.237+0000] {processor.py:914} INFO - Processing file /opt/airflow/dags/driven_data_pipeline.py for tasks to queue
[2025-07-05T22:09:16.241+0000] {logging_mixin.py:190} INFO - [2025-07-05T22:09:16.241+0000] {dagbag.py:588} INFO - Filling up the DagBag from /opt/airflow/dags/driven_data_pipeline.py
[2025-07-05T22:09:16.719+0000] {processor.py:925} INFO - DAG(s) 'extract_raw_data_pipeline' retrieved from /opt/airflow/dags/driven_data_pipeline.py
[2025-07-05T22:09:16.762+0000] {logging_mixin.py:190} INFO - [2025-07-05T22:09:16.761+0000] {dag.py:3239} INFO - Sync 1 DAGs
[2025-07-05T22:09:16.879+0000] {logging_mixin.py:190} INFO - [2025-07-05T22:09:16.878+0000] {dag.py:4180} INFO - Setting next_dagrun for extract_raw_data_pipeline to 2025-07-05 07:59:00+00:00, run_after=2025-07-06 07:00:00+00:00
[2025-07-05T22:09:16.939+0000] {processor.py:208} INFO - Processing /opt/airflow/dags/driven_data_pipeline.py took 0.713 seconds
[2025-07-05T22:09:47.123+0000] {processor.py:186} INFO - Started process (PID=204) to work on /opt/airflow/dags/driven_data_pipeline.py
[2025-07-05T22:09:47.125+0000] {processor.py:914} INFO - Processing file /opt/airflow/dags/driven_data_pipeline.py for tasks to queue
[2025-07-05T22:09:47.132+0000] {logging_mixin.py:190} INFO - [2025-07-05T22:09:47.131+0000] {dagbag.py:588} INFO - Filling up the DagBag from /opt/airflow/dags/driven_data_pipeline.py
[2025-07-05T22:09:47.647+0000] {processor.py:925} INFO - DAG(s) 'extract_raw_data_pipeline' retrieved from /opt/airflow/dags/driven_data_pipeline.py
[2025-07-05T22:09:47.681+0000] {logging_mixin.py:190} INFO - [2025-07-05T22:09:47.681+0000] {dag.py:3239} INFO - Sync 1 DAGs
[2025-07-05T22:09:47.712+0000] {logging_mixin.py:190} INFO - [2025-07-05T22:09:47.711+0000] {dag.py:4180} INFO - Setting next_dagrun for extract_raw_data_pipeline to 2025-07-05 07:59:00+00:00, run_after=2025-07-06 07:00:00+00:00
[2025-07-05T22:09:47.739+0000] {processor.py:208} INFO - Processing /opt/airflow/dags/driven_data_pipeline.py took 0.629 seconds
[2025-07-05T22:10:17.908+0000] {processor.py:186} INFO - Started process (PID=218) to work on /opt/airflow/dags/driven_data_pipeline.py
[2025-07-05T22:10:17.911+0000] {processor.py:914} INFO - Processing file /opt/airflow/dags/driven_data_pipeline.py for tasks to queue
[2025-07-05T22:10:17.921+0000] {logging_mixin.py:190} INFO - [2025-07-05T22:10:17.919+0000] {dagbag.py:588} INFO - Filling up the DagBag from /opt/airflow/dags/driven_data_pipeline.py
[2025-07-05T22:10:17.276+0000] {processor.py:925} INFO - DAG(s) 'extract_raw_data_pipeline' retrieved from /opt/airflow/dags/driven_data_pipeline.py
[2025-07-05T22:10:17.339+0000] {logging_mixin.py:190} INFO - [2025-07-05T22:10:17.339+0000] {dag.py:3239} INFO - Sync 1 DAGs
[2025-07-05T22:10:17.378+0000] {logging_mixin.py:190} INFO - [2025-07-05T22:10:17.378+0000] {dag.py:4180} INFO - Setting next_dagrun for extract_raw_data_pipeline to 2025-07-05 07:59:00+00:00, run_after=2025-07-06 07:00:00+00:00
[2025-07-05T22:10:17.411+0000] {processor.py:208} INFO - Processing /opt/airflow/dags/driven_data_pipeline.py took 2.248 seconds
[2025-07-05T22:10:48.082+0000] {processor.py:186} INFO - Started process (PID=226) to work on /opt/airflow/dags/driven_data_pipeline.py
[2025-07-05T22:10:48.085+0000] {processor.py:914} INFO - Processing file /opt/airflow/dags/driven_data_pipeline.py for tasks to queue
[2025-07-05T22:10:48.094+0000] {logging_mixin.py:190} INFO - [2025-07-05T22:10:48.092+0000] {dagbag.py:588} INFO - Filling up the DagBag from /opt/airflow/dags/driven_data_pipeline.py
[2025-07-05T22:10:49.558+0000] {processor.py:925} INFO - DAG(s) 'extract_raw_data_pipeline' retrieved from /opt/airflow/dags/driven_data_pipeline.py
[2025-07-05T22:10:49.631+0000] {logging_mixin.py:190} INFO - [2025-07-05T22:10:49.631+0000] {dag.py:3239} INFO - Sync 1 DAGs
[2025-07-05T22:10:49.691+0000] {logging_mixin.py:190} INFO - [2025-07-05T22:10:49.690+0000] {dag.py:4180} INFO - Setting next_dagrun for extract_raw_data_pipeline to 2025-07-05 07:59:00+00:00, run_after=2025-07-06 07:00:00+00:00
[2025-07-05T22:10:49.748+0000] {processor.py:208} INFO - Processing /opt/airflow/dags/driven_data_pipeline.py took 1.684 seconds
[2025-07-05T22:11:20.638+0000] {processor.py:186} INFO - Started process (PID=234) to work on /opt/airflow/dags/driven_data_pipeline.py
[2025-07-05T22:11:20.641+0000] {processor.py:914} INFO - Processing file /opt/airflow/dags/driven_data_pipeline.py for tasks to queue
[2025-07-05T22:11:20.651+0000] {logging_mixin.py:190} INFO - [2025-07-05T22:11:20.650+0000] {dagbag.py:588} INFO - Filling up the DagBag from /opt/airflow/dags/driven_data_pipeline.py
[2025-07-05T22:11:21.325+0000] {processor.py:925} INFO - DAG(s) 'extract_raw_data_pipeline' retrieved from /opt/airflow/dags/driven_data_pipeline.py
[2025-07-05T22:11:21.444+0000] {logging_mixin.py:190} INFO - [2025-07-05T22:11:21.442+0000] {dag.py:3239} INFO - Sync 1 DAGs
[2025-07-05T22:11:21.631+0000] {logging_mixin.py:190} INFO - [2025-07-05T22:11:21.630+0000] {dag.py:4180} INFO - Setting next_dagrun for extract_raw_data_pipeline to 2025-07-05 07:59:00+00:00, run_after=2025-07-06 07:00:00+00:00
[2025-07-05T22:11:21.753+0000] {processor.py:208} INFO - Processing /opt/airflow/dags/driven_data_pipeline.py took 1.134 seconds
[2025-07-05T22:11:52.449+0000] {processor.py:186} INFO - Started process (PID=242) to work on /opt/airflow/dags/driven_data_pipeline.py
[2025-07-05T22:11:52.452+0000] {processor.py:914} INFO - Processing file /opt/airflow/dags/driven_data_pipeline.py for tasks to queue
[2025-07-05T22:11:52.461+0000] {logging_mixin.py:190} INFO - [2025-07-05T22:11:52.460+0000] {dagbag.py:588} INFO - Filling up the DagBag from /opt/airflow/dags/driven_data_pipeline.py
[2025-07-05T22:11:53.319+0000] {processor.py:925} INFO - DAG(s) 'extract_raw_data_pipeline' retrieved from /opt/airflow/dags/driven_data_pipeline.py
[2025-07-05T22:11:53.516+0000] {logging_mixin.py:190} INFO - [2025-07-05T22:11:53.515+0000] {dag.py:3239} INFO - Sync 1 DAGs
[2025-07-05T22:11:53.625+0000] {logging_mixin.py:190} INFO - [2025-07-05T22:11:53.624+0000] {dag.py:4180} INFO - Setting next_dagrun for extract_raw_data_pipeline to 2025-07-05 07:59:00+00:00, run_after=2025-07-06 07:00:00+00:00
[2025-07-05T22:11:53.746+0000] {processor.py:208} INFO - Processing /opt/airflow/dags/driven_data_pipeline.py took 1.316 seconds
[2025-07-05T22:12:23.902+0000] {processor.py:186} INFO - Started process (PID=250) to work on /opt/airflow/dags/driven_data_pipeline.py
[2025-07-05T22:12:23.905+0000] {processor.py:914} INFO - Processing file /opt/airflow/dags/driven_data_pipeline.py for tasks to queue
[2025-07-05T22:12:23.913+0000] {logging_mixin.py:190} INFO - [2025-07-05T22:12:23.912+0000] {dagbag.py:588} INFO - Filling up the DagBag from /opt/airflow/dags/driven_data_pipeline.py
[2025-07-05T22:12:24.350+0000] {processor.py:925} INFO - DAG(s) 'extract_raw_data_pipeline' retrieved from /opt/airflow/dags/driven_data_pipeline.py
[2025-07-05T22:12:24.416+0000] {logging_mixin.py:190} INFO - [2025-07-05T22:12:24.416+0000] {dag.py:3239} INFO - Sync 1 DAGs
[2025-07-05T22:12:24.472+0000] {logging_mixin.py:190} INFO - [2025-07-05T22:12:24.471+0000] {dag.py:4180} INFO - Setting next_dagrun for extract_raw_data_pipeline to 2025-07-05 07:59:00+00:00, run_after=2025-07-06 07:00:00+00:00
[2025-07-05T22:12:24.520+0000] {processor.py:208} INFO - Processing /opt/airflow/dags/driven_data_pipeline.py took 0.638 seconds
[2025-07-05T22:12:54.686+0000] {processor.py:186} INFO - Started process (PID=258) to work on /opt/airflow/dags/driven_data_pipeline.py
[2025-07-05T22:12:54.688+0000] {processor.py:914} INFO - Processing file /opt/airflow/dags/driven_data_pipeline.py for tasks to queue
[2025-07-05T22:12:54.692+0000] {logging_mixin.py:190} INFO - [2025-07-05T22:12:54.691+0000] {dagbag.py:588} INFO - Filling up the DagBag from /opt/airflow/dags/driven_data_pipeline.py
[2025-07-05T22:12:54.918+0000] {processor.py:925} INFO - DAG(s) 'extract_raw_data_pipeline' retrieved from /opt/airflow/dags/driven_data_pipeline.py
[2025-07-05T22:12:54.953+0000] {logging_mixin.py:190} INFO - [2025-07-05T22:12:54.952+0000] {dag.py:3239} INFO - Sync 1 DAGs
[2025-07-05T22:12:54.983+0000] {logging_mixin.py:190} INFO - [2025-07-05T22:12:54.982+0000] {dag.py:4180} INFO - Setting next_dagrun for extract_raw_data_pipeline to 2025-07-05 07:59:00+00:00, run_after=2025-07-06 07:00:00+00:00
[2025-07-05T22:12:55.031+0000] {processor.py:208} INFO - Processing /opt/airflow/dags/driven_data_pipeline.py took 0.356 seconds
[2025-07-05T22:13:25.582+0000] {processor.py:186} INFO - Started process (PID=266) to work on /opt/airflow/dags/driven_data_pipeline.py
[2025-07-05T22:13:25.584+0000] {processor.py:914} INFO - Processing file /opt/airflow/dags/driven_data_pipeline.py for tasks to queue
[2025-07-05T22:13:25.588+0000] {logging_mixin.py:190} INFO - [2025-07-05T22:13:25.588+0000] {dagbag.py:588} INFO - Filling up the DagBag from /opt/airflow/dags/driven_data_pipeline.py
[2025-07-05T22:13:25.913+0000] {processor.py:925} INFO - DAG(s) 'extract_raw_data_pipeline' retrieved from /opt/airflow/dags/driven_data_pipeline.py
[2025-07-05T22:13:25.954+0000] {logging_mixin.py:190} INFO - [2025-07-05T22:13:25.953+0000] {dag.py:3239} INFO - Sync 1 DAGs
[2025-07-05T22:13:25.994+0000] {logging_mixin.py:190} INFO - [2025-07-05T22:13:25.994+0000] {dag.py:4180} INFO - Setting next_dagrun for extract_raw_data_pipeline to 2025-07-05 07:59:00+00:00, run_after=2025-07-06 07:00:00+00:00
[2025-07-05T22:13:26.023+0000] {processor.py:208} INFO - Processing /opt/airflow/dags/driven_data_pipeline.py took 0.450 seconds
[2025-07-05T22:13:56.564+0000] {processor.py:186} INFO - Started process (PID=280) to work on /opt/airflow/dags/driven_data_pipeline.py
[2025-07-05T22:13:56.565+0000] {processor.py:914} INFO - Processing file /opt/airflow/dags/driven_data_pipeline.py for tasks to queue
[2025-07-05T22:13:56.569+0000] {logging_mixin.py:190} INFO - [2025-07-05T22:13:56.569+0000] {dagbag.py:588} INFO - Filling up the DagBag from /opt/airflow/dags/driven_data_pipeline.py
[2025-07-05T22:13:56.810+0000] {processor.py:925} INFO - DAG(s) 'extract_raw_data_pipeline' retrieved from /opt/airflow/dags/driven_data_pipeline.py
[2025-07-05T22:13:56.856+0000] {logging_mixin.py:190} INFO - [2025-07-05T22:13:56.856+0000] {dag.py:3239} INFO - Sync 1 DAGs
[2025-07-05T22:13:56.899+0000] {logging_mixin.py:190} INFO - [2025-07-05T22:13:56.899+0000] {dag.py:4180} INFO - Setting next_dagrun for extract_raw_data_pipeline to 2025-07-05 07:59:00+00:00, run_after=2025-07-06 07:00:00+00:00
[2025-07-05T22:13:56.939+0000] {processor.py:208} INFO - Processing /opt/airflow/dags/driven_data_pipeline.py took 0.385 seconds
[2025-07-05T22:14:27.341+0000] {processor.py:186} INFO - Started process (PID=288) to work on /opt/airflow/dags/driven_data_pipeline.py
[2025-07-05T22:14:27.343+0000] {processor.py:914} INFO - Processing file /opt/airflow/dags/driven_data_pipeline.py for tasks to queue
[2025-07-05T22:14:27.346+0000] {logging_mixin.py:190} INFO - [2025-07-05T22:14:27.346+0000] {dagbag.py:588} INFO - Filling up the DagBag from /opt/airflow/dags/driven_data_pipeline.py
[2025-07-05T22:14:27.618+0000] {processor.py:925} INFO - DAG(s) 'extract_raw_data_pipeline' retrieved from /opt/airflow/dags/driven_data_pipeline.py
[2025-07-05T22:14:27.657+0000] {logging_mixin.py:190} INFO - [2025-07-05T22:14:27.657+0000] {dag.py:3239} INFO - Sync 1 DAGs
[2025-07-05T22:14:27.715+0000] {logging_mixin.py:190} INFO - [2025-07-05T22:14:27.714+0000] {dag.py:4180} INFO - Setting next_dagrun for extract_raw_data_pipeline to 2025-07-05 07:59:00+00:00, run_after=2025-07-06 07:00:00+00:00
[2025-07-05T22:14:27.769+0000] {processor.py:208} INFO - Processing /opt/airflow/dags/driven_data_pipeline.py took 0.438 seconds
[2025-07-05T22:14:58.174+0000] {processor.py:186} INFO - Started process (PID=296) to work on /opt/airflow/dags/driven_data_pipeline.py
[2025-07-05T22:14:58.176+0000] {processor.py:914} INFO - Processing file /opt/airflow/dags/driven_data_pipeline.py for tasks to queue
[2025-07-05T22:14:58.181+0000] {logging_mixin.py:190} INFO - [2025-07-05T22:14:58.180+0000] {dagbag.py:588} INFO - Filling up the DagBag from /opt/airflow/dags/driven_data_pipeline.py
[2025-07-05T22:14:58.429+0000] {processor.py:925} INFO - DAG(s) 'extract_raw_data_pipeline' retrieved from /opt/airflow/dags/driven_data_pipeline.py
[2025-07-05T22:14:58.467+0000] {logging_mixin.py:190} INFO - [2025-07-05T22:14:58.467+0000] {dag.py:3239} INFO - Sync 1 DAGs
[2025-07-05T22:14:58.503+0000] {logging_mixin.py:190} INFO - [2025-07-05T22:14:58.503+0000] {dag.py:4180} INFO - Setting next_dagrun for extract_raw_data_pipeline to 2025-07-05 07:59:00+00:00, run_after=2025-07-06 07:00:00+00:00
[2025-07-05T22:14:58.541+0000] {processor.py:208} INFO - Processing /opt/airflow/dags/driven_data_pipeline.py took 0.376 seconds
[2025-07-05T22:15:29.118+0000] {processor.py:186} INFO - Started process (PID=304) to work on /opt/airflow/dags/driven_data_pipeline.py
[2025-07-05T22:15:29.120+0000] {processor.py:914} INFO - Processing file /opt/airflow/dags/driven_data_pipeline.py for tasks to queue
[2025-07-05T22:15:29.125+0000] {logging_mixin.py:190} INFO - [2025-07-05T22:15:29.124+0000] {dagbag.py:588} INFO - Filling up the DagBag from /opt/airflow/dags/driven_data_pipeline.py
[2025-07-05T22:15:29.465+0000] {processor.py:925} INFO - DAG(s) 'extract_raw_data_pipeline' retrieved from /opt/airflow/dags/driven_data_pipeline.py
[2025-07-05T22:15:29.514+0000] {logging_mixin.py:190} INFO - [2025-07-05T22:15:29.513+0000] {dag.py:3239} INFO - Sync 1 DAGs
[2025-07-05T22:15:29.555+0000] {logging_mixin.py:190} INFO - [2025-07-05T22:15:29.554+0000] {dag.py:4180} INFO - Setting next_dagrun for extract_raw_data_pipeline to 2025-07-05 07:59:00+00:00, run_after=2025-07-06 07:00:00+00:00
[2025-07-05T22:15:29.582+0000] {processor.py:208} INFO - Processing /opt/airflow/dags/driven_data_pipeline.py took 0.475 seconds
[2025-07-05T22:16:00.300+0000] {processor.py:186} INFO - Started process (PID=312) to work on /opt/airflow/dags/driven_data_pipeline.py
[2025-07-05T22:16:00.302+0000] {processor.py:914} INFO - Processing file /opt/airflow/dags/driven_data_pipeline.py for tasks to queue
[2025-07-05T22:16:00.306+0000] {logging_mixin.py:190} INFO - [2025-07-05T22:16:00.305+0000] {dagbag.py:588} INFO - Filling up the DagBag from /opt/airflow/dags/driven_data_pipeline.py
[2025-07-05T22:16:00.551+0000] {processor.py:925} INFO - DAG(s) 'extract_raw_data_pipeline' retrieved from /opt/airflow/dags/driven_data_pipeline.py
[2025-07-05T22:16:00.591+0000] {logging_mixin.py:190} INFO - [2025-07-05T22:16:00.591+0000] {dag.py:3239} INFO - Sync 1 DAGs
[2025-07-05T22:16:00.629+0000] {logging_mixin.py:190} INFO - [2025-07-05T22:16:00.628+0000] {dag.py:4180} INFO - Setting next_dagrun for extract_raw_data_pipeline to 2025-07-05 07:59:00+00:00, run_after=2025-07-06 07:00:00+00:00
[2025-07-05T22:16:00.658+0000] {processor.py:208} INFO - Processing /opt/airflow/dags/driven_data_pipeline.py took 0.367 seconds
[2025-07-05T22:16:31.416+0000] {processor.py:186} INFO - Started process (PID=320) to work on /opt/airflow/dags/driven_data_pipeline.py
[2025-07-05T22:16:31.419+0000] {processor.py:914} INFO - Processing file /opt/airflow/dags/driven_data_pipeline.py for tasks to queue
[2025-07-05T22:16:31.426+0000] {logging_mixin.py:190} INFO - [2025-07-05T22:16:31.425+0000] {dagbag.py:588} INFO - Filling up the DagBag from /opt/airflow/dags/driven_data_pipeline.py
[2025-07-05T22:16:31.767+0000] {processor.py:925} INFO - DAG(s) 'extract_raw_data_pipeline' retrieved from /opt/airflow/dags/driven_data_pipeline.py
[2025-07-05T22:16:31.812+0000] {logging_mixin.py:190} INFO - [2025-07-05T22:16:31.811+0000] {dag.py:3239} INFO - Sync 1 DAGs
[2025-07-05T22:16:31.853+0000] {logging_mixin.py:190} INFO - [2025-07-05T22:16:31.853+0000] {dag.py:4180} INFO - Setting next_dagrun for extract_raw_data_pipeline to 2025-07-05 07:59:00+00:00, run_after=2025-07-06 07:00:00+00:00
[2025-07-05T22:16:31.886+0000] {processor.py:208} INFO - Processing /opt/airflow/dags/driven_data_pipeline.py took 0.484 seconds
[2025-07-05T22:16:50.094+0000] {processor.py:186} INFO - Started process (PID=328) to work on /opt/airflow/dags/driven_data_pipeline.py
[2025-07-05T22:16:50.097+0000] {processor.py:914} INFO - Processing file /opt/airflow/dags/driven_data_pipeline.py for tasks to queue
[2025-07-05T22:16:50.102+0000] {logging_mixin.py:190} INFO - [2025-07-05T22:16:50.101+0000] {dagbag.py:588} INFO - Filling up the DagBag from /opt/airflow/dags/driven_data_pipeline.py
[2025-07-05T22:16:50.523+0000] {processor.py:925} INFO - DAG(s) 'extract_raw_data_pipeline' retrieved from /opt/airflow/dags/driven_data_pipeline.py
[2025-07-05T22:16:50.630+0000] {logging_mixin.py:190} INFO - [2025-07-05T22:16:50.629+0000] {dag.py:3239} INFO - Sync 1 DAGs
[2025-07-05T22:16:50.769+0000] {logging_mixin.py:190} INFO - [2025-07-05T22:16:50.766+0000] {dag.py:4180} INFO - Setting next_dagrun for extract_raw_data_pipeline to 2025-07-05 07:59:00+00:00, run_after=2025-07-06 07:00:00+00:00
[2025-07-05T22:16:50.891+0000] {processor.py:208} INFO - Processing /opt/airflow/dags/driven_data_pipeline.py took 0.810 seconds
[2025-07-05T22:16:51.086+0000] {processor.py:186} INFO - Started process (PID=330) to work on /opt/airflow/dags/driven_data_pipeline.py
[2025-07-05T22:16:51.089+0000] {processor.py:914} INFO - Processing file /opt/airflow/dags/driven_data_pipeline.py for tasks to queue
[2025-07-05T22:16:51.098+0000] {logging_mixin.py:190} INFO - [2025-07-05T22:16:51.097+0000] {dagbag.py:588} INFO - Filling up the DagBag from /opt/airflow/dags/driven_data_pipeline.py
[2025-07-05T22:16:51.580+0000] {processor.py:925} INFO - DAG(s) 'extract_raw_data_pipeline' retrieved from /opt/airflow/dags/driven_data_pipeline.py
[2025-07-05T22:16:51.671+0000] {logging_mixin.py:190} INFO - [2025-07-05T22:16:51.669+0000] {dag.py:3239} INFO - Sync 1 DAGs
[2025-07-05T22:16:51.776+0000] {logging_mixin.py:190} INFO - [2025-07-05T22:16:51.775+0000] {dag.py:4180} INFO - Setting next_dagrun for extract_raw_data_pipeline to 2025-07-05 07:59:00+00:00, run_after=2025-07-06 07:00:00+00:00
[2025-07-05T22:16:51.836+0000] {processor.py:208} INFO - Processing /opt/airflow/dags/driven_data_pipeline.py took 0.774 seconds
[2025-07-05T22:16:51.953+0000] {processor.py:186} INFO - Started process (PID=332) to work on /opt/airflow/dags/driven_data_pipeline.py
[2025-07-05T22:16:51.955+0000] {processor.py:914} INFO - Processing file /opt/airflow/dags/driven_data_pipeline.py for tasks to queue
[2025-07-05T22:16:51.963+0000] {logging_mixin.py:190} INFO - [2025-07-05T22:16:51.962+0000] {dagbag.py:588} INFO - Filling up the DagBag from /opt/airflow/dags/driven_data_pipeline.py
[2025-07-05T22:16:52.481+0000] {processor.py:925} INFO - DAG(s) 'extract_raw_data_pipeline' retrieved from /opt/airflow/dags/driven_data_pipeline.py
[2025-07-05T22:16:52.567+0000] {logging_mixin.py:190} INFO - [2025-07-05T22:16:52.565+0000] {dag.py:3239} INFO - Sync 1 DAGs
[2025-07-05T22:16:52.642+0000] {logging_mixin.py:190} INFO - [2025-07-05T22:16:52.642+0000] {dag.py:4180} INFO - Setting next_dagrun for extract_raw_data_pipeline to 2025-07-05 07:59:00+00:00, run_after=2025-07-06 07:00:00+00:00
[2025-07-05T22:16:52.684+0000] {processor.py:208} INFO - Processing /opt/airflow/dags/driven_data_pipeline.py took 0.751 seconds
[2025-07-05T22:17:23.902+0000] {processor.py:186} INFO - Started process (PID=344) to work on /opt/airflow/dags/driven_data_pipeline.py
[2025-07-05T22:17:23.938+0000] {processor.py:914} INFO - Processing file /opt/airflow/dags/driven_data_pipeline.py for tasks to queue
[2025-07-05T22:17:23.991+0000] {logging_mixin.py:190} INFO - [2025-07-05T22:17:23.986+0000] {dagbag.py:588} INFO - Filling up the DagBag from /opt/airflow/dags/driven_data_pipeline.py
[2025-07-05T22:17:25.684+0000] {processor.py:925} INFO - DAG(s) 'extract_raw_data_pipeline' retrieved from /opt/airflow/dags/driven_data_pipeline.py
[2025-07-05T22:17:25.775+0000] {logging_mixin.py:190} INFO - [2025-07-05T22:17:25.774+0000] {dag.py:3239} INFO - Sync 1 DAGs
[2025-07-05T22:17:25.876+0000] {logging_mixin.py:190} INFO - [2025-07-05T22:17:25.875+0000] {dag.py:4180} INFO - Setting next_dagrun for extract_raw_data_pipeline to 2025-07-05 07:59:00+00:00, run_after=2025-07-06 07:00:00+00:00
[2025-07-05T22:17:25.943+0000] {processor.py:208} INFO - Processing /opt/airflow/dags/driven_data_pipeline.py took 2.104 seconds
[2025-07-05T22:17:56.823+0000] {processor.py:186} INFO - Started process (PID=352) to work on /opt/airflow/dags/driven_data_pipeline.py
[2025-07-05T22:17:56.825+0000] {processor.py:914} INFO - Processing file /opt/airflow/dags/driven_data_pipeline.py for tasks to queue
[2025-07-05T22:17:56.830+0000] {logging_mixin.py:190} INFO - [2025-07-05T22:17:56.829+0000] {dagbag.py:588} INFO - Filling up the DagBag from /opt/airflow/dags/driven_data_pipeline.py
[2025-07-05T22:17:57.041+0000] {processor.py:925} INFO - DAG(s) 'extract_raw_data_pipeline' retrieved from /opt/airflow/dags/driven_data_pipeline.py
[2025-07-05T22:17:57.074+0000] {logging_mixin.py:190} INFO - [2025-07-05T22:17:57.073+0000] {dag.py:3239} INFO - Sync 1 DAGs
[2025-07-05T22:17:57.104+0000] {logging_mixin.py:190} INFO - [2025-07-05T22:17:57.104+0000] {dag.py:4180} INFO - Setting next_dagrun for extract_raw_data_pipeline to 2025-07-05 07:59:00+00:00, run_after=2025-07-06 07:00:00+00:00
[2025-07-05T22:17:57.136+0000] {processor.py:208} INFO - Processing /opt/airflow/dags/driven_data_pipeline.py took 0.322 seconds
[2025-07-05T22:18:27.776+0000] {processor.py:186} INFO - Started process (PID=360) to work on /opt/airflow/dags/driven_data_pipeline.py
[2025-07-05T22:18:27.778+0000] {processor.py:914} INFO - Processing file /opt/airflow/dags/driven_data_pipeline.py for tasks to queue
[2025-07-05T22:18:27.782+0000] {logging_mixin.py:190} INFO - [2025-07-05T22:18:27.782+0000] {dagbag.py:588} INFO - Filling up the DagBag from /opt/airflow/dags/driven_data_pipeline.py
[2025-07-05T22:18:28.057+0000] {processor.py:925} INFO - DAG(s) 'extract_raw_data_pipeline' retrieved from /opt/airflow/dags/driven_data_pipeline.py
[2025-07-05T22:18:28.103+0000] {logging_mixin.py:190} INFO - [2025-07-05T22:18:28.102+0000] {dag.py:3239} INFO - Sync 1 DAGs
[2025-07-05T22:18:28.144+0000] {logging_mixin.py:190} INFO - [2025-07-05T22:18:28.144+0000] {dag.py:4180} INFO - Setting next_dagrun for extract_raw_data_pipeline to 2025-07-05 07:59:00+00:00, run_after=2025-07-06 07:00:00+00:00
[2025-07-05T22:18:28.179+0000] {processor.py:208} INFO - Processing /opt/airflow/dags/driven_data_pipeline.py took 0.414 seconds
[2025-07-05T22:18:58.409+0000] {processor.py:186} INFO - Started process (PID=374) to work on /opt/airflow/dags/driven_data_pipeline.py
[2025-07-05T22:18:58.410+0000] {processor.py:914} INFO - Processing file /opt/airflow/dags/driven_data_pipeline.py for tasks to queue
[2025-07-05T22:18:58.414+0000] {logging_mixin.py:190} INFO - [2025-07-05T22:18:58.414+0000] {dagbag.py:588} INFO - Filling up the DagBag from /opt/airflow/dags/driven_data_pipeline.py
[2025-07-05T22:18:55.291+0000] {processor.py:925} INFO - DAG(s) 'extract_raw_data_pipeline' retrieved from /opt/airflow/dags/driven_data_pipeline.py
[2025-07-05T22:18:55.340+0000] {logging_mixin.py:190} INFO - [2025-07-05T22:18:55.340+0000] {dag.py:3239} INFO - Sync 1 DAGs
[2025-07-05T22:18:55.389+0000] {logging_mixin.py:190} INFO - [2025-07-05T22:18:55.388+0000] {dag.py:4180} INFO - Setting next_dagrun for extract_raw_data_pipeline to 2025-07-05 07:59:00+00:00, run_after=2025-07-06 07:00:00+00:00
[2025-07-05T22:18:55.423+0000] {processor.py:208} INFO - Processing /opt/airflow/dags/driven_data_pipeline.py took 0.411 seconds
[2025-07-05T22:19:23.201+0000] {processor.py:186} INFO - Started process (PID=376) to work on /opt/airflow/dags/driven_data_pipeline.py
[2025-07-05T22:19:23.203+0000] {processor.py:914} INFO - Processing file /opt/airflow/dags/driven_data_pipeline.py for tasks to queue
[2025-07-05T22:19:23.213+0000] {logging_mixin.py:190} INFO - [2025-07-05T22:19:23.210+0000] {dagbag.py:588} INFO - Filling up the DagBag from /opt/airflow/dags/driven_data_pipeline.py
[2025-07-05T22:19:23.644+0000] {processor.py:925} INFO - DAG(s) 'extract_raw_data_pipeline' retrieved from /opt/airflow/dags/driven_data_pipeline.py
[2025-07-05T22:19:23.732+0000] {logging_mixin.py:190} INFO - [2025-07-05T22:19:23.731+0000] {dag.py:3239} INFO - Sync 1 DAGs
[2025-07-05T22:19:23.799+0000] {logging_mixin.py:190} INFO - [2025-07-05T22:19:23.798+0000] {dag.py:4180} INFO - Setting next_dagrun for extract_raw_data_pipeline to 2025-07-05 07:59:00+00:00, run_after=2025-07-06 07:00:00+00:00
[2025-07-05T22:19:23.845+0000] {processor.py:208} INFO - Processing /opt/airflow/dags/driven_data_pipeline.py took 0.658 seconds
[2025-07-05T22:22:22.538+0000] {processor.py:186} INFO - Started process (PID=78) to work on /opt/airflow/dags/driven_data_pipeline.py
[2025-07-05T22:22:22.554+0000] {processor.py:914} INFO - Processing file /opt/airflow/dags/driven_data_pipeline.py for tasks to queue
[2025-07-05T22:22:22.614+0000] {logging_mixin.py:190} INFO - [2025-07-05T22:22:22.608+0000] {dagbag.py:588} INFO - Filling up the DagBag from /opt/airflow/dags/driven_data_pipeline.py
[2025-07-05T22:22:25.522+0000] {processor.py:925} INFO - DAG(s) 'extract_raw_data_pipeline' retrieved from /opt/airflow/dags/driven_data_pipeline.py
[2025-07-05T22:22:25.670+0000] {logging_mixin.py:190} INFO - [2025-07-05T22:22:25.669+0000] {dag.py:3239} INFO - Sync 1 DAGs
[2025-07-05T22:22:25.751+0000] {logging_mixin.py:190} INFO - [2025-07-05T22:22:25.750+0000] {dag.py:4180} INFO - Setting next_dagrun for extract_raw_data_pipeline to 2025-07-05 07:59:00+00:00, run_after=2025-07-06 07:00:00+00:00
[2025-07-05T22:22:25.818+0000] {processor.py:208} INFO - Processing /opt/airflow/dags/driven_data_pipeline.py took 3.379 seconds
[2025-07-05T22:23:00.165+0000] {processor.py:186} INFO - Started process (PID=86) to work on /opt/airflow/dags/driven_data_pipeline.py
[2025-07-05T22:23:00.166+0000] {processor.py:914} INFO - Processing file /opt/airflow/dags/driven_data_pipeline.py for tasks to queue
[2025-07-05T22:23:01.367+0000] {logging_mixin.py:190} INFO - [2025-07-05T22:23:00.865+0000] {dagbag.py:588} INFO - Filling up the DagBag from /opt/airflow/dags/driven_data_pipeline.py
[2025-07-05T22:23:08.258+0000] {processor.py:925} INFO - DAG(s) 'extract_raw_data_pipeline' retrieved from /opt/airflow/dags/driven_data_pipeline.py
[2025-07-05T22:23:08.424+0000] {logging_mixin.py:190} INFO - [2025-07-05T22:23:08.421+0000] {dag.py:3239} INFO - Sync 1 DAGs
[2025-07-05T22:23:08.520+0000] {logging_mixin.py:190} INFO - [2025-07-05T22:23:08.519+0000] {dag.py:4180} INFO - Setting next_dagrun for extract_raw_data_pipeline to 2025-07-05 07:59:00+00:00, run_after=2025-07-06 07:00:00+00:00
[2025-07-05T22:23:08.601+0000] {processor.py:208} INFO - Processing /opt/airflow/dags/driven_data_pipeline.py took 11.172 seconds
[2025-07-05T22:23:41.390+0000] {processor.py:186} INFO - Started process (PID=102) to work on /opt/airflow/dags/driven_data_pipeline.py
[2025-07-05T22:23:41.394+0000] {processor.py:914} INFO - Processing file /opt/airflow/dags/driven_data_pipeline.py for tasks to queue
[2025-07-05T22:23:41.427+0000] {logging_mixin.py:190} INFO - [2025-07-05T22:23:41.401+0000] {dagbag.py:588} INFO - Filling up the DagBag from /opt/airflow/dags/driven_data_pipeline.py
[2025-07-05T22:23:57.775+0000] {processor.py:925} INFO - DAG(s) 'extract_raw_data_pipeline' retrieved from /opt/airflow/dags/driven_data_pipeline.py
[2025-07-05T22:23:58.734+0000] {logging_mixin.py:190} INFO - [2025-07-05T22:23:58.733+0000] {dag.py:3239} INFO - Sync 1 DAGs
[2025-07-05T22:23:58.907+0000] {logging_mixin.py:190} INFO - [2025-07-05T22:23:58.905+0000] {dag.py:4180} INFO - Setting next_dagrun for extract_raw_data_pipeline to 2025-07-05 07:59:00+00:00, run_after=2025-07-06 07:00:00+00:00
[2025-07-05T22:23:58.989+0000] {processor.py:208} INFO - Processing /opt/airflow/dags/driven_data_pipeline.py took 22.391 seconds
[2025-07-05T22:24:30.262+0000] {processor.py:186} INFO - Started process (PID=110) to work on /opt/airflow/dags/driven_data_pipeline.py
[2025-07-05T22:24:30.267+0000] {processor.py:914} INFO - Processing file /opt/airflow/dags/driven_data_pipeline.py for tasks to queue
[2025-07-05T22:24:30.301+0000] {logging_mixin.py:190} INFO - [2025-07-05T22:24:30.286+0000] {dagbag.py:588} INFO - Filling up the DagBag from /opt/airflow/dags/driven_data_pipeline.py
[2025-07-05T22:24:57.635+0000] {logging_mixin.py:190} INFO - [2025-07-05T22:24:57.613+0000] {timeout.py:68} ERROR - Process timed out, PID: 110
[2025-07-05T22:24:57.793+0000] {logging_mixin.py:190} INFO - [2025-07-05T22:24:57.657+0000] {dagbag.py:387} ERROR - Failed to import: /opt/airflow/dags/driven_data_pipeline.py
Traceback (most recent call last):
  File "/home/airflow/.local/lib/python3.12/site-packages/airflow/models/dagbag.py", line 383, in parse
    loader.exec_module(new_module)
  File "<frozen importlib._bootstrap_external>", line 995, in exec_module
  File "<frozen importlib._bootstrap>", line 488, in _call_with_frames_removed
  File "/opt/airflow/dags/driven_data_pipeline.py", line 6, in <module>
    import polars as pl
  File "/home/airflow/.local/lib/python3.12/site-packages/polars/__init__.py", line 21, in <module>
    from polars import api, exceptions, plugins, selectors
  File "/home/airflow/.local/lib/python3.12/site-packages/polars/api.py", line 6, in <module>
    import polars._reexport as pl
  File "/home/airflow/.local/lib/python3.12/site-packages/polars/_reexport.py", line 3, in <module>
    from polars.dataframe import DataFrame
  File "/home/airflow/.local/lib/python3.12/site-packages/polars/dataframe/__init__.py", line 1, in <module>
    from polars.dataframe.frame import DataFrame
  File "/home/airflow/.local/lib/python3.12/site-packages/polars/dataframe/frame.py", line 32, in <module>
    from polars import functions as F
  File "/home/airflow/.local/lib/python3.12/site-packages/polars/functions/__init__.py", line 1, in <module>
    from polars.functions.aggregation import (
  File "/home/airflow/.local/lib/python3.12/site-packages/polars/functions/aggregation/__init__.py", line 1, in <module>
    from polars.functions.aggregation.horizontal import (
  File "/home/airflow/.local/lib/python3.12/site-packages/polars/functions/aggregation/horizontal.py", line 7, in <module>
    from polars._utils.parse import parse_into_list_of_expressions
  File "/home/airflow/.local/lib/python3.12/site-packages/polars/_utils/parse/__init__.py", line 1, in <module>
    from polars._utils.parse.expr import (
  File "<frozen importlib._bootstrap>", line 1357, in _find_and_load
  File "<frozen importlib._bootstrap>", line 420, in __exit__
  File "/home/airflow/.local/lib/python3.12/site-packages/airflow/utils/timeout.py", line 69, in handle_timeout
    raise AirflowTaskTimeout(self.error_message)
airflow.exceptions.AirflowTaskTimeout: DagBag import timeout for /opt/airflow/dags/driven_data_pipeline.py after 30.0s.
Please take a look at these docs to improve your DAG import time:
* https://airflow.apache.org/docs/apache-airflow/2.10.2/best-practices.html#top-level-python-code
* https://airflow.apache.org/docs/apache-airflow/2.10.2/best-practices.html#reducing-dag-complexity, PID: 110
[2025-07-05T22:24:57.801+0000] {processor.py:927} WARNING - No viable dags retrieved from /opt/airflow/dags/driven_data_pipeline.py
[2025-07-05T22:24:58.226+0000] {processor.py:208} INFO - Processing /opt/airflow/dags/driven_data_pipeline.py took 30.777 seconds
[2025-07-05T22:25:28.516+0000] {processor.py:186} INFO - Started process (PID=118) to work on /opt/airflow/dags/driven_data_pipeline.py
[2025-07-05T22:25:28.521+0000] {processor.py:914} INFO - Processing file /opt/airflow/dags/driven_data_pipeline.py for tasks to queue
[2025-07-05T22:25:28.530+0000] {logging_mixin.py:190} INFO - [2025-07-05T22:25:28.525+0000] {dagbag.py:588} INFO - Filling up the DagBag from /opt/airflow/dags/driven_data_pipeline.py
[2025-07-05T22:25:31.988+0000] {processor.py:925} INFO - DAG(s) 'extract_raw_data_pipeline' retrieved from /opt/airflow/dags/driven_data_pipeline.py
[2025-07-05T22:25:32.748+0000] {logging_mixin.py:190} INFO - [2025-07-05T22:25:32.746+0000] {dag.py:3239} INFO - Sync 1 DAGs
[2025-07-05T22:25:32.811+0000] {logging_mixin.py:190} INFO - [2025-07-05T22:25:32.811+0000] {dag.py:4180} INFO - Setting next_dagrun for extract_raw_data_pipeline to 2025-07-05 07:59:00+00:00, run_after=2025-07-06 07:00:00+00:00
[2025-07-05T22:25:32.854+0000] {processor.py:208} INFO - Processing /opt/airflow/dags/driven_data_pipeline.py took 4.370 seconds
[2025-07-05T22:26:05.554+0000] {processor.py:186} INFO - Started process (PID=126) to work on /opt/airflow/dags/driven_data_pipeline.py
[2025-07-05T22:26:05.555+0000] {processor.py:914} INFO - Processing file /opt/airflow/dags/driven_data_pipeline.py for tasks to queue
[2025-07-05T22:26:05.557+0000] {logging_mixin.py:190} INFO - [2025-07-05T22:26:05.557+0000] {dagbag.py:588} INFO - Filling up the DagBag from /opt/airflow/dags/driven_data_pipeline.py
[2025-07-05T22:26:12.897+0000] {processor.py:925} INFO - DAG(s) 'extract_raw_data_pipeline' retrieved from /opt/airflow/dags/driven_data_pipeline.py
[2025-07-05T22:26:13.490+0000] {logging_mixin.py:190} INFO - [2025-07-05T22:26:13.489+0000] {dag.py:3239} INFO - Sync 1 DAGs
[2025-07-05T22:26:13.683+0000] {logging_mixin.py:190} INFO - [2025-07-05T22:26:13.683+0000] {dag.py:4180} INFO - Setting next_dagrun for extract_raw_data_pipeline to 2025-07-05 07:59:00+00:00, run_after=2025-07-06 07:00:00+00:00
[2025-07-05T22:26:13.805+0000] {processor.py:208} INFO - Processing /opt/airflow/dags/driven_data_pipeline.py took 9.895 seconds
[2025-07-05T22:26:42.430+0000] {processor.py:186} INFO - Started process (PID=146) to work on /opt/airflow/dags/driven_data_pipeline.py
[2025-07-05T22:26:42.434+0000] {processor.py:914} INFO - Processing file /opt/airflow/dags/driven_data_pipeline.py for tasks to queue
[2025-07-05T22:26:42.688+0000] {logging_mixin.py:190} INFO - [2025-07-05T22:26:42.438+0000] {dagbag.py:588} INFO - Filling up the DagBag from /opt/airflow/dags/driven_data_pipeline.py
[2025-07-05T22:26:48.718+0000] {processor.py:925} INFO - DAG(s) 'extract_raw_data_pipeline' retrieved from /opt/airflow/dags/driven_data_pipeline.py
[2025-07-05T22:26:48.883+0000] {logging_mixin.py:190} INFO - [2025-07-05T22:26:48.882+0000] {dag.py:3239} INFO - Sync 1 DAGs
[2025-07-05T22:26:48.951+0000] {logging_mixin.py:190} INFO - [2025-07-05T22:26:48.951+0000] {dag.py:4180} INFO - Setting next_dagrun for extract_raw_data_pipeline to 2025-07-05 07:59:00+00:00, run_after=2025-07-06 07:00:00+00:00
[2025-07-05T22:26:48.997+0000] {processor.py:208} INFO - Processing /opt/airflow/dags/driven_data_pipeline.py took 7.956 seconds
[2025-07-05T22:27:20.257+0000] {processor.py:186} INFO - Started process (PID=160) to work on /opt/airflow/dags/driven_data_pipeline.py
[2025-07-05T22:27:20.259+0000] {processor.py:914} INFO - Processing file /opt/airflow/dags/driven_data_pipeline.py for tasks to queue
[2025-07-05T22:27:20.398+0000] {logging_mixin.py:190} INFO - [2025-07-05T22:27:20.262+0000] {dagbag.py:588} INFO - Filling up the DagBag from /opt/airflow/dags/driven_data_pipeline.py
[2025-07-05T22:27:22.336+0000] {processor.py:925} INFO - DAG(s) 'extract_raw_data_pipeline' retrieved from /opt/airflow/dags/driven_data_pipeline.py
[2025-07-05T22:27:22.865+0000] {logging_mixin.py:190} INFO - [2025-07-05T22:27:22.864+0000] {dag.py:3239} INFO - Sync 1 DAGs
[2025-07-05T22:27:22.899+0000] {logging_mixin.py:190} INFO - [2025-07-05T22:27:22.899+0000] {dag.py:4180} INFO - Setting next_dagrun for extract_raw_data_pipeline to 2025-07-05 07:59:00+00:00, run_after=2025-07-06 07:00:00+00:00
[2025-07-05T22:27:22.954+0000] {processor.py:208} INFO - Processing /opt/airflow/dags/driven_data_pipeline.py took 2.809 seconds
[2025-07-05T22:27:55.746+0000] {processor.py:186} INFO - Started process (PID=168) to work on /opt/airflow/dags/driven_data_pipeline.py
[2025-07-05T22:27:55.751+0000] {processor.py:914} INFO - Processing file /opt/airflow/dags/driven_data_pipeline.py for tasks to queue
[2025-07-05T22:27:55.793+0000] {logging_mixin.py:190} INFO - [2025-07-05T22:27:55.754+0000] {dagbag.py:588} INFO - Filling up the DagBag from /opt/airflow/dags/driven_data_pipeline.py
[2025-07-05T22:27:56.483+0000] {processor.py:925} INFO - DAG(s) 'extract_raw_data_pipeline' retrieved from /opt/airflow/dags/driven_data_pipeline.py
[2025-07-05T22:27:56.563+0000] {logging_mixin.py:190} INFO - [2025-07-05T22:27:56.563+0000] {dag.py:3239} INFO - Sync 1 DAGs
[2025-07-05T22:27:56.605+0000] {logging_mixin.py:190} INFO - [2025-07-05T22:27:56.605+0000] {dag.py:4180} INFO - Setting next_dagrun for extract_raw_data_pipeline to 2025-07-05 07:59:00+00:00, run_after=2025-07-06 07:00:00+00:00
[2025-07-05T22:27:56.681+0000] {processor.py:208} INFO - Processing /opt/airflow/dags/driven_data_pipeline.py took 0.990 seconds
[2025-07-05T22:31:28.507+0000] {processor.py:186} INFO - Started process (PID=170) to work on /opt/airflow/dags/driven_data_pipeline.py
[2025-07-05T22:31:28.532+0000] {processor.py:914} INFO - Processing file /opt/airflow/dags/driven_data_pipeline.py for tasks to queue
[2025-07-05T22:31:28.610+0000] {logging_mixin.py:190} INFO - [2025-07-05T22:31:28.538+0000] {dagbag.py:588} INFO - Filling up the DagBag from /opt/airflow/dags/driven_data_pipeline.py
[2025-07-05T22:32:03.653+0000] {processor.py:186} INFO - Started process (PID=178) to work on /opt/airflow/dags/driven_data_pipeline.py
[2025-07-05T22:32:03.656+0000] {processor.py:914} INFO - Processing file /opt/airflow/dags/driven_data_pipeline.py for tasks to queue
[2025-07-05T22:32:03.660+0000] {logging_mixin.py:190} INFO - [2025-07-05T22:32:03.659+0000] {dagbag.py:588} INFO - Filling up the DagBag from /opt/airflow/dags/driven_data_pipeline.py
[2025-07-05T22:32:06.848+0000] {processor.py:925} INFO - DAG(s) 'extract_raw_data_pipeline' retrieved from /opt/airflow/dags/driven_data_pipeline.py
[2025-07-05T22:32:06.920+0000] {logging_mixin.py:190} INFO - [2025-07-05T22:32:06.920+0000] {dag.py:3239} INFO - Sync 1 DAGs
[2025-07-05T22:32:06.967+0000] {logging_mixin.py:190} INFO - [2025-07-05T22:32:06.966+0000] {dag.py:4180} INFO - Setting next_dagrun for extract_raw_data_pipeline to 2025-07-05 07:59:00+00:00, run_after=2025-07-06 07:00:00+00:00
[2025-07-05T22:32:07.003+0000] {processor.py:208} INFO - Processing /opt/airflow/dags/driven_data_pipeline.py took 3.492 seconds
[2025-07-05T22:32:37.670+0000] {processor.py:186} INFO - Started process (PID=186) to work on /opt/airflow/dags/driven_data_pipeline.py
[2025-07-05T22:32:37.671+0000] {processor.py:914} INFO - Processing file /opt/airflow/dags/driven_data_pipeline.py for tasks to queue
[2025-07-05T22:32:37.674+0000] {logging_mixin.py:190} INFO - [2025-07-05T22:32:37.673+0000] {dagbag.py:588} INFO - Filling up the DagBag from /opt/airflow/dags/driven_data_pipeline.py
[2025-07-05T22:32:38.295+0000] {processor.py:925} INFO - DAG(s) 'extract_raw_data_pipeline' retrieved from /opt/airflow/dags/driven_data_pipeline.py
[2025-07-05T22:32:38.360+0000] {logging_mixin.py:190} INFO - [2025-07-05T22:32:38.360+0000] {dag.py:3239} INFO - Sync 1 DAGs
[2025-07-05T22:32:38.396+0000] {logging_mixin.py:190} INFO - [2025-07-05T22:32:38.396+0000] {dag.py:4180} INFO - Setting next_dagrun for extract_raw_data_pipeline to 2025-07-05 07:59:00+00:00, run_after=2025-07-06 07:00:00+00:00
[2025-07-05T22:32:38.423+0000] {processor.py:208} INFO - Processing /opt/airflow/dags/driven_data_pipeline.py took 0.764 seconds
[2025-07-05T22:33:08.686+0000] {processor.py:186} INFO - Started process (PID=194) to work on /opt/airflow/dags/driven_data_pipeline.py
[2025-07-05T22:33:08.688+0000] {processor.py:914} INFO - Processing file /opt/airflow/dags/driven_data_pipeline.py for tasks to queue
[2025-07-05T22:33:08.692+0000] {logging_mixin.py:190} INFO - [2025-07-05T22:33:08.690+0000] {dagbag.py:588} INFO - Filling up the DagBag from /opt/airflow/dags/driven_data_pipeline.py
[2025-07-05T22:33:09.387+0000] {processor.py:925} INFO - DAG(s) 'extract_raw_data_pipeline' retrieved from /opt/airflow/dags/driven_data_pipeline.py
[2025-07-05T22:33:09.458+0000] {logging_mixin.py:190} INFO - [2025-07-05T22:33:09.458+0000] {dag.py:3239} INFO - Sync 1 DAGs
[2025-07-05T22:33:09.498+0000] {logging_mixin.py:190} INFO - [2025-07-05T22:33:09.498+0000] {dag.py:4180} INFO - Setting next_dagrun for extract_raw_data_pipeline to 2025-07-05 07:59:00+00:00, run_after=2025-07-06 07:00:00+00:00
[2025-07-05T22:33:09.526+0000] {processor.py:208} INFO - Processing /opt/airflow/dags/driven_data_pipeline.py took 0.856 seconds
[2025-07-05T22:33:40.577+0000] {processor.py:186} INFO - Started process (PID=208) to work on /opt/airflow/dags/driven_data_pipeline.py
[2025-07-05T22:33:40.583+0000] {processor.py:914} INFO - Processing file /opt/airflow/dags/driven_data_pipeline.py for tasks to queue
[2025-07-05T22:33:40.587+0000] {logging_mixin.py:190} INFO - [2025-07-05T22:33:40.585+0000] {dagbag.py:588} INFO - Filling up the DagBag from /opt/airflow/dags/driven_data_pipeline.py
[2025-07-05T22:33:41.279+0000] {processor.py:925} INFO - DAG(s) 'extract_raw_data_pipeline' retrieved from /opt/airflow/dags/driven_data_pipeline.py
[2025-07-05T22:33:41.360+0000] {logging_mixin.py:190} INFO - [2025-07-05T22:33:41.360+0000] {dag.py:3239} INFO - Sync 1 DAGs
[2025-07-05T22:33:41.399+0000] {logging_mixin.py:190} INFO - [2025-07-05T22:33:41.399+0000] {dag.py:4180} INFO - Setting next_dagrun for extract_raw_data_pipeline to 2025-07-05 07:59:00+00:00, run_after=2025-07-06 07:00:00+00:00
[2025-07-05T22:33:41.428+0000] {processor.py:208} INFO - Processing /opt/airflow/dags/driven_data_pipeline.py took 0.864 seconds
[2025-07-05T22:34:12.004+0000] {processor.py:186} INFO - Started process (PID=210) to work on /opt/airflow/dags/driven_data_pipeline.py
[2025-07-05T22:34:12.018+0000] {processor.py:914} INFO - Processing file /opt/airflow/dags/driven_data_pipeline.py for tasks to queue
[2025-07-05T22:34:12.028+0000] {logging_mixin.py:190} INFO - [2025-07-05T22:34:12.023+0000] {dagbag.py:588} INFO - Filling up the DagBag from /opt/airflow/dags/driven_data_pipeline.py
[2025-07-05T22:34:15.052+0000] {processor.py:925} INFO - DAG(s) 'extract_raw_data_pipeline' retrieved from /opt/airflow/dags/driven_data_pipeline.py
[2025-07-05T22:34:17.608+0000] {logging_mixin.py:190} INFO - [2025-07-05T22:34:17.601+0000] {dag.py:3239} INFO - Sync 1 DAGs
[2025-07-05T22:34:17.726+0000] {logging_mixin.py:190} INFO - [2025-07-05T22:34:17.725+0000] {dag.py:4180} INFO - Setting next_dagrun for extract_raw_data_pipeline to 2025-07-05 07:59:00+00:00, run_after=2025-07-06 07:00:00+00:00
[2025-07-05T22:34:17.803+0000] {processor.py:208} INFO - Processing /opt/airflow/dags/driven_data_pipeline.py took 5.860 seconds
[2025-07-05T22:34:48.815+0000] {processor.py:186} INFO - Started process (PID=223) to work on /opt/airflow/dags/driven_data_pipeline.py
[2025-07-05T22:34:48.816+0000] {processor.py:914} INFO - Processing file /opt/airflow/dags/driven_data_pipeline.py for tasks to queue
[2025-07-05T22:34:48.818+0000] {logging_mixin.py:190} INFO - [2025-07-05T22:34:48.817+0000] {dagbag.py:588} INFO - Filling up the DagBag from /opt/airflow/dags/driven_data_pipeline.py
[2025-07-05T22:34:49.656+0000] {processor.py:925} INFO - DAG(s) 'extract_raw_data_pipeline' retrieved from /opt/airflow/dags/driven_data_pipeline.py
[2025-07-05T22:34:50.579+0000] {logging_mixin.py:190} INFO - [2025-07-05T22:34:50.560+0000] {dag.py:3239} INFO - Sync 1 DAGs
[2025-07-05T22:34:50.966+0000] {logging_mixin.py:190} INFO - [2025-07-05T22:34:50.954+0000] {dag.py:4180} INFO - Setting next_dagrun for extract_raw_data_pipeline to 2025-07-05 07:59:00+00:00, run_after=2025-07-06 07:00:00+00:00
[2025-07-05T22:34:51.223+0000] {processor.py:208} INFO - Processing /opt/airflow/dags/driven_data_pipeline.py took 2.418 seconds
[2025-07-05T22:35:21.490+0000] {processor.py:186} INFO - Started process (PID=231) to work on /opt/airflow/dags/driven_data_pipeline.py
[2025-07-05T22:35:21.492+0000] {processor.py:914} INFO - Processing file /opt/airflow/dags/driven_data_pipeline.py for tasks to queue
[2025-07-05T22:35:21.495+0000] {logging_mixin.py:190} INFO - [2025-07-05T22:35:21.493+0000] {dagbag.py:588} INFO - Filling up the DagBag from /opt/airflow/dags/driven_data_pipeline.py
[2025-07-05T22:35:22.136+0000] {processor.py:925} INFO - DAG(s) 'extract_raw_data_pipeline' retrieved from /opt/airflow/dags/driven_data_pipeline.py
[2025-07-05T22:35:22.205+0000] {logging_mixin.py:190} INFO - [2025-07-05T22:35:22.205+0000] {dag.py:3239} INFO - Sync 1 DAGs
[2025-07-05T22:35:22.242+0000] {logging_mixin.py:190} INFO - [2025-07-05T22:35:22.241+0000] {dag.py:4180} INFO - Setting next_dagrun for extract_raw_data_pipeline to 2025-07-05 07:59:00+00:00, run_after=2025-07-06 07:00:00+00:00
[2025-07-05T22:35:22.266+0000] {processor.py:208} INFO - Processing /opt/airflow/dags/driven_data_pipeline.py took 0.789 seconds
[2025-07-05T22:35:52.478+0000] {processor.py:186} INFO - Started process (PID=239) to work on /opt/airflow/dags/driven_data_pipeline.py
[2025-07-05T22:35:52.480+0000] {processor.py:914} INFO - Processing file /opt/airflow/dags/driven_data_pipeline.py for tasks to queue
[2025-07-05T22:35:52.483+0000] {logging_mixin.py:190} INFO - [2025-07-05T22:35:52.482+0000] {dagbag.py:588} INFO - Filling up the DagBag from /opt/airflow/dags/driven_data_pipeline.py
[2025-07-05T22:35:53.132+0000] {processor.py:925} INFO - DAG(s) 'extract_raw_data_pipeline' retrieved from /opt/airflow/dags/driven_data_pipeline.py
[2025-07-05T22:35:53.191+0000] {logging_mixin.py:190} INFO - [2025-07-05T22:35:53.191+0000] {dag.py:3239} INFO - Sync 1 DAGs
[2025-07-05T22:35:53.226+0000] {logging_mixin.py:190} INFO - [2025-07-05T22:35:53.225+0000] {dag.py:4180} INFO - Setting next_dagrun for extract_raw_data_pipeline to 2025-07-05 07:59:00+00:00, run_after=2025-07-06 07:00:00+00:00
[2025-07-05T22:35:53.253+0000] {processor.py:208} INFO - Processing /opt/airflow/dags/driven_data_pipeline.py took 0.786 seconds
[2025-07-05T22:36:01.056+0000] {processor.py:186} INFO - Started process (PID=241) to work on /opt/airflow/dags/driven_data_pipeline.py
[2025-07-05T22:36:01.061+0000] {processor.py:914} INFO - Processing file /opt/airflow/dags/driven_data_pipeline.py for tasks to queue
[2025-07-05T22:36:01.068+0000] {logging_mixin.py:190} INFO - [2025-07-05T22:36:01.065+0000] {dagbag.py:588} INFO - Filling up the DagBag from /opt/airflow/dags/driven_data_pipeline.py
[2025-07-05T22:36:03.459+0000] {processor.py:925} INFO - DAG(s) 'extract_raw_data_pipeline' retrieved from /opt/airflow/dags/driven_data_pipeline.py
[2025-07-05T22:36:17.257+0000] {logging_mixin.py:190} INFO - [2025-07-05T22:36:17.245+0000] {dag.py:3239} INFO - Sync 1 DAGs
[2025-07-05T22:36:17.415+0000] {logging_mixin.py:190} INFO - [2025-07-05T22:36:17.414+0000] {dag.py:4180} INFO - Setting next_dagrun for extract_raw_data_pipeline to 2025-07-05 07:59:00+00:00, run_after=2025-07-06 07:00:00+00:00
[2025-07-05T22:36:17.577+0000] {processor.py:208} INFO - Processing /opt/airflow/dags/driven_data_pipeline.py took 16.551 seconds
[2025-07-05T22:36:47.709+0000] {processor.py:186} INFO - Started process (PID=254) to work on /opt/airflow/dags/driven_data_pipeline.py
[2025-07-05T22:36:47.711+0000] {processor.py:914} INFO - Processing file /opt/airflow/dags/driven_data_pipeline.py for tasks to queue
[2025-07-05T22:36:47.713+0000] {logging_mixin.py:190} INFO - [2025-07-05T22:36:47.712+0000] {dagbag.py:588} INFO - Filling up the DagBag from /opt/airflow/dags/driven_data_pipeline.py
[2025-07-05T22:36:48.843+0000] {processor.py:925} INFO - DAG(s) 'extract_raw_data_pipeline' retrieved from /opt/airflow/dags/driven_data_pipeline.py
[2025-07-05T22:36:49.098+0000] {logging_mixin.py:190} INFO - [2025-07-05T22:36:49.094+0000] {dag.py:3239} INFO - Sync 1 DAGs
[2025-07-05T22:36:49.177+0000] {logging_mixin.py:190} INFO - [2025-07-05T22:36:49.176+0000] {dag.py:4180} INFO - Setting next_dagrun for extract_raw_data_pipeline to 2025-07-05 07:59:00+00:00, run_after=2025-07-06 07:00:00+00:00
[2025-07-05T22:36:49.231+0000] {processor.py:208} INFO - Processing /opt/airflow/dags/driven_data_pipeline.py took 1.534 seconds
[2025-07-05T22:37:03.106+0000] {processor.py:186} INFO - Started process (PID=256) to work on /opt/airflow/dags/driven_data_pipeline.py
[2025-07-05T22:37:03.108+0000] {processor.py:914} INFO - Processing file /opt/airflow/dags/driven_data_pipeline.py for tasks to queue
[2025-07-05T22:37:03.110+0000] {logging_mixin.py:190} INFO - [2025-07-05T22:37:03.110+0000] {dagbag.py:588} INFO - Filling up the DagBag from /opt/airflow/dags/driven_data_pipeline.py
[2025-07-05T22:37:03.714+0000] {processor.py:925} INFO - DAG(s) 'extract_raw_data_pipeline' retrieved from /opt/airflow/dags/driven_data_pipeline.py
[2025-07-05T22:37:03.772+0000] {logging_mixin.py:190} INFO - [2025-07-05T22:37:03.771+0000] {dag.py:3239} INFO - Sync 1 DAGs
[2025-07-05T22:37:03.808+0000] {logging_mixin.py:190} INFO - [2025-07-05T22:37:03.807+0000] {dag.py:4180} INFO - Setting next_dagrun for extract_raw_data_pipeline to 2025-07-05 07:59:00+00:00, run_after=2025-07-06 07:00:00+00:00
[2025-07-05T22:37:03.844+0000] {processor.py:208} INFO - Processing /opt/airflow/dags/driven_data_pipeline.py took 0.749 seconds
[2025-07-05T22:37:03.905+0000] {processor.py:186} INFO - Started process (PID=258) to work on /opt/airflow/dags/driven_data_pipeline.py
[2025-07-05T22:37:03.907+0000] {processor.py:914} INFO - Processing file /opt/airflow/dags/driven_data_pipeline.py for tasks to queue
[2025-07-05T22:37:03.909+0000] {logging_mixin.py:190} INFO - [2025-07-05T22:37:03.908+0000] {dagbag.py:588} INFO - Filling up the DagBag from /opt/airflow/dags/driven_data_pipeline.py
[2025-07-05T22:37:04.146+0000] {processor.py:925} INFO - DAG(s) 'extract_raw_data_pipeline' retrieved from /opt/airflow/dags/driven_data_pipeline.py
[2025-07-05T22:37:04.180+0000] {logging_mixin.py:190} INFO - [2025-07-05T22:37:04.180+0000] {dag.py:3239} INFO - Sync 1 DAGs
[2025-07-05T22:37:04.211+0000] {logging_mixin.py:190} INFO - [2025-07-05T22:37:04.211+0000] {dag.py:4180} INFO - Setting next_dagrun for extract_raw_data_pipeline to 2025-07-05 07:59:00+00:00, run_after=2025-07-06 07:00:00+00:00
[2025-07-05T22:37:04.240+0000] {processor.py:208} INFO - Processing /opt/airflow/dags/driven_data_pipeline.py took 0.345 seconds
[2025-07-05T22:37:04.297+0000] {processor.py:186} INFO - Started process (PID=260) to work on /opt/airflow/dags/driven_data_pipeline.py
[2025-07-05T22:37:04.299+0000] {processor.py:914} INFO - Processing file /opt/airflow/dags/driven_data_pipeline.py for tasks to queue
[2025-07-05T22:37:04.302+0000] {logging_mixin.py:190} INFO - [2025-07-05T22:37:04.301+0000] {dagbag.py:588} INFO - Filling up the DagBag from /opt/airflow/dags/driven_data_pipeline.py
[2025-07-05T22:37:04.545+0000] {processor.py:925} INFO - DAG(s) 'extract_raw_data_pipeline' retrieved from /opt/airflow/dags/driven_data_pipeline.py
[2025-07-05T22:37:04.576+0000] {logging_mixin.py:190} INFO - [2025-07-05T22:37:04.576+0000] {dag.py:3239} INFO - Sync 1 DAGs
[2025-07-05T22:37:04.613+0000] {logging_mixin.py:190} INFO - [2025-07-05T22:37:04.613+0000] {dag.py:4180} INFO - Setting next_dagrun for extract_raw_data_pipeline to 2025-07-05 07:59:00+00:00, run_after=2025-07-06 07:00:00+00:00
[2025-07-05T22:37:04.639+0000] {processor.py:208} INFO - Processing /opt/airflow/dags/driven_data_pipeline.py took 0.351 seconds
[2025-07-05T22:37:34.805+0000] {processor.py:186} INFO - Started process (PID=268) to work on /opt/airflow/dags/driven_data_pipeline.py
[2025-07-05T22:37:34.806+0000] {processor.py:914} INFO - Processing file /opt/airflow/dags/driven_data_pipeline.py for tasks to queue
[2025-07-05T22:37:34.809+0000] {logging_mixin.py:190} INFO - [2025-07-05T22:37:34.808+0000] {dagbag.py:588} INFO - Filling up the DagBag from /opt/airflow/dags/driven_data_pipeline.py
[2025-07-05T22:37:35.472+0000] {processor.py:925} INFO - DAG(s) 'extract_raw_data_pipeline' retrieved from /opt/airflow/dags/driven_data_pipeline.py
[2025-07-05T22:37:35.534+0000] {logging_mixin.py:190} INFO - [2025-07-05T22:37:35.533+0000] {dag.py:3239} INFO - Sync 1 DAGs
[2025-07-05T22:37:35.576+0000] {logging_mixin.py:190} INFO - [2025-07-05T22:37:35.576+0000] {dag.py:4180} INFO - Setting next_dagrun for extract_raw_data_pipeline to 2025-07-05 07:59:00+00:00, run_after=2025-07-06 07:00:00+00:00
[2025-07-05T22:37:35.606+0000] {processor.py:208} INFO - Processing /opt/airflow/dags/driven_data_pipeline.py took 0.817 seconds
[2025-07-05T22:38:05.777+0000] {processor.py:186} INFO - Started process (PID=276) to work on /opt/airflow/dags/driven_data_pipeline.py
[2025-07-05T22:38:05.781+0000] {processor.py:914} INFO - Processing file /opt/airflow/dags/driven_data_pipeline.py for tasks to queue
[2025-07-05T22:38:05.785+0000] {logging_mixin.py:190} INFO - [2025-07-05T22:38:05.783+0000] {dagbag.py:588} INFO - Filling up the DagBag from /opt/airflow/dags/driven_data_pipeline.py
[2025-07-05T22:38:06.688+0000] {processor.py:925} INFO - DAG(s) 'extract_raw_data_pipeline' retrieved from /opt/airflow/dags/driven_data_pipeline.py
[2025-07-05T22:38:06.781+0000] {logging_mixin.py:190} INFO - [2025-07-05T22:38:06.780+0000] {dag.py:3239} INFO - Sync 1 DAGs
[2025-07-05T22:38:06.825+0000] {logging_mixin.py:190} INFO - [2025-07-05T22:38:06.824+0000] {dag.py:4180} INFO - Setting next_dagrun for extract_raw_data_pipeline to 2025-07-05 07:59:00+00:00, run_after=2025-07-06 07:00:00+00:00
[2025-07-05T22:38:06.857+0000] {processor.py:208} INFO - Processing /opt/airflow/dags/driven_data_pipeline.py took 1.097 seconds
[2025-07-05T22:38:24.519+0000] {processor.py:186} INFO - Started process (PID=284) to work on /opt/airflow/dags/driven_data_pipeline.py
[2025-07-05T22:38:24.521+0000] {processor.py:914} INFO - Processing file /opt/airflow/dags/driven_data_pipeline.py for tasks to queue
[2025-07-05T22:38:24.523+0000] {logging_mixin.py:190} INFO - [2025-07-05T22:38:24.522+0000] {dagbag.py:588} INFO - Filling up the DagBag from /opt/airflow/dags/driven_data_pipeline.py
[2025-07-05T22:38:24.754+0000] {processor.py:925} INFO - DAG(s) 'extract_raw_data_pipeline' retrieved from /opt/airflow/dags/driven_data_pipeline.py
[2025-07-05T22:38:24.790+0000] {logging_mixin.py:190} INFO - [2025-07-05T22:38:24.789+0000] {dag.py:3239} INFO - Sync 1 DAGs
[2025-07-05T22:38:24.821+0000] {logging_mixin.py:190} INFO - [2025-07-05T22:38:24.821+0000] {dag.py:4180} INFO - Setting next_dagrun for extract_raw_data_pipeline to 2025-07-05 07:59:00+00:00, run_after=2025-07-06 07:00:00+00:00
[2025-07-05T22:38:24.852+0000] {processor.py:208} INFO - Processing /opt/airflow/dags/driven_data_pipeline.py took 0.342 seconds
[2025-07-05T22:38:24.912+0000] {processor.py:186} INFO - Started process (PID=286) to work on /opt/airflow/dags/driven_data_pipeline.py
[2025-07-05T22:38:24.913+0000] {processor.py:914} INFO - Processing file /opt/airflow/dags/driven_data_pipeline.py for tasks to queue
[2025-07-05T22:38:24.915+0000] {logging_mixin.py:190} INFO - [2025-07-05T22:38:24.915+0000] {dagbag.py:588} INFO - Filling up the DagBag from /opt/airflow/dags/driven_data_pipeline.py
[2025-07-05T22:38:25.142+0000] {processor.py:925} INFO - DAG(s) 'extract_raw_data_pipeline' retrieved from /opt/airflow/dags/driven_data_pipeline.py
[2025-07-05T22:38:25.189+0000] {logging_mixin.py:190} INFO - [2025-07-05T22:38:25.189+0000] {dag.py:3239} INFO - Sync 1 DAGs
[2025-07-05T22:38:25.233+0000] {logging_mixin.py:190} INFO - [2025-07-05T22:38:25.233+0000] {dag.py:4180} INFO - Setting next_dagrun for extract_raw_data_pipeline to 2025-07-05 07:59:00+00:00, run_after=2025-07-06 07:00:00+00:00
[2025-07-05T22:38:25.267+0000] {processor.py:208} INFO - Processing /opt/airflow/dags/driven_data_pipeline.py took 0.364 seconds
[2025-07-05T22:38:25.357+0000] {processor.py:186} INFO - Started process (PID=288) to work on /opt/airflow/dags/driven_data_pipeline.py
[2025-07-05T22:38:25.360+0000] {processor.py:914} INFO - Processing file /opt/airflow/dags/driven_data_pipeline.py for tasks to queue
[2025-07-05T22:38:25.362+0000] {logging_mixin.py:190} INFO - [2025-07-05T22:38:25.361+0000] {dagbag.py:588} INFO - Filling up the DagBag from /opt/airflow/dags/driven_data_pipeline.py
[2025-07-05T22:38:25.596+0000] {processor.py:925} INFO - DAG(s) 'extract_raw_data_pipeline' retrieved from /opt/airflow/dags/driven_data_pipeline.py
[2025-07-05T22:38:25.635+0000] {logging_mixin.py:190} INFO - [2025-07-05T22:38:25.635+0000] {dag.py:3239} INFO - Sync 1 DAGs
[2025-07-05T22:38:25.668+0000] {logging_mixin.py:190} INFO - [2025-07-05T22:38:25.668+0000] {dag.py:4180} INFO - Setting next_dagrun for extract_raw_data_pipeline to 2025-07-05 07:59:00+00:00, run_after=2025-07-06 07:00:00+00:00
[2025-07-05T22:38:25.695+0000] {processor.py:208} INFO - Processing /opt/airflow/dags/driven_data_pipeline.py took 0.351 seconds
[2025-07-05T22:38:25.762+0000] {processor.py:186} INFO - Started process (PID=290) to work on /opt/airflow/dags/driven_data_pipeline.py
[2025-07-05T22:38:25.764+0000] {processor.py:914} INFO - Processing file /opt/airflow/dags/driven_data_pipeline.py for tasks to queue
[2025-07-05T22:38:25.766+0000] {logging_mixin.py:190} INFO - [2025-07-05T22:38:25.766+0000] {dagbag.py:588} INFO - Filling up the DagBag from /opt/airflow/dags/driven_data_pipeline.py
[2025-07-05T22:38:26.025+0000] {processor.py:925} INFO - DAG(s) 'extract_raw_data_pipeline' retrieved from /opt/airflow/dags/driven_data_pipeline.py
[2025-07-05T22:38:26.060+0000] {logging_mixin.py:190} INFO - [2025-07-05T22:38:26.059+0000] {dag.py:3239} INFO - Sync 1 DAGs
[2025-07-05T22:38:26.092+0000] {logging_mixin.py:190} INFO - [2025-07-05T22:38:26.092+0000] {dag.py:4180} INFO - Setting next_dagrun for extract_raw_data_pipeline to 2025-07-05 07:59:00+00:00, run_after=2025-07-06 07:00:00+00:00
[2025-07-05T22:38:26.122+0000] {processor.py:208} INFO - Processing /opt/airflow/dags/driven_data_pipeline.py took 0.370 seconds
[2025-07-05T22:38:26.181+0000] {processor.py:186} INFO - Started process (PID=292) to work on /opt/airflow/dags/driven_data_pipeline.py
[2025-07-05T22:38:26.183+0000] {processor.py:914} INFO - Processing file /opt/airflow/dags/driven_data_pipeline.py for tasks to queue
[2025-07-05T22:38:26.185+0000] {logging_mixin.py:190} INFO - [2025-07-05T22:38:26.184+0000] {dagbag.py:588} INFO - Filling up the DagBag from /opt/airflow/dags/driven_data_pipeline.py
[2025-07-05T22:38:26.445+0000] {processor.py:925} INFO - DAG(s) 'extract_raw_data_pipeline' retrieved from /opt/airflow/dags/driven_data_pipeline.py
[2025-07-05T22:38:26.507+0000] {logging_mixin.py:190} INFO - [2025-07-05T22:38:26.507+0000] {dag.py:3239} INFO - Sync 1 DAGs
[2025-07-05T22:38:26.561+0000] {logging_mixin.py:190} INFO - [2025-07-05T22:38:26.561+0000] {dag.py:4180} INFO - Setting next_dagrun for extract_raw_data_pipeline to 2025-07-05 07:59:00+00:00, run_after=2025-07-06 07:00:00+00:00
[2025-07-05T22:38:26.590+0000] {processor.py:208} INFO - Processing /opt/airflow/dags/driven_data_pipeline.py took 0.419 seconds
[2025-07-05T22:38:56.780+0000] {processor.py:186} INFO - Started process (PID=300) to work on /opt/airflow/dags/driven_data_pipeline.py
[2025-07-05T22:38:56.781+0000] {processor.py:914} INFO - Processing file /opt/airflow/dags/driven_data_pipeline.py for tasks to queue
[2025-07-05T22:38:56.785+0000] {logging_mixin.py:190} INFO - [2025-07-05T22:38:56.783+0000] {dagbag.py:588} INFO - Filling up the DagBag from /opt/airflow/dags/driven_data_pipeline.py
[2025-07-05T22:38:57.419+0000] {processor.py:925} INFO - DAG(s) 'extract_raw_data_pipeline' retrieved from /opt/airflow/dags/driven_data_pipeline.py
[2025-07-05T22:38:57.504+0000] {logging_mixin.py:190} INFO - [2025-07-05T22:38:57.504+0000] {dag.py:3239} INFO - Sync 1 DAGs
[2025-07-05T22:38:57.542+0000] {logging_mixin.py:190} INFO - [2025-07-05T22:38:57.541+0000] {dag.py:4180} INFO - Setting next_dagrun for extract_raw_data_pipeline to 2025-07-05 07:59:00+00:00, run_after=2025-07-06 07:00:00+00:00
[2025-07-05T22:38:57.570+0000] {processor.py:208} INFO - Processing /opt/airflow/dags/driven_data_pipeline.py took 0.804 seconds
[2025-07-05T22:39:27.746+0000] {processor.py:186} INFO - Started process (PID=312) to work on /opt/airflow/dags/driven_data_pipeline.py
[2025-07-05T22:39:27.767+0000] {processor.py:914} INFO - Processing file /opt/airflow/dags/driven_data_pipeline.py for tasks to queue
[2025-07-05T22:39:27.788+0000] {logging_mixin.py:190} INFO - [2025-07-05T22:39:27.775+0000] {dagbag.py:588} INFO - Filling up the DagBag from /opt/airflow/dags/driven_data_pipeline.py
[2025-07-05T22:39:30.947+0000] {processor.py:925} INFO - DAG(s) 'extract_raw_data_pipeline' retrieved from /opt/airflow/dags/driven_data_pipeline.py
[2025-07-05T22:39:31.262+0000] {logging_mixin.py:190} INFO - [2025-07-05T22:39:31.257+0000] {dag.py:3239} INFO - Sync 1 DAGs
[2025-07-05T22:39:31.337+0000] {logging_mixin.py:190} INFO - [2025-07-05T22:39:31.336+0000] {dag.py:4180} INFO - Setting next_dagrun for extract_raw_data_pipeline to 2025-07-05 07:59:00+00:00, run_after=2025-07-06 07:00:00+00:00
[2025-07-05T22:39:31.388+0000] {processor.py:208} INFO - Processing /opt/airflow/dags/driven_data_pipeline.py took 3.692 seconds
[2025-07-05T22:40:01.487+0000] {processor.py:186} INFO - Started process (PID=320) to work on /opt/airflow/dags/driven_data_pipeline.py
[2025-07-05T22:40:01.488+0000] {processor.py:914} INFO - Processing file /opt/airflow/dags/driven_data_pipeline.py for tasks to queue
[2025-07-05T22:40:01.491+0000] {logging_mixin.py:190} INFO - [2025-07-05T22:40:01.490+0000] {dagbag.py:588} INFO - Filling up the DagBag from /opt/airflow/dags/driven_data_pipeline.py
[2025-07-05T22:40:02.100+0000] {processor.py:925} INFO - DAG(s) 'extract_raw_data_pipeline' retrieved from /opt/airflow/dags/driven_data_pipeline.py
[2025-07-05T22:40:02.275+0000] {logging_mixin.py:190} INFO - [2025-07-05T22:40:02.271+0000] {dag.py:3239} INFO - Sync 1 DAGs
[2025-07-05T22:40:02.310+0000] {logging_mixin.py:190} INFO - [2025-07-05T22:40:02.310+0000] {dag.py:4180} INFO - Setting next_dagrun for extract_raw_data_pipeline to 2025-07-05 07:59:00+00:00, run_after=2025-07-06 07:00:00+00:00
[2025-07-05T22:40:02.340+0000] {processor.py:208} INFO - Processing /opt/airflow/dags/driven_data_pipeline.py took 0.862 seconds
[2025-07-05T22:40:32.614+0000] {processor.py:186} INFO - Started process (PID=334) to work on /opt/airflow/dags/driven_data_pipeline.py
[2025-07-05T22:40:32.616+0000] {processor.py:914} INFO - Processing file /opt/airflow/dags/driven_data_pipeline.py for tasks to queue
[2025-07-05T22:40:32.618+0000] {logging_mixin.py:190} INFO - [2025-07-05T22:40:32.617+0000] {dagbag.py:588} INFO - Filling up the DagBag from /opt/airflow/dags/driven_data_pipeline.py
[2025-07-05T22:40:33.203+0000] {processor.py:925} INFO - DAG(s) 'extract_raw_data_pipeline' retrieved from /opt/airflow/dags/driven_data_pipeline.py
[2025-07-05T22:40:33.758+0000] {logging_mixin.py:190} INFO - [2025-07-05T22:40:33.739+0000] {dag.py:3239} INFO - Sync 1 DAGs
[2025-07-05T22:40:33.881+0000] {logging_mixin.py:190} INFO - [2025-07-05T22:40:33.868+0000] {dag.py:4180} INFO - Setting next_dagrun for extract_raw_data_pipeline to 2025-07-05 07:59:00+00:00, run_after=2025-07-06 07:00:00+00:00
[2025-07-05T22:40:34.391+0000] {processor.py:208} INFO - Processing /opt/airflow/dags/driven_data_pipeline.py took 1.785 seconds
[2025-07-05T22:41:04.935+0000] {processor.py:186} INFO - Started process (PID=342) to work on /opt/airflow/dags/driven_data_pipeline.py
[2025-07-05T22:41:04.937+0000] {processor.py:914} INFO - Processing file /opt/airflow/dags/driven_data_pipeline.py for tasks to queue
[2025-07-05T22:41:04.941+0000] {logging_mixin.py:190} INFO - [2025-07-05T22:41:04.938+0000] {dagbag.py:588} INFO - Filling up the DagBag from /opt/airflow/dags/driven_data_pipeline.py
[2025-07-05T22:41:05.571+0000] {processor.py:925} INFO - DAG(s) 'extract_raw_data_pipeline' retrieved from /opt/airflow/dags/driven_data_pipeline.py
[2025-07-05T22:41:05.638+0000] {logging_mixin.py:190} INFO - [2025-07-05T22:41:05.637+0000] {dag.py:3239} INFO - Sync 1 DAGs
[2025-07-05T22:41:05.675+0000] {logging_mixin.py:190} INFO - [2025-07-05T22:41:05.674+0000] {dag.py:4180} INFO - Setting next_dagrun for extract_raw_data_pipeline to 2025-07-05 07:59:00+00:00, run_after=2025-07-06 07:00:00+00:00
[2025-07-05T22:41:05.702+0000] {processor.py:208} INFO - Processing /opt/airflow/dags/driven_data_pipeline.py took 0.781 seconds
[2025-07-05T22:41:36.007+0000] {processor.py:186} INFO - Started process (PID=350) to work on /opt/airflow/dags/driven_data_pipeline.py
[2025-07-05T22:41:36.008+0000] {processor.py:914} INFO - Processing file /opt/airflow/dags/driven_data_pipeline.py for tasks to queue
[2025-07-05T22:41:36.011+0000] {logging_mixin.py:190} INFO - [2025-07-05T22:41:36.010+0000] {dagbag.py:588} INFO - Filling up the DagBag from /opt/airflow/dags/driven_data_pipeline.py
[2025-07-05T22:41:36.684+0000] {processor.py:925} INFO - DAG(s) 'extract_raw_data_pipeline' retrieved from /opt/airflow/dags/driven_data_pipeline.py
[2025-07-05T22:41:36.743+0000] {logging_mixin.py:190} INFO - [2025-07-05T22:41:36.743+0000] {dag.py:3239} INFO - Sync 1 DAGs
[2025-07-05T22:41:36.778+0000] {logging_mixin.py:190} INFO - [2025-07-05T22:41:36.778+0000] {dag.py:4180} INFO - Setting next_dagrun for extract_raw_data_pipeline to 2025-07-05 07:59:00+00:00, run_after=2025-07-06 07:00:00+00:00
[2025-07-05T22:41:36.805+0000] {processor.py:208} INFO - Processing /opt/airflow/dags/driven_data_pipeline.py took 0.812 seconds
[2025-07-05T22:42:06.955+0000] {processor.py:186} INFO - Started process (PID=358) to work on /opt/airflow/dags/driven_data_pipeline.py
[2025-07-05T22:42:06.958+0000] {processor.py:914} INFO - Processing file /opt/airflow/dags/driven_data_pipeline.py for tasks to queue
[2025-07-05T22:42:06.962+0000] {logging_mixin.py:190} INFO - [2025-07-05T22:42:06.960+0000] {dagbag.py:588} INFO - Filling up the DagBag from /opt/airflow/dags/driven_data_pipeline.py
[2025-07-05T22:42:07.601+0000] {processor.py:925} INFO - DAG(s) 'extract_raw_data_pipeline' retrieved from /opt/airflow/dags/driven_data_pipeline.py
[2025-07-05T22:42:07.681+0000] {logging_mixin.py:190} INFO - [2025-07-05T22:42:07.680+0000] {dag.py:3239} INFO - Sync 1 DAGs
[2025-07-05T22:42:07.717+0000] {logging_mixin.py:190} INFO - [2025-07-05T22:42:07.716+0000] {dag.py:4180} INFO - Setting next_dagrun for extract_raw_data_pipeline to 2025-07-05 07:59:00+00:00, run_after=2025-07-06 07:00:00+00:00
[2025-07-05T22:42:07.745+0000] {processor.py:208} INFO - Processing /opt/airflow/dags/driven_data_pipeline.py took 0.804 seconds
[2025-07-05T22:42:37.930+0000] {processor.py:186} INFO - Started process (PID=366) to work on /opt/airflow/dags/driven_data_pipeline.py
[2025-07-05T22:42:37.931+0000] {processor.py:914} INFO - Processing file /opt/airflow/dags/driven_data_pipeline.py for tasks to queue
[2025-07-05T22:42:37.935+0000] {logging_mixin.py:190} INFO - [2025-07-05T22:42:37.933+0000] {dagbag.py:588} INFO - Filling up the DagBag from /opt/airflow/dags/driven_data_pipeline.py
[2025-07-05T22:42:38.563+0000] {processor.py:925} INFO - DAG(s) 'extract_raw_data_pipeline' retrieved from /opt/airflow/dags/driven_data_pipeline.py
[2025-07-05T22:42:38.627+0000] {logging_mixin.py:190} INFO - [2025-07-05T22:42:38.627+0000] {dag.py:3239} INFO - Sync 1 DAGs
[2025-07-05T22:42:38.665+0000] {logging_mixin.py:190} INFO - [2025-07-05T22:42:38.665+0000] {dag.py:4180} INFO - Setting next_dagrun for extract_raw_data_pipeline to 2025-07-05 07:59:00+00:00, run_after=2025-07-06 07:00:00+00:00
[2025-07-05T22:42:38.693+0000] {processor.py:208} INFO - Processing /opt/airflow/dags/driven_data_pipeline.py took 0.777 seconds
[2025-07-05T22:45:34.857+0000] {processor.py:186} INFO - Started process (PID=67) to work on /opt/airflow/dags/driven_data_pipeline.py
[2025-07-05T22:45:34.860+0000] {processor.py:914} INFO - Processing file /opt/airflow/dags/driven_data_pipeline.py for tasks to queue
[2025-07-05T22:45:34.877+0000] {logging_mixin.py:190} INFO - [2025-07-05T22:45:34.869+0000] {dagbag.py:588} INFO - Filling up the DagBag from /opt/airflow/dags/driven_data_pipeline.py
[2025-07-05T22:45:58.699+0000] {processor.py:925} INFO - DAG(s) 'extract_raw_data_pipeline' retrieved from /opt/airflow/dags/driven_data_pipeline.py
[2025-07-05T22:46:02.375+0000] {logging_mixin.py:190} INFO - [2025-07-05T22:46:02.374+0000] {dag.py:3239} INFO - Sync 1 DAGs
[2025-07-05T22:46:02.516+0000] {logging_mixin.py:190} INFO - [2025-07-05T22:46:02.515+0000] {dag.py:4180} INFO - Setting next_dagrun for extract_raw_data_pipeline to 2025-07-05 07:59:00+00:00, run_after=2025-07-06 07:00:00+00:00
[2025-07-05T22:46:02.593+0000] {processor.py:208} INFO - Processing /opt/airflow/dags/driven_data_pipeline.py took 30.483 seconds
[2025-07-05T22:46:33.265+0000] {processor.py:186} INFO - Started process (PID=87) to work on /opt/airflow/dags/driven_data_pipeline.py
[2025-07-05T22:46:33.272+0000] {processor.py:914} INFO - Processing file /opt/airflow/dags/driven_data_pipeline.py for tasks to queue
[2025-07-05T22:46:33.295+0000] {logging_mixin.py:190} INFO - [2025-07-05T22:46:33.294+0000] {dagbag.py:588} INFO - Filling up the DagBag from /opt/airflow/dags/driven_data_pipeline.py
[2025-07-05T22:46:35.797+0000] {processor.py:925} INFO - DAG(s) 'extract_raw_data_pipeline' retrieved from /opt/airflow/dags/driven_data_pipeline.py
[2025-07-05T22:46:35.876+0000] {logging_mixin.py:190} INFO - [2025-07-05T22:46:35.875+0000] {dag.py:3239} INFO - Sync 1 DAGs
[2025-07-05T22:46:35.927+0000] {logging_mixin.py:190} INFO - [2025-07-05T22:46:35.927+0000] {dag.py:4180} INFO - Setting next_dagrun for extract_raw_data_pipeline to 2025-07-05 07:59:00+00:00, run_after=2025-07-06 07:00:00+00:00
[2025-07-05T22:46:35.965+0000] {processor.py:208} INFO - Processing /opt/airflow/dags/driven_data_pipeline.py took 2.749 seconds
[2025-07-05T22:47:06.492+0000] {processor.py:186} INFO - Started process (PID=95) to work on /opt/airflow/dags/driven_data_pipeline.py
[2025-07-05T22:47:06.509+0000] {processor.py:914} INFO - Processing file /opt/airflow/dags/driven_data_pipeline.py for tasks to queue
[2025-07-05T22:47:06.537+0000] {logging_mixin.py:190} INFO - [2025-07-05T22:47:06.529+0000] {dagbag.py:588} INFO - Filling up the DagBag from /opt/airflow/dags/driven_data_pipeline.py
[2025-07-05T22:47:08.346+0000] {processor.py:925} INFO - DAG(s) 'extract_raw_data_pipeline' retrieved from /opt/airflow/dags/driven_data_pipeline.py
[2025-07-05T22:47:08.402+0000] {logging_mixin.py:190} INFO - [2025-07-05T22:47:08.401+0000] {dag.py:3239} INFO - Sync 1 DAGs
[2025-07-05T22:47:08.456+0000] {logging_mixin.py:190} INFO - [2025-07-05T22:47:08.456+0000] {dag.py:4180} INFO - Setting next_dagrun for extract_raw_data_pipeline to 2025-07-05 07:59:00+00:00, run_after=2025-07-06 07:00:00+00:00
[2025-07-05T22:47:08.492+0000] {processor.py:208} INFO - Processing /opt/airflow/dags/driven_data_pipeline.py took 2.038 seconds
[2025-07-05T22:47:40.592+0000] {processor.py:186} INFO - Started process (PID=107) to work on /opt/airflow/dags/driven_data_pipeline.py
[2025-07-05T22:47:40.595+0000] {processor.py:914} INFO - Processing file /opt/airflow/dags/driven_data_pipeline.py for tasks to queue
[2025-07-05T22:47:40.653+0000] {logging_mixin.py:190} INFO - [2025-07-05T22:47:40.612+0000] {dagbag.py:588} INFO - Filling up the DagBag from /opt/airflow/dags/driven_data_pipeline.py
[2025-07-05T22:47:42.748+0000] {processor.py:925} INFO - DAG(s) 'extract_raw_data_pipeline' retrieved from /opt/airflow/dags/driven_data_pipeline.py
[2025-07-05T22:47:42.920+0000] {logging_mixin.py:190} INFO - [2025-07-05T22:47:42.916+0000] {dag.py:3239} INFO - Sync 1 DAGs
[2025-07-05T22:47:42.952+0000] {logging_mixin.py:190} INFO - [2025-07-05T22:47:42.952+0000] {dag.py:4180} INFO - Setting next_dagrun for extract_raw_data_pipeline to 2025-07-05 07:59:00+00:00, run_after=2025-07-06 07:00:00+00:00
[2025-07-05T22:47:42.981+0000] {processor.py:208} INFO - Processing /opt/airflow/dags/driven_data_pipeline.py took 2.478 seconds
[2025-07-05T22:48:13.874+0000] {processor.py:186} INFO - Started process (PID=115) to work on /opt/airflow/dags/driven_data_pipeline.py
[2025-07-05T22:48:13.875+0000] {processor.py:914} INFO - Processing file /opt/airflow/dags/driven_data_pipeline.py for tasks to queue
[2025-07-05T22:48:13.881+0000] {logging_mixin.py:190} INFO - [2025-07-05T22:48:13.878+0000] {dagbag.py:588} INFO - Filling up the DagBag from /opt/airflow/dags/driven_data_pipeline.py
[2025-07-05T22:48:14.708+0000] {processor.py:925} INFO - DAG(s) 'extract_raw_data_pipeline' retrieved from /opt/airflow/dags/driven_data_pipeline.py
[2025-07-05T22:48:14.778+0000] {logging_mixin.py:190} INFO - [2025-07-05T22:48:14.778+0000] {dag.py:3239} INFO - Sync 1 DAGs
[2025-07-05T22:48:14.810+0000] {logging_mixin.py:190} INFO - [2025-07-05T22:48:14.809+0000] {dag.py:4180} INFO - Setting next_dagrun for extract_raw_data_pipeline to 2025-07-05 07:59:00+00:00, run_after=2025-07-06 07:00:00+00:00
[2025-07-05T22:48:14.835+0000] {processor.py:208} INFO - Processing /opt/airflow/dags/driven_data_pipeline.py took 0.975 seconds
[2025-07-05T22:48:45.049+0000] {processor.py:186} INFO - Started process (PID=123) to work on /opt/airflow/dags/driven_data_pipeline.py
[2025-07-05T22:48:45.050+0000] {processor.py:914} INFO - Processing file /opt/airflow/dags/driven_data_pipeline.py for tasks to queue
[2025-07-05T22:48:45.055+0000] {logging_mixin.py:190} INFO - [2025-07-05T22:48:45.053+0000] {dagbag.py:588} INFO - Filling up the DagBag from /opt/airflow/dags/driven_data_pipeline.py
[2025-07-05T22:48:45.890+0000] {processor.py:925} INFO - DAG(s) 'extract_raw_data_pipeline' retrieved from /opt/airflow/dags/driven_data_pipeline.py
[2025-07-05T22:48:45.977+0000] {logging_mixin.py:190} INFO - [2025-07-05T22:48:45.977+0000] {dag.py:3239} INFO - Sync 1 DAGs
[2025-07-05T22:48:46.006+0000] {logging_mixin.py:190} INFO - [2025-07-05T22:48:46.005+0000] {dag.py:4180} INFO - Setting next_dagrun for extract_raw_data_pipeline to 2025-07-05 07:59:00+00:00, run_after=2025-07-06 07:00:00+00:00
[2025-07-05T22:48:46.032+0000] {processor.py:208} INFO - Processing /opt/airflow/dags/driven_data_pipeline.py took 0.995 seconds
[2025-07-05T22:49:21.342+0000] {processor.py:186} INFO - Started process (PID=131) to work on /opt/airflow/dags/driven_data_pipeline.py
[2025-07-05T22:49:21.343+0000] {processor.py:914} INFO - Processing file /opt/airflow/dags/driven_data_pipeline.py for tasks to queue
[2025-07-05T22:49:21.359+0000] {logging_mixin.py:190} INFO - [2025-07-05T22:49:21.346+0000] {dagbag.py:588} INFO - Filling up the DagBag from /opt/airflow/dags/driven_data_pipeline.py
[2025-07-05T22:49:22.324+0000] {processor.py:925} INFO - DAG(s) 'extract_raw_data_pipeline' retrieved from /opt/airflow/dags/driven_data_pipeline.py
[2025-07-05T22:49:22.403+0000] {logging_mixin.py:190} INFO - [2025-07-05T22:49:22.402+0000] {dag.py:3239} INFO - Sync 1 DAGs
[2025-07-05T22:49:22.435+0000] {logging_mixin.py:190} INFO - [2025-07-05T22:49:22.434+0000] {dag.py:4180} INFO - Setting next_dagrun for extract_raw_data_pipeline to 2025-07-05 07:59:00+00:00, run_after=2025-07-06 07:00:00+00:00
[2025-07-05T22:49:22.480+0000] {processor.py:208} INFO - Processing /opt/airflow/dags/driven_data_pipeline.py took 7.524 seconds
[2025-07-05T22:49:53.579+0000] {processor.py:186} INFO - Started process (PID=145) to work on /opt/airflow/dags/driven_data_pipeline.py
[2025-07-05T22:49:53.581+0000] {processor.py:914} INFO - Processing file /opt/airflow/dags/driven_data_pipeline.py for tasks to queue
[2025-07-05T22:49:53.587+0000] {logging_mixin.py:190} INFO - [2025-07-05T22:49:53.585+0000] {dagbag.py:588} INFO - Filling up the DagBag from /opt/airflow/dags/driven_data_pipeline.py
[2025-07-05T22:49:55.759+0000] {processor.py:925} INFO - DAG(s) 'extract_raw_data_pipeline' retrieved from /opt/airflow/dags/driven_data_pipeline.py
[2025-07-05T22:49:55.822+0000] {logging_mixin.py:190} INFO - [2025-07-05T22:49:55.822+0000] {dag.py:3239} INFO - Sync 1 DAGs
[2025-07-05T22:49:55.854+0000] {logging_mixin.py:190} INFO - [2025-07-05T22:49:55.854+0000] {dag.py:4180} INFO - Setting next_dagrun for extract_raw_data_pipeline to 2025-07-05 07:59:00+00:00, run_after=2025-07-06 07:00:00+00:00
[2025-07-05T22:49:55.882+0000] {processor.py:208} INFO - Processing /opt/airflow/dags/driven_data_pipeline.py took 2.315 seconds
[2025-07-05T22:50:26.056+0000] {processor.py:186} INFO - Started process (PID=153) to work on /opt/airflow/dags/driven_data_pipeline.py
[2025-07-05T22:50:26.060+0000] {processor.py:914} INFO - Processing file /opt/airflow/dags/driven_data_pipeline.py for tasks to queue
[2025-07-05T22:50:26.069+0000] {logging_mixin.py:190} INFO - [2025-07-05T22:50:26.066+0000] {dagbag.py:588} INFO - Filling up the DagBag from /opt/airflow/dags/driven_data_pipeline.py
[2025-07-05T22:50:26.962+0000] {processor.py:925} INFO - DAG(s) 'extract_raw_data_pipeline' retrieved from /opt/airflow/dags/driven_data_pipeline.py
[2025-07-05T22:50:27.038+0000] {logging_mixin.py:190} INFO - [2025-07-05T22:50:27.037+0000] {dag.py:3239} INFO - Sync 1 DAGs
[2025-07-05T22:50:27.072+0000] {logging_mixin.py:190} INFO - [2025-07-05T22:50:27.072+0000] {dag.py:4180} INFO - Setting next_dagrun for extract_raw_data_pipeline to 2025-07-05 07:59:00+00:00, run_after=2025-07-06 07:00:00+00:00
[2025-07-05T22:50:27.115+0000] {processor.py:208} INFO - Processing /opt/airflow/dags/driven_data_pipeline.py took 1.084 seconds
[2025-07-05T22:50:57.984+0000] {processor.py:186} INFO - Started process (PID=161) to work on /opt/airflow/dags/driven_data_pipeline.py
[2025-07-05T22:50:57.986+0000] {processor.py:914} INFO - Processing file /opt/airflow/dags/driven_data_pipeline.py for tasks to queue
[2025-07-05T22:50:57.992+0000] {logging_mixin.py:190} INFO - [2025-07-05T22:50:57.990+0000] {dagbag.py:588} INFO - Filling up the DagBag from /opt/airflow/dags/driven_data_pipeline.py
[2025-07-05T22:50:59.846+0000] {processor.py:925} INFO - DAG(s) 'extract_raw_data_pipeline' retrieved from /opt/airflow/dags/driven_data_pipeline.py
[2025-07-05T22:50:59.916+0000] {logging_mixin.py:190} INFO - [2025-07-05T22:50:59.916+0000] {dag.py:3239} INFO - Sync 1 DAGs
[2025-07-05T22:50:59.943+0000] {logging_mixin.py:190} INFO - [2025-07-05T22:50:59.943+0000] {dag.py:4180} INFO - Setting next_dagrun for extract_raw_data_pipeline to 2025-07-05 07:59:00+00:00, run_after=2025-07-06 07:00:00+00:00
[2025-07-05T22:51:00.018+0000] {processor.py:208} INFO - Processing /opt/airflow/dags/driven_data_pipeline.py took 2.042 seconds
[2025-07-05T22:51:31.093+0000] {processor.py:186} INFO - Started process (PID=169) to work on /opt/airflow/dags/driven_data_pipeline.py
[2025-07-05T22:51:31.094+0000] {processor.py:914} INFO - Processing file /opt/airflow/dags/driven_data_pipeline.py for tasks to queue
[2025-07-05T22:51:31.099+0000] {logging_mixin.py:190} INFO - [2025-07-05T22:51:31.098+0000] {dagbag.py:588} INFO - Filling up the DagBag from /opt/airflow/dags/driven_data_pipeline.py
[2025-07-05T22:51:32.756+0000] {processor.py:925} INFO - DAG(s) 'extract_raw_data_pipeline' retrieved from /opt/airflow/dags/driven_data_pipeline.py
[2025-07-05T22:51:32.827+0000] {logging_mixin.py:190} INFO - [2025-07-05T22:51:32.827+0000] {dag.py:3239} INFO - Sync 1 DAGs
[2025-07-05T22:51:32.861+0000] {logging_mixin.py:190} INFO - [2025-07-05T22:51:32.860+0000] {dag.py:4180} INFO - Setting next_dagrun for extract_raw_data_pipeline to 2025-07-05 07:59:00+00:00, run_after=2025-07-06 07:00:00+00:00
[2025-07-05T22:51:32.897+0000] {processor.py:208} INFO - Processing /opt/airflow/dags/driven_data_pipeline.py took 1.814 seconds
[2025-07-05T22:52:03.875+0000] {processor.py:186} INFO - Started process (PID=177) to work on /opt/airflow/dags/driven_data_pipeline.py
[2025-07-05T22:52:03.876+0000] {processor.py:914} INFO - Processing file /opt/airflow/dags/driven_data_pipeline.py for tasks to queue
[2025-07-05T22:52:03.879+0000] {logging_mixin.py:190} INFO - [2025-07-05T22:52:03.879+0000] {dagbag.py:588} INFO - Filling up the DagBag from /opt/airflow/dags/driven_data_pipeline.py
[2025-07-05T22:52:10.084+0000] {processor.py:925} INFO - DAG(s) 'extract_raw_data_pipeline' retrieved from /opt/airflow/dags/driven_data_pipeline.py
[2025-07-05T22:52:10.115+0000] {logging_mixin.py:190} INFO - [2025-07-05T22:52:10.114+0000] {dag.py:3239} INFO - Sync 1 DAGs
[2025-07-05T22:52:10.141+0000] {logging_mixin.py:190} INFO - [2025-07-05T22:52:10.141+0000] {dag.py:4180} INFO - Setting next_dagrun for extract_raw_data_pipeline to 2025-07-05 07:59:00+00:00, run_after=2025-07-06 07:00:00+00:00
[2025-07-05T22:52:10.171+0000] {processor.py:208} INFO - Processing /opt/airflow/dags/driven_data_pipeline.py took 9.018 seconds
[2025-07-05T22:52:41.357+0000] {processor.py:186} INFO - Started process (PID=191) to work on /opt/airflow/dags/driven_data_pipeline.py
[2025-07-05T22:52:41.359+0000] {processor.py:914} INFO - Processing file /opt/airflow/dags/driven_data_pipeline.py for tasks to queue
[2025-07-05T22:52:41.364+0000] {logging_mixin.py:190} INFO - [2025-07-05T22:52:41.363+0000] {dagbag.py:588} INFO - Filling up the DagBag from /opt/airflow/dags/driven_data_pipeline.py
[2025-07-05T22:52:41.792+0000] {processor.py:925} INFO - DAG(s) 'extract_raw_data_pipeline' retrieved from /opt/airflow/dags/driven_data_pipeline.py
[2025-07-05T22:52:41.825+0000] {logging_mixin.py:190} INFO - [2025-07-05T22:52:41.825+0000] {dag.py:3239} INFO - Sync 1 DAGs
[2025-07-05T22:52:41.859+0000] {logging_mixin.py:190} INFO - [2025-07-05T22:52:41.858+0000] {dag.py:4180} INFO - Setting next_dagrun for extract_raw_data_pipeline to 2025-07-05 07:59:00+00:00, run_after=2025-07-06 07:00:00+00:00
[2025-07-05T22:52:41.888+0000] {processor.py:208} INFO - Processing /opt/airflow/dags/driven_data_pipeline.py took 0.542 seconds
[2025-07-05T22:53:11.980+0000] {processor.py:186} INFO - Started process (PID=199) to work on /opt/airflow/dags/driven_data_pipeline.py
[2025-07-05T22:53:11.981+0000] {processor.py:914} INFO - Processing file /opt/airflow/dags/driven_data_pipeline.py for tasks to queue
[2025-07-05T22:53:11.985+0000] {logging_mixin.py:190} INFO - [2025-07-05T22:53:11.985+0000] {dagbag.py:588} INFO - Filling up the DagBag from /opt/airflow/dags/driven_data_pipeline.py
[2025-07-05T22:53:12.602+0000] {processor.py:925} INFO - DAG(s) 'extract_raw_data_pipeline' retrieved from /opt/airflow/dags/driven_data_pipeline.py
[2025-07-05T22:53:12.648+0000] {logging_mixin.py:190} INFO - [2025-07-05T22:53:12.648+0000] {dag.py:3239} INFO - Sync 1 DAGs
[2025-07-05T22:53:12.684+0000] {logging_mixin.py:190} INFO - [2025-07-05T22:53:12.683+0000] {dag.py:4180} INFO - Setting next_dagrun for extract_raw_data_pipeline to 2025-07-05 07:59:00+00:00, run_after=2025-07-06 07:00:00+00:00
[2025-07-05T22:53:12.713+0000] {processor.py:208} INFO - Processing /opt/airflow/dags/driven_data_pipeline.py took 0.744 seconds
[2025-07-05T22:53:43.389+0000] {processor.py:186} INFO - Started process (PID=207) to work on /opt/airflow/dags/driven_data_pipeline.py
[2025-07-05T22:53:43.391+0000] {processor.py:914} INFO - Processing file /opt/airflow/dags/driven_data_pipeline.py for tasks to queue
[2025-07-05T22:53:43.395+0000] {logging_mixin.py:190} INFO - [2025-07-05T22:53:43.394+0000] {dagbag.py:588} INFO - Filling up the DagBag from /opt/airflow/dags/driven_data_pipeline.py
[2025-07-05T22:53:43.647+0000] {processor.py:925} INFO - DAG(s) 'extract_raw_data_pipeline' retrieved from /opt/airflow/dags/driven_data_pipeline.py
[2025-07-05T22:53:43.679+0000] {logging_mixin.py:190} INFO - [2025-07-05T22:53:43.679+0000] {dag.py:3239} INFO - Sync 1 DAGs
[2025-07-05T22:53:43.711+0000] {logging_mixin.py:190} INFO - [2025-07-05T22:53:43.711+0000] {dag.py:4180} INFO - Setting next_dagrun for extract_raw_data_pipeline to 2025-07-05 07:59:00+00:00, run_after=2025-07-06 07:00:00+00:00
[2025-07-05T22:53:43.742+0000] {processor.py:208} INFO - Processing /opt/airflow/dags/driven_data_pipeline.py took 0.363 seconds
[2025-07-05T22:54:14.537+0000] {processor.py:186} INFO - Started process (PID=215) to work on /opt/airflow/dags/driven_data_pipeline.py
[2025-07-05T22:54:14.538+0000] {processor.py:914} INFO - Processing file /opt/airflow/dags/driven_data_pipeline.py for tasks to queue
[2025-07-05T22:54:14.543+0000] {logging_mixin.py:190} INFO - [2025-07-05T22:54:14.542+0000] {dagbag.py:588} INFO - Filling up the DagBag from /opt/airflow/dags/driven_data_pipeline.py
[2025-07-05T22:54:14.866+0000] {processor.py:925} INFO - DAG(s) 'extract_raw_data_pipeline' retrieved from /opt/airflow/dags/driven_data_pipeline.py
[2025-07-05T22:54:14.903+0000] {logging_mixin.py:190} INFO - [2025-07-05T22:54:14.902+0000] {dag.py:3239} INFO - Sync 1 DAGs
[2025-07-05T22:54:14.933+0000] {logging_mixin.py:190} INFO - [2025-07-05T22:54:14.933+0000] {dag.py:4180} INFO - Setting next_dagrun for extract_raw_data_pipeline to 2025-07-05 07:59:00+00:00, run_after=2025-07-06 07:00:00+00:00
[2025-07-05T22:54:14.961+0000] {processor.py:208} INFO - Processing /opt/airflow/dags/driven_data_pipeline.py took 0.435 seconds
[2025-07-05T22:54:45.811+0000] {processor.py:186} INFO - Started process (PID=223) to work on /opt/airflow/dags/driven_data_pipeline.py
[2025-07-05T22:54:45.812+0000] {processor.py:914} INFO - Processing file /opt/airflow/dags/driven_data_pipeline.py for tasks to queue
[2025-07-05T22:54:45.817+0000] {logging_mixin.py:190} INFO - [2025-07-05T22:54:45.816+0000] {dagbag.py:588} INFO - Filling up the DagBag from /opt/airflow/dags/driven_data_pipeline.py
[2025-07-05T22:54:46.288+0000] {processor.py:925} INFO - DAG(s) 'extract_raw_data_pipeline' retrieved from /opt/airflow/dags/driven_data_pipeline.py
[2025-07-05T22:54:46.321+0000] {logging_mixin.py:190} INFO - [2025-07-05T22:54:46.321+0000] {dag.py:3239} INFO - Sync 1 DAGs
[2025-07-05T22:54:46.354+0000] {logging_mixin.py:190} INFO - [2025-07-05T22:54:46.353+0000] {dag.py:4180} INFO - Setting next_dagrun for extract_raw_data_pipeline to 2025-07-05 07:59:00+00:00, run_after=2025-07-06 07:00:00+00:00
[2025-07-05T22:54:46.384+0000] {processor.py:208} INFO - Processing /opt/airflow/dags/driven_data_pipeline.py took 0.585 seconds
[2025-07-05T22:55:16.942+0000] {processor.py:186} INFO - Started process (PID=231) to work on /opt/airflow/dags/driven_data_pipeline.py
[2025-07-05T22:55:16.944+0000] {processor.py:914} INFO - Processing file /opt/airflow/dags/driven_data_pipeline.py for tasks to queue
[2025-07-05T22:55:16.947+0000] {logging_mixin.py:190} INFO - [2025-07-05T22:55:16.947+0000] {dagbag.py:588} INFO - Filling up the DagBag from /opt/airflow/dags/driven_data_pipeline.py
[2025-07-05T22:55:17.511+0000] {processor.py:925} INFO - DAG(s) 'extract_raw_data_pipeline' retrieved from /opt/airflow/dags/driven_data_pipeline.py
[2025-07-05T22:55:17.549+0000] {logging_mixin.py:190} INFO - [2025-07-05T22:55:17.549+0000] {dag.py:3239} INFO - Sync 1 DAGs
[2025-07-05T22:55:17.582+0000] {logging_mixin.py:190} INFO - [2025-07-05T22:55:17.582+0000] {dag.py:4180} INFO - Setting next_dagrun for extract_raw_data_pipeline to 2025-07-05 07:59:00+00:00, run_after=2025-07-06 07:00:00+00:00
[2025-07-05T22:55:17.611+0000] {processor.py:208} INFO - Processing /opt/airflow/dags/driven_data_pipeline.py took 0.679 seconds
[2025-07-05T22:55:47.796+0000] {processor.py:186} INFO - Started process (PID=239) to work on /opt/airflow/dags/driven_data_pipeline.py
[2025-07-05T22:55:47.798+0000] {processor.py:914} INFO - Processing file /opt/airflow/dags/driven_data_pipeline.py for tasks to queue
[2025-07-05T22:55:47.802+0000] {logging_mixin.py:190} INFO - [2025-07-05T22:55:47.801+0000] {dagbag.py:588} INFO - Filling up the DagBag from /opt/airflow/dags/driven_data_pipeline.py
[2025-07-05T22:55:48.075+0000] {processor.py:925} INFO - DAG(s) 'extract_raw_data_pipeline' retrieved from /opt/airflow/dags/driven_data_pipeline.py
[2025-07-05T22:55:48.111+0000] {logging_mixin.py:190} INFO - [2025-07-05T22:55:48.111+0000] {dag.py:3239} INFO - Sync 1 DAGs
[2025-07-05T22:55:48.143+0000] {logging_mixin.py:190} INFO - [2025-07-05T22:55:48.143+0000] {dag.py:4180} INFO - Setting next_dagrun for extract_raw_data_pipeline to 2025-07-05 07:59:00+00:00, run_after=2025-07-06 07:00:00+00:00
[2025-07-05T22:55:48.170+0000] {processor.py:208} INFO - Processing /opt/airflow/dags/driven_data_pipeline.py took 0.383 seconds
[2025-07-05T22:56:18.374+0000] {processor.py:186} INFO - Started process (PID=253) to work on /opt/airflow/dags/driven_data_pipeline.py
[2025-07-05T22:56:18.375+0000] {processor.py:914} INFO - Processing file /opt/airflow/dags/driven_data_pipeline.py for tasks to queue
[2025-07-05T22:56:18.379+0000] {logging_mixin.py:190} INFO - [2025-07-05T22:56:18.378+0000] {dagbag.py:588} INFO - Filling up the DagBag from /opt/airflow/dags/driven_data_pipeline.py
[2025-07-05T22:56:18.907+0000] {processor.py:925} INFO - DAG(s) 'extract_raw_data_pipeline' retrieved from /opt/airflow/dags/driven_data_pipeline.py
[2025-07-05T22:56:18.945+0000] {logging_mixin.py:190} INFO - [2025-07-05T22:56:18.944+0000] {dag.py:3239} INFO - Sync 1 DAGs
[2025-07-05T22:56:18.977+0000] {logging_mixin.py:190} INFO - [2025-07-05T22:56:18.976+0000] {dag.py:4180} INFO - Setting next_dagrun for extract_raw_data_pipeline to 2025-07-05 07:59:00+00:00, run_after=2025-07-06 07:00:00+00:00
[2025-07-05T22:56:19.007+0000] {processor.py:208} INFO - Processing /opt/airflow/dags/driven_data_pipeline.py took 0.643 seconds
[2025-07-05T23:02:19.040+0000] {processor.py:186} INFO - Started process (PID=78) to work on /opt/airflow/dags/driven_data_pipeline.py
[2025-07-05T23:02:19.044+0000] {processor.py:914} INFO - Processing file /opt/airflow/dags/driven_data_pipeline.py for tasks to queue
[2025-07-05T23:02:19.057+0000] {logging_mixin.py:190} INFO - [2025-07-05T23:02:19.055+0000] {dagbag.py:588} INFO - Filling up the DagBag from /opt/airflow/dags/driven_data_pipeline.py
[2025-07-05T23:02:23.164+0000] {processor.py:925} INFO - DAG(s) 'extract_raw_data_pipeline' retrieved from /opt/airflow/dags/driven_data_pipeline.py
[2025-07-05T23:02:23.531+0000] {logging_mixin.py:190} INFO - [2025-07-05T23:02:23.530+0000] {dag.py:3239} INFO - Sync 1 DAGs
[2025-07-05T23:02:23.693+0000] {logging_mixin.py:190} INFO - [2025-07-05T23:02:23.692+0000] {dag.py:4180} INFO - Setting next_dagrun for extract_raw_data_pipeline to 2025-07-05 07:59:00+00:00, run_after=2025-07-06 07:00:00+00:00
[2025-07-05T23:02:23.796+0000] {processor.py:208} INFO - Processing /opt/airflow/dags/driven_data_pipeline.py took 4.791 seconds
[2025-07-05T23:02:54.055+0000] {processor.py:186} INFO - Started process (PID=86) to work on /opt/airflow/dags/driven_data_pipeline.py
[2025-07-05T23:02:54.058+0000] {processor.py:914} INFO - Processing file /opt/airflow/dags/driven_data_pipeline.py for tasks to queue
[2025-07-05T23:02:54.069+0000] {logging_mixin.py:190} INFO - [2025-07-05T23:02:54.067+0000] {dagbag.py:588} INFO - Filling up the DagBag from /opt/airflow/dags/driven_data_pipeline.py
[2025-07-05T23:02:56.602+0000] {processor.py:925} INFO - DAG(s) 'extract_raw_data_pipeline' retrieved from /opt/airflow/dags/driven_data_pipeline.py
[2025-07-05T23:02:56.633+0000] {logging_mixin.py:190} INFO - [2025-07-05T23:02:56.633+0000] {dag.py:3239} INFO - Sync 1 DAGs
[2025-07-05T23:02:56.924+0000] {logging_mixin.py:190} INFO - [2025-07-05T23:02:56.923+0000] {dag.py:4180} INFO - Setting next_dagrun for extract_raw_data_pipeline to 2025-07-05 07:59:00+00:00, run_after=2025-07-06 07:00:00+00:00
[2025-07-05T23:02:56.952+0000] {processor.py:208} INFO - Processing /opt/airflow/dags/driven_data_pipeline.py took 2.912 seconds
[2025-07-05T23:03:27.998+0000] {processor.py:186} INFO - Started process (PID=94) to work on /opt/airflow/dags/driven_data_pipeline.py
[2025-07-05T23:03:28.002+0000] {processor.py:914} INFO - Processing file /opt/airflow/dags/driven_data_pipeline.py for tasks to queue
[2025-07-05T23:03:28.128+0000] {logging_mixin.py:190} INFO - [2025-07-05T23:03:28.126+0000] {dagbag.py:588} INFO - Filling up the DagBag from /opt/airflow/dags/driven_data_pipeline.py
[2025-07-05T23:03:46.237+0000] {processor.py:925} INFO - DAG(s) 'extract_raw_data_pipeline' retrieved from /opt/airflow/dags/driven_data_pipeline.py
[2025-07-05T23:03:46.306+0000] {logging_mixin.py:190} INFO - [2025-07-05T23:03:46.306+0000] {dag.py:3239} INFO - Sync 1 DAGs
[2025-07-05T23:03:46.359+0000] {logging_mixin.py:190} INFO - [2025-07-05T23:03:46.359+0000] {dag.py:4180} INFO - Setting next_dagrun for extract_raw_data_pipeline to 2025-07-05 07:59:00+00:00, run_after=2025-07-06 07:00:00+00:00
[2025-07-05T23:03:46.400+0000] {processor.py:208} INFO - Processing /opt/airflow/dags/driven_data_pipeline.py took 21.150 seconds
[2025-07-05T23:04:16.563+0000] {processor.py:186} INFO - Started process (PID=108) to work on /opt/airflow/dags/driven_data_pipeline.py
[2025-07-05T23:04:16.564+0000] {processor.py:914} INFO - Processing file /opt/airflow/dags/driven_data_pipeline.py for tasks to queue
[2025-07-05T23:04:16.569+0000] {logging_mixin.py:190} INFO - [2025-07-05T23:04:16.568+0000] {dagbag.py:588} INFO - Filling up the DagBag from /opt/airflow/dags/driven_data_pipeline.py
[2025-07-05T23:04:24.806+0000] {processor.py:925} INFO - DAG(s) 'extract_raw_data_pipeline' retrieved from /opt/airflow/dags/driven_data_pipeline.py
[2025-07-05T23:04:24.843+0000] {logging_mixin.py:190} INFO - [2025-07-05T23:04:24.843+0000] {dag.py:3239} INFO - Sync 1 DAGs
[2025-07-05T23:04:24.874+0000] {logging_mixin.py:190} INFO - [2025-07-05T23:04:24.873+0000] {dag.py:4180} INFO - Setting next_dagrun for extract_raw_data_pipeline to 2025-07-05 07:59:00+00:00, run_after=2025-07-06 07:00:00+00:00
[2025-07-05T23:04:25.055+0000] {processor.py:208} INFO - Processing /opt/airflow/dags/driven_data_pipeline.py took 8.500 seconds
[2025-07-05T23:04:56.095+0000] {processor.py:186} INFO - Started process (PID=116) to work on /opt/airflow/dags/driven_data_pipeline.py
[2025-07-05T23:04:56.096+0000] {processor.py:914} INFO - Processing file /opt/airflow/dags/driven_data_pipeline.py for tasks to queue
[2025-07-05T23:04:56.099+0000] {logging_mixin.py:190} INFO - [2025-07-05T23:04:56.099+0000] {dagbag.py:588} INFO - Filling up the DagBag from /opt/airflow/dags/driven_data_pipeline.py
[2025-07-05T23:04:56.541+0000] {processor.py:925} INFO - DAG(s) 'extract_raw_data_pipeline' retrieved from /opt/airflow/dags/driven_data_pipeline.py
[2025-07-05T23:04:56.605+0000] {logging_mixin.py:190} INFO - [2025-07-05T23:04:56.604+0000] {dag.py:3239} INFO - Sync 1 DAGs
[2025-07-05T23:04:56.633+0000] {logging_mixin.py:190} INFO - [2025-07-05T23:04:56.633+0000] {dag.py:4180} INFO - Setting next_dagrun for extract_raw_data_pipeline to 2025-07-05 07:59:00+00:00, run_after=2025-07-06 07:00:00+00:00
[2025-07-05T23:04:56.682+0000] {processor.py:208} INFO - Processing /opt/airflow/dags/driven_data_pipeline.py took 0.594 seconds
[2025-07-05T23:05:26.946+0000] {processor.py:186} INFO - Started process (PID=124) to work on /opt/airflow/dags/driven_data_pipeline.py
[2025-07-05T23:05:26.948+0000] {processor.py:914} INFO - Processing file /opt/airflow/dags/driven_data_pipeline.py for tasks to queue
[2025-07-05T23:05:26.951+0000] {logging_mixin.py:190} INFO - [2025-07-05T23:05:26.951+0000] {dagbag.py:588} INFO - Filling up the DagBag from /opt/airflow/dags/driven_data_pipeline.py
[2025-07-05T23:05:27.807+0000] {processor.py:925} INFO - DAG(s) 'extract_raw_data_pipeline' retrieved from /opt/airflow/dags/driven_data_pipeline.py
[2025-07-05T23:05:27.837+0000] {logging_mixin.py:190} INFO - [2025-07-05T23:05:27.836+0000] {dag.py:3239} INFO - Sync 1 DAGs
[2025-07-05T23:05:27.862+0000] {logging_mixin.py:190} INFO - [2025-07-05T23:05:27.861+0000] {dag.py:4180} INFO - Setting next_dagrun for extract_raw_data_pipeline to 2025-07-05 07:59:00+00:00, run_after=2025-07-06 07:00:00+00:00
[2025-07-05T23:05:29.639+0000] {processor.py:208} INFO - Processing /opt/airflow/dags/driven_data_pipeline.py took 2.701 seconds
[2025-07-05T23:06:00.722+0000] {processor.py:186} INFO - Started process (PID=132) to work on /opt/airflow/dags/driven_data_pipeline.py
[2025-07-05T23:06:00.725+0000] {processor.py:914} INFO - Processing file /opt/airflow/dags/driven_data_pipeline.py for tasks to queue
[2025-07-05T23:06:00.732+0000] {logging_mixin.py:190} INFO - [2025-07-05T23:06:00.731+0000] {dagbag.py:588} INFO - Filling up the DagBag from /opt/airflow/dags/driven_data_pipeline.py
[2025-07-05T23:06:01.554+0000] {processor.py:925} INFO - DAG(s) 'extract_raw_data_pipeline' retrieved from /opt/airflow/dags/driven_data_pipeline.py
[2025-07-05T23:06:01.598+0000] {logging_mixin.py:190} INFO - [2025-07-05T23:06:01.597+0000] {dag.py:3239} INFO - Sync 1 DAGs
[2025-07-05T23:06:01.636+0000] {logging_mixin.py:190} INFO - [2025-07-05T23:06:01.636+0000] {dag.py:4180} INFO - Setting next_dagrun for extract_raw_data_pipeline to 2025-07-05 07:59:00+00:00, run_after=2025-07-06 07:00:00+00:00
[2025-07-05T23:06:01.669+0000] {processor.py:208} INFO - Processing /opt/airflow/dags/driven_data_pipeline.py took 0.962 seconds
[2025-07-05T23:06:32.682+0000] {processor.py:186} INFO - Started process (PID=140) to work on /opt/airflow/dags/driven_data_pipeline.py
[2025-07-05T23:06:32.683+0000] {processor.py:914} INFO - Processing file /opt/airflow/dags/driven_data_pipeline.py for tasks to queue
[2025-07-05T23:06:32.686+0000] {logging_mixin.py:190} INFO - [2025-07-05T23:06:32.686+0000] {dagbag.py:588} INFO - Filling up the DagBag from /opt/airflow/dags/driven_data_pipeline.py
[2025-07-05T23:06:33.059+0000] {processor.py:925} INFO - DAG(s) 'extract_raw_data_pipeline' retrieved from /opt/airflow/dags/driven_data_pipeline.py
[2025-07-05T23:06:33.087+0000] {logging_mixin.py:190} INFO - [2025-07-05T23:06:33.087+0000] {dag.py:3239} INFO - Sync 1 DAGs
[2025-07-05T23:06:33.123+0000] {logging_mixin.py:190} INFO - [2025-07-05T23:06:33.123+0000] {dag.py:4180} INFO - Setting next_dagrun for extract_raw_data_pipeline to 2025-07-05 07:59:00+00:00, run_after=2025-07-06 07:00:00+00:00
[2025-07-05T23:06:33.147+0000] {processor.py:208} INFO - Processing /opt/airflow/dags/driven_data_pipeline.py took 0.472 seconds
[2025-07-05T23:07:03.577+0000] {processor.py:186} INFO - Started process (PID=154) to work on /opt/airflow/dags/driven_data_pipeline.py
[2025-07-05T23:07:03.578+0000] {processor.py:914} INFO - Processing file /opt/airflow/dags/driven_data_pipeline.py for tasks to queue
[2025-07-05T23:07:03.581+0000] {logging_mixin.py:190} INFO - [2025-07-05T23:07:03.581+0000] {dagbag.py:588} INFO - Filling up the DagBag from /opt/airflow/dags/driven_data_pipeline.py
[2025-07-05T23:07:03.987+0000] {processor.py:925} INFO - DAG(s) 'extract_raw_data_pipeline' retrieved from /opt/airflow/dags/driven_data_pipeline.py
[2025-07-05T23:07:04.018+0000] {logging_mixin.py:190} INFO - [2025-07-05T23:07:04.017+0000] {dag.py:3239} INFO - Sync 1 DAGs
[2025-07-05T23:07:04.048+0000] {logging_mixin.py:190} INFO - [2025-07-05T23:07:04.047+0000] {dag.py:4180} INFO - Setting next_dagrun for extract_raw_data_pipeline to 2025-07-05 07:59:00+00:00, run_after=2025-07-06 07:00:00+00:00
[2025-07-05T23:07:04.077+0000] {processor.py:208} INFO - Processing /opt/airflow/dags/driven_data_pipeline.py took 0.509 seconds
[2025-07-05T23:07:34.774+0000] {processor.py:186} INFO - Started process (PID=163) to work on /opt/airflow/dags/driven_data_pipeline.py
[2025-07-05T23:07:34.775+0000] {processor.py:914} INFO - Processing file /opt/airflow/dags/driven_data_pipeline.py for tasks to queue
[2025-07-05T23:07:34.778+0000] {logging_mixin.py:190} INFO - [2025-07-05T23:07:34.778+0000] {dagbag.py:588} INFO - Filling up the DagBag from /opt/airflow/dags/driven_data_pipeline.py
[2025-07-05T23:07:35.222+0000] {processor.py:925} INFO - DAG(s) 'extract_raw_data_pipeline' retrieved from /opt/airflow/dags/driven_data_pipeline.py
[2025-07-05T23:07:35.247+0000] {logging_mixin.py:190} INFO - [2025-07-05T23:07:35.247+0000] {dag.py:3239} INFO - Sync 1 DAGs
[2025-07-05T23:07:35.271+0000] {logging_mixin.py:190} INFO - [2025-07-05T23:07:35.271+0000] {dag.py:4180} INFO - Setting next_dagrun for extract_raw_data_pipeline to 2025-07-05 07:59:00+00:00, run_after=2025-07-06 07:00:00+00:00
[2025-07-05T23:07:35.291+0000] {processor.py:208} INFO - Processing /opt/airflow/dags/driven_data_pipeline.py took 0.524 seconds
[2025-07-05T23:08:05.793+0000] {processor.py:186} INFO - Started process (PID=171) to work on /opt/airflow/dags/driven_data_pipeline.py
[2025-07-05T23:08:05.795+0000] {processor.py:914} INFO - Processing file /opt/airflow/dags/driven_data_pipeline.py for tasks to queue
[2025-07-05T23:08:05.799+0000] {logging_mixin.py:190} INFO - [2025-07-05T23:08:05.799+0000] {dagbag.py:588} INFO - Filling up the DagBag from /opt/airflow/dags/driven_data_pipeline.py
[2025-07-05T23:08:06.208+0000] {processor.py:925} INFO - DAG(s) 'extract_raw_data_pipeline' retrieved from /opt/airflow/dags/driven_data_pipeline.py
[2025-07-05T23:08:06.234+0000] {logging_mixin.py:190} INFO - [2025-07-05T23:08:06.233+0000] {dag.py:3239} INFO - Sync 1 DAGs
[2025-07-05T23:08:06.257+0000] {logging_mixin.py:190} INFO - [2025-07-05T23:08:06.257+0000] {dag.py:4180} INFO - Setting next_dagrun for extract_raw_data_pipeline to 2025-07-05 07:59:00+00:00, run_after=2025-07-06 07:00:00+00:00
[2025-07-05T23:08:06.279+0000] {processor.py:208} INFO - Processing /opt/airflow/dags/driven_data_pipeline.py took 0.494 seconds
[2025-07-05T23:14:15.514+0000] {processor.py:186} INFO - Started process (PID=73) to work on /opt/airflow/dags/driven_data_pipeline.py
[2025-07-05T23:14:15.517+0000] {processor.py:914} INFO - Processing file /opt/airflow/dags/driven_data_pipeline.py for tasks to queue
[2025-07-05T23:14:15.525+0000] {logging_mixin.py:190} INFO - [2025-07-05T23:14:15.524+0000] {dagbag.py:588} INFO - Filling up the DagBag from /opt/airflow/dags/driven_data_pipeline.py
[2025-07-05T23:14:21.195+0000] {processor.py:925} INFO - DAG(s) 'extract_raw_data_pipeline' retrieved from /opt/airflow/dags/driven_data_pipeline.py
[2025-07-05T23:14:21.313+0000] {logging_mixin.py:190} INFO - [2025-07-05T23:14:21.312+0000] {dag.py:3239} INFO - Sync 1 DAGs
[2025-07-05T23:14:21.397+0000] {logging_mixin.py:190} INFO - [2025-07-05T23:14:21.396+0000] {dag.py:4180} INFO - Setting next_dagrun for extract_raw_data_pipeline to 2025-07-05 07:59:00+00:00, run_after=2025-07-06 07:00:00+00:00
[2025-07-05T23:14:21.455+0000] {processor.py:208} INFO - Processing /opt/airflow/dags/driven_data_pipeline.py took 5.995 seconds
[2025-07-05T23:14:52.490+0000] {processor.py:186} INFO - Started process (PID=82) to work on /opt/airflow/dags/driven_data_pipeline.py
[2025-07-05T23:14:52.492+0000] {processor.py:914} INFO - Processing file /opt/airflow/dags/driven_data_pipeline.py for tasks to queue
[2025-07-05T23:14:52.501+0000] {logging_mixin.py:190} INFO - [2025-07-05T23:14:52.499+0000] {dagbag.py:588} INFO - Filling up the DagBag from /opt/airflow/dags/driven_data_pipeline.py
[2025-07-05T23:14:55.096+0000] {processor.py:925} INFO - DAG(s) 'extract_raw_data_pipeline' retrieved from /opt/airflow/dags/driven_data_pipeline.py
[2025-07-05T23:14:55.167+0000] {logging_mixin.py:190} INFO - [2025-07-05T23:14:55.166+0000] {dag.py:3239} INFO - Sync 1 DAGs
[2025-07-05T23:14:55.237+0000] {logging_mixin.py:190} INFO - [2025-07-05T23:14:55.236+0000] {dag.py:4180} INFO - Setting next_dagrun for extract_raw_data_pipeline to 2025-07-05 07:59:00+00:00, run_after=2025-07-06 07:00:00+00:00
[2025-07-05T23:14:55.288+0000] {processor.py:208} INFO - Processing /opt/airflow/dags/driven_data_pipeline.py took 2.824 seconds
[2025-07-05T23:15:25.401+0000] {processor.py:186} INFO - Started process (PID=90) to work on /opt/airflow/dags/driven_data_pipeline.py
[2025-07-05T23:15:25.402+0000] {processor.py:914} INFO - Processing file /opt/airflow/dags/driven_data_pipeline.py for tasks to queue
[2025-07-05T23:15:25.408+0000] {logging_mixin.py:190} INFO - [2025-07-05T23:15:25.408+0000] {dagbag.py:588} INFO - Filling up the DagBag from /opt/airflow/dags/driven_data_pipeline.py
[2025-07-05T23:15:26.039+0000] {processor.py:925} INFO - DAG(s) 'extract_raw_data_pipeline' retrieved from /opt/airflow/dags/driven_data_pipeline.py
[2025-07-05T23:15:26.071+0000] {logging_mixin.py:190} INFO - [2025-07-05T23:15:26.070+0000] {dag.py:3239} INFO - Sync 1 DAGs
[2025-07-05T23:15:26.101+0000] {logging_mixin.py:190} INFO - [2025-07-05T23:15:26.100+0000] {dag.py:4180} INFO - Setting next_dagrun for extract_raw_data_pipeline to 2025-07-05 07:59:00+00:00, run_after=2025-07-06 07:00:00+00:00
[2025-07-05T23:15:26.127+0000] {processor.py:208} INFO - Processing /opt/airflow/dags/driven_data_pipeline.py took 0.734 seconds
[2025-07-05T23:15:56.328+0000] {processor.py:186} INFO - Started process (PID=98) to work on /opt/airflow/dags/driven_data_pipeline.py
[2025-07-05T23:15:56.329+0000] {processor.py:914} INFO - Processing file /opt/airflow/dags/driven_data_pipeline.py for tasks to queue
[2025-07-05T23:15:56.333+0000] {logging_mixin.py:190} INFO - [2025-07-05T23:15:56.332+0000] {dagbag.py:588} INFO - Filling up the DagBag from /opt/airflow/dags/driven_data_pipeline.py
[2025-07-05T23:15:56.927+0000] {processor.py:925} INFO - DAG(s) 'extract_raw_data_pipeline' retrieved from /opt/airflow/dags/driven_data_pipeline.py
[2025-07-05T23:15:56.963+0000] {logging_mixin.py:190} INFO - [2025-07-05T23:15:56.963+0000] {dag.py:3239} INFO - Sync 1 DAGs
[2025-07-05T23:15:56.991+0000] {logging_mixin.py:190} INFO - [2025-07-05T23:15:56.991+0000] {dag.py:4180} INFO - Setting next_dagrun for extract_raw_data_pipeline to 2025-07-05 07:59:00+00:00, run_after=2025-07-06 07:00:00+00:00
[2025-07-05T23:15:57.017+0000] {processor.py:208} INFO - Processing /opt/airflow/dags/driven_data_pipeline.py took 0.697 seconds
[2025-07-05T23:16:27.437+0000] {processor.py:186} INFO - Started process (PID=113) to work on /opt/airflow/dags/driven_data_pipeline.py
[2025-07-05T23:16:27.438+0000] {processor.py:914} INFO - Processing file /opt/airflow/dags/driven_data_pipeline.py for tasks to queue
[2025-07-05T23:16:27.442+0000] {logging_mixin.py:190} INFO - [2025-07-05T23:16:27.441+0000] {dagbag.py:588} INFO - Filling up the DagBag from /opt/airflow/dags/driven_data_pipeline.py
[2025-07-05T23:16:28.085+0000] {processor.py:925} INFO - DAG(s) 'extract_raw_data_pipeline' retrieved from /opt/airflow/dags/driven_data_pipeline.py
[2025-07-05T23:16:28.123+0000] {logging_mixin.py:190} INFO - [2025-07-05T23:16:28.123+0000] {dag.py:3239} INFO - Sync 1 DAGs
[2025-07-05T23:16:28.155+0000] {logging_mixin.py:190} INFO - [2025-07-05T23:16:28.154+0000] {dag.py:4180} INFO - Setting next_dagrun for extract_raw_data_pipeline to 2025-07-05 07:59:00+00:00, run_after=2025-07-06 07:00:00+00:00
[2025-07-05T23:16:28.200+0000] {processor.py:208} INFO - Processing /opt/airflow/dags/driven_data_pipeline.py took 0.772 seconds
[2025-07-05T23:16:58.359+0000] {processor.py:186} INFO - Started process (PID=121) to work on /opt/airflow/dags/driven_data_pipeline.py
[2025-07-05T23:16:58.362+0000] {processor.py:914} INFO - Processing file /opt/airflow/dags/driven_data_pipeline.py for tasks to queue
[2025-07-05T23:16:58.366+0000] {logging_mixin.py:190} INFO - [2025-07-05T23:16:58.366+0000] {dagbag.py:588} INFO - Filling up the DagBag from /opt/airflow/dags/driven_data_pipeline.py
[2025-07-05T23:17:03.936+0000] {processor.py:925} INFO - DAG(s) 'extract_raw_data_pipeline' retrieved from /opt/airflow/dags/driven_data_pipeline.py
[2025-07-05T23:17:04.026+0000] {logging_mixin.py:190} INFO - [2025-07-05T23:17:04.026+0000] {dag.py:3239} INFO - Sync 1 DAGs
[2025-07-05T23:17:04.081+0000] {logging_mixin.py:190} INFO - [2025-07-05T23:17:04.081+0000] {dag.py:4180} INFO - Setting next_dagrun for extract_raw_data_pipeline to 2025-07-05 07:59:00+00:00, run_after=2025-07-06 07:00:00+00:00
[2025-07-05T23:17:04.108+0000] {processor.py:208} INFO - Processing /opt/airflow/dags/driven_data_pipeline.py took 5.773 seconds
[2025-07-05T23:17:35.087+0000] {processor.py:186} INFO - Started process (PID=129) to work on /opt/airflow/dags/driven_data_pipeline.py
[2025-07-05T23:17:35.100+0000] {processor.py:914} INFO - Processing file /opt/airflow/dags/driven_data_pipeline.py for tasks to queue
[2025-07-05T23:17:35.121+0000] {logging_mixin.py:190} INFO - [2025-07-05T23:17:35.115+0000] {dagbag.py:588} INFO - Filling up the DagBag from /opt/airflow/dags/driven_data_pipeline.py
[2025-07-05T23:17:35.642+0000] {processor.py:925} INFO - DAG(s) 'extract_raw_data_pipeline' retrieved from /opt/airflow/dags/driven_data_pipeline.py
[2025-07-05T23:17:35.706+0000] {logging_mixin.py:190} INFO - [2025-07-05T23:17:35.705+0000] {dag.py:3239} INFO - Sync 1 DAGs
[2025-07-05T23:17:35.755+0000] {logging_mixin.py:190} INFO - [2025-07-05T23:17:35.754+0000] {dag.py:4180} INFO - Setting next_dagrun for extract_raw_data_pipeline to 2025-07-05 07:59:00+00:00, run_after=2025-07-06 07:00:00+00:00
[2025-07-05T23:17:35.793+0000] {processor.py:208} INFO - Processing /opt/airflow/dags/driven_data_pipeline.py took 0.801 seconds
[2025-07-05T23:18:05.951+0000] {processor.py:186} INFO - Started process (PID=137) to work on /opt/airflow/dags/driven_data_pipeline.py
[2025-07-05T23:18:05.954+0000] {processor.py:914} INFO - Processing file /opt/airflow/dags/driven_data_pipeline.py for tasks to queue
[2025-07-05T23:18:05.958+0000] {logging_mixin.py:190} INFO - [2025-07-05T23:18:05.957+0000] {dagbag.py:588} INFO - Filling up the DagBag from /opt/airflow/dags/driven_data_pipeline.py
[2025-07-05T23:18:06.304+0000] {processor.py:925} INFO - DAG(s) 'extract_raw_data_pipeline' retrieved from /opt/airflow/dags/driven_data_pipeline.py
[2025-07-05T23:18:06.359+0000] {logging_mixin.py:190} INFO - [2025-07-05T23:18:06.359+0000] {dag.py:3239} INFO - Sync 1 DAGs
[2025-07-05T23:18:06.407+0000] {logging_mixin.py:190} INFO - [2025-07-05T23:18:06.407+0000] {dag.py:4180} INFO - Setting next_dagrun for extract_raw_data_pipeline to 2025-07-05 07:59:00+00:00, run_after=2025-07-06 07:00:00+00:00
[2025-07-05T23:18:06.433+0000] {processor.py:208} INFO - Processing /opt/airflow/dags/driven_data_pipeline.py took 0.495 seconds
[2025-07-05T23:18:36.899+0000] {processor.py:186} INFO - Started process (PID=145) to work on /opt/airflow/dags/driven_data_pipeline.py
[2025-07-05T23:18:36.902+0000] {processor.py:914} INFO - Processing file /opt/airflow/dags/driven_data_pipeline.py for tasks to queue
[2025-07-05T23:18:36.909+0000] {logging_mixin.py:190} INFO - [2025-07-05T23:18:36.907+0000] {dagbag.py:588} INFO - Filling up the DagBag from /opt/airflow/dags/driven_data_pipeline.py
[2025-07-05T23:18:37.246+0000] {processor.py:925} INFO - DAG(s) 'extract_raw_data_pipeline' retrieved from /opt/airflow/dags/driven_data_pipeline.py
[2025-07-05T23:18:37.300+0000] {logging_mixin.py:190} INFO - [2025-07-05T23:18:37.299+0000] {dag.py:3239} INFO - Sync 1 DAGs
[2025-07-05T23:18:37.357+0000] {logging_mixin.py:190} INFO - [2025-07-05T23:18:37.356+0000] {dag.py:4180} INFO - Setting next_dagrun for extract_raw_data_pipeline to 2025-07-05 07:59:00+00:00, run_after=2025-07-06 07:00:00+00:00
[2025-07-05T23:18:37.401+0000] {processor.py:208} INFO - Processing /opt/airflow/dags/driven_data_pipeline.py took 0.518 seconds
[2025-07-05T23:19:07.796+0000] {processor.py:186} INFO - Started process (PID=152) to work on /opt/airflow/dags/driven_data_pipeline.py
[2025-07-05T23:19:07.798+0000] {processor.py:914} INFO - Processing file /opt/airflow/dags/driven_data_pipeline.py for tasks to queue
[2025-07-05T23:19:07.805+0000] {logging_mixin.py:190} INFO - [2025-07-05T23:19:07.804+0000] {dagbag.py:588} INFO - Filling up the DagBag from /opt/airflow/dags/driven_data_pipeline.py
[2025-07-05T23:19:08.531+0000] {processor.py:925} INFO - DAG(s) 'extract_raw_data_pipeline' retrieved from /opt/airflow/dags/driven_data_pipeline.py
[2025-07-05T23:19:08.648+0000] {logging_mixin.py:190} INFO - [2025-07-05T23:19:08.647+0000] {dag.py:3239} INFO - Sync 1 DAGs
[2025-07-05T23:19:08.786+0000] {logging_mixin.py:190} INFO - [2025-07-05T23:19:08.785+0000] {dag.py:4180} INFO - Setting next_dagrun for extract_raw_data_pipeline to 2025-07-05 07:59:00+00:00, run_after=2025-07-06 07:00:00+00:00
[2025-07-05T23:19:08.848+0000] {processor.py:208} INFO - Processing /opt/airflow/dags/driven_data_pipeline.py took 1.070 seconds
[2025-07-05T23:19:39.729+0000] {processor.py:186} INFO - Started process (PID=160) to work on /opt/airflow/dags/driven_data_pipeline.py
[2025-07-05T23:19:39.730+0000] {processor.py:914} INFO - Processing file /opt/airflow/dags/driven_data_pipeline.py for tasks to queue
[2025-07-05T23:19:39.735+0000] {logging_mixin.py:190} INFO - [2025-07-05T23:19:39.735+0000] {dagbag.py:588} INFO - Filling up the DagBag from /opt/airflow/dags/driven_data_pipeline.py
[2025-07-05T23:19:39.962+0000] {processor.py:925} INFO - DAG(s) 'extract_raw_data_pipeline' retrieved from /opt/airflow/dags/driven_data_pipeline.py
[2025-07-05T23:19:39.995+0000] {logging_mixin.py:190} INFO - [2025-07-05T23:19:39.995+0000] {dag.py:3239} INFO - Sync 1 DAGs
[2025-07-05T23:19:40.044+0000] {logging_mixin.py:190} INFO - [2025-07-05T23:19:40.043+0000] {dag.py:4180} INFO - Setting next_dagrun for extract_raw_data_pipeline to 2025-07-05 07:59:00+00:00, run_after=2025-07-06 07:00:00+00:00
[2025-07-05T23:19:40.083+0000] {processor.py:208} INFO - Processing /opt/airflow/dags/driven_data_pipeline.py took 0.365 seconds
[2025-07-05T23:20:10.248+0000] {processor.py:186} INFO - Started process (PID=174) to work on /opt/airflow/dags/driven_data_pipeline.py
[2025-07-05T23:20:10.250+0000] {processor.py:914} INFO - Processing file /opt/airflow/dags/driven_data_pipeline.py for tasks to queue
[2025-07-05T23:20:10.252+0000] {logging_mixin.py:190} INFO - [2025-07-05T23:20:10.252+0000] {dagbag.py:588} INFO - Filling up the DagBag from /opt/airflow/dags/driven_data_pipeline.py
[2025-07-05T23:20:10.490+0000] {processor.py:925} INFO - DAG(s) 'extract_raw_data_pipeline' retrieved from /opt/airflow/dags/driven_data_pipeline.py
[2025-07-05T23:20:10.527+0000] {logging_mixin.py:190} INFO - [2025-07-05T23:20:10.527+0000] {dag.py:3239} INFO - Sync 1 DAGs
[2025-07-05T23:20:10.562+0000] {logging_mixin.py:190} INFO - [2025-07-05T23:20:10.562+0000] {dag.py:4180} INFO - Setting next_dagrun for extract_raw_data_pipeline to 2025-07-05 07:59:00+00:00, run_after=2025-07-06 07:00:00+00:00
[2025-07-05T23:20:10.593+0000] {processor.py:208} INFO - Processing /opt/airflow/dags/driven_data_pipeline.py took 0.352 seconds
[2025-07-05T23:20:41.277+0000] {processor.py:186} INFO - Started process (PID=182) to work on /opt/airflow/dags/driven_data_pipeline.py
[2025-07-05T23:20:41.278+0000] {processor.py:914} INFO - Processing file /opt/airflow/dags/driven_data_pipeline.py for tasks to queue
[2025-07-05T23:20:41.283+0000] {logging_mixin.py:190} INFO - [2025-07-05T23:20:41.282+0000] {dagbag.py:588} INFO - Filling up the DagBag from /opt/airflow/dags/driven_data_pipeline.py
[2025-07-05T23:20:41.536+0000] {processor.py:925} INFO - DAG(s) 'extract_raw_data_pipeline' retrieved from /opt/airflow/dags/driven_data_pipeline.py
[2025-07-05T23:20:41.568+0000] {logging_mixin.py:190} INFO - [2025-07-05T23:20:41.567+0000] {dag.py:3239} INFO - Sync 1 DAGs
[2025-07-05T23:20:41.597+0000] {logging_mixin.py:190} INFO - [2025-07-05T23:20:41.597+0000] {dag.py:4180} INFO - Setting next_dagrun for extract_raw_data_pipeline to 2025-07-05 07:59:00+00:00, run_after=2025-07-06 07:00:00+00:00
[2025-07-05T23:20:41.628+0000] {processor.py:208} INFO - Processing /opt/airflow/dags/driven_data_pipeline.py took 0.360 seconds
[2025-07-05T23:21:12.548+0000] {processor.py:186} INFO - Started process (PID=190) to work on /opt/airflow/dags/driven_data_pipeline.py
[2025-07-05T23:21:12.549+0000] {processor.py:914} INFO - Processing file /opt/airflow/dags/driven_data_pipeline.py for tasks to queue
[2025-07-05T23:21:12.552+0000] {logging_mixin.py:190} INFO - [2025-07-05T23:21:12.552+0000] {dagbag.py:588} INFO - Filling up the DagBag from /opt/airflow/dags/driven_data_pipeline.py
[2025-07-05T23:21:12.748+0000] {processor.py:925} INFO - DAG(s) 'extract_raw_data_pipeline' retrieved from /opt/airflow/dags/driven_data_pipeline.py
[2025-07-05T23:21:12.780+0000] {logging_mixin.py:190} INFO - [2025-07-05T23:21:12.780+0000] {dag.py:3239} INFO - Sync 1 DAGs
[2025-07-05T23:21:12.811+0000] {logging_mixin.py:190} INFO - [2025-07-05T23:21:12.811+0000] {dag.py:4180} INFO - Setting next_dagrun for extract_raw_data_pipeline to 2025-07-05 07:59:00+00:00, run_after=2025-07-06 07:00:00+00:00
[2025-07-05T23:21:12.836+0000] {processor.py:208} INFO - Processing /opt/airflow/dags/driven_data_pipeline.py took 0.295 seconds
[2025-07-05T23:21:43.688+0000] {processor.py:186} INFO - Started process (PID=199) to work on /opt/airflow/dags/driven_data_pipeline.py
[2025-07-05T23:21:43.690+0000] {processor.py:914} INFO - Processing file /opt/airflow/dags/driven_data_pipeline.py for tasks to queue
[2025-07-05T23:21:43.700+0000] {logging_mixin.py:190} INFO - [2025-07-05T23:21:43.699+0000] {dagbag.py:588} INFO - Filling up the DagBag from /opt/airflow/dags/driven_data_pipeline.py
[2025-07-05T23:21:43.948+0000] {processor.py:925} INFO - DAG(s) 'extract_raw_data_pipeline' retrieved from /opt/airflow/dags/driven_data_pipeline.py
[2025-07-05T23:21:43.981+0000] {logging_mixin.py:190} INFO - [2025-07-05T23:21:43.981+0000] {dag.py:3239} INFO - Sync 1 DAGs
[2025-07-05T23:21:44.014+0000] {logging_mixin.py:190} INFO - [2025-07-05T23:21:44.013+0000] {dag.py:4180} INFO - Setting next_dagrun for extract_raw_data_pipeline to 2025-07-05 07:59:00+00:00, run_after=2025-07-06 07:00:00+00:00
[2025-07-05T23:21:44.038+0000] {processor.py:208} INFO - Processing /opt/airflow/dags/driven_data_pipeline.py took 0.362 seconds
[2025-07-05T23:22:14.198+0000] {processor.py:186} INFO - Started process (PID=207) to work on /opt/airflow/dags/driven_data_pipeline.py
[2025-07-05T23:22:14.199+0000] {processor.py:914} INFO - Processing file /opt/airflow/dags/driven_data_pipeline.py for tasks to queue
[2025-07-05T23:22:14.202+0000] {logging_mixin.py:190} INFO - [2025-07-05T23:22:14.202+0000] {dagbag.py:588} INFO - Filling up the DagBag from /opt/airflow/dags/driven_data_pipeline.py
[2025-07-05T23:22:14.422+0000] {processor.py:925} INFO - DAG(s) 'extract_raw_data_pipeline' retrieved from /opt/airflow/dags/driven_data_pipeline.py
[2025-07-05T23:22:14.455+0000] {logging_mixin.py:190} INFO - [2025-07-05T23:22:14.455+0000] {dag.py:3239} INFO - Sync 1 DAGs
[2025-07-05T23:22:14.483+0000] {logging_mixin.py:190} INFO - [2025-07-05T23:22:14.483+0000] {dag.py:4180} INFO - Setting next_dagrun for extract_raw_data_pipeline to 2025-07-05 07:59:00+00:00, run_after=2025-07-06 07:00:00+00:00
[2025-07-05T23:22:14.506+0000] {processor.py:208} INFO - Processing /opt/airflow/dags/driven_data_pipeline.py took 0.317 seconds
[2025-07-05T23:22:44.853+0000] {processor.py:186} INFO - Started process (PID=215) to work on /opt/airflow/dags/driven_data_pipeline.py
[2025-07-05T23:22:44.855+0000] {processor.py:914} INFO - Processing file /opt/airflow/dags/driven_data_pipeline.py for tasks to queue
[2025-07-05T23:22:44.859+0000] {logging_mixin.py:190} INFO - [2025-07-05T23:22:44.858+0000] {dagbag.py:588} INFO - Filling up the DagBag from /opt/airflow/dags/driven_data_pipeline.py
[2025-07-05T23:22:45.105+0000] {processor.py:925} INFO - DAG(s) 'extract_raw_data_pipeline' retrieved from /opt/airflow/dags/driven_data_pipeline.py
[2025-07-05T23:22:45.141+0000] {logging_mixin.py:190} INFO - [2025-07-05T23:22:45.141+0000] {dag.py:3239} INFO - Sync 1 DAGs
[2025-07-05T23:22:45.183+0000] {logging_mixin.py:190} INFO - [2025-07-05T23:22:45.182+0000] {dag.py:4180} INFO - Setting next_dagrun for extract_raw_data_pipeline to 2025-07-05 07:59:00+00:00, run_after=2025-07-06 07:00:00+00:00
[2025-07-05T23:22:45.220+0000] {processor.py:208} INFO - Processing /opt/airflow/dags/driven_data_pipeline.py took 0.378 seconds
[2025-07-05T23:23:15.776+0000] {processor.py:186} INFO - Started process (PID=223) to work on /opt/airflow/dags/driven_data_pipeline.py
[2025-07-05T23:23:15.779+0000] {processor.py:914} INFO - Processing file /opt/airflow/dags/driven_data_pipeline.py for tasks to queue
[2025-07-05T23:23:15.796+0000] {logging_mixin.py:190} INFO - [2025-07-05T23:23:15.794+0000] {dagbag.py:588} INFO - Filling up the DagBag from /opt/airflow/dags/driven_data_pipeline.py
[2025-07-05T23:23:16.179+0000] {processor.py:925} INFO - DAG(s) 'extract_raw_data_pipeline' retrieved from /opt/airflow/dags/driven_data_pipeline.py
[2025-07-05T23:23:16.248+0000] {logging_mixin.py:190} INFO - [2025-07-05T23:23:16.247+0000] {dag.py:3239} INFO - Sync 1 DAGs
[2025-07-05T23:23:16.310+0000] {logging_mixin.py:190} INFO - [2025-07-05T23:23:16.310+0000] {dag.py:4180} INFO - Setting next_dagrun for extract_raw_data_pipeline to 2025-07-05 07:59:00+00:00, run_after=2025-07-06 07:00:00+00:00
[2025-07-05T23:23:16.355+0000] {processor.py:208} INFO - Processing /opt/airflow/dags/driven_data_pipeline.py took 0.594 seconds
[2025-07-05T23:23:46.941+0000] {processor.py:186} INFO - Started process (PID=231) to work on /opt/airflow/dags/driven_data_pipeline.py
[2025-07-05T23:23:46.945+0000] {processor.py:914} INFO - Processing file /opt/airflow/dags/driven_data_pipeline.py for tasks to queue
[2025-07-05T23:23:46.954+0000] {logging_mixin.py:190} INFO - [2025-07-05T23:23:46.952+0000] {dagbag.py:588} INFO - Filling up the DagBag from /opt/airflow/dags/driven_data_pipeline.py
[2025-07-05T23:23:47.717+0000] {processor.py:925} INFO - DAG(s) 'extract_raw_data_pipeline' retrieved from /opt/airflow/dags/driven_data_pipeline.py
[2025-07-05T23:23:47.845+0000] {logging_mixin.py:190} INFO - [2025-07-05T23:23:47.845+0000] {dag.py:3239} INFO - Sync 1 DAGs
[2025-07-05T23:23:48.000+0000] {logging_mixin.py:190} INFO - [2025-07-05T23:23:47.999+0000] {dag.py:4180} INFO - Setting next_dagrun for extract_raw_data_pipeline to 2025-07-05 07:59:00+00:00, run_after=2025-07-06 07:00:00+00:00
[2025-07-05T23:23:48.074+0000] {processor.py:208} INFO - Processing /opt/airflow/dags/driven_data_pipeline.py took 1.156 seconds
[2025-07-05T23:24:18.967+0000] {processor.py:186} INFO - Started process (PID=245) to work on /opt/airflow/dags/driven_data_pipeline.py
[2025-07-05T23:24:18.971+0000] {processor.py:914} INFO - Processing file /opt/airflow/dags/driven_data_pipeline.py for tasks to queue
[2025-07-05T23:24:18.979+0000] {logging_mixin.py:190} INFO - [2025-07-05T23:24:18.977+0000] {dagbag.py:588} INFO - Filling up the DagBag from /opt/airflow/dags/driven_data_pipeline.py
[2025-07-05T23:24:19.792+0000] {processor.py:925} INFO - DAG(s) 'extract_raw_data_pipeline' retrieved from /opt/airflow/dags/driven_data_pipeline.py
[2025-07-05T23:24:19.907+0000] {logging_mixin.py:190} INFO - [2025-07-05T23:24:19.906+0000] {dag.py:3239} INFO - Sync 1 DAGs
[2025-07-05T23:24:20.019+0000] {logging_mixin.py:190} INFO - [2025-07-05T23:24:20.018+0000] {dag.py:4180} INFO - Setting next_dagrun for extract_raw_data_pipeline to 2025-07-05 07:59:00+00:00, run_after=2025-07-06 07:00:00+00:00
[2025-07-05T23:24:20.134+0000] {processor.py:208} INFO - Processing /opt/airflow/dags/driven_data_pipeline.py took 1.183 seconds
[2025-07-05T23:24:51.530+0000] {processor.py:186} INFO - Started process (PID=253) to work on /opt/airflow/dags/driven_data_pipeline.py
[2025-07-05T23:24:51.532+0000] {processor.py:914} INFO - Processing file /opt/airflow/dags/driven_data_pipeline.py for tasks to queue
[2025-07-05T23:24:51.536+0000] {logging_mixin.py:190} INFO - [2025-07-05T23:24:51.536+0000] {dagbag.py:588} INFO - Filling up the DagBag from /opt/airflow/dags/driven_data_pipeline.py
[2025-07-05T23:24:51.771+0000] {processor.py:925} INFO - DAG(s) 'extract_raw_data_pipeline' retrieved from /opt/airflow/dags/driven_data_pipeline.py
[2025-07-05T23:24:51.805+0000] {logging_mixin.py:190} INFO - [2025-07-05T23:24:51.805+0000] {dag.py:3239} INFO - Sync 1 DAGs
[2025-07-05T23:24:51.835+0000] {logging_mixin.py:190} INFO - [2025-07-05T23:24:51.835+0000] {dag.py:4180} INFO - Setting next_dagrun for extract_raw_data_pipeline to 2025-07-05 07:59:00+00:00, run_after=2025-07-06 07:00:00+00:00
[2025-07-05T23:24:51.986+0000] {processor.py:208} INFO - Processing /opt/airflow/dags/driven_data_pipeline.py took 0.464 seconds
[2025-07-05T23:25:22.332+0000] {processor.py:186} INFO - Started process (PID=261) to work on /opt/airflow/dags/driven_data_pipeline.py
[2025-07-05T23:25:22.335+0000] {processor.py:914} INFO - Processing file /opt/airflow/dags/driven_data_pipeline.py for tasks to queue
[2025-07-05T23:25:22.340+0000] {logging_mixin.py:190} INFO - [2025-07-05T23:25:22.339+0000] {dagbag.py:588} INFO - Filling up the DagBag from /opt/airflow/dags/driven_data_pipeline.py
[2025-07-05T23:25:22.706+0000] {processor.py:925} INFO - DAG(s) 'extract_raw_data_pipeline' retrieved from /opt/airflow/dags/driven_data_pipeline.py
[2025-07-05T23:25:22.765+0000] {logging_mixin.py:190} INFO - [2025-07-05T23:25:22.765+0000] {dag.py:3239} INFO - Sync 1 DAGs
[2025-07-05T23:25:22.821+0000] {logging_mixin.py:190} INFO - [2025-07-05T23:25:22.821+0000] {dag.py:4180} INFO - Setting next_dagrun for extract_raw_data_pipeline to 2025-07-05 07:59:00+00:00, run_after=2025-07-06 07:00:00+00:00
[2025-07-05T23:25:22.861+0000] {processor.py:208} INFO - Processing /opt/airflow/dags/driven_data_pipeline.py took 0.543 seconds
[2025-07-05T23:25:53.512+0000] {processor.py:186} INFO - Started process (PID=269) to work on /opt/airflow/dags/driven_data_pipeline.py
[2025-07-05T23:25:53.513+0000] {processor.py:914} INFO - Processing file /opt/airflow/dags/driven_data_pipeline.py for tasks to queue
[2025-07-05T23:25:53.516+0000] {logging_mixin.py:190} INFO - [2025-07-05T23:25:53.516+0000] {dagbag.py:588} INFO - Filling up the DagBag from /opt/airflow/dags/driven_data_pipeline.py
[2025-07-05T23:25:53.777+0000] {processor.py:925} INFO - DAG(s) 'extract_raw_data_pipeline' retrieved from /opt/airflow/dags/driven_data_pipeline.py
[2025-07-05T23:25:53.816+0000] {logging_mixin.py:190} INFO - [2025-07-05T23:25:53.815+0000] {dag.py:3239} INFO - Sync 1 DAGs
[2025-07-05T23:25:53.852+0000] {logging_mixin.py:190} INFO - [2025-07-05T23:25:53.852+0000] {dag.py:4180} INFO - Setting next_dagrun for extract_raw_data_pipeline to 2025-07-05 07:59:00+00:00, run_after=2025-07-06 07:00:00+00:00
[2025-07-05T23:25:53.880+0000] {processor.py:208} INFO - Processing /opt/airflow/dags/driven_data_pipeline.py took 0.376 seconds
[2025-07-05T23:26:24.765+0000] {processor.py:186} INFO - Started process (PID=277) to work on /opt/airflow/dags/driven_data_pipeline.py
[2025-07-05T23:26:24.766+0000] {processor.py:914} INFO - Processing file /opt/airflow/dags/driven_data_pipeline.py for tasks to queue
[2025-07-05T23:26:24.771+0000] {logging_mixin.py:190} INFO - [2025-07-05T23:26:24.770+0000] {dagbag.py:588} INFO - Filling up the DagBag from /opt/airflow/dags/driven_data_pipeline.py
[2025-07-05T23:26:25.073+0000] {processor.py:925} INFO - DAG(s) 'extract_raw_data_pipeline' retrieved from /opt/airflow/dags/driven_data_pipeline.py
[2025-07-05T23:26:25.112+0000] {logging_mixin.py:190} INFO - [2025-07-05T23:26:25.111+0000] {dag.py:3239} INFO - Sync 1 DAGs
[2025-07-05T23:26:25.155+0000] {logging_mixin.py:190} INFO - [2025-07-05T23:26:25.155+0000] {dag.py:4180} INFO - Setting next_dagrun for extract_raw_data_pipeline to 2025-07-05 07:59:00+00:00, run_after=2025-07-06 07:00:00+00:00
[2025-07-05T23:26:25.283+0000] {processor.py:208} INFO - Processing /opt/airflow/dags/driven_data_pipeline.py took 0.526 seconds
[2025-07-05T23:26:55.720+0000] {processor.py:186} INFO - Started process (PID=285) to work on /opt/airflow/dags/driven_data_pipeline.py
[2025-07-05T23:26:55.724+0000] {processor.py:914} INFO - Processing file /opt/airflow/dags/driven_data_pipeline.py for tasks to queue
[2025-07-05T23:26:55.756+0000] {logging_mixin.py:190} INFO - [2025-07-05T23:26:55.749+0000] {dagbag.py:588} INFO - Filling up the DagBag from /opt/airflow/dags/driven_data_pipeline.py
[2025-07-05T23:26:56.722+0000] {processor.py:925} INFO - DAG(s) 'extract_raw_data_pipeline' retrieved from /opt/airflow/dags/driven_data_pipeline.py
[2025-07-05T23:26:56.782+0000] {logging_mixin.py:190} INFO - [2025-07-05T23:26:56.782+0000] {dag.py:3239} INFO - Sync 1 DAGs
[2025-07-05T23:26:56.833+0000] {logging_mixin.py:190} INFO - [2025-07-05T23:26:56.833+0000] {dag.py:4180} INFO - Setting next_dagrun for extract_raw_data_pipeline to 2025-07-05 07:59:00+00:00, run_after=2025-07-06 07:00:00+00:00
[2025-07-05T23:26:57.118+0000] {processor.py:208} INFO - Processing /opt/airflow/dags/driven_data_pipeline.py took 1.454 seconds
[2025-07-05T23:27:27.689+0000] {processor.py:186} INFO - Started process (PID=293) to work on /opt/airflow/dags/driven_data_pipeline.py
[2025-07-05T23:27:27.693+0000] {processor.py:914} INFO - Processing file /opt/airflow/dags/driven_data_pipeline.py for tasks to queue
[2025-07-05T23:27:27.702+0000] {logging_mixin.py:190} INFO - [2025-07-05T23:27:27.700+0000] {dagbag.py:588} INFO - Filling up the DagBag from /opt/airflow/dags/driven_data_pipeline.py
[2025-07-05T23:27:28.443+0000] {processor.py:925} INFO - DAG(s) 'extract_raw_data_pipeline' retrieved from /opt/airflow/dags/driven_data_pipeline.py
[2025-07-05T23:27:28.530+0000] {logging_mixin.py:190} INFO - [2025-07-05T23:27:28.529+0000] {dag.py:3239} INFO - Sync 1 DAGs
[2025-07-05T23:27:28.620+0000] {logging_mixin.py:190} INFO - [2025-07-05T23:27:28.620+0000] {dag.py:4180} INFO - Setting next_dagrun for extract_raw_data_pipeline to 2025-07-05 07:59:00+00:00, run_after=2025-07-06 07:00:00+00:00
[2025-07-05T23:27:28.756+0000] {processor.py:208} INFO - Processing /opt/airflow/dags/driven_data_pipeline.py took 1.099 seconds
[2025-07-05T23:27:59.364+0000] {processor.py:186} INFO - Started process (PID=308) to work on /opt/airflow/dags/driven_data_pipeline.py
[2025-07-05T23:27:59.366+0000] {processor.py:914} INFO - Processing file /opt/airflow/dags/driven_data_pipeline.py for tasks to queue
[2025-07-05T23:27:59.374+0000] {logging_mixin.py:190} INFO - [2025-07-05T23:27:59.372+0000] {dagbag.py:588} INFO - Filling up the DagBag from /opt/airflow/dags/driven_data_pipeline.py
[2025-07-05T23:27:59.816+0000] {processor.py:925} INFO - DAG(s) 'extract_raw_data_pipeline' retrieved from /opt/airflow/dags/driven_data_pipeline.py
[2025-07-05T23:27:59.874+0000] {logging_mixin.py:190} INFO - [2025-07-05T23:27:59.874+0000] {dag.py:3239} INFO - Sync 1 DAGs
[2025-07-05T23:27:59.932+0000] {logging_mixin.py:190} INFO - [2025-07-05T23:27:59.931+0000] {dag.py:4180} INFO - Setting next_dagrun for extract_raw_data_pipeline to 2025-07-05 07:59:00+00:00, run_after=2025-07-06 07:00:00+00:00
[2025-07-05T23:27:59.987+0000] {processor.py:208} INFO - Processing /opt/airflow/dags/driven_data_pipeline.py took 0.649 seconds
[2025-07-05T23:28:30.142+0000] {processor.py:186} INFO - Started process (PID=316) to work on /opt/airflow/dags/driven_data_pipeline.py
[2025-07-05T23:28:30.145+0000] {processor.py:914} INFO - Processing file /opt/airflow/dags/driven_data_pipeline.py for tasks to queue
[2025-07-05T23:28:30.151+0000] {logging_mixin.py:190} INFO - [2025-07-05T23:28:30.149+0000] {dagbag.py:588} INFO - Filling up the DagBag from /opt/airflow/dags/driven_data_pipeline.py
[2025-07-05T23:28:30.480+0000] {processor.py:925} INFO - DAG(s) 'extract_raw_data_pipeline' retrieved from /opt/airflow/dags/driven_data_pipeline.py
[2025-07-05T23:28:30.532+0000] {logging_mixin.py:190} INFO - [2025-07-05T23:28:30.532+0000] {dag.py:3239} INFO - Sync 1 DAGs
[2025-07-05T23:28:30.577+0000] {logging_mixin.py:190} INFO - [2025-07-05T23:28:30.576+0000] {dag.py:4180} INFO - Setting next_dagrun for extract_raw_data_pipeline to 2025-07-05 07:59:00+00:00, run_after=2025-07-06 07:00:00+00:00
[2025-07-05T23:28:30.616+0000] {processor.py:208} INFO - Processing /opt/airflow/dags/driven_data_pipeline.py took 0.485 seconds
[2025-07-05T23:29:01.081+0000] {processor.py:186} INFO - Started process (PID=324) to work on /opt/airflow/dags/driven_data_pipeline.py
[2025-07-05T23:29:01.082+0000] {processor.py:914} INFO - Processing file /opt/airflow/dags/driven_data_pipeline.py for tasks to queue
[2025-07-05T23:29:01.087+0000] {logging_mixin.py:190} INFO - [2025-07-05T23:29:01.086+0000] {dagbag.py:588} INFO - Filling up the DagBag from /opt/airflow/dags/driven_data_pipeline.py
[2025-07-05T23:29:01.383+0000] {processor.py:925} INFO - DAG(s) 'extract_raw_data_pipeline' retrieved from /opt/airflow/dags/driven_data_pipeline.py
[2025-07-05T23:29:01.427+0000] {logging_mixin.py:190} INFO - [2025-07-05T23:29:01.427+0000] {dag.py:3239} INFO - Sync 1 DAGs
[2025-07-05T23:29:01.467+0000] {logging_mixin.py:190} INFO - [2025-07-05T23:29:01.467+0000] {dag.py:4180} INFO - Setting next_dagrun for extract_raw_data_pipeline to 2025-07-05 07:59:00+00:00, run_after=2025-07-06 07:00:00+00:00
[2025-07-05T23:29:01.550+0000] {processor.py:208} INFO - Processing /opt/airflow/dags/driven_data_pipeline.py took 0.481 seconds
[2025-07-05T23:29:32.358+0000] {processor.py:186} INFO - Started process (PID=332) to work on /opt/airflow/dags/driven_data_pipeline.py
[2025-07-05T23:29:32.360+0000] {processor.py:914} INFO - Processing file /opt/airflow/dags/driven_data_pipeline.py for tasks to queue
[2025-07-05T23:29:32.365+0000] {logging_mixin.py:190} INFO - [2025-07-05T23:29:32.364+0000] {dagbag.py:588} INFO - Filling up the DagBag from /opt/airflow/dags/driven_data_pipeline.py
[2025-07-05T23:29:30.024+0000] {processor.py:925} INFO - DAG(s) 'extract_raw_data_pipeline' retrieved from /opt/airflow/dags/driven_data_pipeline.py
[2025-07-05T23:29:30.074+0000] {logging_mixin.py:190} INFO - [2025-07-05T23:29:30.074+0000] {dag.py:3239} INFO - Sync 1 DAGs
[2025-07-05T23:29:30.130+0000] {logging_mixin.py:190} INFO - [2025-07-05T23:29:30.129+0000] {dag.py:4180} INFO - Setting next_dagrun for extract_raw_data_pipeline to 2025-07-05 07:59:00+00:00, run_after=2025-07-06 07:00:00+00:00
[2025-07-05T23:29:30.172+0000] {processor.py:208} INFO - Processing /opt/airflow/dags/driven_data_pipeline.py took 0.565 seconds
[2025-07-05T23:30:00.478+0000] {processor.py:186} INFO - Started process (PID=340) to work on /opt/airflow/dags/driven_data_pipeline.py
[2025-07-05T23:30:00.480+0000] {processor.py:914} INFO - Processing file /opt/airflow/dags/driven_data_pipeline.py for tasks to queue
[2025-07-05T23:30:00.484+0000] {logging_mixin.py:190} INFO - [2025-07-05T23:30:00.484+0000] {dagbag.py:588} INFO - Filling up the DagBag from /opt/airflow/dags/driven_data_pipeline.py
[2025-07-05T23:30:00.760+0000] {processor.py:925} INFO - DAG(s) 'extract_raw_data_pipeline' retrieved from /opt/airflow/dags/driven_data_pipeline.py
[2025-07-05T23:30:00.804+0000] {logging_mixin.py:190} INFO - [2025-07-05T23:30:00.803+0000] {dag.py:3239} INFO - Sync 1 DAGs
[2025-07-05T23:30:00.846+0000] {logging_mixin.py:190} INFO - [2025-07-05T23:30:00.846+0000] {dag.py:4180} INFO - Setting next_dagrun for extract_raw_data_pipeline to 2025-07-05 07:59:00+00:00, run_after=2025-07-06 07:00:00+00:00
[2025-07-05T23:30:00.888+0000] {processor.py:208} INFO - Processing /opt/airflow/dags/driven_data_pipeline.py took 0.423 seconds
[2025-07-05T23:30:31.395+0000] {processor.py:186} INFO - Started process (PID=348) to work on /opt/airflow/dags/driven_data_pipeline.py
[2025-07-05T23:30:31.399+0000] {processor.py:914} INFO - Processing file /opt/airflow/dags/driven_data_pipeline.py for tasks to queue
[2025-07-05T23:30:31.410+0000] {logging_mixin.py:190} INFO - [2025-07-05T23:30:31.409+0000] {dagbag.py:588} INFO - Filling up the DagBag from /opt/airflow/dags/driven_data_pipeline.py
[2025-07-05T23:30:33.317+0000] {processor.py:925} INFO - DAG(s) 'extract_raw_data_pipeline' retrieved from /opt/airflow/dags/driven_data_pipeline.py
[2025-07-05T23:30:33.491+0000] {logging_mixin.py:190} INFO - [2025-07-05T23:30:33.489+0000] {dag.py:3239} INFO - Sync 1 DAGs
[2025-07-05T23:30:33.616+0000] {logging_mixin.py:190} INFO - [2025-07-05T23:30:33.615+0000] {dag.py:4180} INFO - Setting next_dagrun for extract_raw_data_pipeline to 2025-07-05 07:59:00+00:00, run_after=2025-07-06 07:00:00+00:00
[2025-07-05T23:30:35.175+0000] {processor.py:208} INFO - Processing /opt/airflow/dags/driven_data_pipeline.py took 3.803 seconds
[2025-07-05T23:31:05.511+0000] {processor.py:186} INFO - Started process (PID=357) to work on /opt/airflow/dags/driven_data_pipeline.py
[2025-07-05T23:31:05.516+0000] {processor.py:914} INFO - Processing file /opt/airflow/dags/driven_data_pipeline.py for tasks to queue
[2025-07-05T23:31:05.524+0000] {logging_mixin.py:190} INFO - [2025-07-05T23:31:05.523+0000] {dagbag.py:588} INFO - Filling up the DagBag from /opt/airflow/dags/driven_data_pipeline.py
[2025-07-05T23:31:06.065+0000] {processor.py:925} INFO - DAG(s) 'extract_raw_data_pipeline' retrieved from /opt/airflow/dags/driven_data_pipeline.py
[2025-07-05T23:31:06.264+0000] {logging_mixin.py:190} INFO - [2025-07-05T23:31:06.264+0000] {dag.py:3239} INFO - Sync 1 DAGs
[2025-07-05T23:31:06.433+0000] {logging_mixin.py:190} INFO - [2025-07-05T23:31:06.432+0000] {dag.py:4180} INFO - Setting next_dagrun for extract_raw_data_pipeline to 2025-07-05 07:59:00+00:00, run_after=2025-07-06 07:00:00+00:00
[2025-07-05T23:31:06.536+0000] {processor.py:208} INFO - Processing /opt/airflow/dags/driven_data_pipeline.py took 1.050 seconds
[2025-07-05T23:31:37.473+0000] {processor.py:186} INFO - Started process (PID=365) to work on /opt/airflow/dags/driven_data_pipeline.py
[2025-07-05T23:31:37.475+0000] {processor.py:914} INFO - Processing file /opt/airflow/dags/driven_data_pipeline.py for tasks to queue
[2025-07-05T23:31:37.480+0000] {logging_mixin.py:190} INFO - [2025-07-05T23:31:37.479+0000] {dagbag.py:588} INFO - Filling up the DagBag from /opt/airflow/dags/driven_data_pipeline.py
[2025-07-05T23:31:37.930+0000] {processor.py:925} INFO - DAG(s) 'extract_raw_data_pipeline' retrieved from /opt/airflow/dags/driven_data_pipeline.py
[2025-07-05T23:31:37.988+0000] {logging_mixin.py:190} INFO - [2025-07-05T23:31:37.988+0000] {dag.py:3239} INFO - Sync 1 DAGs
[2025-07-05T23:31:38.041+0000] {logging_mixin.py:190} INFO - [2025-07-05T23:31:38.041+0000] {dag.py:4180} INFO - Setting next_dagrun for extract_raw_data_pipeline to 2025-07-05 07:59:00+00:00, run_after=2025-07-06 07:00:00+00:00
[2025-07-05T23:31:38.091+0000] {processor.py:208} INFO - Processing /opt/airflow/dags/driven_data_pipeline.py took 0.629 seconds
[2025-07-05T23:32:08.171+0000] {processor.py:186} INFO - Started process (PID=373) to work on /opt/airflow/dags/driven_data_pipeline.py
[2025-07-05T23:32:08.173+0000] {processor.py:914} INFO - Processing file /opt/airflow/dags/driven_data_pipeline.py for tasks to queue
[2025-07-05T23:32:08.177+0000] {logging_mixin.py:190} INFO - [2025-07-05T23:32:08.176+0000] {dagbag.py:588} INFO - Filling up the DagBag from /opt/airflow/dags/driven_data_pipeline.py
[2025-07-05T23:32:08.499+0000] {processor.py:925} INFO - DAG(s) 'extract_raw_data_pipeline' retrieved from /opt/airflow/dags/driven_data_pipeline.py
[2025-07-05T23:32:08.545+0000] {logging_mixin.py:190} INFO - [2025-07-05T23:32:08.545+0000] {dag.py:3239} INFO - Sync 1 DAGs
[2025-07-05T23:32:08.599+0000] {logging_mixin.py:190} INFO - [2025-07-05T23:32:08.599+0000] {dag.py:4180} INFO - Setting next_dagrun for extract_raw_data_pipeline to 2025-07-05 07:59:00+00:00, run_after=2025-07-06 07:00:00+00:00
[2025-07-05T23:32:08.646+0000] {processor.py:208} INFO - Processing /opt/airflow/dags/driven_data_pipeline.py took 0.485 seconds
[2025-07-05T23:32:38.993+0000] {processor.py:186} INFO - Started process (PID=388) to work on /opt/airflow/dags/driven_data_pipeline.py
[2025-07-05T23:32:38.994+0000] {processor.py:914} INFO - Processing file /opt/airflow/dags/driven_data_pipeline.py for tasks to queue
[2025-07-05T23:32:38.998+0000] {logging_mixin.py:190} INFO - [2025-07-05T23:32:38.998+0000] {dagbag.py:588} INFO - Filling up the DagBag from /opt/airflow/dags/driven_data_pipeline.py
[2025-07-05T23:32:39.225+0000] {processor.py:925} INFO - DAG(s) 'extract_raw_data_pipeline' retrieved from /opt/airflow/dags/driven_data_pipeline.py
[2025-07-05T23:32:39.264+0000] {logging_mixin.py:190} INFO - [2025-07-05T23:32:39.264+0000] {dag.py:3239} INFO - Sync 1 DAGs
[2025-07-05T23:32:39.298+0000] {logging_mixin.py:190} INFO - [2025-07-05T23:32:39.298+0000] {dag.py:4180} INFO - Setting next_dagrun for extract_raw_data_pipeline to 2025-07-05 07:59:00+00:00, run_after=2025-07-06 07:00:00+00:00
[2025-07-05T23:32:39.327+0000] {processor.py:208} INFO - Processing /opt/airflow/dags/driven_data_pipeline.py took 0.343 seconds
[2025-07-05T23:33:09.773+0000] {processor.py:186} INFO - Started process (PID=396) to work on /opt/airflow/dags/driven_data_pipeline.py
[2025-07-05T23:33:09.774+0000] {processor.py:914} INFO - Processing file /opt/airflow/dags/driven_data_pipeline.py for tasks to queue
[2025-07-05T23:33:09.778+0000] {logging_mixin.py:190} INFO - [2025-07-05T23:33:09.777+0000] {dagbag.py:588} INFO - Filling up the DagBag from /opt/airflow/dags/driven_data_pipeline.py
[2025-07-05T23:33:10.016+0000] {processor.py:925} INFO - DAG(s) 'extract_raw_data_pipeline' retrieved from /opt/airflow/dags/driven_data_pipeline.py
[2025-07-05T23:33:10.056+0000] {logging_mixin.py:190} INFO - [2025-07-05T23:33:10.054+0000] {dag.py:3239} INFO - Sync 1 DAGs
[2025-07-05T23:33:10.101+0000] {logging_mixin.py:190} INFO - [2025-07-05T23:33:10.101+0000] {dag.py:4180} INFO - Setting next_dagrun for extract_raw_data_pipeline to 2025-07-05 07:59:00+00:00, run_after=2025-07-06 07:00:00+00:00
[2025-07-05T23:33:10.139+0000] {processor.py:208} INFO - Processing /opt/airflow/dags/driven_data_pipeline.py took 0.375 seconds
[2025-07-05T23:33:40.418+0000] {processor.py:186} INFO - Started process (PID=404) to work on /opt/airflow/dags/driven_data_pipeline.py
[2025-07-05T23:33:40.421+0000] {processor.py:914} INFO - Processing file /opt/airflow/dags/driven_data_pipeline.py for tasks to queue
[2025-07-05T23:33:40.426+0000] {logging_mixin.py:190} INFO - [2025-07-05T23:33:40.425+0000] {dagbag.py:588} INFO - Filling up the DagBag from /opt/airflow/dags/driven_data_pipeline.py
[2025-07-05T23:33:40.709+0000] {processor.py:925} INFO - DAG(s) 'extract_raw_data_pipeline' retrieved from /opt/airflow/dags/driven_data_pipeline.py
[2025-07-05T23:33:40.750+0000] {logging_mixin.py:190} INFO - [2025-07-05T23:33:40.750+0000] {dag.py:3239} INFO - Sync 1 DAGs
[2025-07-05T23:33:40.787+0000] {logging_mixin.py:190} INFO - [2025-07-05T23:33:40.787+0000] {dag.py:4180} INFO - Setting next_dagrun for extract_raw_data_pipeline to 2025-07-05 07:59:00+00:00, run_after=2025-07-06 07:00:00+00:00
[2025-07-05T23:33:40.823+0000] {processor.py:208} INFO - Processing /opt/airflow/dags/driven_data_pipeline.py took 0.421 seconds
[2025-07-05T23:34:11.259+0000] {processor.py:186} INFO - Started process (PID=412) to work on /opt/airflow/dags/driven_data_pipeline.py
[2025-07-05T23:34:11.262+0000] {processor.py:914} INFO - Processing file /opt/airflow/dags/driven_data_pipeline.py for tasks to queue
[2025-07-05T23:34:11.267+0000] {logging_mixin.py:190} INFO - [2025-07-05T23:34:11.266+0000] {dagbag.py:588} INFO - Filling up the DagBag from /opt/airflow/dags/driven_data_pipeline.py
[2025-07-05T23:34:11.680+0000] {processor.py:925} INFO - DAG(s) 'extract_raw_data_pipeline' retrieved from /opt/airflow/dags/driven_data_pipeline.py
[2025-07-05T23:34:11.728+0000] {logging_mixin.py:190} INFO - [2025-07-05T23:34:11.728+0000] {dag.py:3239} INFO - Sync 1 DAGs
[2025-07-05T23:34:11.788+0000] {logging_mixin.py:190} INFO - [2025-07-05T23:34:11.787+0000] {dag.py:4180} INFO - Setting next_dagrun for extract_raw_data_pipeline to 2025-07-05 07:59:00+00:00, run_after=2025-07-06 07:00:00+00:00
[2025-07-05T23:34:11.830+0000] {processor.py:208} INFO - Processing /opt/airflow/dags/driven_data_pipeline.py took 0.583 seconds
[2025-07-05T23:34:42.571+0000] {processor.py:186} INFO - Started process (PID=420) to work on /opt/airflow/dags/driven_data_pipeline.py
[2025-07-05T23:34:42.573+0000] {processor.py:914} INFO - Processing file /opt/airflow/dags/driven_data_pipeline.py for tasks to queue
[2025-07-05T23:34:42.579+0000] {logging_mixin.py:190} INFO - [2025-07-05T23:34:42.578+0000] {dagbag.py:588} INFO - Filling up the DagBag from /opt/airflow/dags/driven_data_pipeline.py
[2025-07-05T23:34:42.916+0000] {processor.py:925} INFO - DAG(s) 'extract_raw_data_pipeline' retrieved from /opt/airflow/dags/driven_data_pipeline.py
[2025-07-05T23:34:42.967+0000] {logging_mixin.py:190} INFO - [2025-07-05T23:34:42.966+0000] {dag.py:3239} INFO - Sync 1 DAGs
[2025-07-05T23:34:43.014+0000] {logging_mixin.py:190} INFO - [2025-07-05T23:34:43.014+0000] {dag.py:4180} INFO - Setting next_dagrun for extract_raw_data_pipeline to 2025-07-05 07:59:00+00:00, run_after=2025-07-06 07:00:00+00:00
[2025-07-05T23:34:43.053+0000] {processor.py:208} INFO - Processing /opt/airflow/dags/driven_data_pipeline.py took 0.496 seconds
[2025-07-05T23:35:13.505+0000] {processor.py:186} INFO - Started process (PID=429) to work on /opt/airflow/dags/driven_data_pipeline.py
[2025-07-05T23:35:13.520+0000] {processor.py:914} INFO - Processing file /opt/airflow/dags/driven_data_pipeline.py for tasks to queue
[2025-07-05T23:35:13.538+0000] {logging_mixin.py:190} INFO - [2025-07-05T23:35:13.536+0000] {dagbag.py:588} INFO - Filling up the DagBag from /opt/airflow/dags/driven_data_pipeline.py
[2025-07-05T23:35:14.952+0000] {processor.py:925} INFO - DAG(s) 'extract_raw_data_pipeline' retrieved from /opt/airflow/dags/driven_data_pipeline.py
[2025-07-05T23:35:15.023+0000] {logging_mixin.py:190} INFO - [2025-07-05T23:35:15.022+0000] {dag.py:3239} INFO - Sync 1 DAGs
[2025-07-05T23:35:15.075+0000] {logging_mixin.py:190} INFO - [2025-07-05T23:35:15.075+0000] {dag.py:4180} INFO - Setting next_dagrun for extract_raw_data_pipeline to 2025-07-05 07:59:00+00:00, run_after=2025-07-06 07:00:00+00:00
[2025-07-05T23:35:15.115+0000] {processor.py:208} INFO - Processing /opt/airflow/dags/driven_data_pipeline.py took 1.713 seconds
[2025-07-05T23:35:45.712+0000] {processor.py:186} INFO - Started process (PID=438) to work on /opt/airflow/dags/driven_data_pipeline.py
[2025-07-05T23:35:45.715+0000] {processor.py:914} INFO - Processing file /opt/airflow/dags/driven_data_pipeline.py for tasks to queue
[2025-07-05T23:35:45.724+0000] {logging_mixin.py:190} INFO - [2025-07-05T23:35:45.723+0000] {dagbag.py:588} INFO - Filling up the DagBag from /opt/airflow/dags/driven_data_pipeline.py
[2025-07-05T23:35:46.189+0000] {processor.py:925} INFO - DAG(s) 'extract_raw_data_pipeline' retrieved from /opt/airflow/dags/driven_data_pipeline.py
[2025-07-05T23:35:46.344+0000] {logging_mixin.py:190} INFO - [2025-07-05T23:35:46.343+0000] {dag.py:3239} INFO - Sync 1 DAGs
[2025-07-05T23:35:46.471+0000] {logging_mixin.py:190} INFO - [2025-07-05T23:35:46.470+0000] {dag.py:4180} INFO - Setting next_dagrun for extract_raw_data_pipeline to 2025-07-05 07:59:00+00:00, run_after=2025-07-06 07:00:00+00:00
[2025-07-05T23:35:46.587+0000] {processor.py:208} INFO - Processing /opt/airflow/dags/driven_data_pipeline.py took 0.889 seconds
[2025-07-05T23:36:17.486+0000] {processor.py:186} INFO - Started process (PID=446) to work on /opt/airflow/dags/driven_data_pipeline.py
[2025-07-05T23:36:17.488+0000] {processor.py:914} INFO - Processing file /opt/airflow/dags/driven_data_pipeline.py for tasks to queue
[2025-07-05T23:36:17.497+0000] {logging_mixin.py:190} INFO - [2025-07-05T23:36:17.496+0000] {dagbag.py:588} INFO - Filling up the DagBag from /opt/airflow/dags/driven_data_pipeline.py
[2025-07-05T23:36:17.955+0000] {processor.py:925} INFO - DAG(s) 'extract_raw_data_pipeline' retrieved from /opt/airflow/dags/driven_data_pipeline.py
[2025-07-05T23:36:18.015+0000] {logging_mixin.py:190} INFO - [2025-07-05T23:36:18.015+0000] {dag.py:3239} INFO - Sync 1 DAGs
[2025-07-05T23:36:18.081+0000] {logging_mixin.py:190} INFO - [2025-07-05T23:36:18.080+0000] {dag.py:4180} INFO - Setting next_dagrun for extract_raw_data_pipeline to 2025-07-05 07:59:00+00:00, run_after=2025-07-06 07:00:00+00:00
[2025-07-05T23:36:18.124+0000] {processor.py:208} INFO - Processing /opt/airflow/dags/driven_data_pipeline.py took 0.657 seconds
[2025-07-05T23:36:48.396+0000] {processor.py:186} INFO - Started process (PID=461) to work on /opt/airflow/dags/driven_data_pipeline.py
[2025-07-05T23:36:48.398+0000] {processor.py:914} INFO - Processing file /opt/airflow/dags/driven_data_pipeline.py for tasks to queue
[2025-07-05T23:36:48.402+0000] {logging_mixin.py:190} INFO - [2025-07-05T23:36:48.402+0000] {dagbag.py:588} INFO - Filling up the DagBag from /opt/airflow/dags/driven_data_pipeline.py
[2025-07-05T23:36:48.636+0000] {processor.py:925} INFO - DAG(s) 'extract_raw_data_pipeline' retrieved from /opt/airflow/dags/driven_data_pipeline.py
[2025-07-05T23:36:48.685+0000] {logging_mixin.py:190} INFO - [2025-07-05T23:36:48.684+0000] {dag.py:3239} INFO - Sync 1 DAGs
[2025-07-05T23:36:48.722+0000] {logging_mixin.py:190} INFO - [2025-07-05T23:36:48.721+0000] {dag.py:4180} INFO - Setting next_dagrun for extract_raw_data_pipeline to 2025-07-05 07:59:00+00:00, run_after=2025-07-06 07:00:00+00:00
[2025-07-05T23:36:48.793+0000] {processor.py:208} INFO - Processing /opt/airflow/dags/driven_data_pipeline.py took 0.412 seconds
[2025-07-05T23:37:18.996+0000] {processor.py:186} INFO - Started process (PID=469) to work on /opt/airflow/dags/driven_data_pipeline.py
[2025-07-05T23:37:18.999+0000] {processor.py:914} INFO - Processing file /opt/airflow/dags/driven_data_pipeline.py for tasks to queue
[2025-07-05T23:37:19.005+0000] {logging_mixin.py:190} INFO - [2025-07-05T23:37:19.004+0000] {dagbag.py:588} INFO - Filling up the DagBag from /opt/airflow/dags/driven_data_pipeline.py
[2025-07-05T23:37:19.367+0000] {processor.py:925} INFO - DAG(s) 'extract_raw_data_pipeline' retrieved from /opt/airflow/dags/driven_data_pipeline.py
[2025-07-05T23:37:19.419+0000] {logging_mixin.py:190} INFO - [2025-07-05T23:37:19.419+0000] {dag.py:3239} INFO - Sync 1 DAGs
[2025-07-05T23:37:19.569+0000] {logging_mixin.py:190} INFO - [2025-07-05T23:37:19.567+0000] {dag.py:4180} INFO - Setting next_dagrun for extract_raw_data_pipeline to 2025-07-05 07:59:00+00:00, run_after=2025-07-06 07:00:00+00:00
[2025-07-05T23:37:20.130+0000] {processor.py:208} INFO - Processing /opt/airflow/dags/driven_data_pipeline.py took 1.153 seconds
[2025-07-05T23:37:50.944+0000] {processor.py:186} INFO - Started process (PID=477) to work on /opt/airflow/dags/driven_data_pipeline.py
[2025-07-05T23:37:50.947+0000] {processor.py:914} INFO - Processing file /opt/airflow/dags/driven_data_pipeline.py for tasks to queue
[2025-07-05T23:37:50.952+0000] {logging_mixin.py:190} INFO - [2025-07-05T23:37:50.951+0000] {dagbag.py:588} INFO - Filling up the DagBag from /opt/airflow/dags/driven_data_pipeline.py
[2025-07-05T23:37:51.855+0000] {processor.py:925} INFO - DAG(s) 'extract_raw_data_pipeline' retrieved from /opt/airflow/dags/driven_data_pipeline.py
[2025-07-05T23:37:52.926+0000] {logging_mixin.py:190} INFO - [2025-07-05T23:37:52.926+0000] {dag.py:3239} INFO - Sync 1 DAGs
[2025-07-05T23:37:53.153+0000] {logging_mixin.py:190} INFO - [2025-07-05T23:37:53.153+0000] {dag.py:4180} INFO - Setting next_dagrun for extract_raw_data_pipeline to 2025-07-05 07:59:00+00:00, run_after=2025-07-06 07:00:00+00:00
[2025-07-05T23:37:53.266+0000] {processor.py:208} INFO - Processing /opt/airflow/dags/driven_data_pipeline.py took 2.334 seconds
[2025-07-05T23:38:23.405+0000] {processor.py:186} INFO - Started process (PID=485) to work on /opt/airflow/dags/driven_data_pipeline.py
[2025-07-05T23:38:23.407+0000] {processor.py:914} INFO - Processing file /opt/airflow/dags/driven_data_pipeline.py for tasks to queue
[2025-07-05T23:38:23.411+0000] {logging_mixin.py:190} INFO - [2025-07-05T23:38:23.410+0000] {dagbag.py:588} INFO - Filling up the DagBag from /opt/airflow/dags/driven_data_pipeline.py
[2025-07-05T23:38:23.659+0000] {processor.py:925} INFO - DAG(s) 'extract_raw_data_pipeline' retrieved from /opt/airflow/dags/driven_data_pipeline.py
[2025-07-05T23:38:23.689+0000] {logging_mixin.py:190} INFO - [2025-07-05T23:38:23.689+0000] {dag.py:3239} INFO - Sync 1 DAGs
[2025-07-05T23:38:23.724+0000] {logging_mixin.py:190} INFO - [2025-07-05T23:38:23.724+0000] {dag.py:4180} INFO - Setting next_dagrun for extract_raw_data_pipeline to 2025-07-05 07:59:00+00:00, run_after=2025-07-06 07:00:00+00:00
[2025-07-05T23:38:23.758+0000] {processor.py:208} INFO - Processing /opt/airflow/dags/driven_data_pipeline.py took 0.362 seconds
[2025-07-05T23:38:54.274+0000] {processor.py:186} INFO - Started process (PID=493) to work on /opt/airflow/dags/driven_data_pipeline.py
[2025-07-05T23:38:54.276+0000] {processor.py:914} INFO - Processing file /opt/airflow/dags/driven_data_pipeline.py for tasks to queue
[2025-07-05T23:38:54.281+0000] {logging_mixin.py:190} INFO - [2025-07-05T23:38:54.280+0000] {dagbag.py:588} INFO - Filling up the DagBag from /opt/airflow/dags/driven_data_pipeline.py
[2025-07-05T23:38:54.561+0000] {processor.py:925} INFO - DAG(s) 'extract_raw_data_pipeline' retrieved from /opt/airflow/dags/driven_data_pipeline.py
[2025-07-05T23:38:54.597+0000] {logging_mixin.py:190} INFO - [2025-07-05T23:38:54.597+0000] {dag.py:3239} INFO - Sync 1 DAGs
[2025-07-05T23:38:54.629+0000] {logging_mixin.py:190} INFO - [2025-07-05T23:38:54.629+0000] {dag.py:4180} INFO - Setting next_dagrun for extract_raw_data_pipeline to 2025-07-05 07:59:00+00:00, run_after=2025-07-06 07:00:00+00:00
[2025-07-05T23:38:54.659+0000] {processor.py:208} INFO - Processing /opt/airflow/dags/driven_data_pipeline.py took 0.395 seconds
[2025-07-05T23:39:25.494+0000] {processor.py:186} INFO - Started process (PID=501) to work on /opt/airflow/dags/driven_data_pipeline.py
[2025-07-05T23:39:25.495+0000] {processor.py:914} INFO - Processing file /opt/airflow/dags/driven_data_pipeline.py for tasks to queue
[2025-07-05T23:39:25.500+0000] {logging_mixin.py:190} INFO - [2025-07-05T23:39:25.499+0000] {dagbag.py:588} INFO - Filling up the DagBag from /opt/airflow/dags/driven_data_pipeline.py
[2025-07-05T23:39:25.777+0000] {processor.py:925} INFO - DAG(s) 'extract_raw_data_pipeline' retrieved from /opt/airflow/dags/driven_data_pipeline.py
[2025-07-05T23:39:25.817+0000] {logging_mixin.py:190} INFO - [2025-07-05T23:39:25.817+0000] {dag.py:3239} INFO - Sync 1 DAGs
[2025-07-05T23:39:25.856+0000] {logging_mixin.py:190} INFO - [2025-07-05T23:39:25.856+0000] {dag.py:4180} INFO - Setting next_dagrun for extract_raw_data_pipeline to 2025-07-05 07:59:00+00:00, run_after=2025-07-06 07:00:00+00:00
[2025-07-05T23:39:25.922+0000] {processor.py:208} INFO - Processing /opt/airflow/dags/driven_data_pipeline.py took 0.436 seconds
[2025-07-05T23:39:56.406+0000] {processor.py:186} INFO - Started process (PID=509) to work on /opt/airflow/dags/driven_data_pipeline.py
[2025-07-05T23:39:56.408+0000] {processor.py:914} INFO - Processing file /opt/airflow/dags/driven_data_pipeline.py for tasks to queue
[2025-07-05T23:39:56.412+0000] {logging_mixin.py:190} INFO - [2025-07-05T23:39:56.412+0000] {dagbag.py:588} INFO - Filling up the DagBag from /opt/airflow/dags/driven_data_pipeline.py
[2025-07-05T23:39:56.908+0000] {processor.py:925} INFO - DAG(s) 'extract_raw_data_pipeline' retrieved from /opt/airflow/dags/driven_data_pipeline.py
[2025-07-05T23:39:56.973+0000] {logging_mixin.py:190} INFO - [2025-07-05T23:39:56.972+0000] {dag.py:3239} INFO - Sync 1 DAGs
[2025-07-05T23:39:57.039+0000] {logging_mixin.py:190} INFO - [2025-07-05T23:39:57.039+0000] {dag.py:4180} INFO - Setting next_dagrun for extract_raw_data_pipeline to 2025-07-05 07:59:00+00:00, run_after=2025-07-06 07:00:00+00:00
[2025-07-05T23:39:57.082+0000] {processor.py:208} INFO - Processing /opt/airflow/dags/driven_data_pipeline.py took 0.688 seconds
[2025-07-05T23:40:27.232+0000] {processor.py:186} INFO - Started process (PID=524) to work on /opt/airflow/dags/driven_data_pipeline.py
[2025-07-05T23:40:27.235+0000] {processor.py:914} INFO - Processing file /opt/airflow/dags/driven_data_pipeline.py for tasks to queue
[2025-07-05T23:40:27.240+0000] {logging_mixin.py:190} INFO - [2025-07-05T23:40:27.239+0000] {dagbag.py:588} INFO - Filling up the DagBag from /opt/airflow/dags/driven_data_pipeline.py
[2025-07-05T23:40:27.897+0000] {processor.py:925} INFO - DAG(s) 'extract_raw_data_pipeline' retrieved from /opt/airflow/dags/driven_data_pipeline.py
[2025-07-05T23:40:28.012+0000] {logging_mixin.py:190} INFO - [2025-07-05T23:40:28.011+0000] {dag.py:3239} INFO - Sync 1 DAGs
[2025-07-05T23:40:28.141+0000] {logging_mixin.py:190} INFO - [2025-07-05T23:40:28.140+0000] {dag.py:4180} INFO - Setting next_dagrun for extract_raw_data_pipeline to 2025-07-05 07:59:00+00:00, run_after=2025-07-06 07:00:00+00:00
[2025-07-05T23:40:28.234+0000] {processor.py:208} INFO - Processing /opt/airflow/dags/driven_data_pipeline.py took 1.016 seconds
[2025-07-05T23:40:58.952+0000] {processor.py:186} INFO - Started process (PID=532) to work on /opt/airflow/dags/driven_data_pipeline.py
[2025-07-05T23:40:58.954+0000] {processor.py:914} INFO - Processing file /opt/airflow/dags/driven_data_pipeline.py for tasks to queue
[2025-07-05T23:40:58.958+0000] {logging_mixin.py:190} INFO - [2025-07-05T23:40:58.957+0000] {dagbag.py:588} INFO - Filling up the DagBag from /opt/airflow/dags/driven_data_pipeline.py
[2025-07-05T23:40:59.191+0000] {processor.py:925} INFO - DAG(s) 'extract_raw_data_pipeline' retrieved from /opt/airflow/dags/driven_data_pipeline.py
[2025-07-05T23:40:59.231+0000] {logging_mixin.py:190} INFO - [2025-07-05T23:40:59.231+0000] {dag.py:3239} INFO - Sync 1 DAGs
[2025-07-05T23:40:59.266+0000] {logging_mixin.py:190} INFO - [2025-07-05T23:40:59.266+0000] {dag.py:4180} INFO - Setting next_dagrun for extract_raw_data_pipeline to 2025-07-05 07:59:00+00:00, run_after=2025-07-06 07:00:00+00:00
[2025-07-05T23:40:59.297+0000] {processor.py:208} INFO - Processing /opt/airflow/dags/driven_data_pipeline.py took 0.353 seconds
[2025-07-05T23:41:29.699+0000] {processor.py:186} INFO - Started process (PID=540) to work on /opt/airflow/dags/driven_data_pipeline.py
[2025-07-05T23:41:29.701+0000] {processor.py:914} INFO - Processing file /opt/airflow/dags/driven_data_pipeline.py for tasks to queue
[2025-07-05T23:41:29.706+0000] {logging_mixin.py:190} INFO - [2025-07-05T23:41:29.706+0000] {dagbag.py:588} INFO - Filling up the DagBag from /opt/airflow/dags/driven_data_pipeline.py
[2025-07-05T23:41:30.060+0000] {processor.py:925} INFO - DAG(s) 'extract_raw_data_pipeline' retrieved from /opt/airflow/dags/driven_data_pipeline.py
[2025-07-05T23:41:30.111+0000] {logging_mixin.py:190} INFO - [2025-07-05T23:41:30.111+0000] {dag.py:3239} INFO - Sync 1 DAGs
[2025-07-05T23:41:30.155+0000] {logging_mixin.py:190} INFO - [2025-07-05T23:41:30.155+0000] {dag.py:4180} INFO - Setting next_dagrun for extract_raw_data_pipeline to 2025-07-05 07:59:00+00:00, run_after=2025-07-06 07:00:00+00:00
[2025-07-05T23:41:30.189+0000] {processor.py:208} INFO - Processing /opt/airflow/dags/driven_data_pipeline.py took 0.502 seconds
[2025-07-05T23:42:00.864+0000] {processor.py:186} INFO - Started process (PID=548) to work on /opt/airflow/dags/driven_data_pipeline.py
[2025-07-05T23:42:00.865+0000] {processor.py:914} INFO - Processing file /opt/airflow/dags/driven_data_pipeline.py for tasks to queue
[2025-07-05T23:42:00.869+0000] {logging_mixin.py:190} INFO - [2025-07-05T23:42:00.868+0000] {dagbag.py:588} INFO - Filling up the DagBag from /opt/airflow/dags/driven_data_pipeline.py
[2025-07-05T23:42:01.102+0000] {processor.py:925} INFO - DAG(s) 'extract_raw_data_pipeline' retrieved from /opt/airflow/dags/driven_data_pipeline.py
[2025-07-05T23:42:01.136+0000] {logging_mixin.py:190} INFO - [2025-07-05T23:42:01.136+0000] {dag.py:3239} INFO - Sync 1 DAGs
[2025-07-05T23:42:01.167+0000] {logging_mixin.py:190} INFO - [2025-07-05T23:42:01.167+0000] {dag.py:4180} INFO - Setting next_dagrun for extract_raw_data_pipeline to 2025-07-05 07:59:00+00:00, run_after=2025-07-06 07:00:00+00:00
[2025-07-05T23:42:01.198+0000] {processor.py:208} INFO - Processing /opt/airflow/dags/driven_data_pipeline.py took 0.344 seconds
[2025-07-05T23:42:31.728+0000] {processor.py:186} INFO - Started process (PID=557) to work on /opt/airflow/dags/driven_data_pipeline.py
[2025-07-05T23:42:31.730+0000] {processor.py:914} INFO - Processing file /opt/airflow/dags/driven_data_pipeline.py for tasks to queue
[2025-07-05T23:42:31.734+0000] {logging_mixin.py:190} INFO - [2025-07-05T23:42:31.734+0000] {dagbag.py:588} INFO - Filling up the DagBag from /opt/airflow/dags/driven_data_pipeline.py
[2025-07-05T23:42:32.067+0000] {processor.py:925} INFO - DAG(s) 'extract_raw_data_pipeline' retrieved from /opt/airflow/dags/driven_data_pipeline.py
[2025-07-05T23:42:32.104+0000] {logging_mixin.py:190} INFO - [2025-07-05T23:42:32.103+0000] {dag.py:3239} INFO - Sync 1 DAGs
[2025-07-05T23:42:32.138+0000] {logging_mixin.py:190} INFO - [2025-07-05T23:42:32.138+0000] {dag.py:4180} INFO - Setting next_dagrun for extract_raw_data_pipeline to 2025-07-05 07:59:00+00:00, run_after=2025-07-06 07:00:00+00:00
[2025-07-05T23:42:32.167+0000] {processor.py:208} INFO - Processing /opt/airflow/dags/driven_data_pipeline.py took 0.447 seconds
[2025-07-05T23:43:02.758+0000] {processor.py:186} INFO - Started process (PID=565) to work on /opt/airflow/dags/driven_data_pipeline.py
[2025-07-05T23:43:02.760+0000] {processor.py:914} INFO - Processing file /opt/airflow/dags/driven_data_pipeline.py for tasks to queue
[2025-07-05T23:43:02.765+0000] {logging_mixin.py:190} INFO - [2025-07-05T23:43:02.764+0000] {dagbag.py:588} INFO - Filling up the DagBag from /opt/airflow/dags/driven_data_pipeline.py
[2025-07-05T23:43:03.118+0000] {processor.py:925} INFO - DAG(s) 'extract_raw_data_pipeline' retrieved from /opt/airflow/dags/driven_data_pipeline.py
[2025-07-05T23:43:03.166+0000] {logging_mixin.py:190} INFO - [2025-07-05T23:43:03.166+0000] {dag.py:3239} INFO - Sync 1 DAGs
[2025-07-05T23:43:03.223+0000] {logging_mixin.py:190} INFO - [2025-07-05T23:43:03.222+0000] {dag.py:4180} INFO - Setting next_dagrun for extract_raw_data_pipeline to 2025-07-05 07:59:00+00:00, run_after=2025-07-06 07:00:00+00:00
[2025-07-05T23:43:03.260+0000] {processor.py:208} INFO - Processing /opt/airflow/dags/driven_data_pipeline.py took 0.513 seconds
[2025-07-05T23:43:33.675+0000] {processor.py:186} INFO - Started process (PID=573) to work on /opt/airflow/dags/driven_data_pipeline.py
[2025-07-05T23:43:33.677+0000] {processor.py:914} INFO - Processing file /opt/airflow/dags/driven_data_pipeline.py for tasks to queue
[2025-07-05T23:43:33.680+0000] {logging_mixin.py:190} INFO - [2025-07-05T23:43:33.680+0000] {dagbag.py:588} INFO - Filling up the DagBag from /opt/airflow/dags/driven_data_pipeline.py
[2025-07-05T23:43:33.903+0000] {processor.py:925} INFO - DAG(s) 'extract_raw_data_pipeline' retrieved from /opt/airflow/dags/driven_data_pipeline.py
[2025-07-05T23:43:33.939+0000] {logging_mixin.py:190} INFO - [2025-07-05T23:43:33.939+0000] {dag.py:3239} INFO - Sync 1 DAGs
[2025-07-05T23:43:33.970+0000] {logging_mixin.py:190} INFO - [2025-07-05T23:43:33.970+0000] {dag.py:4180} INFO - Setting next_dagrun for extract_raw_data_pipeline to 2025-07-05 07:59:00+00:00, run_after=2025-07-06 07:00:00+00:00
[2025-07-05T23:43:33.997+0000] {processor.py:208} INFO - Processing /opt/airflow/dags/driven_data_pipeline.py took 0.331 seconds
[2025-07-05T23:44:04.579+0000] {processor.py:186} INFO - Started process (PID=587) to work on /opt/airflow/dags/driven_data_pipeline.py
[2025-07-05T23:44:04.581+0000] {processor.py:914} INFO - Processing file /opt/airflow/dags/driven_data_pipeline.py for tasks to queue
[2025-07-05T23:44:04.585+0000] {logging_mixin.py:190} INFO - [2025-07-05T23:44:04.584+0000] {dagbag.py:588} INFO - Filling up the DagBag from /opt/airflow/dags/driven_data_pipeline.py
[2025-07-05T23:44:04.856+0000] {processor.py:925} INFO - DAG(s) 'extract_raw_data_pipeline' retrieved from /opt/airflow/dags/driven_data_pipeline.py
[2025-07-05T23:44:04.890+0000] {logging_mixin.py:190} INFO - [2025-07-05T23:44:04.889+0000] {dag.py:3239} INFO - Sync 1 DAGs
[2025-07-05T23:44:04.920+0000] {logging_mixin.py:190} INFO - [2025-07-05T23:44:04.920+0000] {dag.py:4180} INFO - Setting next_dagrun for extract_raw_data_pipeline to 2025-07-05 07:59:00+00:00, run_after=2025-07-06 07:00:00+00:00
[2025-07-05T23:44:04.993+0000] {processor.py:208} INFO - Processing /opt/airflow/dags/driven_data_pipeline.py took 0.423 seconds
[2025-07-05T23:44:36.034+0000] {processor.py:186} INFO - Started process (PID=595) to work on /opt/airflow/dags/driven_data_pipeline.py
[2025-07-05T23:44:36.036+0000] {processor.py:914} INFO - Processing file /opt/airflow/dags/driven_data_pipeline.py for tasks to queue
[2025-07-05T23:44:36.039+0000] {logging_mixin.py:190} INFO - [2025-07-05T23:44:36.039+0000] {dagbag.py:588} INFO - Filling up the DagBag from /opt/airflow/dags/driven_data_pipeline.py
[2025-07-05T23:44:36.266+0000] {processor.py:925} INFO - DAG(s) 'extract_raw_data_pipeline' retrieved from /opt/airflow/dags/driven_data_pipeline.py
[2025-07-05T23:44:36.303+0000] {logging_mixin.py:190} INFO - [2025-07-05T23:44:36.303+0000] {dag.py:3239} INFO - Sync 1 DAGs
[2025-07-05T23:44:36.334+0000] {logging_mixin.py:190} INFO - [2025-07-05T23:44:36.333+0000] {dag.py:4180} INFO - Setting next_dagrun for extract_raw_data_pipeline to 2025-07-05 07:59:00+00:00, run_after=2025-07-06 07:00:00+00:00
[2025-07-05T23:44:36.381+0000] {processor.py:208} INFO - Processing /opt/airflow/dags/driven_data_pipeline.py took 0.354 seconds
[2025-07-05T23:45:06.931+0000] {processor.py:186} INFO - Started process (PID=603) to work on /opt/airflow/dags/driven_data_pipeline.py
[2025-07-05T23:45:06.933+0000] {processor.py:914} INFO - Processing file /opt/airflow/dags/driven_data_pipeline.py for tasks to queue
[2025-07-05T23:45:06.937+0000] {logging_mixin.py:190} INFO - [2025-07-05T23:45:06.936+0000] {dagbag.py:588} INFO - Filling up the DagBag from /opt/airflow/dags/driven_data_pipeline.py
[2025-07-05T23:45:07.220+0000] {processor.py:925} INFO - DAG(s) 'extract_raw_data_pipeline' retrieved from /opt/airflow/dags/driven_data_pipeline.py
[2025-07-05T23:45:07.307+0000] {logging_mixin.py:190} INFO - [2025-07-05T23:45:07.307+0000] {dag.py:3239} INFO - Sync 1 DAGs
[2025-07-05T23:45:07.338+0000] {logging_mixin.py:190} INFO - [2025-07-05T23:45:07.337+0000] {dag.py:4180} INFO - Setting next_dagrun for extract_raw_data_pipeline to 2025-07-05 07:59:00+00:00, run_after=2025-07-06 07:00:00+00:00
[2025-07-05T23:45:07.365+0000] {processor.py:208} INFO - Processing /opt/airflow/dags/driven_data_pipeline.py took 0.443 seconds
[2025-07-05T23:45:38.145+0000] {processor.py:186} INFO - Started process (PID=611) to work on /opt/airflow/dags/driven_data_pipeline.py
[2025-07-05T23:45:38.146+0000] {processor.py:914} INFO - Processing file /opt/airflow/dags/driven_data_pipeline.py for tasks to queue
[2025-07-05T23:45:38.150+0000] {logging_mixin.py:190} INFO - [2025-07-05T23:45:38.150+0000] {dagbag.py:588} INFO - Filling up the DagBag from /opt/airflow/dags/driven_data_pipeline.py
[2025-07-05T23:45:38.380+0000] {processor.py:925} INFO - DAG(s) 'extract_raw_data_pipeline' retrieved from /opt/airflow/dags/driven_data_pipeline.py
[2025-07-05T23:45:38.415+0000] {logging_mixin.py:190} INFO - [2025-07-05T23:45:38.414+0000] {dag.py:3239} INFO - Sync 1 DAGs
[2025-07-05T23:45:38.446+0000] {logging_mixin.py:190} INFO - [2025-07-05T23:45:38.446+0000] {dag.py:4180} INFO - Setting next_dagrun for extract_raw_data_pipeline to 2025-07-05 07:59:00+00:00, run_after=2025-07-06 07:00:00+00:00
[2025-07-05T23:45:38.472+0000] {processor.py:208} INFO - Processing /opt/airflow/dags/driven_data_pipeline.py took 0.336 seconds
[2025-07-05T23:46:09.053+0000] {processor.py:186} INFO - Started process (PID=619) to work on /opt/airflow/dags/driven_data_pipeline.py
[2025-07-05T23:46:09.055+0000] {processor.py:914} INFO - Processing file /opt/airflow/dags/driven_data_pipeline.py for tasks to queue
[2025-07-05T23:46:09.060+0000] {logging_mixin.py:190} INFO - [2025-07-05T23:46:09.058+0000] {dagbag.py:588} INFO - Filling up the DagBag from /opt/airflow/dags/driven_data_pipeline.py
[2025-07-05T23:46:09.280+0000] {processor.py:925} INFO - DAG(s) 'extract_raw_data_pipeline' retrieved from /opt/airflow/dags/driven_data_pipeline.py
[2025-07-05T23:46:09.317+0000] {logging_mixin.py:190} INFO - [2025-07-05T23:46:09.317+0000] {dag.py:3239} INFO - Sync 1 DAGs
[2025-07-05T23:46:09.351+0000] {logging_mixin.py:190} INFO - [2025-07-05T23:46:09.351+0000] {dag.py:4180} INFO - Setting next_dagrun for extract_raw_data_pipeline to 2025-07-05 07:59:00+00:00, run_after=2025-07-06 07:00:00+00:00
[2025-07-05T23:46:09.379+0000] {processor.py:208} INFO - Processing /opt/airflow/dags/driven_data_pipeline.py took 0.335 seconds
[2025-07-05T23:46:40.240+0000] {processor.py:186} INFO - Started process (PID=627) to work on /opt/airflow/dags/driven_data_pipeline.py
[2025-07-05T23:46:40.242+0000] {processor.py:914} INFO - Processing file /opt/airflow/dags/driven_data_pipeline.py for tasks to queue
[2025-07-05T23:46:40.246+0000] {logging_mixin.py:190} INFO - [2025-07-05T23:46:40.246+0000] {dagbag.py:588} INFO - Filling up the DagBag from /opt/airflow/dags/driven_data_pipeline.py
[2025-07-05T23:46:40.481+0000] {processor.py:925} INFO - DAG(s) 'extract_raw_data_pipeline' retrieved from /opt/airflow/dags/driven_data_pipeline.py
[2025-07-05T23:46:40.519+0000] {logging_mixin.py:190} INFO - [2025-07-05T23:46:40.519+0000] {dag.py:3239} INFO - Sync 1 DAGs
[2025-07-05T23:46:40.552+0000] {logging_mixin.py:190} INFO - [2025-07-05T23:46:40.551+0000] {dag.py:4180} INFO - Setting next_dagrun for extract_raw_data_pipeline to 2025-07-05 07:59:00+00:00, run_after=2025-07-06 07:00:00+00:00
[2025-07-05T23:46:40.577+0000] {processor.py:208} INFO - Processing /opt/airflow/dags/driven_data_pipeline.py took 0.344 seconds
[2025-07-05T23:47:11.217+0000] {processor.py:186} INFO - Started process (PID=635) to work on /opt/airflow/dags/driven_data_pipeline.py
[2025-07-05T23:47:11.219+0000] {processor.py:914} INFO - Processing file /opt/airflow/dags/driven_data_pipeline.py for tasks to queue
[2025-07-05T23:47:11.223+0000] {logging_mixin.py:190} INFO - [2025-07-05T23:47:11.222+0000] {dagbag.py:588} INFO - Filling up the DagBag from /opt/airflow/dags/driven_data_pipeline.py
[2025-07-05T23:47:11.456+0000] {processor.py:925} INFO - DAG(s) 'extract_raw_data_pipeline' retrieved from /opt/airflow/dags/driven_data_pipeline.py
[2025-07-05T23:47:11.491+0000] {logging_mixin.py:190} INFO - [2025-07-05T23:47:11.491+0000] {dag.py:3239} INFO - Sync 1 DAGs
[2025-07-05T23:47:11.522+0000] {logging_mixin.py:190} INFO - [2025-07-05T23:47:11.521+0000] {dag.py:4180} INFO - Setting next_dagrun for extract_raw_data_pipeline to 2025-07-05 07:59:00+00:00, run_after=2025-07-06 07:00:00+00:00
[2025-07-05T23:47:11.549+0000] {processor.py:208} INFO - Processing /opt/airflow/dags/driven_data_pipeline.py took 0.341 seconds
[2025-07-05T23:47:42.157+0000] {processor.py:186} INFO - Started process (PID=643) to work on /opt/airflow/dags/driven_data_pipeline.py
[2025-07-05T23:47:42.158+0000] {processor.py:914} INFO - Processing file /opt/airflow/dags/driven_data_pipeline.py for tasks to queue
[2025-07-05T23:47:42.162+0000] {logging_mixin.py:190} INFO - [2025-07-05T23:47:42.162+0000] {dagbag.py:588} INFO - Filling up the DagBag from /opt/airflow/dags/driven_data_pipeline.py
[2025-07-05T23:47:42.419+0000] {processor.py:925} INFO - DAG(s) 'extract_raw_data_pipeline' retrieved from /opt/airflow/dags/driven_data_pipeline.py
[2025-07-05T23:47:42.462+0000] {logging_mixin.py:190} INFO - [2025-07-05T23:47:42.461+0000] {dag.py:3239} INFO - Sync 1 DAGs
[2025-07-05T23:47:42.498+0000] {logging_mixin.py:190} INFO - [2025-07-05T23:47:42.498+0000] {dag.py:4180} INFO - Setting next_dagrun for extract_raw_data_pipeline to 2025-07-05 07:59:00+00:00, run_after=2025-07-06 07:00:00+00:00
[2025-07-05T23:47:42.532+0000] {processor.py:208} INFO - Processing /opt/airflow/dags/driven_data_pipeline.py took 0.384 seconds
[2025-07-05T23:48:13.451+0000] {processor.py:186} INFO - Started process (PID=658) to work on /opt/airflow/dags/driven_data_pipeline.py
[2025-07-05T23:48:13.453+0000] {processor.py:914} INFO - Processing file /opt/airflow/dags/driven_data_pipeline.py for tasks to queue
[2025-07-05T23:48:13.457+0000] {logging_mixin.py:190} INFO - [2025-07-05T23:48:13.457+0000] {dagbag.py:588} INFO - Filling up the DagBag from /opt/airflow/dags/driven_data_pipeline.py
[2025-07-05T23:48:13.695+0000] {processor.py:925} INFO - DAG(s) 'extract_raw_data_pipeline' retrieved from /opt/airflow/dags/driven_data_pipeline.py
[2025-07-05T23:48:13.731+0000] {logging_mixin.py:190} INFO - [2025-07-05T23:48:13.731+0000] {dag.py:3239} INFO - Sync 1 DAGs
[2025-07-05T23:48:13.764+0000] {logging_mixin.py:190} INFO - [2025-07-05T23:48:13.764+0000] {dag.py:4180} INFO - Setting next_dagrun for extract_raw_data_pipeline to 2025-07-05 07:59:00+00:00, run_after=2025-07-06 07:00:00+00:00
[2025-07-05T23:48:13.795+0000] {processor.py:208} INFO - Processing /opt/airflow/dags/driven_data_pipeline.py took 0.353 seconds
[2025-07-05T23:48:44.367+0000] {processor.py:186} INFO - Started process (PID=667) to work on /opt/airflow/dags/driven_data_pipeline.py
[2025-07-05T23:48:44.369+0000] {processor.py:914} INFO - Processing file /opt/airflow/dags/driven_data_pipeline.py for tasks to queue
[2025-07-05T23:48:44.373+0000] {logging_mixin.py:190} INFO - [2025-07-05T23:48:44.373+0000] {dagbag.py:588} INFO - Filling up the DagBag from /opt/airflow/dags/driven_data_pipeline.py
[2025-07-05T23:48:44.659+0000] {processor.py:925} INFO - DAG(s) 'extract_raw_data_pipeline' retrieved from /opt/airflow/dags/driven_data_pipeline.py
[2025-07-05T23:48:44.702+0000] {logging_mixin.py:190} INFO - [2025-07-05T23:48:44.701+0000] {dag.py:3239} INFO - Sync 1 DAGs
[2025-07-05T23:48:44.741+0000] {logging_mixin.py:190} INFO - [2025-07-05T23:48:44.741+0000] {dag.py:4180} INFO - Setting next_dagrun for extract_raw_data_pipeline to 2025-07-05 07:59:00+00:00, run_after=2025-07-06 07:00:00+00:00
[2025-07-05T23:48:44.773+0000] {processor.py:208} INFO - Processing /opt/airflow/dags/driven_data_pipeline.py took 0.415 seconds
[2025-07-05T23:49:15.333+0000] {processor.py:186} INFO - Started process (PID=675) to work on /opt/airflow/dags/driven_data_pipeline.py
[2025-07-05T23:49:15.335+0000] {processor.py:914} INFO - Processing file /opt/airflow/dags/driven_data_pipeline.py for tasks to queue
[2025-07-05T23:49:15.340+0000] {logging_mixin.py:190} INFO - [2025-07-05T23:49:15.339+0000] {dagbag.py:588} INFO - Filling up the DagBag from /opt/airflow/dags/driven_data_pipeline.py
[2025-07-05T23:49:15.651+0000] {processor.py:925} INFO - DAG(s) 'extract_raw_data_pipeline' retrieved from /opt/airflow/dags/driven_data_pipeline.py
[2025-07-05T23:49:15.698+0000] {logging_mixin.py:190} INFO - [2025-07-05T23:49:15.697+0000] {dag.py:3239} INFO - Sync 1 DAGs
[2025-07-05T23:49:15.738+0000] {logging_mixin.py:190} INFO - [2025-07-05T23:49:15.737+0000] {dag.py:4180} INFO - Setting next_dagrun for extract_raw_data_pipeline to 2025-07-05 07:59:00+00:00, run_after=2025-07-06 07:00:00+00:00
[2025-07-05T23:49:15.771+0000] {processor.py:208} INFO - Processing /opt/airflow/dags/driven_data_pipeline.py took 0.450 seconds
[2025-07-05T23:49:46.438+0000] {processor.py:186} INFO - Started process (PID=684) to work on /opt/airflow/dags/driven_data_pipeline.py
[2025-07-05T23:49:46.440+0000] {processor.py:914} INFO - Processing file /opt/airflow/dags/driven_data_pipeline.py for tasks to queue
[2025-07-05T23:49:46.447+0000] {logging_mixin.py:190} INFO - [2025-07-05T23:49:46.446+0000] {dagbag.py:588} INFO - Filling up the DagBag from /opt/airflow/dags/driven_data_pipeline.py
[2025-07-05T23:49:47.349+0000] {processor.py:925} INFO - DAG(s) 'extract_raw_data_pipeline' retrieved from /opt/airflow/dags/driven_data_pipeline.py
[2025-07-05T23:49:47.934+0000] {logging_mixin.py:190} INFO - [2025-07-05T23:49:47.933+0000] {dag.py:3239} INFO - Sync 1 DAGs
[2025-07-05T23:49:48.056+0000] {logging_mixin.py:190} INFO - [2025-07-05T23:49:48.056+0000] {dag.py:4180} INFO - Setting next_dagrun for extract_raw_data_pipeline to 2025-07-05 07:59:00+00:00, run_after=2025-07-06 07:00:00+00:00
[2025-07-05T23:49:48.136+0000] {processor.py:208} INFO - Processing /opt/airflow/dags/driven_data_pipeline.py took 1.713 seconds
[2025-07-05T23:50:18.472+0000] {processor.py:186} INFO - Started process (PID=692) to work on /opt/airflow/dags/driven_data_pipeline.py
[2025-07-05T23:50:18.474+0000] {processor.py:914} INFO - Processing file /opt/airflow/dags/driven_data_pipeline.py for tasks to queue
[2025-07-05T23:50:18.483+0000] {logging_mixin.py:190} INFO - [2025-07-05T23:50:18.482+0000] {dagbag.py:588} INFO - Filling up the DagBag from /opt/airflow/dags/driven_data_pipeline.py
[2025-07-05T23:50:18.911+0000] {processor.py:925} INFO - DAG(s) 'extract_raw_data_pipeline' retrieved from /opt/airflow/dags/driven_data_pipeline.py
[2025-07-05T23:50:18.978+0000] {logging_mixin.py:190} INFO - [2025-07-05T23:50:18.978+0000] {dag.py:3239} INFO - Sync 1 DAGs
[2025-07-05T23:50:19.046+0000] {logging_mixin.py:190} INFO - [2025-07-05T23:50:19.046+0000] {dag.py:4180} INFO - Setting next_dagrun for extract_raw_data_pipeline to 2025-07-05 07:59:00+00:00, run_after=2025-07-06 07:00:00+00:00
[2025-07-05T23:50:19.096+0000] {processor.py:208} INFO - Processing /opt/airflow/dags/driven_data_pipeline.py took 0.640 seconds
[2025-07-05T23:50:49.974+0000] {processor.py:186} INFO - Started process (PID=700) to work on /opt/airflow/dags/driven_data_pipeline.py
[2025-07-05T23:50:49.976+0000] {processor.py:914} INFO - Processing file /opt/airflow/dags/driven_data_pipeline.py for tasks to queue
[2025-07-05T23:50:49.980+0000] {logging_mixin.py:190} INFO - [2025-07-05T23:50:49.979+0000] {dagbag.py:588} INFO - Filling up the DagBag from /opt/airflow/dags/driven_data_pipeline.py
[2025-07-05T23:50:50.361+0000] {processor.py:925} INFO - DAG(s) 'extract_raw_data_pipeline' retrieved from /opt/airflow/dags/driven_data_pipeline.py
[2025-07-05T23:50:50.414+0000] {logging_mixin.py:190} INFO - [2025-07-05T23:50:50.414+0000] {dag.py:3239} INFO - Sync 1 DAGs
[2025-07-05T23:50:50.468+0000] {logging_mixin.py:190} INFO - [2025-07-05T23:50:50.467+0000] {dag.py:4180} INFO - Setting next_dagrun for extract_raw_data_pipeline to 2025-07-05 07:59:00+00:00, run_after=2025-07-06 07:00:00+00:00
[2025-07-05T23:50:50.505+0000] {processor.py:208} INFO - Processing /opt/airflow/dags/driven_data_pipeline.py took 0.548 seconds
[2025-07-05T23:51:21.015+0000] {processor.py:186} INFO - Started process (PID=708) to work on /opt/airflow/dags/driven_data_pipeline.py
[2025-07-05T23:51:21.016+0000] {processor.py:914} INFO - Processing file /opt/airflow/dags/driven_data_pipeline.py for tasks to queue
[2025-07-05T23:51:21.019+0000] {logging_mixin.py:190} INFO - [2025-07-05T23:51:21.019+0000] {dagbag.py:588} INFO - Filling up the DagBag from /opt/airflow/dags/driven_data_pipeline.py
[2025-07-05T23:51:21.227+0000] {processor.py:925} INFO - DAG(s) 'extract_raw_data_pipeline' retrieved from /opt/airflow/dags/driven_data_pipeline.py
[2025-07-05T23:51:21.260+0000] {logging_mixin.py:190} INFO - [2025-07-05T23:51:21.260+0000] {dag.py:3239} INFO - Sync 1 DAGs
[2025-07-05T23:51:21.286+0000] {logging_mixin.py:190} INFO - [2025-07-05T23:51:21.286+0000] {dag.py:4180} INFO - Setting next_dagrun for extract_raw_data_pipeline to 2025-07-05 07:59:00+00:00, run_after=2025-07-06 07:00:00+00:00
[2025-07-05T23:51:20.896+0000] {processor.py:208} INFO - Processing /opt/airflow/dags/driven_data_pipeline.py took 2.612 seconds
[2025-07-05T23:51:51.613+0000] {processor.py:186} INFO - Started process (PID=722) to work on /opt/airflow/dags/driven_data_pipeline.py
[2025-07-05T23:51:51.614+0000] {processor.py:914} INFO - Processing file /opt/airflow/dags/driven_data_pipeline.py for tasks to queue
[2025-07-05T23:51:51.619+0000] {logging_mixin.py:190} INFO - [2025-07-05T23:51:51.619+0000] {dagbag.py:588} INFO - Filling up the DagBag from /opt/airflow/dags/driven_data_pipeline.py
[2025-07-05T23:51:51.991+0000] {processor.py:925} INFO - DAG(s) 'extract_raw_data_pipeline' retrieved from /opt/airflow/dags/driven_data_pipeline.py
[2025-07-05T23:51:52.066+0000] {logging_mixin.py:190} INFO - [2025-07-05T23:51:52.066+0000] {dag.py:3239} INFO - Sync 1 DAGs
[2025-07-05T23:51:52.167+0000] {logging_mixin.py:190} INFO - [2025-07-05T23:51:52.165+0000] {dag.py:4180} INFO - Setting next_dagrun for extract_raw_data_pipeline to 2025-07-05 07:59:00+00:00, run_after=2025-07-06 07:00:00+00:00
[2025-07-05T23:51:52.304+0000] {processor.py:208} INFO - Processing /opt/airflow/dags/driven_data_pipeline.py took 0.703 seconds
[2025-07-05T23:52:22.527+0000] {processor.py:186} INFO - Started process (PID=730) to work on /opt/airflow/dags/driven_data_pipeline.py
[2025-07-05T23:52:22.529+0000] {processor.py:914} INFO - Processing file /opt/airflow/dags/driven_data_pipeline.py for tasks to queue
[2025-07-05T23:52:22.533+0000] {logging_mixin.py:190} INFO - [2025-07-05T23:52:22.532+0000] {dagbag.py:588} INFO - Filling up the DagBag from /opt/airflow/dags/driven_data_pipeline.py
[2025-07-05T23:52:22.838+0000] {processor.py:925} INFO - DAG(s) 'extract_raw_data_pipeline' retrieved from /opt/airflow/dags/driven_data_pipeline.py
[2025-07-05T23:52:22.889+0000] {logging_mixin.py:190} INFO - [2025-07-05T23:52:22.889+0000] {dag.py:3239} INFO - Sync 1 DAGs
[2025-07-05T23:52:22.938+0000] {logging_mixin.py:190} INFO - [2025-07-05T23:52:22.937+0000] {dag.py:4180} INFO - Setting next_dagrun for extract_raw_data_pipeline to 2025-07-05 07:59:00+00:00, run_after=2025-07-06 07:00:00+00:00
[2025-07-05T23:52:22.978+0000] {processor.py:208} INFO - Processing /opt/airflow/dags/driven_data_pipeline.py took 0.460 seconds
[2025-07-05T23:52:53.426+0000] {processor.py:186} INFO - Started process (PID=738) to work on /opt/airflow/dags/driven_data_pipeline.py
[2025-07-05T23:52:53.430+0000] {processor.py:914} INFO - Processing file /opt/airflow/dags/driven_data_pipeline.py for tasks to queue
[2025-07-05T23:52:53.436+0000] {logging_mixin.py:190} INFO - [2025-07-05T23:52:53.435+0000] {dagbag.py:588} INFO - Filling up the DagBag from /opt/airflow/dags/driven_data_pipeline.py
[2025-07-05T23:52:53.823+0000] {processor.py:925} INFO - DAG(s) 'extract_raw_data_pipeline' retrieved from /opt/airflow/dags/driven_data_pipeline.py
[2025-07-05T23:52:53.875+0000] {logging_mixin.py:190} INFO - [2025-07-05T23:52:53.874+0000] {dag.py:3239} INFO - Sync 1 DAGs
[2025-07-05T23:52:53.930+0000] {logging_mixin.py:190} INFO - [2025-07-05T23:52:53.930+0000] {dag.py:4180} INFO - Setting next_dagrun for extract_raw_data_pipeline to 2025-07-05 07:59:00+00:00, run_after=2025-07-06 07:00:00+00:00
[2025-07-05T23:52:53.971+0000] {processor.py:208} INFO - Processing /opt/airflow/dags/driven_data_pipeline.py took 0.562 seconds
[2025-07-05T23:53:24.666+0000] {processor.py:186} INFO - Started process (PID=746) to work on /opt/airflow/dags/driven_data_pipeline.py
[2025-07-05T23:53:24.671+0000] {processor.py:914} INFO - Processing file /opt/airflow/dags/driven_data_pipeline.py for tasks to queue
[2025-07-05T23:53:24.681+0000] {logging_mixin.py:190} INFO - [2025-07-05T23:53:24.680+0000] {dagbag.py:588} INFO - Filling up the DagBag from /opt/airflow/dags/driven_data_pipeline.py
[2025-07-05T23:53:25.457+0000] {processor.py:925} INFO - DAG(s) 'extract_raw_data_pipeline' retrieved from /opt/airflow/dags/driven_data_pipeline.py
[2025-07-05T23:53:25.649+0000] {logging_mixin.py:190} INFO - [2025-07-05T23:53:25.648+0000] {dag.py:3239} INFO - Sync 1 DAGs
[2025-07-05T23:53:25.793+0000] {logging_mixin.py:190} INFO - [2025-07-05T23:53:25.792+0000] {dag.py:4180} INFO - Setting next_dagrun for extract_raw_data_pipeline to 2025-07-05 07:59:00+00:00, run_after=2025-07-06 07:00:00+00:00
[2025-07-05T23:53:26.009+0000] {processor.py:208} INFO - Processing /opt/airflow/dags/driven_data_pipeline.py took 1.374 seconds
[2025-07-05T23:53:56.502+0000] {processor.py:186} INFO - Started process (PID=755) to work on /opt/airflow/dags/driven_data_pipeline.py
[2025-07-05T23:53:56.505+0000] {processor.py:914} INFO - Processing file /opt/airflow/dags/driven_data_pipeline.py for tasks to queue
[2025-07-05T23:53:56.511+0000] {logging_mixin.py:190} INFO - [2025-07-05T23:53:56.510+0000] {dagbag.py:588} INFO - Filling up the DagBag from /opt/airflow/dags/driven_data_pipeline.py
[2025-07-05T23:53:56.934+0000] {processor.py:925} INFO - DAG(s) 'extract_raw_data_pipeline' retrieved from /opt/airflow/dags/driven_data_pipeline.py
[2025-07-05T23:53:56.985+0000] {logging_mixin.py:190} INFO - [2025-07-05T23:53:56.985+0000] {dag.py:3239} INFO - Sync 1 DAGs
[2025-07-05T23:53:57.033+0000] {logging_mixin.py:190} INFO - [2025-07-05T23:53:57.033+0000] {dag.py:4180} INFO - Setting next_dagrun for extract_raw_data_pipeline to 2025-07-05 07:59:00+00:00, run_after=2025-07-06 07:00:00+00:00
[2025-07-05T23:53:57.071+0000] {processor.py:208} INFO - Processing /opt/airflow/dags/driven_data_pipeline.py took 0.583 seconds
[2025-07-05T23:54:27.969+0000] {processor.py:186} INFO - Started process (PID=763) to work on /opt/airflow/dags/driven_data_pipeline.py
[2025-07-05T23:54:27.972+0000] {processor.py:914} INFO - Processing file /opt/airflow/dags/driven_data_pipeline.py for tasks to queue
[2025-07-05T23:54:27.977+0000] {logging_mixin.py:190} INFO - [2025-07-05T23:54:27.976+0000] {dagbag.py:588} INFO - Filling up the DagBag from /opt/airflow/dags/driven_data_pipeline.py
[2025-07-05T23:54:28.390+0000] {processor.py:925} INFO - DAG(s) 'extract_raw_data_pipeline' retrieved from /opt/airflow/dags/driven_data_pipeline.py
[2025-07-05T23:54:28.432+0000] {logging_mixin.py:190} INFO - [2025-07-05T23:54:28.431+0000] {dag.py:3239} INFO - Sync 1 DAGs
[2025-07-05T23:54:28.471+0000] {logging_mixin.py:190} INFO - [2025-07-05T23:54:28.471+0000] {dag.py:4180} INFO - Setting next_dagrun for extract_raw_data_pipeline to 2025-07-05 07:59:00+00:00, run_after=2025-07-06 07:00:00+00:00
[2025-07-05T23:54:28.506+0000] {processor.py:208} INFO - Processing /opt/airflow/dags/driven_data_pipeline.py took 0.555 seconds
[2025-07-05T23:54:58.913+0000] {processor.py:186} INFO - Started process (PID=771) to work on /opt/airflow/dags/driven_data_pipeline.py
[2025-07-05T23:54:58.916+0000] {processor.py:914} INFO - Processing file /opt/airflow/dags/driven_data_pipeline.py for tasks to queue
[2025-07-05T23:54:58.922+0000] {logging_mixin.py:190} INFO - [2025-07-05T23:54:58.921+0000] {dagbag.py:588} INFO - Filling up the DagBag from /opt/airflow/dags/driven_data_pipeline.py
[2025-07-05T23:54:59.244+0000] {processor.py:925} INFO - DAG(s) 'extract_raw_data_pipeline' retrieved from /opt/airflow/dags/driven_data_pipeline.py
[2025-07-05T23:54:59.319+0000] {logging_mixin.py:190} INFO - [2025-07-05T23:54:59.319+0000] {dag.py:3239} INFO - Sync 1 DAGs
[2025-07-05T23:54:59.373+0000] {logging_mixin.py:190} INFO - [2025-07-05T23:54:59.372+0000] {dag.py:4180} INFO - Setting next_dagrun for extract_raw_data_pipeline to 2025-07-05 07:59:00+00:00, run_after=2025-07-06 07:00:00+00:00
[2025-07-05T23:54:59.415+0000] {processor.py:208} INFO - Processing /opt/airflow/dags/driven_data_pipeline.py took 0.518 seconds
[2025-07-05T23:55:29.749+0000] {processor.py:186} INFO - Started process (PID=785) to work on /opt/airflow/dags/driven_data_pipeline.py
[2025-07-05T23:55:29.752+0000] {processor.py:914} INFO - Processing file /opt/airflow/dags/driven_data_pipeline.py for tasks to queue
[2025-07-05T23:55:29.758+0000] {logging_mixin.py:190} INFO - [2025-07-05T23:55:29.757+0000] {dagbag.py:588} INFO - Filling up the DagBag from /opt/airflow/dags/driven_data_pipeline.py
[2025-07-05T23:55:30.097+0000] {processor.py:925} INFO - DAG(s) 'extract_raw_data_pipeline' retrieved from /opt/airflow/dags/driven_data_pipeline.py
[2025-07-05T23:55:30.149+0000] {logging_mixin.py:190} INFO - [2025-07-05T23:55:30.148+0000] {dag.py:3239} INFO - Sync 1 DAGs
[2025-07-05T23:55:30.207+0000] {logging_mixin.py:190} INFO - [2025-07-05T23:55:30.207+0000] {dag.py:4180} INFO - Setting next_dagrun for extract_raw_data_pipeline to 2025-07-05 07:59:00+00:00, run_after=2025-07-06 07:00:00+00:00
[2025-07-05T23:55:30.251+0000] {processor.py:208} INFO - Processing /opt/airflow/dags/driven_data_pipeline.py took 0.515 seconds
[2025-07-05T23:56:00.721+0000] {processor.py:186} INFO - Started process (PID=793) to work on /opt/airflow/dags/driven_data_pipeline.py
[2025-07-05T23:56:00.722+0000] {processor.py:914} INFO - Processing file /opt/airflow/dags/driven_data_pipeline.py for tasks to queue
[2025-07-05T23:56:00.726+0000] {logging_mixin.py:190} INFO - [2025-07-05T23:56:00.726+0000] {dagbag.py:588} INFO - Filling up the DagBag from /opt/airflow/dags/driven_data_pipeline.py
[2025-07-05T23:56:00.967+0000] {processor.py:925} INFO - DAG(s) 'extract_raw_data_pipeline' retrieved from /opt/airflow/dags/driven_data_pipeline.py
[2025-07-05T23:56:01.007+0000] {logging_mixin.py:190} INFO - [2025-07-05T23:56:01.007+0000] {dag.py:3239} INFO - Sync 1 DAGs
[2025-07-05T23:56:01.041+0000] {logging_mixin.py:190} INFO - [2025-07-05T23:56:01.040+0000] {dag.py:4180} INFO - Setting next_dagrun for extract_raw_data_pipeline to 2025-07-05 07:59:00+00:00, run_after=2025-07-06 07:00:00+00:00
[2025-07-05T23:56:01.069+0000] {processor.py:208} INFO - Processing /opt/airflow/dags/driven_data_pipeline.py took 0.358 seconds
[2025-07-05T23:56:31.760+0000] {processor.py:186} INFO - Started process (PID=802) to work on /opt/airflow/dags/driven_data_pipeline.py
[2025-07-05T23:56:31.763+0000] {processor.py:914} INFO - Processing file /opt/airflow/dags/driven_data_pipeline.py for tasks to queue
[2025-07-05T23:56:31.770+0000] {logging_mixin.py:190} INFO - [2025-07-05T23:56:31.769+0000] {dagbag.py:588} INFO - Filling up the DagBag from /opt/airflow/dags/driven_data_pipeline.py
[2025-07-05T23:56:32.250+0000] {processor.py:925} INFO - DAG(s) 'extract_raw_data_pipeline' retrieved from /opt/airflow/dags/driven_data_pipeline.py
[2025-07-05T23:56:32.334+0000] {logging_mixin.py:190} INFO - [2025-07-05T23:56:32.333+0000] {dag.py:3239} INFO - Sync 1 DAGs
[2025-07-05T23:56:32.483+0000] {logging_mixin.py:190} INFO - [2025-07-05T23:56:32.482+0000] {dag.py:4180} INFO - Setting next_dagrun for extract_raw_data_pipeline to 2025-07-05 07:59:00+00:00, run_after=2025-07-06 07:00:00+00:00
[2025-07-05T23:56:32.590+0000] {processor.py:208} INFO - Processing /opt/airflow/dags/driven_data_pipeline.py took 0.847 seconds
