[2025-07-03T19:21:31.625+0000] {processor.py:186} INFO - Started process (PID=71) to work on /opt/airflow/dags/driven_data_pipeline.py
[2025-07-03T19:21:31.685+0000] {processor.py:914} INFO - Processing file /opt/airflow/dags/driven_data_pipeline.py for tasks to queue
[2025-07-03T19:21:31.992+0000] {logging_mixin.py:190} INFO - [2025-07-03T19:21:31.991+0000] {dagbag.py:588} INFO - Filling up the DagBag from /opt/airflow/dags/driven_data_pipeline.py
[2025-07-03T19:21:45.894+0000] {processor.py:925} INFO - DAG(s) 'extract_raw_data_pipeline' retrieved from /opt/airflow/dags/driven_data_pipeline.py
[2025-07-03T19:21:46.167+0000] {logging_mixin.py:190} INFO - [2025-07-03T19:21:46.162+0000] {dag.py:3239} INFO - Sync 1 DAGs
[2025-07-03T19:21:46.290+0000] {logging_mixin.py:190} INFO - [2025-07-03T19:21:46.289+0000] {dag.py:4180} INFO - Setting next_dagrun for extract_raw_data_pipeline to 2025-07-03 07:59:00+00:00, run_after=2025-07-04 07:00:00+00:00
[2025-07-03T19:21:46.357+0000] {processor.py:208} INFO - Processing /opt/airflow/dags/driven_data_pipeline.py took 15.126 seconds
[2025-07-03T19:22:34.550+0000] {processor.py:186} INFO - Started process (PID=111) to work on /opt/airflow/dags/driven_data_pipeline.py
[2025-07-03T19:22:34.989+0000] {processor.py:914} INFO - Processing file /opt/airflow/dags/driven_data_pipeline.py for tasks to queue
[2025-07-03T19:22:36.530+0000] {logging_mixin.py:190} INFO - [2025-07-03T19:22:36.523+0000] {dagbag.py:588} INFO - Filling up the DagBag from /opt/airflow/dags/driven_data_pipeline.py
[2025-07-03T19:22:41.107+0000] {processor.py:925} INFO - DAG(s) 'extract_raw_data_pipeline' retrieved from /opt/airflow/dags/driven_data_pipeline.py
[2025-07-03T19:22:41.383+0000] {logging_mixin.py:190} INFO - [2025-07-03T19:22:41.379+0000] {dag.py:3239} INFO - Sync 1 DAGs
[2025-07-03T19:22:41.552+0000] {logging_mixin.py:190} INFO - [2025-07-03T19:22:41.552+0000] {dag.py:4180} INFO - Setting next_dagrun for extract_raw_data_pipeline to 2025-07-03 07:59:00+00:00, run_after=2025-07-04 07:00:00+00:00
[2025-07-03T19:22:41.680+0000] {processor.py:208} INFO - Processing /opt/airflow/dags/driven_data_pipeline.py took 17.345 seconds
[2025-07-03T19:23:11.914+0000] {processor.py:186} INFO - Started process (PID=124) to work on /opt/airflow/dags/driven_data_pipeline.py
[2025-07-03T19:23:11.916+0000] {processor.py:914} INFO - Processing file /opt/airflow/dags/driven_data_pipeline.py for tasks to queue
[2025-07-03T19:23:11.925+0000] {logging_mixin.py:190} INFO - [2025-07-03T19:23:11.923+0000] {dagbag.py:588} INFO - Filling up the DagBag from /opt/airflow/dags/driven_data_pipeline.py
[2025-07-03T19:23:12.883+0000] {processor.py:925} INFO - DAG(s) 'extract_raw_data_pipeline' retrieved from /opt/airflow/dags/driven_data_pipeline.py
[2025-07-03T19:23:12.921+0000] {logging_mixin.py:190} INFO - [2025-07-03T19:23:12.921+0000] {dag.py:3239} INFO - Sync 1 DAGs
[2025-07-03T19:23:12.967+0000] {logging_mixin.py:190} INFO - [2025-07-03T19:23:12.966+0000] {dag.py:4180} INFO - Setting next_dagrun for extract_raw_data_pipeline to 2025-07-03 07:59:00+00:00, run_after=2025-07-04 07:00:00+00:00
[2025-07-03T19:23:13.002+0000] {processor.py:208} INFO - Processing /opt/airflow/dags/driven_data_pipeline.py took 1.106 seconds
[2025-07-03T19:23:43.524+0000] {processor.py:186} INFO - Started process (PID=132) to work on /opt/airflow/dags/driven_data_pipeline.py
[2025-07-03T19:23:43.526+0000] {processor.py:914} INFO - Processing file /opt/airflow/dags/driven_data_pipeline.py for tasks to queue
[2025-07-03T19:23:43.531+0000] {logging_mixin.py:190} INFO - [2025-07-03T19:23:43.530+0000] {dagbag.py:588} INFO - Filling up the DagBag from /opt/airflow/dags/driven_data_pipeline.py
[2025-07-03T19:23:44.336+0000] {processor.py:925} INFO - DAG(s) 'extract_raw_data_pipeline' retrieved from /opt/airflow/dags/driven_data_pipeline.py
[2025-07-03T19:23:44.375+0000] {logging_mixin.py:190} INFO - [2025-07-03T19:23:44.374+0000] {dag.py:3239} INFO - Sync 1 DAGs
[2025-07-03T19:23:44.415+0000] {logging_mixin.py:190} INFO - [2025-07-03T19:23:44.414+0000] {dag.py:4180} INFO - Setting next_dagrun for extract_raw_data_pipeline to 2025-07-03 07:59:00+00:00, run_after=2025-07-04 07:00:00+00:00
[2025-07-03T19:23:44.447+0000] {processor.py:208} INFO - Processing /opt/airflow/dags/driven_data_pipeline.py took 0.938 seconds
[2025-07-03T19:24:21.922+0000] {processor.py:186} INFO - Started process (PID=139) to work on /opt/airflow/dags/driven_data_pipeline.py
[2025-07-03T19:24:21.933+0000] {processor.py:914} INFO - Processing file /opt/airflow/dags/driven_data_pipeline.py for tasks to queue
[2025-07-03T19:24:23.376+0000] {logging_mixin.py:190} INFO - [2025-07-03T19:24:23.375+0000] {dagbag.py:588} INFO - Filling up the DagBag from /opt/airflow/dags/driven_data_pipeline.py
[2025-07-03T19:24:32.562+0000] {processor.py:925} INFO - DAG(s) 'extract_raw_data_pipeline' retrieved from /opt/airflow/dags/driven_data_pipeline.py
[2025-07-03T19:24:32.631+0000] {logging_mixin.py:190} INFO - [2025-07-03T19:24:32.631+0000] {dag.py:3239} INFO - Sync 1 DAGs
[2025-07-03T19:24:32.715+0000] {logging_mixin.py:190} INFO - [2025-07-03T19:24:32.715+0000] {dag.py:4180} INFO - Setting next_dagrun for extract_raw_data_pipeline to 2025-07-03 07:59:00+00:00, run_after=2025-07-04 07:00:00+00:00
[2025-07-03T19:24:32.825+0000] {processor.py:208} INFO - Processing /opt/airflow/dags/driven_data_pipeline.py took 11.149 seconds
[2025-07-03T19:25:12.587+0000] {processor.py:186} INFO - Started process (PID=147) to work on /opt/airflow/dags/driven_data_pipeline.py
[2025-07-03T19:25:12.591+0000] {processor.py:914} INFO - Processing file /opt/airflow/dags/driven_data_pipeline.py for tasks to queue
[2025-07-03T19:25:12.649+0000] {logging_mixin.py:190} INFO - [2025-07-03T19:25:12.646+0000] {dagbag.py:588} INFO - Filling up the DagBag from /opt/airflow/dags/driven_data_pipeline.py
[2025-07-03T19:25:26.742+0000] {processor.py:925} INFO - DAG(s) 'extract_raw_data_pipeline' retrieved from /opt/airflow/dags/driven_data_pipeline.py
[2025-07-03T19:25:26.819+0000] {logging_mixin.py:190} INFO - [2025-07-03T19:25:26.818+0000] {dag.py:3239} INFO - Sync 1 DAGs
[2025-07-03T19:25:26.907+0000] {logging_mixin.py:190} INFO - [2025-07-03T19:25:26.906+0000] {dag.py:4180} INFO - Setting next_dagrun for extract_raw_data_pipeline to 2025-07-03 07:59:00+00:00, run_after=2025-07-04 07:00:00+00:00
[2025-07-03T19:25:26.956+0000] {processor.py:208} INFO - Processing /opt/airflow/dags/driven_data_pipeline.py took 17.742 seconds
[2025-07-03T19:26:01.583+0000] {processor.py:186} INFO - Started process (PID=159) to work on /opt/airflow/dags/driven_data_pipeline.py
[2025-07-03T19:26:01.589+0000] {processor.py:914} INFO - Processing file /opt/airflow/dags/driven_data_pipeline.py for tasks to queue
[2025-07-03T19:26:01.751+0000] {logging_mixin.py:190} INFO - [2025-07-03T19:26:01.716+0000] {dagbag.py:588} INFO - Filling up the DagBag from /opt/airflow/dags/driven_data_pipeline.py
[2025-07-03T19:26:09.324+0000] {processor.py:925} INFO - DAG(s) 'extract_raw_data_pipeline' retrieved from /opt/airflow/dags/driven_data_pipeline.py
[2025-07-03T19:26:19.022+0000] {logging_mixin.py:190} INFO - [2025-07-03T19:26:19.013+0000] {dag.py:3239} INFO - Sync 1 DAGs
[2025-07-03T19:26:19.079+0000] {logging_mixin.py:190} INFO - [2025-07-03T19:26:19.078+0000] {dag.py:4180} INFO - Setting next_dagrun for extract_raw_data_pipeline to 2025-07-03 07:59:00+00:00, run_after=2025-07-04 07:00:00+00:00
[2025-07-03T19:26:19.142+0000] {processor.py:208} INFO - Processing /opt/airflow/dags/driven_data_pipeline.py took 17.237 seconds
[2025-07-03T19:30:34.694+0000] {processor.py:186} INFO - Started process (PID=167) to work on /opt/airflow/dags/driven_data_pipeline.py
[2025-07-03T19:30:34.970+0000] {processor.py:914} INFO - Processing file /opt/airflow/dags/driven_data_pipeline.py for tasks to queue
[2025-07-03T19:31:05.679+0000] {processor.py:186} INFO - Started process (PID=174) to work on /opt/airflow/dags/driven_data_pipeline.py
[2025-07-03T19:31:05.683+0000] {processor.py:914} INFO - Processing file /opt/airflow/dags/driven_data_pipeline.py for tasks to queue
[2025-07-03T19:31:05.692+0000] {logging_mixin.py:190} INFO - [2025-07-03T19:31:05.688+0000] {dagbag.py:588} INFO - Filling up the DagBag from /opt/airflow/dags/driven_data_pipeline.py
[2025-07-03T19:31:31.540+0000] {processor.py:925} INFO - DAG(s) 'extract_raw_data_pipeline' retrieved from /opt/airflow/dags/driven_data_pipeline.py
[2025-07-03T19:31:32.520+0000] {logging_mixin.py:190} INFO - [2025-07-03T19:31:32.511+0000] {dag.py:3239} INFO - Sync 1 DAGs
[2025-07-03T19:31:32.563+0000] {logging_mixin.py:190} INFO - [2025-07-03T19:31:32.563+0000] {dag.py:4180} INFO - Setting next_dagrun for extract_raw_data_pipeline to 2025-07-03 07:59:00+00:00, run_after=2025-07-04 07:00:00+00:00
[2025-07-03T19:31:32.607+0000] {processor.py:208} INFO - Processing /opt/airflow/dags/driven_data_pipeline.py took 26.474 seconds
[2025-07-03T19:34:19.880+0000] {processor.py:186} INFO - Started process (PID=182) to work on /opt/airflow/dags/driven_data_pipeline.py
[2025-07-03T19:34:19.889+0000] {processor.py:914} INFO - Processing file /opt/airflow/dags/driven_data_pipeline.py for tasks to queue
[2025-07-03T19:34:19.904+0000] {logging_mixin.py:190} INFO - [2025-07-03T19:34:19.894+0000] {dagbag.py:588} INFO - Filling up the DagBag from /opt/airflow/dags/driven_data_pipeline.py
[2025-07-03T19:35:03.333+0000] {logging_mixin.py:190} INFO - [2025-07-03T19:34:51.508+0000] {timeout.py:68} ERROR - Process timed out, PID: 182
[2025-07-03T19:39:01.354+0000] {processor.py:186} INFO - Started process (PID=184) to work on /opt/airflow/dags/driven_data_pipeline.py
[2025-07-03T19:39:01.416+0000] {processor.py:914} INFO - Processing file /opt/airflow/dags/driven_data_pipeline.py for tasks to queue
[2025-07-03T19:39:01.574+0000] {logging_mixin.py:190} INFO - [2025-07-03T19:39:01.468+0000] {dagbag.py:588} INFO - Filling up the DagBag from /opt/airflow/dags/driven_data_pipeline.py
[2025-07-03T19:39:34.954+0000] {logging_mixin.py:190} INFO - [2025-07-03T19:39:34.356+0000] {timeout.py:68} ERROR - Process timed out, PID: 184
[2025-07-03T19:39:37.723+0000] {logging_mixin.py:190} INFO - [2025-07-03T19:39:35.384+0000] {dagbag.py:387} ERROR - Failed to import: /opt/airflow/dags/driven_data_pipeline.py
Traceback (most recent call last):
  File "/home/airflow/.local/lib/python3.12/site-packages/airflow/models/dagbag.py", line 383, in parse
    loader.exec_module(new_module)
  File "<frozen importlib._bootstrap_external>", line 995, in exec_module
  File "<frozen importlib._bootstrap>", line 488, in _call_with_frames_removed
  File "/opt/airflow/dags/driven_data_pipeline.py", line 6, in <module>
    import polars as pl
  File "/home/airflow/.local/lib/python3.12/site-packages/polars/__init__.py", line 15, in <module>
    from polars.polars import __register_startup_deps
  File "/home/airflow/.local/lib/python3.12/site-packages/airflow/utils/timeout.py", line 69, in handle_timeout
    raise AirflowTaskTimeout(self.error_message)
airflow.exceptions.AirflowTaskTimeout: DagBag import timeout for /opt/airflow/dags/driven_data_pipeline.py after 30.0s.
Please take a look at these docs to improve your DAG import time:
* https://airflow.apache.org/docs/apache-airflow/2.10.2/best-practices.html#top-level-python-code
* https://airflow.apache.org/docs/apache-airflow/2.10.2/best-practices.html#reducing-dag-complexity, PID: 184
[2025-07-03T19:39:38.540+0000] {processor.py:927} WARNING - No viable dags retrieved from /opt/airflow/dags/driven_data_pipeline.py
[2025-07-03T19:39:53.434+0000] {processor.py:211} ERROR - Got an exception! Propagating...
Traceback (most recent call last):
  File "/home/airflow/.local/lib/python3.12/site-packages/sqlalchemy/engine/base.py", line 3371, in _wrap_pool_connect
    return fn()
           ^^^^
  File "/home/airflow/.local/lib/python3.12/site-packages/sqlalchemy/pool/base.py", line 327, in connect
    return _ConnectionFairy._checkout(self)
           ^^^^^^^^^^^^^^^^^^^^^^^^^^^^^^^^
  File "/home/airflow/.local/lib/python3.12/site-packages/sqlalchemy/pool/base.py", line 894, in _checkout
    fairy = _ConnectionRecord.checkout(pool)
            ^^^^^^^^^^^^^^^^^^^^^^^^^^^^^^^^
  File "/home/airflow/.local/lib/python3.12/site-packages/sqlalchemy/pool/base.py", line 493, in checkout
    rec = pool._do_get()
          ^^^^^^^^^^^^^^
  File "/home/airflow/.local/lib/python3.12/site-packages/sqlalchemy/pool/impl.py", line 145, in _do_get
    with util.safe_reraise():
         ^^^^^^^^^^^^^^^^^^^
  File "/home/airflow/.local/lib/python3.12/site-packages/sqlalchemy/util/langhelpers.py", line 70, in __exit__
    compat.raise_(
  File "/home/airflow/.local/lib/python3.12/site-packages/sqlalchemy/util/compat.py", line 211, in raise_
    raise exception
  File "/home/airflow/.local/lib/python3.12/site-packages/sqlalchemy/pool/impl.py", line 143, in _do_get
    return self._create_connection()
           ^^^^^^^^^^^^^^^^^^^^^^^^^
  File "/home/airflow/.local/lib/python3.12/site-packages/sqlalchemy/pool/base.py", line 273, in _create_connection
    return _ConnectionRecord(self)
           ^^^^^^^^^^^^^^^^^^^^^^^
  File "/home/airflow/.local/lib/python3.12/site-packages/sqlalchemy/pool/base.py", line 388, in __init__
    self.__connect()
  File "/home/airflow/.local/lib/python3.12/site-packages/sqlalchemy/pool/base.py", line 690, in __connect
    with util.safe_reraise():
         ^^^^^^^^^^^^^^^^^^^
  File "/home/airflow/.local/lib/python3.12/site-packages/sqlalchemy/util/langhelpers.py", line 70, in __exit__
    compat.raise_(
  File "/home/airflow/.local/lib/python3.12/site-packages/sqlalchemy/util/compat.py", line 211, in raise_
    raise exception
  File "/home/airflow/.local/lib/python3.12/site-packages/sqlalchemy/pool/base.py", line 686, in __connect
    self.dbapi_connection = connection = pool._invoke_creator(self)
                                         ^^^^^^^^^^^^^^^^^^^^^^^^^^
  File "/home/airflow/.local/lib/python3.12/site-packages/sqlalchemy/engine/create.py", line 574, in connect
    return dialect.connect(*cargs, **cparams)
           ^^^^^^^^^^^^^^^^^^^^^^^^^^^^^^^^^^
  File "/home/airflow/.local/lib/python3.12/site-packages/sqlalchemy/engine/default.py", line 598, in connect
    return self.dbapi.connect(*cargs, **cparams)
           ^^^^^^^^^^^^^^^^^^^^^^^^^^^^^^^^^^^^^
  File "/home/airflow/.local/lib/python3.12/site-packages/psycopg2/__init__.py", line 122, in connect
    conn = _connect(dsn, connection_factory=connection_factory, **kwasync)
           ^^^^^^^^^^^^^^^^^^^^^^^^^^^^^^^^^^^^^^^^^^^^^^^^^^^^^^^^^^^^^^^
psycopg2.OperationalError: could not translate host name "postgres" to address: Temporary failure in name resolution


The above exception was the direct cause of the following exception:

Traceback (most recent call last):
  File "/home/airflow/.local/lib/python3.12/site-packages/airflow/dag_processing/processor.py", line 207, in _run_file_processor
    _handle_dag_file_processing()
  File "/home/airflow/.local/lib/python3.12/site-packages/airflow/dag_processing/processor.py", line 188, in _handle_dag_file_processing
    result: tuple[int, int, int] = dag_file_processor.process_file(
                                   ^^^^^^^^^^^^^^^^^^^^^^^^^^^^^^^^
  File "/home/airflow/.local/lib/python3.12/site-packages/airflow/utils/session.py", line 97, in wrapper
    return func(*args, session=session, **kwargs)
           ^^^^^^^^^^^^^^^^^^^^^^^^^^^^^^^^^^^^^^
  File "/home/airflow/.local/lib/python3.12/site-packages/airflow/dag_processing/processor.py", line 928, in process_file
    DagFileProcessor.update_import_errors(
  File "/home/airflow/.local/lib/python3.12/site-packages/airflow/api_internal/internal_api_call.py", line 139, in wrapper
    return func(*args, **kwargs)
           ^^^^^^^^^^^^^^^^^^^^^
  File "/home/airflow/.local/lib/python3.12/site-packages/airflow/utils/session.py", line 97, in wrapper
    return func(*args, session=session, **kwargs)
           ^^^^^^^^^^^^^^^^^^^^^^^^^^^^^^^^^^^^^^
  File "/home/airflow/.local/lib/python3.12/site-packages/airflow/dag_processing/processor.py", line 648, in update_import_errors
    existing_import_error_files = [x.filename for x in session.query(ParseImportError.filename).all()]
                                                       ^^^^^^^^^^^^^^^^^^^^^^^^^^^^^^^^^^^^^^^^^^^^^^
  File "/home/airflow/.local/lib/python3.12/site-packages/sqlalchemy/orm/query.py", line 2773, in all
    return self._iter().all()
           ^^^^^^^^^^^^
  File "/home/airflow/.local/lib/python3.12/site-packages/sqlalchemy/orm/query.py", line 2916, in _iter
    result = self.session.execute(
             ^^^^^^^^^^^^^^^^^^^^^
  File "/home/airflow/.local/lib/python3.12/site-packages/sqlalchemy/orm/session.py", line 1716, in execute
    conn = self._connection_for_bind(bind)
           ^^^^^^^^^^^^^^^^^^^^^^^^^^^^^^^
  File "/home/airflow/.local/lib/python3.12/site-packages/sqlalchemy/orm/session.py", line 1555, in _connection_for_bind
    return self._transaction._connection_for_bind(
           ^^^^^^^^^^^^^^^^^^^^^^^^^^^^^^^^^^^^^^^
  File "/home/airflow/.local/lib/python3.12/site-packages/sqlalchemy/orm/session.py", line 750, in _connection_for_bind
    conn = bind.connect()
           ^^^^^^^^^^^^^^
  File "/home/airflow/.local/lib/python3.12/site-packages/sqlalchemy/future/engine.py", line 412, in connect
    return super(Engine, self).connect()
           ^^^^^^^^^^^^^^^^^^^^^^^^^^^^^
  File "/home/airflow/.local/lib/python3.12/site-packages/sqlalchemy/engine/base.py", line 3325, in connect
    return self._connection_cls(self, close_with_result=close_with_result)
           ^^^^^^^^^^^^^^^^^^^^^^^^^^^^^^^^^^^^^^^^^^^^^^^^^^^^^^^^^^^^^^^
  File "/home/airflow/.local/lib/python3.12/site-packages/sqlalchemy/engine/base.py", line 96, in __init__
    else engine.raw_connection()
         ^^^^^^^^^^^^^^^^^^^^^^^
  File "/home/airflow/.local/lib/python3.12/site-packages/sqlalchemy/engine/base.py", line 3404, in raw_connection
    return self._wrap_pool_connect(self.pool.connect, _connection)
           ^^^^^^^^^^^^^^^^^^^^^^^^^^^^^^^^^^^^^^^^^^^^^^^^^^^^^^^
  File "/home/airflow/.local/lib/python3.12/site-packages/sqlalchemy/engine/base.py", line 3374, in _wrap_pool_connect
    Connection._handle_dbapi_exception_noconnection(
  File "/home/airflow/.local/lib/python3.12/site-packages/sqlalchemy/engine/base.py", line 2208, in _handle_dbapi_exception_noconnection
    util.raise_(
  File "/home/airflow/.local/lib/python3.12/site-packages/sqlalchemy/util/compat.py", line 211, in raise_
    raise exception
  File "/home/airflow/.local/lib/python3.12/site-packages/sqlalchemy/engine/base.py", line 3371, in _wrap_pool_connect
    return fn()
           ^^^^
  File "/home/airflow/.local/lib/python3.12/site-packages/sqlalchemy/pool/base.py", line 327, in connect
    return _ConnectionFairy._checkout(self)
           ^^^^^^^^^^^^^^^^^^^^^^^^^^^^^^^^
  File "/home/airflow/.local/lib/python3.12/site-packages/sqlalchemy/pool/base.py", line 894, in _checkout
    fairy = _ConnectionRecord.checkout(pool)
            ^^^^^^^^^^^^^^^^^^^^^^^^^^^^^^^^
  File "/home/airflow/.local/lib/python3.12/site-packages/sqlalchemy/pool/base.py", line 493, in checkout
    rec = pool._do_get()
          ^^^^^^^^^^^^^^
  File "/home/airflow/.local/lib/python3.12/site-packages/sqlalchemy/pool/impl.py", line 145, in _do_get
    with util.safe_reraise():
         ^^^^^^^^^^^^^^^^^^^
  File "/home/airflow/.local/lib/python3.12/site-packages/sqlalchemy/util/langhelpers.py", line 70, in __exit__
    compat.raise_(
  File "/home/airflow/.local/lib/python3.12/site-packages/sqlalchemy/util/compat.py", line 211, in raise_
    raise exception
  File "/home/airflow/.local/lib/python3.12/site-packages/sqlalchemy/pool/impl.py", line 143, in _do_get
    return self._create_connection()
           ^^^^^^^^^^^^^^^^^^^^^^^^^
  File "/home/airflow/.local/lib/python3.12/site-packages/sqlalchemy/pool/base.py", line 273, in _create_connection
    return _ConnectionRecord(self)
           ^^^^^^^^^^^^^^^^^^^^^^^
  File "/home/airflow/.local/lib/python3.12/site-packages/sqlalchemy/pool/base.py", line 388, in __init__
    self.__connect()
  File "/home/airflow/.local/lib/python3.12/site-packages/sqlalchemy/pool/base.py", line 690, in __connect
    with util.safe_reraise():
         ^^^^^^^^^^^^^^^^^^^
  File "/home/airflow/.local/lib/python3.12/site-packages/sqlalchemy/util/langhelpers.py", line 70, in __exit__
    compat.raise_(
  File "/home/airflow/.local/lib/python3.12/site-packages/sqlalchemy/util/compat.py", line 211, in raise_
    raise exception
  File "/home/airflow/.local/lib/python3.12/site-packages/sqlalchemy/pool/base.py", line 686, in __connect
    self.dbapi_connection = connection = pool._invoke_creator(self)
                                         ^^^^^^^^^^^^^^^^^^^^^^^^^^
  File "/home/airflow/.local/lib/python3.12/site-packages/sqlalchemy/engine/create.py", line 574, in connect
    return dialect.connect(*cargs, **cparams)
           ^^^^^^^^^^^^^^^^^^^^^^^^^^^^^^^^^^
  File "/home/airflow/.local/lib/python3.12/site-packages/sqlalchemy/engine/default.py", line 598, in connect
    return self.dbapi.connect(*cargs, **cparams)
           ^^^^^^^^^^^^^^^^^^^^^^^^^^^^^^^^^^^^^
  File "/home/airflow/.local/lib/python3.12/site-packages/psycopg2/__init__.py", line 122, in connect
    conn = _connect(dsn, connection_factory=connection_factory, **kwasync)
           ^^^^^^^^^^^^^^^^^^^^^^^^^^^^^^^^^^^^^^^^^^^^^^^^^^^^^^^^^^^^^^^
sqlalchemy.exc.OperationalError: (psycopg2.OperationalError) could not translate host name "postgres" to address: Temporary failure in name resolution

(Background on this error at: https://sqlalche.me/e/14/e3q8)
[2025-07-03T19:42:23.846+0000] {processor.py:186} INFO - Started process (PID=192) to work on /opt/airflow/dags/driven_data_pipeline.py
[2025-07-03T19:42:23.847+0000] {processor.py:914} INFO - Processing file /opt/airflow/dags/driven_data_pipeline.py for tasks to queue
[2025-07-03T19:42:23.850+0000] {logging_mixin.py:190} INFO - [2025-07-03T19:42:23.849+0000] {dagbag.py:588} INFO - Filling up the DagBag from /opt/airflow/dags/driven_data_pipeline.py
[2025-07-03T19:42:24.822+0000] {processor.py:925} INFO - DAG(s) 'extract_raw_data_pipeline' retrieved from /opt/airflow/dags/driven_data_pipeline.py
[2025-07-03T19:42:25.289+0000] {logging_mixin.py:190} INFO - [2025-07-03T19:42:25.289+0000] {dag.py:3239} INFO - Sync 1 DAGs
[2025-07-03T19:42:25.354+0000] {logging_mixin.py:190} INFO - [2025-07-03T19:42:25.354+0000] {dag.py:4180} INFO - Setting next_dagrun for extract_raw_data_pipeline to 2025-07-03 07:59:00+00:00, run_after=2025-07-04 07:00:00+00:00
[2025-07-03T19:42:25.405+0000] {processor.py:208} INFO - Processing /opt/airflow/dags/driven_data_pipeline.py took 1.570 seconds
[2025-07-03T19:42:58.448+0000] {processor.py:186} INFO - Started process (PID=200) to work on /opt/airflow/dags/driven_data_pipeline.py
[2025-07-03T19:42:58.450+0000] {processor.py:914} INFO - Processing file /opt/airflow/dags/driven_data_pipeline.py for tasks to queue
[2025-07-03T19:42:58.453+0000] {logging_mixin.py:190} INFO - [2025-07-03T19:42:58.452+0000] {dagbag.py:588} INFO - Filling up the DagBag from /opt/airflow/dags/driven_data_pipeline.py
[2025-07-03T19:43:04.635+0000] {processor.py:925} INFO - DAG(s) 'extract_raw_data_pipeline' retrieved from /opt/airflow/dags/driven_data_pipeline.py
[2025-07-03T19:43:04.774+0000] {logging_mixin.py:190} INFO - [2025-07-03T19:43:04.774+0000] {dag.py:3239} INFO - Sync 1 DAGs
[2025-07-03T19:43:04.813+0000] {logging_mixin.py:190} INFO - [2025-07-03T19:43:04.813+0000] {dag.py:4180} INFO - Setting next_dagrun for extract_raw_data_pipeline to 2025-07-03 07:59:00+00:00, run_after=2025-07-04 07:00:00+00:00
[2025-07-03T19:43:04.846+0000] {processor.py:208} INFO - Processing /opt/airflow/dags/driven_data_pipeline.py took 7.395 seconds
[2025-07-03T19:43:35.387+0000] {processor.py:186} INFO - Started process (PID=208) to work on /opt/airflow/dags/driven_data_pipeline.py
[2025-07-03T19:43:35.388+0000] {processor.py:914} INFO - Processing file /opt/airflow/dags/driven_data_pipeline.py for tasks to queue
[2025-07-03T19:43:35.390+0000] {logging_mixin.py:190} INFO - [2025-07-03T19:43:35.389+0000] {dagbag.py:588} INFO - Filling up the DagBag from /opt/airflow/dags/driven_data_pipeline.py
[2025-07-03T19:43:36.103+0000] {processor.py:925} INFO - DAG(s) 'extract_raw_data_pipeline' retrieved from /opt/airflow/dags/driven_data_pipeline.py
[2025-07-03T19:43:36.204+0000] {logging_mixin.py:190} INFO - [2025-07-03T19:43:36.204+0000] {dag.py:3239} INFO - Sync 1 DAGs
[2025-07-03T19:43:36.245+0000] {logging_mixin.py:190} INFO - [2025-07-03T19:43:36.245+0000] {dag.py:4180} INFO - Setting next_dagrun for extract_raw_data_pipeline to 2025-07-03 07:59:00+00:00, run_after=2025-07-04 07:00:00+00:00
[2025-07-03T19:43:36.277+0000] {processor.py:208} INFO - Processing /opt/airflow/dags/driven_data_pipeline.py took 0.899 seconds
[2025-07-03T19:44:07.398+0000] {processor.py:186} INFO - Started process (PID=216) to work on /opt/airflow/dags/driven_data_pipeline.py
[2025-07-03T19:44:07.399+0000] {processor.py:914} INFO - Processing file /opt/airflow/dags/driven_data_pipeline.py for tasks to queue
[2025-07-03T19:44:07.402+0000] {logging_mixin.py:190} INFO - [2025-07-03T19:44:07.400+0000] {dagbag.py:588} INFO - Filling up the DagBag from /opt/airflow/dags/driven_data_pipeline.py
[2025-07-03T19:44:08.104+0000] {processor.py:925} INFO - DAG(s) 'extract_raw_data_pipeline' retrieved from /opt/airflow/dags/driven_data_pipeline.py
[2025-07-03T19:44:08.171+0000] {logging_mixin.py:190} INFO - [2025-07-03T19:44:08.171+0000] {dag.py:3239} INFO - Sync 1 DAGs
[2025-07-03T19:44:08.203+0000] {logging_mixin.py:190} INFO - [2025-07-03T19:44:08.203+0000] {dag.py:4180} INFO - Setting next_dagrun for extract_raw_data_pipeline to 2025-07-03 07:59:00+00:00, run_after=2025-07-04 07:00:00+00:00
[2025-07-03T19:44:08.227+0000] {processor.py:208} INFO - Processing /opt/airflow/dags/driven_data_pipeline.py took 0.842 seconds
[2025-07-03T19:44:38.307+0000] {processor.py:186} INFO - Started process (PID=225) to work on /opt/airflow/dags/driven_data_pipeline.py
[2025-07-03T19:44:38.309+0000] {processor.py:914} INFO - Processing file /opt/airflow/dags/driven_data_pipeline.py for tasks to queue
[2025-07-03T19:44:38.312+0000] {logging_mixin.py:190} INFO - [2025-07-03T19:44:38.311+0000] {dagbag.py:588} INFO - Filling up the DagBag from /opt/airflow/dags/driven_data_pipeline.py
[2025-07-03T19:44:39.039+0000] {processor.py:925} INFO - DAG(s) 'extract_raw_data_pipeline' retrieved from /opt/airflow/dags/driven_data_pipeline.py
[2025-07-03T19:44:39.104+0000] {logging_mixin.py:190} INFO - [2025-07-03T19:44:39.104+0000] {dag.py:3239} INFO - Sync 1 DAGs
[2025-07-03T19:44:39.137+0000] {logging_mixin.py:190} INFO - [2025-07-03T19:44:39.137+0000] {dag.py:4180} INFO - Setting next_dagrun for extract_raw_data_pipeline to 2025-07-03 07:59:00+00:00, run_after=2025-07-04 07:00:00+00:00
[2025-07-03T19:44:39.163+0000] {processor.py:208} INFO - Processing /opt/airflow/dags/driven_data_pipeline.py took 0.869 seconds
[2025-07-03T19:45:09.707+0000] {processor.py:186} INFO - Started process (PID=233) to work on /opt/airflow/dags/driven_data_pipeline.py
[2025-07-03T19:45:09.709+0000] {processor.py:914} INFO - Processing file /opt/airflow/dags/driven_data_pipeline.py for tasks to queue
[2025-07-03T19:45:09.713+0000] {logging_mixin.py:190} INFO - [2025-07-03T19:45:09.711+0000] {dagbag.py:588} INFO - Filling up the DagBag from /opt/airflow/dags/driven_data_pipeline.py
[2025-07-03T19:45:10.429+0000] {processor.py:925} INFO - DAG(s) 'extract_raw_data_pipeline' retrieved from /opt/airflow/dags/driven_data_pipeline.py
[2025-07-03T19:45:10.490+0000] {logging_mixin.py:190} INFO - [2025-07-03T19:45:10.490+0000] {dag.py:3239} INFO - Sync 1 DAGs
[2025-07-03T19:45:10.548+0000] {logging_mixin.py:190} INFO - [2025-07-03T19:45:10.548+0000] {dag.py:4180} INFO - Setting next_dagrun for extract_raw_data_pipeline to 2025-07-03 07:59:00+00:00, run_after=2025-07-04 07:00:00+00:00
[2025-07-03T19:45:10.569+0000] {processor.py:208} INFO - Processing /opt/airflow/dags/driven_data_pipeline.py took 0.876 seconds
[2025-07-03T19:45:41.361+0000] {processor.py:186} INFO - Started process (PID=241) to work on /opt/airflow/dags/driven_data_pipeline.py
[2025-07-03T19:45:41.376+0000] {processor.py:914} INFO - Processing file /opt/airflow/dags/driven_data_pipeline.py for tasks to queue
[2025-07-03T19:45:41.384+0000] {logging_mixin.py:190} INFO - [2025-07-03T19:45:41.379+0000] {dagbag.py:588} INFO - Filling up the DagBag from /opt/airflow/dags/driven_data_pipeline.py
[2025-07-03T19:45:43.177+0000] {processor.py:925} INFO - DAG(s) 'extract_raw_data_pipeline' retrieved from /opt/airflow/dags/driven_data_pipeline.py
[2025-07-03T19:45:43.347+0000] {logging_mixin.py:190} INFO - [2025-07-03T19:45:43.345+0000] {dag.py:3239} INFO - Sync 1 DAGs
[2025-07-03T19:45:43.401+0000] {logging_mixin.py:190} INFO - [2025-07-03T19:45:43.400+0000] {dag.py:4180} INFO - Setting next_dagrun for extract_raw_data_pipeline to 2025-07-03 07:59:00+00:00, run_after=2025-07-04 07:00:00+00:00
[2025-07-03T19:45:43.439+0000] {processor.py:208} INFO - Processing /opt/airflow/dags/driven_data_pipeline.py took 2.127 seconds
[2025-07-03T19:46:13.820+0000] {processor.py:186} INFO - Started process (PID=249) to work on /opt/airflow/dags/driven_data_pipeline.py
[2025-07-03T19:46:13.823+0000] {processor.py:914} INFO - Processing file /opt/airflow/dags/driven_data_pipeline.py for tasks to queue
[2025-07-03T19:46:13.829+0000] {logging_mixin.py:190} INFO - [2025-07-03T19:46:13.827+0000] {dagbag.py:588} INFO - Filling up the DagBag from /opt/airflow/dags/driven_data_pipeline.py
[2025-07-03T19:46:14.476+0000] {processor.py:925} INFO - DAG(s) 'extract_raw_data_pipeline' retrieved from /opt/airflow/dags/driven_data_pipeline.py
[2025-07-03T19:46:14.532+0000] {logging_mixin.py:190} INFO - [2025-07-03T19:46:14.532+0000] {dag.py:3239} INFO - Sync 1 DAGs
[2025-07-03T19:46:14.562+0000] {logging_mixin.py:190} INFO - [2025-07-03T19:46:14.561+0000] {dag.py:4180} INFO - Setting next_dagrun for extract_raw_data_pipeline to 2025-07-03 07:59:00+00:00, run_after=2025-07-04 07:00:00+00:00
[2025-07-03T19:46:14.587+0000] {processor.py:208} INFO - Processing /opt/airflow/dags/driven_data_pipeline.py took 0.784 seconds
[2025-07-03T19:46:45.175+0000] {processor.py:186} INFO - Started process (PID=258) to work on /opt/airflow/dags/driven_data_pipeline.py
[2025-07-03T19:46:45.177+0000] {processor.py:914} INFO - Processing file /opt/airflow/dags/driven_data_pipeline.py for tasks to queue
[2025-07-03T19:46:45.179+0000] {logging_mixin.py:190} INFO - [2025-07-03T19:46:45.178+0000] {dagbag.py:588} INFO - Filling up the DagBag from /opt/airflow/dags/driven_data_pipeline.py
[2025-07-03T19:46:45.842+0000] {processor.py:925} INFO - DAG(s) 'extract_raw_data_pipeline' retrieved from /opt/airflow/dags/driven_data_pipeline.py
[2025-07-03T19:46:45.901+0000] {logging_mixin.py:190} INFO - [2025-07-03T19:46:45.901+0000] {dag.py:3239} INFO - Sync 1 DAGs
[2025-07-03T19:46:45.930+0000] {logging_mixin.py:190} INFO - [2025-07-03T19:46:45.930+0000] {dag.py:4180} INFO - Setting next_dagrun for extract_raw_data_pipeline to 2025-07-03 07:59:00+00:00, run_after=2025-07-04 07:00:00+00:00
[2025-07-03T19:46:45.954+0000] {processor.py:208} INFO - Processing /opt/airflow/dags/driven_data_pipeline.py took 0.789 seconds
[2025-07-03T19:47:16.493+0000] {processor.py:186} INFO - Started process (PID=266) to work on /opt/airflow/dags/driven_data_pipeline.py
[2025-07-03T19:47:16.495+0000] {processor.py:914} INFO - Processing file /opt/airflow/dags/driven_data_pipeline.py for tasks to queue
[2025-07-03T19:47:16.498+0000] {logging_mixin.py:190} INFO - [2025-07-03T19:47:16.496+0000] {dagbag.py:588} INFO - Filling up the DagBag from /opt/airflow/dags/driven_data_pipeline.py
[2025-07-03T19:47:17.282+0000] {processor.py:925} INFO - DAG(s) 'extract_raw_data_pipeline' retrieved from /opt/airflow/dags/driven_data_pipeline.py
[2025-07-03T19:47:17.351+0000] {logging_mixin.py:190} INFO - [2025-07-03T19:47:17.350+0000] {dag.py:3239} INFO - Sync 1 DAGs
[2025-07-03T19:47:17.383+0000] {logging_mixin.py:190} INFO - [2025-07-03T19:47:17.383+0000] {dag.py:4180} INFO - Setting next_dagrun for extract_raw_data_pipeline to 2025-07-03 07:59:00+00:00, run_after=2025-07-04 07:00:00+00:00
[2025-07-03T19:47:17.411+0000] {processor.py:208} INFO - Processing /opt/airflow/dags/driven_data_pipeline.py took 0.935 seconds
[2025-07-03T19:47:48.200+0000] {processor.py:186} INFO - Started process (PID=274) to work on /opt/airflow/dags/driven_data_pipeline.py
[2025-07-03T19:47:48.202+0000] {processor.py:914} INFO - Processing file /opt/airflow/dags/driven_data_pipeline.py for tasks to queue
[2025-07-03T19:47:48.206+0000] {logging_mixin.py:190} INFO - [2025-07-03T19:47:48.204+0000] {dagbag.py:588} INFO - Filling up the DagBag from /opt/airflow/dags/driven_data_pipeline.py
[2025-07-03T19:47:48.897+0000] {processor.py:925} INFO - DAG(s) 'extract_raw_data_pipeline' retrieved from /opt/airflow/dags/driven_data_pipeline.py
[2025-07-03T19:47:48.973+0000] {logging_mixin.py:190} INFO - [2025-07-03T19:47:48.973+0000] {dag.py:3239} INFO - Sync 1 DAGs
[2025-07-03T19:47:49.006+0000] {logging_mixin.py:190} INFO - [2025-07-03T19:47:49.006+0000] {dag.py:4180} INFO - Setting next_dagrun for extract_raw_data_pipeline to 2025-07-03 07:59:00+00:00, run_after=2025-07-04 07:00:00+00:00
[2025-07-03T19:47:49.031+0000] {processor.py:208} INFO - Processing /opt/airflow/dags/driven_data_pipeline.py took 0.845 seconds
[2025-07-03T19:48:19.684+0000] {processor.py:186} INFO - Started process (PID=282) to work on /opt/airflow/dags/driven_data_pipeline.py
[2025-07-03T19:48:19.687+0000] {processor.py:914} INFO - Processing file /opt/airflow/dags/driven_data_pipeline.py for tasks to queue
[2025-07-03T19:48:19.690+0000] {logging_mixin.py:190} INFO - [2025-07-03T19:48:19.688+0000] {dagbag.py:588} INFO - Filling up the DagBag from /opt/airflow/dags/driven_data_pipeline.py
[2025-07-03T19:48:20.336+0000] {processor.py:925} INFO - DAG(s) 'extract_raw_data_pipeline' retrieved from /opt/airflow/dags/driven_data_pipeline.py
[2025-07-03T19:48:20.413+0000] {logging_mixin.py:190} INFO - [2025-07-03T19:48:20.413+0000] {dag.py:3239} INFO - Sync 1 DAGs
[2025-07-03T19:48:20.441+0000] {logging_mixin.py:190} INFO - [2025-07-03T19:48:20.441+0000] {dag.py:4180} INFO - Setting next_dagrun for extract_raw_data_pipeline to 2025-07-03 07:59:00+00:00, run_after=2025-07-04 07:00:00+00:00
[2025-07-03T19:48:20.465+0000] {processor.py:208} INFO - Processing /opt/airflow/dags/driven_data_pipeline.py took 0.795 seconds
[2025-07-03T19:48:51.014+0000] {processor.py:186} INFO - Started process (PID=290) to work on /opt/airflow/dags/driven_data_pipeline.py
[2025-07-03T19:48:51.059+0000] {processor.py:914} INFO - Processing file /opt/airflow/dags/driven_data_pipeline.py for tasks to queue
[2025-07-03T19:48:51.098+0000] {logging_mixin.py:190} INFO - [2025-07-03T19:48:51.083+0000] {dagbag.py:588} INFO - Filling up the DagBag from /opt/airflow/dags/driven_data_pipeline.py
[2025-07-03T19:49:01.361+0000] {processor.py:925} INFO - DAG(s) 'extract_raw_data_pipeline' retrieved from /opt/airflow/dags/driven_data_pipeline.py
[2025-07-03T19:49:01.491+0000] {logging_mixin.py:190} INFO - [2025-07-03T19:49:01.486+0000] {dag.py:3239} INFO - Sync 1 DAGs
[2025-07-03T19:49:01.555+0000] {logging_mixin.py:190} INFO - [2025-07-03T19:49:01.555+0000] {dag.py:4180} INFO - Setting next_dagrun for extract_raw_data_pipeline to 2025-07-03 07:59:00+00:00, run_after=2025-07-04 07:00:00+00:00
[2025-07-03T19:49:01.598+0000] {processor.py:208} INFO - Processing /opt/airflow/dags/driven_data_pipeline.py took 10.407 seconds
[2025-07-03T19:49:32.219+0000] {processor.py:186} INFO - Started process (PID=304) to work on /opt/airflow/dags/driven_data_pipeline.py
[2025-07-03T19:49:32.221+0000] {processor.py:914} INFO - Processing file /opt/airflow/dags/driven_data_pipeline.py for tasks to queue
[2025-07-03T19:49:32.222+0000] {logging_mixin.py:190} INFO - [2025-07-03T19:49:32.222+0000] {dagbag.py:588} INFO - Filling up the DagBag from /opt/airflow/dags/driven_data_pipeline.py
[2025-07-03T19:49:32.802+0000] {processor.py:925} INFO - DAG(s) 'extract_raw_data_pipeline' retrieved from /opt/airflow/dags/driven_data_pipeline.py
[2025-07-03T19:49:32.859+0000] {logging_mixin.py:190} INFO - [2025-07-03T19:49:32.859+0000] {dag.py:3239} INFO - Sync 1 DAGs
[2025-07-03T19:49:32.887+0000] {logging_mixin.py:190} INFO - [2025-07-03T19:49:32.886+0000] {dag.py:4180} INFO - Setting next_dagrun for extract_raw_data_pipeline to 2025-07-03 07:59:00+00:00, run_after=2025-07-04 07:00:00+00:00
[2025-07-03T19:49:32.919+0000] {processor.py:208} INFO - Processing /opt/airflow/dags/driven_data_pipeline.py took 0.712 seconds
[2025-07-03T19:50:03.234+0000] {processor.py:186} INFO - Started process (PID=312) to work on /opt/airflow/dags/driven_data_pipeline.py
[2025-07-03T19:50:03.236+0000] {processor.py:914} INFO - Processing file /opt/airflow/dags/driven_data_pipeline.py for tasks to queue
[2025-07-03T19:50:03.239+0000] {logging_mixin.py:190} INFO - [2025-07-03T19:50:03.238+0000] {dagbag.py:588} INFO - Filling up the DagBag from /opt/airflow/dags/driven_data_pipeline.py
[2025-07-03T19:50:03.949+0000] {processor.py:925} INFO - DAG(s) 'extract_raw_data_pipeline' retrieved from /opt/airflow/dags/driven_data_pipeline.py
[2025-07-03T19:50:04.014+0000] {logging_mixin.py:190} INFO - [2025-07-03T19:50:04.013+0000] {dag.py:3239} INFO - Sync 1 DAGs
[2025-07-03T19:50:04.055+0000] {logging_mixin.py:190} INFO - [2025-07-03T19:50:04.054+0000] {dag.py:4180} INFO - Setting next_dagrun for extract_raw_data_pipeline to 2025-07-03 07:59:00+00:00, run_after=2025-07-04 07:00:00+00:00
[2025-07-03T19:50:04.089+0000] {processor.py:208} INFO - Processing /opt/airflow/dags/driven_data_pipeline.py took 0.868 seconds
[2025-07-03T19:50:34.761+0000] {processor.py:186} INFO - Started process (PID=320) to work on /opt/airflow/dags/driven_data_pipeline.py
[2025-07-03T19:50:34.764+0000] {processor.py:914} INFO - Processing file /opt/airflow/dags/driven_data_pipeline.py for tasks to queue
[2025-07-03T19:50:34.769+0000] {logging_mixin.py:190} INFO - [2025-07-03T19:50:34.767+0000] {dagbag.py:588} INFO - Filling up the DagBag from /opt/airflow/dags/driven_data_pipeline.py
[2025-07-03T19:50:35.513+0000] {processor.py:925} INFO - DAG(s) 'extract_raw_data_pipeline' retrieved from /opt/airflow/dags/driven_data_pipeline.py
[2025-07-03T19:50:35.565+0000] {logging_mixin.py:190} INFO - [2025-07-03T19:50:35.565+0000] {dag.py:3239} INFO - Sync 1 DAGs
[2025-07-03T19:50:35.595+0000] {logging_mixin.py:190} INFO - [2025-07-03T19:50:35.595+0000] {dag.py:4180} INFO - Setting next_dagrun for extract_raw_data_pipeline to 2025-07-03 07:59:00+00:00, run_after=2025-07-04 07:00:00+00:00
[2025-07-03T19:50:35.619+0000] {processor.py:208} INFO - Processing /opt/airflow/dags/driven_data_pipeline.py took 0.875 seconds
[2025-07-03T19:51:06.285+0000] {processor.py:186} INFO - Started process (PID=328) to work on /opt/airflow/dags/driven_data_pipeline.py
[2025-07-03T19:51:06.288+0000] {processor.py:914} INFO - Processing file /opt/airflow/dags/driven_data_pipeline.py for tasks to queue
[2025-07-03T19:51:06.291+0000] {logging_mixin.py:190} INFO - [2025-07-03T19:51:06.290+0000] {dagbag.py:588} INFO - Filling up the DagBag from /opt/airflow/dags/driven_data_pipeline.py
[2025-07-03T19:51:07.183+0000] {processor.py:925} INFO - DAG(s) 'extract_raw_data_pipeline' retrieved from /opt/airflow/dags/driven_data_pipeline.py
[2025-07-03T19:51:07.258+0000] {logging_mixin.py:190} INFO - [2025-07-03T19:51:07.257+0000] {dag.py:3239} INFO - Sync 1 DAGs
[2025-07-03T19:51:07.315+0000] {logging_mixin.py:190} INFO - [2025-07-03T19:51:07.315+0000] {dag.py:4180} INFO - Setting next_dagrun for extract_raw_data_pipeline to 2025-07-03 07:59:00+00:00, run_after=2025-07-04 07:00:00+00:00
[2025-07-03T19:51:07.349+0000] {processor.py:208} INFO - Processing /opt/airflow/dags/driven_data_pipeline.py took 1.080 seconds
[2025-07-03T19:51:38.132+0000] {processor.py:186} INFO - Started process (PID=336) to work on /opt/airflow/dags/driven_data_pipeline.py
[2025-07-03T19:51:38.133+0000] {processor.py:914} INFO - Processing file /opt/airflow/dags/driven_data_pipeline.py for tasks to queue
[2025-07-03T19:51:38.136+0000] {logging_mixin.py:190} INFO - [2025-07-03T19:51:38.135+0000] {dagbag.py:588} INFO - Filling up the DagBag from /opt/airflow/dags/driven_data_pipeline.py
[2025-07-03T19:51:38.672+0000] {processor.py:925} INFO - DAG(s) 'extract_raw_data_pipeline' retrieved from /opt/airflow/dags/driven_data_pipeline.py
[2025-07-03T19:51:38.739+0000] {logging_mixin.py:190} INFO - [2025-07-03T19:51:38.738+0000] {dag.py:3239} INFO - Sync 1 DAGs
[2025-07-03T19:51:38.768+0000] {logging_mixin.py:190} INFO - [2025-07-03T19:51:38.768+0000] {dag.py:4180} INFO - Setting next_dagrun for extract_raw_data_pipeline to 2025-07-03 07:59:00+00:00, run_after=2025-07-04 07:00:00+00:00
[2025-07-03T19:51:38.791+0000] {processor.py:208} INFO - Processing /opt/airflow/dags/driven_data_pipeline.py took 0.670 seconds
[2025-07-03T19:52:09.596+0000] {processor.py:186} INFO - Started process (PID=344) to work on /opt/airflow/dags/driven_data_pipeline.py
[2025-07-03T19:52:09.607+0000] {processor.py:914} INFO - Processing file /opt/airflow/dags/driven_data_pipeline.py for tasks to queue
[2025-07-03T19:52:09.615+0000] {logging_mixin.py:190} INFO - [2025-07-03T19:52:09.612+0000] {dagbag.py:588} INFO - Filling up the DagBag from /opt/airflow/dags/driven_data_pipeline.py
[2025-07-03T19:52:10.462+0000] {processor.py:925} INFO - DAG(s) 'extract_raw_data_pipeline' retrieved from /opt/airflow/dags/driven_data_pipeline.py
[2025-07-03T19:52:10.555+0000] {logging_mixin.py:190} INFO - [2025-07-03T19:52:10.555+0000] {dag.py:3239} INFO - Sync 1 DAGs
[2025-07-03T19:52:10.594+0000] {logging_mixin.py:190} INFO - [2025-07-03T19:52:10.594+0000] {dag.py:4180} INFO - Setting next_dagrun for extract_raw_data_pipeline to 2025-07-03 07:59:00+00:00, run_after=2025-07-04 07:00:00+00:00
[2025-07-03T19:52:10.624+0000] {processor.py:208} INFO - Processing /opt/airflow/dags/driven_data_pipeline.py took 1.075 seconds
[2025-07-03T19:52:41.038+0000] {processor.py:186} INFO - Started process (PID=352) to work on /opt/airflow/dags/driven_data_pipeline.py
[2025-07-03T19:52:41.039+0000] {processor.py:914} INFO - Processing file /opt/airflow/dags/driven_data_pipeline.py for tasks to queue
[2025-07-03T19:52:41.042+0000] {logging_mixin.py:190} INFO - [2025-07-03T19:52:41.041+0000] {dagbag.py:588} INFO - Filling up the DagBag from /opt/airflow/dags/driven_data_pipeline.py
[2025-07-03T19:52:41.668+0000] {processor.py:925} INFO - DAG(s) 'extract_raw_data_pipeline' retrieved from /opt/airflow/dags/driven_data_pipeline.py
[2025-07-03T19:52:41.758+0000] {logging_mixin.py:190} INFO - [2025-07-03T19:52:41.757+0000] {dag.py:3239} INFO - Sync 1 DAGs
[2025-07-03T19:52:41.794+0000] {logging_mixin.py:190} INFO - [2025-07-03T19:52:41.793+0000] {dag.py:4180} INFO - Setting next_dagrun for extract_raw_data_pipeline to 2025-07-03 07:59:00+00:00, run_after=2025-07-04 07:00:00+00:00
[2025-07-03T19:52:41.820+0000] {processor.py:208} INFO - Processing /opt/airflow/dags/driven_data_pipeline.py took 0.791 seconds
[2025-07-03T19:53:12.374+0000] {processor.py:186} INFO - Started process (PID=360) to work on /opt/airflow/dags/driven_data_pipeline.py
[2025-07-03T19:53:12.376+0000] {processor.py:914} INFO - Processing file /opt/airflow/dags/driven_data_pipeline.py for tasks to queue
[2025-07-03T19:53:12.378+0000] {logging_mixin.py:190} INFO - [2025-07-03T19:53:12.377+0000] {dagbag.py:588} INFO - Filling up the DagBag from /opt/airflow/dags/driven_data_pipeline.py
[2025-07-03T19:53:13.006+0000] {processor.py:925} INFO - DAG(s) 'extract_raw_data_pipeline' retrieved from /opt/airflow/dags/driven_data_pipeline.py
[2025-07-03T19:53:13.073+0000] {logging_mixin.py:190} INFO - [2025-07-03T19:53:13.072+0000] {dag.py:3239} INFO - Sync 1 DAGs
[2025-07-03T19:53:13.101+0000] {logging_mixin.py:190} INFO - [2025-07-03T19:53:13.101+0000] {dag.py:4180} INFO - Setting next_dagrun for extract_raw_data_pipeline to 2025-07-03 07:59:00+00:00, run_after=2025-07-04 07:00:00+00:00
[2025-07-03T19:53:13.125+0000] {processor.py:208} INFO - Processing /opt/airflow/dags/driven_data_pipeline.py took 0.760 seconds
[2025-07-03T19:53:43.301+0000] {processor.py:186} INFO - Started process (PID=368) to work on /opt/airflow/dags/driven_data_pipeline.py
[2025-07-03T19:53:43.302+0000] {processor.py:914} INFO - Processing file /opt/airflow/dags/driven_data_pipeline.py for tasks to queue
[2025-07-03T19:53:43.305+0000] {logging_mixin.py:190} INFO - [2025-07-03T19:53:43.304+0000] {dagbag.py:588} INFO - Filling up the DagBag from /opt/airflow/dags/driven_data_pipeline.py
[2025-07-03T19:53:43.937+0000] {processor.py:925} INFO - DAG(s) 'extract_raw_data_pipeline' retrieved from /opt/airflow/dags/driven_data_pipeline.py
[2025-07-03T19:53:43.999+0000] {logging_mixin.py:190} INFO - [2025-07-03T19:53:43.998+0000] {dag.py:3239} INFO - Sync 1 DAGs
[2025-07-03T19:53:44.028+0000] {logging_mixin.py:190} INFO - [2025-07-03T19:53:44.028+0000] {dag.py:4180} INFO - Setting next_dagrun for extract_raw_data_pipeline to 2025-07-03 07:59:00+00:00, run_after=2025-07-04 07:00:00+00:00
[2025-07-03T19:53:44.053+0000] {processor.py:208} INFO - Processing /opt/airflow/dags/driven_data_pipeline.py took 0.763 seconds
[2025-07-03T19:54:14.458+0000] {processor.py:186} INFO - Started process (PID=376) to work on /opt/airflow/dags/driven_data_pipeline.py
[2025-07-03T19:54:14.463+0000] {processor.py:914} INFO - Processing file /opt/airflow/dags/driven_data_pipeline.py for tasks to queue
[2025-07-03T19:54:14.471+0000] {logging_mixin.py:190} INFO - [2025-07-03T19:54:14.467+0000] {dagbag.py:588} INFO - Filling up the DagBag from /opt/airflow/dags/driven_data_pipeline.py
[2025-07-03T19:54:15.338+0000] {processor.py:925} INFO - DAG(s) 'extract_raw_data_pipeline' retrieved from /opt/airflow/dags/driven_data_pipeline.py
[2025-07-03T19:54:15.419+0000] {logging_mixin.py:190} INFO - [2025-07-03T19:54:15.419+0000] {dag.py:3239} INFO - Sync 1 DAGs
[2025-07-03T19:54:15.459+0000] {logging_mixin.py:190} INFO - [2025-07-03T19:54:15.459+0000] {dag.py:4180} INFO - Setting next_dagrun for extract_raw_data_pipeline to 2025-07-03 07:59:00+00:00, run_after=2025-07-04 07:00:00+00:00
[2025-07-03T19:54:15.489+0000] {processor.py:208} INFO - Processing /opt/airflow/dags/driven_data_pipeline.py took 1.058 seconds
[2025-07-03T19:54:46.055+0000] {processor.py:186} INFO - Started process (PID=384) to work on /opt/airflow/dags/driven_data_pipeline.py
[2025-07-03T19:54:46.057+0000] {processor.py:914} INFO - Processing file /opt/airflow/dags/driven_data_pipeline.py for tasks to queue
[2025-07-03T19:54:46.059+0000] {logging_mixin.py:190} INFO - [2025-07-03T19:54:46.058+0000] {dagbag.py:588} INFO - Filling up the DagBag from /opt/airflow/dags/driven_data_pipeline.py
[2025-07-03T19:54:46.611+0000] {processor.py:925} INFO - DAG(s) 'extract_raw_data_pipeline' retrieved from /opt/airflow/dags/driven_data_pipeline.py
[2025-07-03T19:54:46.693+0000] {logging_mixin.py:190} INFO - [2025-07-03T19:54:46.693+0000] {dag.py:3239} INFO - Sync 1 DAGs
[2025-07-03T19:54:46.722+0000] {logging_mixin.py:190} INFO - [2025-07-03T19:54:46.721+0000] {dag.py:4180} INFO - Setting next_dagrun for extract_raw_data_pipeline to 2025-07-03 07:59:00+00:00, run_after=2025-07-04 07:00:00+00:00
[2025-07-03T19:54:46.746+0000] {processor.py:208} INFO - Processing /opt/airflow/dags/driven_data_pipeline.py took 0.699 seconds
[2025-07-03T19:55:17.310+0000] {processor.py:186} INFO - Started process (PID=392) to work on /opt/airflow/dags/driven_data_pipeline.py
[2025-07-03T19:55:17.312+0000] {processor.py:914} INFO - Processing file /opt/airflow/dags/driven_data_pipeline.py for tasks to queue
[2025-07-03T19:55:17.315+0000] {logging_mixin.py:190} INFO - [2025-07-03T19:55:17.314+0000] {dagbag.py:588} INFO - Filling up the DagBag from /opt/airflow/dags/driven_data_pipeline.py
[2025-07-03T19:55:17.977+0000] {processor.py:925} INFO - DAG(s) 'extract_raw_data_pipeline' retrieved from /opt/airflow/dags/driven_data_pipeline.py
[2025-07-03T19:55:18.041+0000] {logging_mixin.py:190} INFO - [2025-07-03T19:55:18.041+0000] {dag.py:3239} INFO - Sync 1 DAGs
[2025-07-03T19:55:18.069+0000] {logging_mixin.py:190} INFO - [2025-07-03T19:55:18.069+0000] {dag.py:4180} INFO - Setting next_dagrun for extract_raw_data_pipeline to 2025-07-03 07:59:00+00:00, run_after=2025-07-04 07:00:00+00:00
[2025-07-03T19:55:18.093+0000] {processor.py:208} INFO - Processing /opt/airflow/dags/driven_data_pipeline.py took 0.796 seconds
[2025-07-03T19:55:48.486+0000] {processor.py:186} INFO - Started process (PID=401) to work on /opt/airflow/dags/driven_data_pipeline.py
[2025-07-03T19:55:48.488+0000] {processor.py:914} INFO - Processing file /opt/airflow/dags/driven_data_pipeline.py for tasks to queue
[2025-07-03T19:55:48.491+0000] {logging_mixin.py:190} INFO - [2025-07-03T19:55:48.490+0000] {dagbag.py:588} INFO - Filling up the DagBag from /opt/airflow/dags/driven_data_pipeline.py
[2025-07-03T19:55:49.147+0000] {processor.py:925} INFO - DAG(s) 'extract_raw_data_pipeline' retrieved from /opt/airflow/dags/driven_data_pipeline.py
[2025-07-03T19:55:49.210+0000] {logging_mixin.py:190} INFO - [2025-07-03T19:55:49.210+0000] {dag.py:3239} INFO - Sync 1 DAGs
[2025-07-03T19:55:49.238+0000] {logging_mixin.py:190} INFO - [2025-07-03T19:55:49.238+0000] {dag.py:4180} INFO - Setting next_dagrun for extract_raw_data_pipeline to 2025-07-03 07:59:00+00:00, run_after=2025-07-04 07:00:00+00:00
[2025-07-03T19:55:49.264+0000] {processor.py:208} INFO - Processing /opt/airflow/dags/driven_data_pipeline.py took 0.789 seconds
[2025-07-03T19:56:19.729+0000] {processor.py:186} INFO - Started process (PID=409) to work on /opt/airflow/dags/driven_data_pipeline.py
[2025-07-03T19:56:19.730+0000] {processor.py:914} INFO - Processing file /opt/airflow/dags/driven_data_pipeline.py for tasks to queue
[2025-07-03T19:56:19.733+0000] {logging_mixin.py:190} INFO - [2025-07-03T19:56:19.731+0000] {dagbag.py:588} INFO - Filling up the DagBag from /opt/airflow/dags/driven_data_pipeline.py
[2025-07-03T19:56:20.338+0000] {processor.py:925} INFO - DAG(s) 'extract_raw_data_pipeline' retrieved from /opt/airflow/dags/driven_data_pipeline.py
[2025-07-03T19:56:20.405+0000] {logging_mixin.py:190} INFO - [2025-07-03T19:56:20.405+0000] {dag.py:3239} INFO - Sync 1 DAGs
[2025-07-03T19:56:20.435+0000] {logging_mixin.py:190} INFO - [2025-07-03T19:56:20.435+0000] {dag.py:4180} INFO - Setting next_dagrun for extract_raw_data_pipeline to 2025-07-03 07:59:00+00:00, run_after=2025-07-04 07:00:00+00:00
[2025-07-03T19:56:20.458+0000] {processor.py:208} INFO - Processing /opt/airflow/dags/driven_data_pipeline.py took 0.740 seconds
[2025-07-03T19:56:50.672+0000] {processor.py:186} INFO - Started process (PID=416) to work on /opt/airflow/dags/driven_data_pipeline.py
[2025-07-03T19:56:50.675+0000] {processor.py:914} INFO - Processing file /opt/airflow/dags/driven_data_pipeline.py for tasks to queue
[2025-07-03T19:56:50.680+0000] {logging_mixin.py:190} INFO - [2025-07-03T19:56:50.677+0000] {dagbag.py:588} INFO - Filling up the DagBag from /opt/airflow/dags/driven_data_pipeline.py
[2025-07-03T19:56:51.356+0000] {processor.py:925} INFO - DAG(s) 'extract_raw_data_pipeline' retrieved from /opt/airflow/dags/driven_data_pipeline.py
[2025-07-03T19:56:51.406+0000] {logging_mixin.py:190} INFO - [2025-07-03T19:56:51.406+0000] {dag.py:3239} INFO - Sync 1 DAGs
[2025-07-03T19:56:51.437+0000] {logging_mixin.py:190} INFO - [2025-07-03T19:56:51.437+0000] {dag.py:4180} INFO - Setting next_dagrun for extract_raw_data_pipeline to 2025-07-03 07:59:00+00:00, run_after=2025-07-04 07:00:00+00:00
[2025-07-03T19:56:51.461+0000] {processor.py:208} INFO - Processing /opt/airflow/dags/driven_data_pipeline.py took 0.799 seconds
[2025-07-03T19:57:22.010+0000] {processor.py:186} INFO - Started process (PID=424) to work on /opt/airflow/dags/driven_data_pipeline.py
[2025-07-03T19:57:22.013+0000] {processor.py:914} INFO - Processing file /opt/airflow/dags/driven_data_pipeline.py for tasks to queue
[2025-07-03T19:57:22.017+0000] {logging_mixin.py:190} INFO - [2025-07-03T19:57:22.014+0000] {dagbag.py:588} INFO - Filling up the DagBag from /opt/airflow/dags/driven_data_pipeline.py
[2025-07-03T19:57:27.884+0000] {processor.py:925} INFO - DAG(s) 'extract_raw_data_pipeline' retrieved from /opt/airflow/dags/driven_data_pipeline.py
[2025-07-03T19:57:40.108+0000] {logging_mixin.py:190} INFO - [2025-07-03T19:57:40.103+0000] {dag.py:3239} INFO - Sync 1 DAGs
[2025-07-03T19:57:40.193+0000] {logging_mixin.py:190} INFO - [2025-07-03T19:57:40.192+0000] {dag.py:4180} INFO - Setting next_dagrun for extract_raw_data_pipeline to 2025-07-03 07:59:00+00:00, run_after=2025-07-04 07:00:00+00:00
[2025-07-03T19:57:40.241+0000] {processor.py:208} INFO - Processing /opt/airflow/dags/driven_data_pipeline.py took 18.244 seconds
[2025-07-03T19:58:10.518+0000] {processor.py:186} INFO - Started process (PID=432) to work on /opt/airflow/dags/driven_data_pipeline.py
[2025-07-03T19:58:10.519+0000] {processor.py:914} INFO - Processing file /opt/airflow/dags/driven_data_pipeline.py for tasks to queue
[2025-07-03T19:58:10.521+0000] {logging_mixin.py:190} INFO - [2025-07-03T19:58:10.521+0000] {dagbag.py:588} INFO - Filling up the DagBag from /opt/airflow/dags/driven_data_pipeline.py
[2025-07-03T19:58:11.228+0000] {processor.py:925} INFO - DAG(s) 'extract_raw_data_pipeline' retrieved from /opt/airflow/dags/driven_data_pipeline.py
[2025-07-03T19:58:11.271+0000] {logging_mixin.py:190} INFO - [2025-07-03T19:58:11.270+0000] {dag.py:3239} INFO - Sync 1 DAGs
[2025-07-03T19:58:11.316+0000] {logging_mixin.py:190} INFO - [2025-07-03T19:58:11.315+0000] {dag.py:4180} INFO - Setting next_dagrun for extract_raw_data_pipeline to 2025-07-03 07:59:00+00:00, run_after=2025-07-04 07:00:00+00:00
[2025-07-03T19:58:11.348+0000] {processor.py:208} INFO - Processing /opt/airflow/dags/driven_data_pipeline.py took 0.840 seconds
[2025-07-03T20:00:14.132+0000] {processor.py:186} INFO - Started process (PID=65) to work on /opt/airflow/dags/driven_data_pipeline.py
[2025-07-03T20:00:14.144+0000] {processor.py:914} INFO - Processing file /opt/airflow/dags/driven_data_pipeline.py for tasks to queue
[2025-07-03T20:00:14.155+0000] {logging_mixin.py:190} INFO - [2025-07-03T20:00:14.154+0000] {dagbag.py:588} INFO - Filling up the DagBag from /opt/airflow/dags/driven_data_pipeline.py
[2025-07-03T20:00:17.795+0000] {processor.py:925} INFO - DAG(s) 'extract_raw_data_pipeline' retrieved from /opt/airflow/dags/driven_data_pipeline.py
[2025-07-03T20:00:17.902+0000] {logging_mixin.py:190} INFO - [2025-07-03T20:00:17.902+0000] {dag.py:3239} INFO - Sync 1 DAGs
[2025-07-03T20:00:17.974+0000] {logging_mixin.py:190} INFO - [2025-07-03T20:00:17.974+0000] {dag.py:4180} INFO - Setting next_dagrun for extract_raw_data_pipeline to 2025-07-03 07:59:00+00:00, run_after=2025-07-04 07:00:00+00:00
[2025-07-03T20:00:18.020+0000] {processor.py:208} INFO - Processing /opt/airflow/dags/driven_data_pipeline.py took 3.964 seconds
[2025-07-03T20:00:58.290+0000] {processor.py:186} INFO - Started process (PID=73) to work on /opt/airflow/dags/driven_data_pipeline.py
[2025-07-03T20:00:58.529+0000] {processor.py:914} INFO - Processing file /opt/airflow/dags/driven_data_pipeline.py for tasks to queue
[2025-07-03T20:01:00.093+0000] {logging_mixin.py:190} INFO - [2025-07-03T20:00:59.625+0000] {dagbag.py:588} INFO - Filling up the DagBag from /opt/airflow/dags/driven_data_pipeline.py
[2025-07-03T20:01:04.873+0000] {processor.py:925} INFO - DAG(s) 'extract_raw_data_pipeline' retrieved from /opt/airflow/dags/driven_data_pipeline.py
[2025-07-03T20:01:04.941+0000] {logging_mixin.py:190} INFO - [2025-07-03T20:01:04.940+0000] {dag.py:3239} INFO - Sync 1 DAGs
[2025-07-03T20:01:05.011+0000] {logging_mixin.py:190} INFO - [2025-07-03T20:01:05.011+0000] {dag.py:4180} INFO - Setting next_dagrun for extract_raw_data_pipeline to 2025-07-03 07:59:00+00:00, run_after=2025-07-04 07:00:00+00:00
[2025-07-03T20:01:05.054+0000] {processor.py:208} INFO - Processing /opt/airflow/dags/driven_data_pipeline.py took 8.129 seconds
[2025-07-03T20:01:36.277+0000] {processor.py:186} INFO - Started process (PID=87) to work on /opt/airflow/dags/driven_data_pipeline.py
[2025-07-03T20:01:36.283+0000] {processor.py:914} INFO - Processing file /opt/airflow/dags/driven_data_pipeline.py for tasks to queue
[2025-07-03T20:01:36.325+0000] {logging_mixin.py:190} INFO - [2025-07-03T20:01:36.322+0000] {dagbag.py:588} INFO - Filling up the DagBag from /opt/airflow/dags/driven_data_pipeline.py
[2025-07-03T20:01:46.427+0000] {processor.py:925} INFO - DAG(s) 'extract_raw_data_pipeline' retrieved from /opt/airflow/dags/driven_data_pipeline.py
[2025-07-03T20:01:46.506+0000] {logging_mixin.py:190} INFO - [2025-07-03T20:01:46.506+0000] {dag.py:3239} INFO - Sync 1 DAGs
[2025-07-03T20:01:46.579+0000] {logging_mixin.py:190} INFO - [2025-07-03T20:01:46.579+0000] {dag.py:4180} INFO - Setting next_dagrun for extract_raw_data_pipeline to 2025-07-03 07:59:00+00:00, run_after=2025-07-04 07:00:00+00:00
[2025-07-03T20:01:46.635+0000] {processor.py:208} INFO - Processing /opt/airflow/dags/driven_data_pipeline.py took 10.397 seconds
[2025-07-03T20:02:17.207+0000] {processor.py:186} INFO - Started process (PID=95) to work on /opt/airflow/dags/driven_data_pipeline.py
[2025-07-03T20:02:17.211+0000] {processor.py:914} INFO - Processing file /opt/airflow/dags/driven_data_pipeline.py for tasks to queue
[2025-07-03T20:02:17.225+0000] {logging_mixin.py:190} INFO - [2025-07-03T20:02:17.223+0000] {dagbag.py:588} INFO - Filling up the DagBag from /opt/airflow/dags/driven_data_pipeline.py
[2025-07-03T20:02:18.364+0000] {processor.py:925} INFO - DAG(s) 'extract_raw_data_pipeline' retrieved from /opt/airflow/dags/driven_data_pipeline.py
[2025-07-03T20:02:18.405+0000] {logging_mixin.py:190} INFO - [2025-07-03T20:02:18.405+0000] {dag.py:3239} INFO - Sync 1 DAGs
[2025-07-03T20:02:18.443+0000] {logging_mixin.py:190} INFO - [2025-07-03T20:02:18.442+0000] {dag.py:4180} INFO - Setting next_dagrun for extract_raw_data_pipeline to 2025-07-03 07:59:00+00:00, run_after=2025-07-04 07:00:00+00:00
[2025-07-03T20:02:18.473+0000] {processor.py:208} INFO - Processing /opt/airflow/dags/driven_data_pipeline.py took 1.298 seconds
[2025-07-03T20:02:49.144+0000] {processor.py:186} INFO - Started process (PID=103) to work on /opt/airflow/dags/driven_data_pipeline.py
[2025-07-03T20:02:49.149+0000] {processor.py:914} INFO - Processing file /opt/airflow/dags/driven_data_pipeline.py for tasks to queue
[2025-07-03T20:02:49.162+0000] {logging_mixin.py:190} INFO - [2025-07-03T20:02:49.160+0000] {dagbag.py:588} INFO - Filling up the DagBag from /opt/airflow/dags/driven_data_pipeline.py
[2025-07-03T20:02:49.872+0000] {processor.py:925} INFO - DAG(s) 'extract_raw_data_pipeline' retrieved from /opt/airflow/dags/driven_data_pipeline.py
[2025-07-03T20:02:49.926+0000] {logging_mixin.py:190} INFO - [2025-07-03T20:02:49.926+0000] {dag.py:3239} INFO - Sync 1 DAGs
[2025-07-03T20:02:49.976+0000] {logging_mixin.py:190} INFO - [2025-07-03T20:02:49.976+0000] {dag.py:4180} INFO - Setting next_dagrun for extract_raw_data_pipeline to 2025-07-03 07:59:00+00:00, run_after=2025-07-04 07:00:00+00:00
[2025-07-03T20:02:50.022+0000] {processor.py:208} INFO - Processing /opt/airflow/dags/driven_data_pipeline.py took 0.918 seconds
[2025-07-03T20:03:21.024+0000] {processor.py:186} INFO - Started process (PID=111) to work on /opt/airflow/dags/driven_data_pipeline.py
[2025-07-03T20:03:21.250+0000] {processor.py:914} INFO - Processing file /opt/airflow/dags/driven_data_pipeline.py for tasks to queue
[2025-07-03T20:03:29.941+0000] {logging_mixin.py:190} INFO - [2025-07-03T20:03:29.937+0000] {dagbag.py:588} INFO - Filling up the DagBag from /opt/airflow/dags/driven_data_pipeline.py
[2025-07-03T20:03:38.437+0000] {processor.py:925} INFO - DAG(s) 'extract_raw_data_pipeline' retrieved from /opt/airflow/dags/driven_data_pipeline.py
[2025-07-03T20:03:38.492+0000] {logging_mixin.py:190} INFO - [2025-07-03T20:03:38.491+0000] {dag.py:3239} INFO - Sync 1 DAGs
[2025-07-03T20:03:38.548+0000] {logging_mixin.py:190} INFO - [2025-07-03T20:03:38.547+0000] {dag.py:4180} INFO - Setting next_dagrun for extract_raw_data_pipeline to 2025-07-03 07:59:00+00:00, run_after=2025-07-04 07:00:00+00:00
[2025-07-03T20:03:38.578+0000] {processor.py:208} INFO - Processing /opt/airflow/dags/driven_data_pipeline.py took 17.857 seconds
[2025-07-03T20:04:08.855+0000] {processor.py:186} INFO - Started process (PID=125) to work on /opt/airflow/dags/driven_data_pipeline.py
[2025-07-03T20:04:08.858+0000] {processor.py:914} INFO - Processing file /opt/airflow/dags/driven_data_pipeline.py for tasks to queue
[2025-07-03T20:04:08.868+0000] {logging_mixin.py:190} INFO - [2025-07-03T20:04:08.865+0000] {dagbag.py:588} INFO - Filling up the DagBag from /opt/airflow/dags/driven_data_pipeline.py
[2025-07-03T20:04:09.774+0000] {processor.py:925} INFO - DAG(s) 'extract_raw_data_pipeline' retrieved from /opt/airflow/dags/driven_data_pipeline.py
[2025-07-03T20:04:09.826+0000] {logging_mixin.py:190} INFO - [2025-07-03T20:04:09.826+0000] {dag.py:3239} INFO - Sync 1 DAGs
[2025-07-03T20:04:09.867+0000] {logging_mixin.py:190} INFO - [2025-07-03T20:04:09.867+0000] {dag.py:4180} INFO - Setting next_dagrun for extract_raw_data_pipeline to 2025-07-03 07:59:00+00:00, run_after=2025-07-04 07:00:00+00:00
[2025-07-03T20:04:09.901+0000] {processor.py:208} INFO - Processing /opt/airflow/dags/driven_data_pipeline.py took 1.065 seconds
[2025-07-03T20:04:40.503+0000] {processor.py:186} INFO - Started process (PID=133) to work on /opt/airflow/dags/driven_data_pipeline.py
[2025-07-03T20:04:40.506+0000] {processor.py:914} INFO - Processing file /opt/airflow/dags/driven_data_pipeline.py for tasks to queue
[2025-07-03T20:04:40.515+0000] {logging_mixin.py:190} INFO - [2025-07-03T20:04:40.514+0000] {dagbag.py:588} INFO - Filling up the DagBag from /opt/airflow/dags/driven_data_pipeline.py
[2025-07-03T20:04:41.374+0000] {processor.py:925} INFO - DAG(s) 'extract_raw_data_pipeline' retrieved from /opt/airflow/dags/driven_data_pipeline.py
[2025-07-03T20:04:41.423+0000] {logging_mixin.py:190} INFO - [2025-07-03T20:04:41.422+0000] {dag.py:3239} INFO - Sync 1 DAGs
[2025-07-03T20:04:41.478+0000] {logging_mixin.py:190} INFO - [2025-07-03T20:04:41.477+0000] {dag.py:4180} INFO - Setting next_dagrun for extract_raw_data_pipeline to 2025-07-03 07:59:00+00:00, run_after=2025-07-04 07:00:00+00:00
[2025-07-03T20:04:41.532+0000] {processor.py:208} INFO - Processing /opt/airflow/dags/driven_data_pipeline.py took 1.047 seconds
[2025-07-03T20:05:12.317+0000] {processor.py:186} INFO - Started process (PID=141) to work on /opt/airflow/dags/driven_data_pipeline.py
[2025-07-03T20:05:12.320+0000] {processor.py:914} INFO - Processing file /opt/airflow/dags/driven_data_pipeline.py for tasks to queue
[2025-07-03T20:05:12.330+0000] {logging_mixin.py:190} INFO - [2025-07-03T20:05:12.328+0000] {dagbag.py:588} INFO - Filling up the DagBag from /opt/airflow/dags/driven_data_pipeline.py
[2025-07-03T20:05:13.191+0000] {processor.py:925} INFO - DAG(s) 'extract_raw_data_pipeline' retrieved from /opt/airflow/dags/driven_data_pipeline.py
[2025-07-03T20:05:13.260+0000] {logging_mixin.py:190} INFO - [2025-07-03T20:05:13.259+0000] {dag.py:3239} INFO - Sync 1 DAGs
[2025-07-03T20:05:13.304+0000] {logging_mixin.py:190} INFO - [2025-07-03T20:05:13.304+0000] {dag.py:4180} INFO - Setting next_dagrun for extract_raw_data_pipeline to 2025-07-03 07:59:00+00:00, run_after=2025-07-04 07:00:00+00:00
[2025-07-03T20:05:13.332+0000] {processor.py:208} INFO - Processing /opt/airflow/dags/driven_data_pipeline.py took 1.037 seconds
[2025-07-03T20:05:44.440+0000] {processor.py:186} INFO - Started process (PID=149) to work on /opt/airflow/dags/driven_data_pipeline.py
[2025-07-03T20:05:44.444+0000] {processor.py:914} INFO - Processing file /opt/airflow/dags/driven_data_pipeline.py for tasks to queue
[2025-07-03T20:05:44.452+0000] {logging_mixin.py:190} INFO - [2025-07-03T20:05:44.451+0000] {dagbag.py:588} INFO - Filling up the DagBag from /opt/airflow/dags/driven_data_pipeline.py
[2025-07-03T20:05:45.684+0000] {processor.py:925} INFO - DAG(s) 'extract_raw_data_pipeline' retrieved from /opt/airflow/dags/driven_data_pipeline.py
[2025-07-03T20:05:45.751+0000] {logging_mixin.py:190} INFO - [2025-07-03T20:05:45.750+0000] {dag.py:3239} INFO - Sync 1 DAGs
[2025-07-03T20:05:45.795+0000] {logging_mixin.py:190} INFO - [2025-07-03T20:05:45.795+0000] {dag.py:4180} INFO - Setting next_dagrun for extract_raw_data_pipeline to 2025-07-03 07:59:00+00:00, run_after=2025-07-04 07:00:00+00:00
[2025-07-03T20:05:47.377+0000] {processor.py:208} INFO - Processing /opt/airflow/dags/driven_data_pipeline.py took 2.955 seconds
[2025-07-03T20:06:18.253+0000] {processor.py:186} INFO - Started process (PID=157) to work on /opt/airflow/dags/driven_data_pipeline.py
[2025-07-03T20:06:18.255+0000] {processor.py:914} INFO - Processing file /opt/airflow/dags/driven_data_pipeline.py for tasks to queue
[2025-07-03T20:06:18.261+0000] {logging_mixin.py:190} INFO - [2025-07-03T20:06:18.260+0000] {dagbag.py:588} INFO - Filling up the DagBag from /opt/airflow/dags/driven_data_pipeline.py
[2025-07-03T20:06:18.693+0000] {processor.py:925} INFO - DAG(s) 'extract_raw_data_pipeline' retrieved from /opt/airflow/dags/driven_data_pipeline.py
[2025-07-03T20:06:18.752+0000] {logging_mixin.py:190} INFO - [2025-07-03T20:06:18.751+0000] {dag.py:3239} INFO - Sync 1 DAGs
[2025-07-03T20:06:18.820+0000] {logging_mixin.py:190} INFO - [2025-07-03T20:06:18.819+0000] {dag.py:4180} INFO - Setting next_dagrun for extract_raw_data_pipeline to 2025-07-03 07:59:00+00:00, run_after=2025-07-04 07:00:00+00:00
[2025-07-03T20:06:18.861+0000] {processor.py:208} INFO - Processing /opt/airflow/dags/driven_data_pipeline.py took 0.625 seconds
[2025-07-03T20:06:49.471+0000] {processor.py:186} INFO - Started process (PID=165) to work on /opt/airflow/dags/driven_data_pipeline.py
[2025-07-03T20:06:49.474+0000] {processor.py:914} INFO - Processing file /opt/airflow/dags/driven_data_pipeline.py for tasks to queue
[2025-07-03T20:06:49.479+0000] {logging_mixin.py:190} INFO - [2025-07-03T20:06:49.479+0000] {dagbag.py:588} INFO - Filling up the DagBag from /opt/airflow/dags/driven_data_pipeline.py
[2025-07-03T20:06:49.855+0000] {processor.py:925} INFO - DAG(s) 'extract_raw_data_pipeline' retrieved from /opt/airflow/dags/driven_data_pipeline.py
[2025-07-03T20:06:49.902+0000] {logging_mixin.py:190} INFO - [2025-07-03T20:06:49.902+0000] {dag.py:3239} INFO - Sync 1 DAGs
[2025-07-03T20:06:49.972+0000] {logging_mixin.py:190} INFO - [2025-07-03T20:06:49.971+0000] {dag.py:4180} INFO - Setting next_dagrun for extract_raw_data_pipeline to 2025-07-03 07:59:00+00:00, run_after=2025-07-04 07:00:00+00:00
[2025-07-03T20:06:50.021+0000] {processor.py:208} INFO - Processing /opt/airflow/dags/driven_data_pipeline.py took 0.563 seconds
[2025-07-03T20:07:20.563+0000] {processor.py:186} INFO - Started process (PID=173) to work on /opt/airflow/dags/driven_data_pipeline.py
[2025-07-03T20:07:20.565+0000] {processor.py:914} INFO - Processing file /opt/airflow/dags/driven_data_pipeline.py for tasks to queue
[2025-07-03T20:07:20.572+0000] {logging_mixin.py:190} INFO - [2025-07-03T20:07:20.572+0000] {dagbag.py:588} INFO - Filling up the DagBag from /opt/airflow/dags/driven_data_pipeline.py
[2025-07-03T20:07:21.183+0000] {processor.py:925} INFO - DAG(s) 'extract_raw_data_pipeline' retrieved from /opt/airflow/dags/driven_data_pipeline.py
[2025-07-03T20:07:21.226+0000] {logging_mixin.py:190} INFO - [2025-07-03T20:07:21.226+0000] {dag.py:3239} INFO - Sync 1 DAGs
[2025-07-03T20:07:21.278+0000] {logging_mixin.py:190} INFO - [2025-07-03T20:07:21.278+0000] {dag.py:4180} INFO - Setting next_dagrun for extract_raw_data_pipeline to 2025-07-03 07:59:00+00:00, run_after=2025-07-04 07:00:00+00:00
[2025-07-03T20:07:21.314+0000] {processor.py:208} INFO - Processing /opt/airflow/dags/driven_data_pipeline.py took 0.764 seconds
[2025-07-03T20:07:51.593+0000] {processor.py:186} INFO - Started process (PID=181) to work on /opt/airflow/dags/driven_data_pipeline.py
[2025-07-03T20:07:51.597+0000] {processor.py:914} INFO - Processing file /opt/airflow/dags/driven_data_pipeline.py for tasks to queue
[2025-07-03T20:07:51.611+0000] {logging_mixin.py:190} INFO - [2025-07-03T20:07:51.609+0000] {dagbag.py:588} INFO - Filling up the DagBag from /opt/airflow/dags/driven_data_pipeline.py
[2025-07-03T20:07:52.951+0000] {processor.py:925} INFO - DAG(s) 'extract_raw_data_pipeline' retrieved from /opt/airflow/dags/driven_data_pipeline.py
[2025-07-03T20:07:53.126+0000] {logging_mixin.py:190} INFO - [2025-07-03T20:07:53.125+0000] {dag.py:3239} INFO - Sync 1 DAGs
[2025-07-03T20:07:53.212+0000] {logging_mixin.py:190} INFO - [2025-07-03T20:07:53.211+0000] {dag.py:4180} INFO - Setting next_dagrun for extract_raw_data_pipeline to 2025-07-03 07:59:00+00:00, run_after=2025-07-04 07:00:00+00:00
[2025-07-03T20:07:53.282+0000] {processor.py:208} INFO - Processing /opt/airflow/dags/driven_data_pipeline.py took 1.720 seconds
[2025-07-03T20:08:23.992+0000] {processor.py:186} INFO - Started process (PID=190) to work on /opt/airflow/dags/driven_data_pipeline.py
[2025-07-03T20:08:23.999+0000] {processor.py:914} INFO - Processing file /opt/airflow/dags/driven_data_pipeline.py for tasks to queue
[2025-07-03T20:08:24.018+0000] {logging_mixin.py:190} INFO - [2025-07-03T20:08:24.015+0000] {dagbag.py:588} INFO - Filling up the DagBag from /opt/airflow/dags/driven_data_pipeline.py
[2025-07-03T20:08:25.559+0000] {processor.py:925} INFO - DAG(s) 'extract_raw_data_pipeline' retrieved from /opt/airflow/dags/driven_data_pipeline.py
[2025-07-03T20:08:25.728+0000] {logging_mixin.py:190} INFO - [2025-07-03T20:08:25.727+0000] {dag.py:3239} INFO - Sync 1 DAGs
[2025-07-03T20:08:25.844+0000] {logging_mixin.py:190} INFO - [2025-07-03T20:08:25.843+0000] {dag.py:4180} INFO - Setting next_dagrun for extract_raw_data_pipeline to 2025-07-03 07:59:00+00:00, run_after=2025-07-04 07:00:00+00:00
[2025-07-03T20:08:25.909+0000] {processor.py:208} INFO - Processing /opt/airflow/dags/driven_data_pipeline.py took 1.961 seconds
[2025-07-03T20:09:10.415+0000] {processor.py:186} INFO - Started process (PID=200) to work on /opt/airflow/dags/driven_data_pipeline.py
[2025-07-03T20:09:10.420+0000] {processor.py:914} INFO - Processing file /opt/airflow/dags/driven_data_pipeline.py for tasks to queue
[2025-07-03T20:09:10.432+0000] {logging_mixin.py:190} INFO - [2025-07-03T20:09:10.429+0000] {dagbag.py:588} INFO - Filling up the DagBag from /opt/airflow/dags/driven_data_pipeline.py
[2025-07-03T20:11:52.474+0000] {logging_mixin.py:190} INFO - [2025-07-03T20:09:52.429+0000] {timeout.py:68} ERROR - Process timed out, PID: 200
[2025-07-03T20:14:17.992+0000] {logging_mixin.py:190} INFO - [2025-07-03T20:12:29.386+0000] {dagbag.py:387} ERROR - Failed to import: /opt/airflow/dags/driven_data_pipeline.py
Traceback (most recent call last):
  File "/home/airflow/.local/lib/python3.12/site-packages/airflow/models/dagbag.py", line 383, in parse
    loader.exec_module(new_module)
  File "<frozen importlib._bootstrap_external>", line 995, in exec_module
  File "<frozen importlib._bootstrap>", line 488, in _call_with_frames_removed
  File "/opt/airflow/dags/driven_data_pipeline.py", line 8, in <module>
    from faker import Faker
  File "/home/airflow/.local/lib/python3.12/site-packages/faker/__init__.py", line 1, in <module>
    from faker.factory import Factory
  File "/home/airflow/.local/lib/python3.12/site-packages/faker/factory.py", line 8, in <module>
    from .config import AVAILABLE_LOCALES, DEFAULT_LOCALE, PROVIDERS
  File "/home/airflow/.local/lib/python3.12/site-packages/faker/config.py", line 13, in <module>
    AVAILABLE_LOCALES = find_available_locales(PROVIDERS)
                        ^^^^^^^^^^^^^^^^^^^^^^^^^^^^^^^^^
  File "/home/airflow/.local/lib/python3.12/site-packages/faker/utils/loading.py", line 45, in find_available_locales
    provider_module = import_module(provider_path)
                      ^^^^^^^^^^^^^^^^^^^^^^^^^^^^
  File "/usr/local/lib/python3.12/importlib/__init__.py", line 90, in import_module
    return _bootstrap._gcd_import(name[level:], package, level)
           ^^^^^^^^^^^^^^^^^^^^^^^^^^^^^^^^^^^^^^^^^^^^^^^^^^^^
  File "/home/airflow/.local/lib/python3.12/site-packages/faker/providers/internet/__init__.py", line 12, in <module>
    class _IPv4Constants:
  File "/home/airflow/.local/lib/python3.12/site-packages/faker/providers/internet/__init__.py", line 52, in _IPv4Constants
    IPv4Network("224.0.0.0/4"),  # multicast network
    ^^^^^^^^^^^^^^^^^^^^^^^^^^
  File "/usr/local/lib/python3.12/ipaddress.py", line 1539, in __init__
    self.network_address = IPv4Address(addr)
                           ^^^^^^^^^^^^^^^^^
  File "/usr/local/lib/python3.12/ipaddress.py", line 1319, in __init__
    self._ip = self._ip_int_from_string(addr_str)
               ^^^^^^^^^^^^^^^^^^^^^^^^^^^^^^^^^^
  File "/usr/local/lib/python3.12/ipaddress.py", line 1187, in _ip_int_from_string
    @classmethod
    
  File "/home/airflow/.local/lib/python3.12/site-packages/airflow/utils/timeout.py", line 69, in handle_timeout
    raise AirflowTaskTimeout(self.error_message)
airflow.exceptions.AirflowTaskTimeout: DagBag import timeout for /opt/airflow/dags/driven_data_pipeline.py after 30.0s.
Please take a look at these docs to improve your DAG import time:
* https://airflow.apache.org/docs/apache-airflow/2.10.2/best-practices.html#top-level-python-code
* https://airflow.apache.org/docs/apache-airflow/2.10.2/best-practices.html#reducing-dag-complexity, PID: 200
[2025-07-03T20:14:17.999+0000] {processor.py:927} WARNING - No viable dags retrieved from /opt/airflow/dags/driven_data_pipeline.py
[2025-07-03T20:14:49.190+0000] {processor.py:186} INFO - Started process (PID=216) to work on /opt/airflow/dags/driven_data_pipeline.py
[2025-07-03T20:14:49.193+0000] {processor.py:914} INFO - Processing file /opt/airflow/dags/driven_data_pipeline.py for tasks to queue
[2025-07-03T20:14:49.197+0000] {logging_mixin.py:190} INFO - [2025-07-03T20:14:49.196+0000] {dagbag.py:588} INFO - Filling up the DagBag from /opt/airflow/dags/driven_data_pipeline.py
[2025-07-03T20:14:49.679+0000] {processor.py:925} INFO - DAG(s) 'extract_raw_data_pipeline' retrieved from /opt/airflow/dags/driven_data_pipeline.py
[2025-07-03T20:14:50.560+0000] {logging_mixin.py:190} INFO - [2025-07-03T20:14:50.559+0000] {dag.py:3239} INFO - Sync 1 DAGs
[2025-07-03T20:14:50.664+0000] {logging_mixin.py:190} INFO - [2025-07-03T20:14:50.658+0000] {dag.py:4180} INFO - Setting next_dagrun for extract_raw_data_pipeline to 2025-07-03 07:59:00+00:00, run_after=2025-07-04 07:00:00+00:00
[2025-07-03T20:14:50.736+0000] {processor.py:208} INFO - Processing /opt/airflow/dags/driven_data_pipeline.py took 1.587 seconds
[2025-07-03T20:15:21.587+0000] {processor.py:186} INFO - Started process (PID=231) to work on /opt/airflow/dags/driven_data_pipeline.py
[2025-07-03T20:15:21.590+0000] {processor.py:914} INFO - Processing file /opt/airflow/dags/driven_data_pipeline.py for tasks to queue
[2025-07-03T20:15:21.595+0000] {logging_mixin.py:190} INFO - [2025-07-03T20:15:21.594+0000] {dagbag.py:588} INFO - Filling up the DagBag from /opt/airflow/dags/driven_data_pipeline.py
[2025-07-03T20:15:22.019+0000] {processor.py:925} INFO - DAG(s) 'extract_raw_data_pipeline' retrieved from /opt/airflow/dags/driven_data_pipeline.py
[2025-07-03T20:15:22.137+0000] {logging_mixin.py:190} INFO - [2025-07-03T20:15:22.135+0000] {dag.py:3239} INFO - Sync 1 DAGs
[2025-07-03T20:15:22.262+0000] {logging_mixin.py:190} INFO - [2025-07-03T20:15:22.261+0000] {dag.py:4180} INFO - Setting next_dagrun for extract_raw_data_pipeline to 2025-07-03 07:59:00+00:00, run_after=2025-07-04 07:00:00+00:00
[2025-07-03T20:15:22.348+0000] {processor.py:208} INFO - Processing /opt/airflow/dags/driven_data_pipeline.py took 0.796 seconds
[2025-07-03T20:15:52.572+0000] {processor.py:186} INFO - Started process (PID=240) to work on /opt/airflow/dags/driven_data_pipeline.py
[2025-07-03T20:15:52.576+0000] {processor.py:914} INFO - Processing file /opt/airflow/dags/driven_data_pipeline.py for tasks to queue
[2025-07-03T20:15:52.580+0000] {logging_mixin.py:190} INFO - [2025-07-03T20:15:52.579+0000] {dagbag.py:588} INFO - Filling up the DagBag from /opt/airflow/dags/driven_data_pipeline.py
[2025-07-03T20:15:54.528+0000] {processor.py:925} INFO - DAG(s) 'extract_raw_data_pipeline' retrieved from /opt/airflow/dags/driven_data_pipeline.py
[2025-07-03T20:15:54.648+0000] {logging_mixin.py:190} INFO - [2025-07-03T20:15:54.648+0000] {dag.py:3239} INFO - Sync 1 DAGs
[2025-07-03T20:15:54.760+0000] {logging_mixin.py:190} INFO - [2025-07-03T20:15:54.759+0000] {dag.py:4180} INFO - Setting next_dagrun for extract_raw_data_pipeline to 2025-07-03 07:59:00+00:00, run_after=2025-07-04 07:00:00+00:00
[2025-07-03T20:15:54.819+0000] {processor.py:208} INFO - Processing /opt/airflow/dags/driven_data_pipeline.py took 2.273 seconds
[2025-07-03T20:16:26.453+0000] {processor.py:186} INFO - Started process (PID=242) to work on /opt/airflow/dags/driven_data_pipeline.py
[2025-07-03T20:16:26.478+0000] {processor.py:914} INFO - Processing file /opt/airflow/dags/driven_data_pipeline.py for tasks to queue
[2025-07-03T20:16:26.582+0000] {logging_mixin.py:190} INFO - [2025-07-03T20:16:26.570+0000] {dagbag.py:588} INFO - Filling up the DagBag from /opt/airflow/dags/driven_data_pipeline.py
[2025-07-03T20:26:44.517+0000] {logging_mixin.py:190} INFO - [2025-07-03T20:26:44.261+0000] {timeout.py:68} ERROR - Process timed out, PID: 242
[2025-07-03T20:26:45.304+0000] {logging_mixin.py:190} INFO - [2025-07-03T20:26:44.660+0000] {dagbag.py:387} ERROR - Failed to import: /opt/airflow/dags/driven_data_pipeline.py
Traceback (most recent call last):
  File "/home/airflow/.local/lib/python3.12/site-packages/airflow/models/dagbag.py", line 383, in parse
    loader.exec_module(new_module)
  File "<frozen importlib._bootstrap_external>", line 995, in exec_module
  File "<frozen importlib._bootstrap>", line 488, in _call_with_frames_removed
  File "/opt/airflow/dags/driven_data_pipeline.py", line 8, in <module>
    from faker import Faker
  File "/home/airflow/.local/lib/python3.12/site-packages/faker/__init__.py", line 1, in <module>
    from faker.factory import Factory
  File "/home/airflow/.local/lib/python3.12/site-packages/faker/factory.py", line 8, in <module>
    from .config import AVAILABLE_LOCALES, DEFAULT_LOCALE, PROVIDERS
  File "/home/airflow/.local/lib/python3.12/site-packages/faker/config.py", line 13, in <module>
    AVAILABLE_LOCALES = find_available_locales(PROVIDERS)
                        ^^^^^^^^^^^^^^^^^^^^^^^^^^^^^^^^^
  File "/home/airflow/.local/lib/python3.12/site-packages/faker/utils/loading.py", line 45, in find_available_locales
    provider_module = import_module(provider_path)
                      ^^^^^^^^^^^^^^^^^^^^^^^^^^^^
  File "/usr/local/lib/python3.12/importlib/__init__.py", line 90, in import_module
    return _bootstrap._gcd_import(name[level:], package, level)
           ^^^^^^^^^^^^^^^^^^^^^^^^^^^^^^^^^^^^^^^^^^^^^^^^^^^^
  File "/home/airflow/.local/lib/python3.12/site-packages/faker/providers/misc/__init__.py", line 8, in <module>
    import tarfile
  File "/home/airflow/.local/lib/python3.12/site-packages/airflow/utils/timeout.py", line 69, in handle_timeout
    raise AirflowTaskTimeout(self.error_message)
airflow.exceptions.AirflowTaskTimeout: DagBag import timeout for /opt/airflow/dags/driven_data_pipeline.py after 30.0s.
Please take a look at these docs to improve your DAG import time:
* https://airflow.apache.org/docs/apache-airflow/2.10.2/best-practices.html#top-level-python-code
* https://airflow.apache.org/docs/apache-airflow/2.10.2/best-practices.html#reducing-dag-complexity, PID: 242
[2025-07-03T20:26:45.357+0000] {processor.py:927} WARNING - No viable dags retrieved from /opt/airflow/dags/driven_data_pipeline.py
[2025-07-03T20:27:16.821+0000] {processor.py:186} INFO - Started process (PID=250) to work on /opt/airflow/dags/driven_data_pipeline.py
[2025-07-03T20:27:16.824+0000] {processor.py:914} INFO - Processing file /opt/airflow/dags/driven_data_pipeline.py for tasks to queue
[2025-07-03T20:27:16.834+0000] {logging_mixin.py:190} INFO - [2025-07-03T20:27:16.831+0000] {dagbag.py:588} INFO - Filling up the DagBag from /opt/airflow/dags/driven_data_pipeline.py
[2025-07-03T20:27:18.475+0000] {processor.py:925} INFO - DAG(s) 'extract_raw_data_pipeline' retrieved from /opt/airflow/dags/driven_data_pipeline.py
[2025-07-03T20:27:19.220+0000] {logging_mixin.py:190} INFO - [2025-07-03T20:27:19.219+0000] {dag.py:3239} INFO - Sync 1 DAGs
[2025-07-03T20:27:19.368+0000] {logging_mixin.py:190} INFO - [2025-07-03T20:27:19.367+0000] {dag.py:4180} INFO - Setting next_dagrun for extract_raw_data_pipeline to 2025-07-03 07:59:00+00:00, run_after=2025-07-04 07:00:00+00:00
[2025-07-03T20:27:19.438+0000] {processor.py:208} INFO - Processing /opt/airflow/dags/driven_data_pipeline.py took 2.611 seconds
[2025-07-03T20:27:50.385+0000] {processor.py:186} INFO - Started process (PID=259) to work on /opt/airflow/dags/driven_data_pipeline.py
[2025-07-03T20:27:50.388+0000] {processor.py:914} INFO - Processing file /opt/airflow/dags/driven_data_pipeline.py for tasks to queue
[2025-07-03T20:27:50.392+0000] {logging_mixin.py:190} INFO - [2025-07-03T20:27:50.391+0000] {dagbag.py:588} INFO - Filling up the DagBag from /opt/airflow/dags/driven_data_pipeline.py
[2025-07-03T20:27:51.809+0000] {processor.py:925} INFO - DAG(s) 'extract_raw_data_pipeline' retrieved from /opt/airflow/dags/driven_data_pipeline.py
[2025-07-03T20:27:52.097+0000] {logging_mixin.py:190} INFO - [2025-07-03T20:27:52.096+0000] {dag.py:3239} INFO - Sync 1 DAGs
[2025-07-03T20:27:52.217+0000] {logging_mixin.py:190} INFO - [2025-07-03T20:27:52.216+0000] {dag.py:4180} INFO - Setting next_dagrun for extract_raw_data_pipeline to 2025-07-03 07:59:00+00:00, run_after=2025-07-04 07:00:00+00:00
[2025-07-03T20:27:52.289+0000] {processor.py:208} INFO - Processing /opt/airflow/dags/driven_data_pipeline.py took 1.926 seconds
[2025-07-03T21:06:50.688+0000] {processor.py:186} INFO - Started process (PID=261) to work on /opt/airflow/dags/driven_data_pipeline.py
[2025-07-03T21:06:51.514+0000] {processor.py:914} INFO - Processing file /opt/airflow/dags/driven_data_pipeline.py for tasks to queue
[2025-07-03T21:06:51.590+0000] {logging_mixin.py:190} INFO - [2025-07-03T21:06:51.575+0000] {dagbag.py:588} INFO - Filling up the DagBag from /opt/airflow/dags/driven_data_pipeline.py
[2025-07-03T21:06:55.856+0000] {processor.py:925} INFO - DAG(s) 'extract_raw_data_pipeline' retrieved from /opt/airflow/dags/driven_data_pipeline.py
[2025-07-03T21:06:56.397+0000] {logging_mixin.py:190} INFO - [2025-07-03T21:06:56.390+0000] {dag.py:3239} INFO - Sync 1 DAGs
[2025-07-03T21:06:56.618+0000] {logging_mixin.py:190} INFO - [2025-07-03T21:06:56.617+0000] {dag.py:4180} INFO - Setting next_dagrun for extract_raw_data_pipeline to 2025-07-03 07:59:00+00:00, run_after=2025-07-04 07:00:00+00:00
[2025-07-03T21:06:56.734+0000] {processor.py:208} INFO - Processing /opt/airflow/dags/driven_data_pipeline.py took 162.189 seconds
[2025-07-03T21:06:59.664+0000] {processor.py:186} INFO - Started process (PID=270) to work on /opt/airflow/dags/driven_data_pipeline.py
[2025-07-03T21:06:59.696+0000] {processor.py:914} INFO - Processing file /opt/airflow/dags/driven_data_pipeline.py for tasks to queue
[2025-07-03T21:06:59.730+0000] {logging_mixin.py:190} INFO - [2025-07-03T21:06:59.724+0000] {dagbag.py:588} INFO - Filling up the DagBag from /opt/airflow/dags/driven_data_pipeline.py
[2025-07-03T21:07:01.234+0000] {processor.py:925} INFO - DAG(s) 'extract_raw_data_pipeline' retrieved from /opt/airflow/dags/driven_data_pipeline.py
[2025-07-03T21:07:01.374+0000] {logging_mixin.py:190} INFO - [2025-07-03T21:07:01.374+0000] {dag.py:3239} INFO - Sync 1 DAGs
[2025-07-03T21:07:01.464+0000] {logging_mixin.py:190} INFO - [2025-07-03T21:07:01.464+0000] {dag.py:4180} INFO - Setting next_dagrun for extract_raw_data_pipeline to 2025-07-03 07:59:00+00:00, run_after=2025-07-04 07:00:00+00:00
[2025-07-03T21:07:01.518+0000] {processor.py:208} INFO - Processing /opt/airflow/dags/driven_data_pipeline.py took 1.883 seconds
[2025-07-03T21:07:31.994+0000] {processor.py:186} INFO - Started process (PID=278) to work on /opt/airflow/dags/driven_data_pipeline.py
[2025-07-03T21:07:31.996+0000] {processor.py:914} INFO - Processing file /opt/airflow/dags/driven_data_pipeline.py for tasks to queue
[2025-07-03T21:07:31.998+0000] {logging_mixin.py:190} INFO - [2025-07-03T21:07:31.997+0000] {dagbag.py:588} INFO - Filling up the DagBag from /opt/airflow/dags/driven_data_pipeline.py
[2025-07-03T21:07:32.250+0000] {processor.py:925} INFO - DAG(s) 'extract_raw_data_pipeline' retrieved from /opt/airflow/dags/driven_data_pipeline.py
[2025-07-03T21:07:32.285+0000] {logging_mixin.py:190} INFO - [2025-07-03T21:07:32.284+0000] {dag.py:3239} INFO - Sync 1 DAGs
[2025-07-03T21:07:32.312+0000] {logging_mixin.py:190} INFO - [2025-07-03T21:07:32.312+0000] {dag.py:4180} INFO - Setting next_dagrun for extract_raw_data_pipeline to 2025-07-03 07:59:00+00:00, run_after=2025-07-04 07:00:00+00:00
[2025-07-03T21:07:32.336+0000] {processor.py:208} INFO - Processing /opt/airflow/dags/driven_data_pipeline.py took 0.350 seconds
[2025-07-03T21:08:05.079+0000] {processor.py:186} INFO - Started process (PID=286) to work on /opt/airflow/dags/driven_data_pipeline.py
[2025-07-03T21:08:05.081+0000] {processor.py:914} INFO - Processing file /opt/airflow/dags/driven_data_pipeline.py for tasks to queue
[2025-07-03T21:08:05.083+0000] {logging_mixin.py:190} INFO - [2025-07-03T21:08:05.082+0000] {dagbag.py:588} INFO - Filling up the DagBag from /opt/airflow/dags/driven_data_pipeline.py
[2025-07-03T21:08:05.786+0000] {processor.py:925} INFO - DAG(s) 'extract_raw_data_pipeline' retrieved from /opt/airflow/dags/driven_data_pipeline.py
[2025-07-03T21:08:05.907+0000] {logging_mixin.py:190} INFO - [2025-07-03T21:08:05.906+0000] {dag.py:3239} INFO - Sync 1 DAGs
[2025-07-03T21:08:05.948+0000] {logging_mixin.py:190} INFO - [2025-07-03T21:08:05.948+0000] {dag.py:4180} INFO - Setting next_dagrun for extract_raw_data_pipeline to 2025-07-03 07:59:00+00:00, run_after=2025-07-04 07:00:00+00:00
[2025-07-03T21:08:06.176+0000] {processor.py:208} INFO - Processing /opt/airflow/dags/driven_data_pipeline.py took 1.114 seconds
[2025-07-03T21:08:36.554+0000] {processor.py:186} INFO - Started process (PID=294) to work on /opt/airflow/dags/driven_data_pipeline.py
[2025-07-03T21:08:36.555+0000] {processor.py:914} INFO - Processing file /opt/airflow/dags/driven_data_pipeline.py for tasks to queue
[2025-07-03T21:08:36.557+0000] {logging_mixin.py:190} INFO - [2025-07-03T21:08:36.557+0000] {dagbag.py:588} INFO - Filling up the DagBag from /opt/airflow/dags/driven_data_pipeline.py
[2025-07-03T21:08:42.607+0000] {processor.py:925} INFO - DAG(s) 'extract_raw_data_pipeline' retrieved from /opt/airflow/dags/driven_data_pipeline.py
[2025-07-03T21:08:42.663+0000] {logging_mixin.py:190} INFO - [2025-07-03T21:08:42.663+0000] {dag.py:3239} INFO - Sync 1 DAGs
[2025-07-03T21:08:42.687+0000] {logging_mixin.py:190} INFO - [2025-07-03T21:08:42.687+0000] {dag.py:4180} INFO - Setting next_dagrun for extract_raw_data_pipeline to 2025-07-03 07:59:00+00:00, run_after=2025-07-04 07:00:00+00:00
[2025-07-03T21:08:42.708+0000] {processor.py:208} INFO - Processing /opt/airflow/dags/driven_data_pipeline.py took 6.163 seconds
[2025-07-03T21:09:13.611+0000] {processor.py:186} INFO - Started process (PID=302) to work on /opt/airflow/dags/driven_data_pipeline.py
[2025-07-03T21:09:13.612+0000] {processor.py:914} INFO - Processing file /opt/airflow/dags/driven_data_pipeline.py for tasks to queue
[2025-07-03T21:09:13.614+0000] {logging_mixin.py:190} INFO - [2025-07-03T21:09:13.614+0000] {dagbag.py:588} INFO - Filling up the DagBag from /opt/airflow/dags/driven_data_pipeline.py
[2025-07-03T21:09:17.431+0000] {processor.py:925} INFO - DAG(s) 'extract_raw_data_pipeline' retrieved from /opt/airflow/dags/driven_data_pipeline.py
[2025-07-03T21:09:17.457+0000] {logging_mixin.py:190} INFO - [2025-07-03T21:09:17.457+0000] {dag.py:3239} INFO - Sync 1 DAGs
[2025-07-03T21:09:17.481+0000] {logging_mixin.py:190} INFO - [2025-07-03T21:09:17.480+0000] {dag.py:4180} INFO - Setting next_dagrun for extract_raw_data_pipeline to 2025-07-03 07:59:00+00:00, run_after=2025-07-04 07:00:00+00:00
[2025-07-03T21:09:18.088+0000] {processor.py:208} INFO - Processing /opt/airflow/dags/driven_data_pipeline.py took 4.485 seconds
[2025-07-03T21:09:49.342+0000] {processor.py:186} INFO - Started process (PID=310) to work on /opt/airflow/dags/driven_data_pipeline.py
[2025-07-03T21:09:49.343+0000] {processor.py:914} INFO - Processing file /opt/airflow/dags/driven_data_pipeline.py for tasks to queue
[2025-07-03T21:09:49.346+0000] {logging_mixin.py:190} INFO - [2025-07-03T21:09:49.345+0000] {dagbag.py:588} INFO - Filling up the DagBag from /opt/airflow/dags/driven_data_pipeline.py
[2025-07-03T21:09:49.660+0000] {processor.py:925} INFO - DAG(s) 'extract_raw_data_pipeline' retrieved from /opt/airflow/dags/driven_data_pipeline.py
[2025-07-03T21:09:49.708+0000] {logging_mixin.py:190} INFO - [2025-07-03T21:09:49.708+0000] {dag.py:3239} INFO - Sync 1 DAGs
[2025-07-03T21:09:49.747+0000] {logging_mixin.py:190} INFO - [2025-07-03T21:09:49.746+0000] {dag.py:4180} INFO - Setting next_dagrun for extract_raw_data_pipeline to 2025-07-03 07:59:00+00:00, run_after=2025-07-04 07:00:00+00:00
[2025-07-03T21:09:49.776+0000] {processor.py:208} INFO - Processing /opt/airflow/dags/driven_data_pipeline.py took 0.445 seconds
[2025-07-03T21:10:20.228+0000] {processor.py:186} INFO - Started process (PID=318) to work on /opt/airflow/dags/driven_data_pipeline.py
[2025-07-03T21:10:20.230+0000] {processor.py:914} INFO - Processing file /opt/airflow/dags/driven_data_pipeline.py for tasks to queue
[2025-07-03T21:10:20.232+0000] {logging_mixin.py:190} INFO - [2025-07-03T21:10:20.231+0000] {dagbag.py:588} INFO - Filling up the DagBag from /opt/airflow/dags/driven_data_pipeline.py
[2025-07-03T21:10:20.492+0000] {processor.py:925} INFO - DAG(s) 'extract_raw_data_pipeline' retrieved from /opt/airflow/dags/driven_data_pipeline.py
[2025-07-03T21:10:20.530+0000] {logging_mixin.py:190} INFO - [2025-07-03T21:10:20.530+0000] {dag.py:3239} INFO - Sync 1 DAGs
[2025-07-03T21:10:20.563+0000] {logging_mixin.py:190} INFO - [2025-07-03T21:10:20.562+0000] {dag.py:4180} INFO - Setting next_dagrun for extract_raw_data_pipeline to 2025-07-03 07:59:00+00:00, run_after=2025-07-04 07:00:00+00:00
[2025-07-03T21:10:20.589+0000] {processor.py:208} INFO - Processing /opt/airflow/dags/driven_data_pipeline.py took 0.370 seconds
[2025-07-03T21:10:50.658+0000] {processor.py:186} INFO - Started process (PID=326) to work on /opt/airflow/dags/driven_data_pipeline.py
[2025-07-03T21:10:50.660+0000] {processor.py:914} INFO - Processing file /opt/airflow/dags/driven_data_pipeline.py for tasks to queue
[2025-07-03T21:10:50.662+0000] {logging_mixin.py:190} INFO - [2025-07-03T21:10:50.662+0000] {dagbag.py:588} INFO - Filling up the DagBag from /opt/airflow/dags/driven_data_pipeline.py
[2025-07-03T21:10:50.900+0000] {processor.py:925} INFO - DAG(s) 'extract_raw_data_pipeline' retrieved from /opt/airflow/dags/driven_data_pipeline.py
[2025-07-03T21:10:50.931+0000] {logging_mixin.py:190} INFO - [2025-07-03T21:10:50.931+0000] {dag.py:3239} INFO - Sync 1 DAGs
[2025-07-03T21:10:50.958+0000] {logging_mixin.py:190} INFO - [2025-07-03T21:10:50.958+0000] {dag.py:4180} INFO - Setting next_dagrun for extract_raw_data_pipeline to 2025-07-03 07:59:00+00:00, run_after=2025-07-04 07:00:00+00:00
[2025-07-03T21:10:50.980+0000] {processor.py:208} INFO - Processing /opt/airflow/dags/driven_data_pipeline.py took 0.331 seconds
[2025-07-03T21:11:21.069+0000] {processor.py:186} INFO - Started process (PID=334) to work on /opt/airflow/dags/driven_data_pipeline.py
[2025-07-03T21:11:21.071+0000] {processor.py:914} INFO - Processing file /opt/airflow/dags/driven_data_pipeline.py for tasks to queue
[2025-07-03T21:11:21.074+0000] {logging_mixin.py:190} INFO - [2025-07-03T21:11:21.073+0000] {dagbag.py:588} INFO - Filling up the DagBag from /opt/airflow/dags/driven_data_pipeline.py
[2025-07-03T21:11:21.416+0000] {processor.py:925} INFO - DAG(s) 'extract_raw_data_pipeline' retrieved from /opt/airflow/dags/driven_data_pipeline.py
[2025-07-03T21:11:21.464+0000] {logging_mixin.py:190} INFO - [2025-07-03T21:11:21.464+0000] {dag.py:3239} INFO - Sync 1 DAGs
[2025-07-03T21:11:21.507+0000] {logging_mixin.py:190} INFO - [2025-07-03T21:11:21.507+0000] {dag.py:4180} INFO - Setting next_dagrun for extract_raw_data_pipeline to 2025-07-03 07:59:00+00:00, run_after=2025-07-04 07:00:00+00:00
[2025-07-03T21:11:21.539+0000] {processor.py:208} INFO - Processing /opt/airflow/dags/driven_data_pipeline.py took 0.483 seconds
[2025-07-03T21:11:51.801+0000] {processor.py:186} INFO - Started process (PID=342) to work on /opt/airflow/dags/driven_data_pipeline.py
[2025-07-03T21:11:51.803+0000] {processor.py:914} INFO - Processing file /opt/airflow/dags/driven_data_pipeline.py for tasks to queue
[2025-07-03T21:11:51.804+0000] {logging_mixin.py:190} INFO - [2025-07-03T21:11:51.804+0000] {dagbag.py:588} INFO - Filling up the DagBag from /opt/airflow/dags/driven_data_pipeline.py
[2025-07-03T21:11:52.142+0000] {processor.py:925} INFO - DAG(s) 'extract_raw_data_pipeline' retrieved from /opt/airflow/dags/driven_data_pipeline.py
[2025-07-03T21:11:52.206+0000] {logging_mixin.py:190} INFO - [2025-07-03T21:11:52.205+0000] {dag.py:3239} INFO - Sync 1 DAGs
[2025-07-03T21:11:52.259+0000] {logging_mixin.py:190} INFO - [2025-07-03T21:11:52.259+0000] {dag.py:4180} INFO - Setting next_dagrun for extract_raw_data_pipeline to 2025-07-03 07:59:00+00:00, run_after=2025-07-04 07:00:00+00:00
[2025-07-03T21:11:52.290+0000] {processor.py:208} INFO - Processing /opt/airflow/dags/driven_data_pipeline.py took 0.498 seconds
[2025-07-03T21:12:22.434+0000] {processor.py:186} INFO - Started process (PID=351) to work on /opt/airflow/dags/driven_data_pipeline.py
[2025-07-03T21:12:22.437+0000] {processor.py:914} INFO - Processing file /opt/airflow/dags/driven_data_pipeline.py for tasks to queue
[2025-07-03T21:12:22.439+0000] {logging_mixin.py:190} INFO - [2025-07-03T21:12:22.439+0000] {dagbag.py:588} INFO - Filling up the DagBag from /opt/airflow/dags/driven_data_pipeline.py
[2025-07-03T21:12:22.946+0000] {processor.py:925} INFO - DAG(s) 'extract_raw_data_pipeline' retrieved from /opt/airflow/dags/driven_data_pipeline.py
[2025-07-03T21:12:23.021+0000] {logging_mixin.py:190} INFO - [2025-07-03T21:12:23.020+0000] {dag.py:3239} INFO - Sync 1 DAGs
[2025-07-03T21:12:23.077+0000] {logging_mixin.py:190} INFO - [2025-07-03T21:12:23.076+0000] {dag.py:4180} INFO - Setting next_dagrun for extract_raw_data_pipeline to 2025-07-03 07:59:00+00:00, run_after=2025-07-04 07:00:00+00:00
[2025-07-03T21:12:23.125+0000] {processor.py:208} INFO - Processing /opt/airflow/dags/driven_data_pipeline.py took 0.703 seconds
[2025-07-03T21:12:53.703+0000] {processor.py:186} INFO - Started process (PID=359) to work on /opt/airflow/dags/driven_data_pipeline.py
[2025-07-03T21:12:53.704+0000] {processor.py:914} INFO - Processing file /opt/airflow/dags/driven_data_pipeline.py for tasks to queue
[2025-07-03T21:12:53.706+0000] {logging_mixin.py:190} INFO - [2025-07-03T21:12:53.706+0000] {dagbag.py:588} INFO - Filling up the DagBag from /opt/airflow/dags/driven_data_pipeline.py
[2025-07-03T21:12:53.916+0000] {processor.py:925} INFO - DAG(s) 'extract_raw_data_pipeline' retrieved from /opt/airflow/dags/driven_data_pipeline.py
[2025-07-03T21:12:53.965+0000] {logging_mixin.py:190} INFO - [2025-07-03T21:12:53.964+0000] {dag.py:3239} INFO - Sync 1 DAGs
[2025-07-03T21:12:54.016+0000] {logging_mixin.py:190} INFO - [2025-07-03T21:12:54.016+0000] {dag.py:4180} INFO - Setting next_dagrun for extract_raw_data_pipeline to 2025-07-03 07:59:00+00:00, run_after=2025-07-04 07:00:00+00:00
[2025-07-03T21:12:54.049+0000] {processor.py:208} INFO - Processing /opt/airflow/dags/driven_data_pipeline.py took 0.354 seconds
[2025-07-03T21:13:24.204+0000] {processor.py:186} INFO - Started process (PID=367) to work on /opt/airflow/dags/driven_data_pipeline.py
[2025-07-03T21:13:24.206+0000] {processor.py:914} INFO - Processing file /opt/airflow/dags/driven_data_pipeline.py for tasks to queue
[2025-07-03T21:13:24.211+0000] {logging_mixin.py:190} INFO - [2025-07-03T21:13:24.210+0000] {dagbag.py:588} INFO - Filling up the DagBag from /opt/airflow/dags/driven_data_pipeline.py
[2025-07-03T21:13:24.782+0000] {processor.py:925} INFO - DAG(s) 'extract_raw_data_pipeline' retrieved from /opt/airflow/dags/driven_data_pipeline.py
[2025-07-03T21:13:24.857+0000] {logging_mixin.py:190} INFO - [2025-07-03T21:13:24.856+0000] {dag.py:3239} INFO - Sync 1 DAGs
[2025-07-03T21:13:24.933+0000] {logging_mixin.py:190} INFO - [2025-07-03T21:13:24.933+0000] {dag.py:4180} INFO - Setting next_dagrun for extract_raw_data_pipeline to 2025-07-03 07:59:00+00:00, run_after=2025-07-04 07:00:00+00:00
[2025-07-03T21:13:24.996+0000] {processor.py:208} INFO - Processing /opt/airflow/dags/driven_data_pipeline.py took 0.811 seconds
[2025-07-03T21:13:55.847+0000] {processor.py:186} INFO - Started process (PID=375) to work on /opt/airflow/dags/driven_data_pipeline.py
[2025-07-03T21:13:55.850+0000] {processor.py:914} INFO - Processing file /opt/airflow/dags/driven_data_pipeline.py for tasks to queue
[2025-07-03T21:13:55.855+0000] {logging_mixin.py:190} INFO - [2025-07-03T21:13:55.853+0000] {dagbag.py:588} INFO - Filling up the DagBag from /opt/airflow/dags/driven_data_pipeline.py
[2025-07-03T21:13:56.522+0000] {processor.py:925} INFO - DAG(s) 'extract_raw_data_pipeline' retrieved from /opt/airflow/dags/driven_data_pipeline.py
[2025-07-03T21:13:56.627+0000] {logging_mixin.py:190} INFO - [2025-07-03T21:13:56.626+0000] {dag.py:3239} INFO - Sync 1 DAGs
[2025-07-03T21:13:56.709+0000] {logging_mixin.py:190} INFO - [2025-07-03T21:13:56.709+0000] {dag.py:4180} INFO - Setting next_dagrun for extract_raw_data_pipeline to 2025-07-03 07:59:00+00:00, run_after=2025-07-04 07:00:00+00:00
[2025-07-03T21:13:56.752+0000] {processor.py:208} INFO - Processing /opt/airflow/dags/driven_data_pipeline.py took 0.927 seconds
[2025-07-03T21:14:27.535+0000] {processor.py:186} INFO - Started process (PID=383) to work on /opt/airflow/dags/driven_data_pipeline.py
[2025-07-03T21:14:27.538+0000] {processor.py:914} INFO - Processing file /opt/airflow/dags/driven_data_pipeline.py for tasks to queue
[2025-07-03T21:14:27.543+0000] {logging_mixin.py:190} INFO - [2025-07-03T21:14:27.541+0000] {dagbag.py:588} INFO - Filling up the DagBag from /opt/airflow/dags/driven_data_pipeline.py
[2025-07-03T21:14:27.933+0000] {processor.py:925} INFO - DAG(s) 'extract_raw_data_pipeline' retrieved from /opt/airflow/dags/driven_data_pipeline.py
[2025-07-03T21:14:27.996+0000] {logging_mixin.py:190} INFO - [2025-07-03T21:14:27.995+0000] {dag.py:3239} INFO - Sync 1 DAGs
[2025-07-03T21:14:28.046+0000] {logging_mixin.py:190} INFO - [2025-07-03T21:14:28.045+0000] {dag.py:4180} INFO - Setting next_dagrun for extract_raw_data_pipeline to 2025-07-03 07:59:00+00:00, run_after=2025-07-04 07:00:00+00:00
[2025-07-03T21:14:28.092+0000] {processor.py:208} INFO - Processing /opt/airflow/dags/driven_data_pipeline.py took 0.570 seconds
[2025-07-03T21:14:58.613+0000] {processor.py:186} INFO - Started process (PID=391) to work on /opt/airflow/dags/driven_data_pipeline.py
[2025-07-03T21:14:58.615+0000] {processor.py:914} INFO - Processing file /opt/airflow/dags/driven_data_pipeline.py for tasks to queue
[2025-07-03T21:14:58.618+0000] {logging_mixin.py:190} INFO - [2025-07-03T21:14:58.617+0000] {dagbag.py:588} INFO - Filling up the DagBag from /opt/airflow/dags/driven_data_pipeline.py
[2025-07-03T21:14:58.948+0000] {processor.py:925} INFO - DAG(s) 'extract_raw_data_pipeline' retrieved from /opt/airflow/dags/driven_data_pipeline.py
[2025-07-03T21:14:59.007+0000] {logging_mixin.py:190} INFO - [2025-07-03T21:14:59.007+0000] {dag.py:3239} INFO - Sync 1 DAGs
[2025-07-03T21:14:59.057+0000] {logging_mixin.py:190} INFO - [2025-07-03T21:14:59.057+0000] {dag.py:4180} INFO - Setting next_dagrun for extract_raw_data_pipeline to 2025-07-03 07:59:00+00:00, run_after=2025-07-04 07:00:00+00:00
[2025-07-03T21:14:59.092+0000] {processor.py:208} INFO - Processing /opt/airflow/dags/driven_data_pipeline.py took 0.493 seconds
[2025-07-03T21:15:29.777+0000] {processor.py:186} INFO - Started process (PID=399) to work on /opt/airflow/dags/driven_data_pipeline.py
[2025-07-03T21:15:29.780+0000] {processor.py:914} INFO - Processing file /opt/airflow/dags/driven_data_pipeline.py for tasks to queue
[2025-07-03T21:15:29.784+0000] {logging_mixin.py:190} INFO - [2025-07-03T21:15:29.782+0000] {dagbag.py:588} INFO - Filling up the DagBag from /opt/airflow/dags/driven_data_pipeline.py
[2025-07-03T21:15:30.232+0000] {processor.py:925} INFO - DAG(s) 'extract_raw_data_pipeline' retrieved from /opt/airflow/dags/driven_data_pipeline.py
[2025-07-03T21:15:30.293+0000] {logging_mixin.py:190} INFO - [2025-07-03T21:15:30.292+0000] {dag.py:3239} INFO - Sync 1 DAGs
[2025-07-03T21:15:30.353+0000] {logging_mixin.py:190} INFO - [2025-07-03T21:15:30.352+0000] {dag.py:4180} INFO - Setting next_dagrun for extract_raw_data_pipeline to 2025-07-03 07:59:00+00:00, run_after=2025-07-04 07:00:00+00:00
[2025-07-03T21:15:30.392+0000] {processor.py:208} INFO - Processing /opt/airflow/dags/driven_data_pipeline.py took 0.631 seconds
[2025-07-03T21:16:00.946+0000] {processor.py:186} INFO - Started process (PID=407) to work on /opt/airflow/dags/driven_data_pipeline.py
[2025-07-03T21:16:00.947+0000] {processor.py:914} INFO - Processing file /opt/airflow/dags/driven_data_pipeline.py for tasks to queue
[2025-07-03T21:16:00.949+0000] {logging_mixin.py:190} INFO - [2025-07-03T21:16:00.949+0000] {dagbag.py:588} INFO - Filling up the DagBag from /opt/airflow/dags/driven_data_pipeline.py
[2025-07-03T21:16:01.308+0000] {processor.py:925} INFO - DAG(s) 'extract_raw_data_pipeline' retrieved from /opt/airflow/dags/driven_data_pipeline.py
[2025-07-03T21:16:01.355+0000] {logging_mixin.py:190} INFO - [2025-07-03T21:16:01.354+0000] {dag.py:3239} INFO - Sync 1 DAGs
[2025-07-03T21:16:01.400+0000] {logging_mixin.py:190} INFO - [2025-07-03T21:16:01.399+0000] {dag.py:4180} INFO - Setting next_dagrun for extract_raw_data_pipeline to 2025-07-03 07:59:00+00:00, run_after=2025-07-04 07:00:00+00:00
[2025-07-03T21:16:01.441+0000] {processor.py:208} INFO - Processing /opt/airflow/dags/driven_data_pipeline.py took 0.503 seconds
[2025-07-03T21:16:31.727+0000] {processor.py:186} INFO - Started process (PID=415) to work on /opt/airflow/dags/driven_data_pipeline.py
[2025-07-03T21:16:31.730+0000] {processor.py:914} INFO - Processing file /opt/airflow/dags/driven_data_pipeline.py for tasks to queue
[2025-07-03T21:16:31.734+0000] {logging_mixin.py:190} INFO - [2025-07-03T21:16:31.732+0000] {dagbag.py:588} INFO - Filling up the DagBag from /opt/airflow/dags/driven_data_pipeline.py
[2025-07-03T21:16:32.208+0000] {processor.py:925} INFO - DAG(s) 'extract_raw_data_pipeline' retrieved from /opt/airflow/dags/driven_data_pipeline.py
[2025-07-03T21:16:32.265+0000] {logging_mixin.py:190} INFO - [2025-07-03T21:16:32.264+0000] {dag.py:3239} INFO - Sync 1 DAGs
[2025-07-03T21:16:32.307+0000] {logging_mixin.py:190} INFO - [2025-07-03T21:16:32.307+0000] {dag.py:4180} INFO - Setting next_dagrun for extract_raw_data_pipeline to 2025-07-03 07:59:00+00:00, run_after=2025-07-04 07:00:00+00:00
[2025-07-03T21:16:32.341+0000] {processor.py:208} INFO - Processing /opt/airflow/dags/driven_data_pipeline.py took 0.637 seconds
[2025-07-03T21:17:02.392+0000] {processor.py:186} INFO - Started process (PID=423) to work on /opt/airflow/dags/driven_data_pipeline.py
[2025-07-03T21:17:02.393+0000] {processor.py:914} INFO - Processing file /opt/airflow/dags/driven_data_pipeline.py for tasks to queue
[2025-07-03T21:17:02.395+0000] {logging_mixin.py:190} INFO - [2025-07-03T21:17:02.394+0000] {dagbag.py:588} INFO - Filling up the DagBag from /opt/airflow/dags/driven_data_pipeline.py
[2025-07-03T21:17:02.600+0000] {processor.py:925} INFO - DAG(s) 'extract_raw_data_pipeline' retrieved from /opt/airflow/dags/driven_data_pipeline.py
[2025-07-03T21:17:02.640+0000] {logging_mixin.py:190} INFO - [2025-07-03T21:17:02.640+0000] {dag.py:3239} INFO - Sync 1 DAGs
[2025-07-03T21:17:02.667+0000] {logging_mixin.py:190} INFO - [2025-07-03T21:17:02.667+0000] {dag.py:4180} INFO - Setting next_dagrun for extract_raw_data_pipeline to 2025-07-03 07:59:00+00:00, run_after=2025-07-04 07:00:00+00:00
[2025-07-03T21:17:02.691+0000] {processor.py:208} INFO - Processing /opt/airflow/dags/driven_data_pipeline.py took 0.305 seconds
[2025-07-03T21:17:32.859+0000] {processor.py:186} INFO - Started process (PID=431) to work on /opt/airflow/dags/driven_data_pipeline.py
[2025-07-03T21:17:32.860+0000] {processor.py:914} INFO - Processing file /opt/airflow/dags/driven_data_pipeline.py for tasks to queue
[2025-07-03T21:17:32.863+0000] {logging_mixin.py:190} INFO - [2025-07-03T21:17:32.863+0000] {dagbag.py:588} INFO - Filling up the DagBag from /opt/airflow/dags/driven_data_pipeline.py
[2025-07-03T21:17:33.091+0000] {processor.py:925} INFO - DAG(s) 'extract_raw_data_pipeline' retrieved from /opt/airflow/dags/driven_data_pipeline.py
[2025-07-03T21:17:33.127+0000] {logging_mixin.py:190} INFO - [2025-07-03T21:17:33.126+0000] {dag.py:3239} INFO - Sync 1 DAGs
[2025-07-03T21:17:33.155+0000] {logging_mixin.py:190} INFO - [2025-07-03T21:17:33.155+0000] {dag.py:4180} INFO - Setting next_dagrun for extract_raw_data_pipeline to 2025-07-03 07:59:00+00:00, run_after=2025-07-04 07:00:00+00:00
[2025-07-03T21:17:33.179+0000] {processor.py:208} INFO - Processing /opt/airflow/dags/driven_data_pipeline.py took 0.329 seconds
[2025-07-03T21:18:03.880+0000] {processor.py:186} INFO - Started process (PID=439) to work on /opt/airflow/dags/driven_data_pipeline.py
[2025-07-03T21:18:03.886+0000] {processor.py:914} INFO - Processing file /opt/airflow/dags/driven_data_pipeline.py for tasks to queue
[2025-07-03T21:18:03.890+0000] {logging_mixin.py:190} INFO - [2025-07-03T21:18:03.889+0000] {dagbag.py:588} INFO - Filling up the DagBag from /opt/airflow/dags/driven_data_pipeline.py
[2025-07-03T21:18:04.712+0000] {processor.py:925} INFO - DAG(s) 'extract_raw_data_pipeline' retrieved from /opt/airflow/dags/driven_data_pipeline.py
[2025-07-03T21:18:04.834+0000] {logging_mixin.py:190} INFO - [2025-07-03T21:18:04.834+0000] {dag.py:3239} INFO - Sync 1 DAGs
[2025-07-03T21:18:04.944+0000] {logging_mixin.py:190} INFO - [2025-07-03T21:18:04.943+0000] {dag.py:4180} INFO - Setting next_dagrun for extract_raw_data_pipeline to 2025-07-03 07:59:00+00:00, run_after=2025-07-04 07:00:00+00:00
[2025-07-03T21:18:05.018+0000] {processor.py:208} INFO - Processing /opt/airflow/dags/driven_data_pipeline.py took 1.159 seconds
[2025-07-03T21:18:36.046+0000] {processor.py:186} INFO - Started process (PID=447) to work on /opt/airflow/dags/driven_data_pipeline.py
[2025-07-03T21:18:36.058+0000] {processor.py:914} INFO - Processing file /opt/airflow/dags/driven_data_pipeline.py for tasks to queue
[2025-07-03T21:18:36.068+0000] {logging_mixin.py:190} INFO - [2025-07-03T21:18:36.065+0000] {dagbag.py:588} INFO - Filling up the DagBag from /opt/airflow/dags/driven_data_pipeline.py
[2025-07-03T21:18:39.339+0000] {processor.py:925} INFO - DAG(s) 'extract_raw_data_pipeline' retrieved from /opt/airflow/dags/driven_data_pipeline.py
[2025-07-03T21:18:39.580+0000] {logging_mixin.py:190} INFO - [2025-07-03T21:18:39.580+0000] {dag.py:3239} INFO - Sync 1 DAGs
[2025-07-03T21:18:39.725+0000] {logging_mixin.py:190} INFO - [2025-07-03T21:18:39.725+0000] {dag.py:4180} INFO - Setting next_dagrun for extract_raw_data_pipeline to 2025-07-03 07:59:00+00:00, run_after=2025-07-04 07:00:00+00:00
[2025-07-03T21:18:39.801+0000] {processor.py:208} INFO - Processing /opt/airflow/dags/driven_data_pipeline.py took 3.835 seconds
[2025-07-03T21:19:10.466+0000] {processor.py:186} INFO - Started process (PID=456) to work on /opt/airflow/dags/driven_data_pipeline.py
[2025-07-03T21:19:10.469+0000] {processor.py:914} INFO - Processing file /opt/airflow/dags/driven_data_pipeline.py for tasks to queue
[2025-07-03T21:19:10.474+0000] {logging_mixin.py:190} INFO - [2025-07-03T21:19:10.472+0000] {dagbag.py:588} INFO - Filling up the DagBag from /opt/airflow/dags/driven_data_pipeline.py
[2025-07-03T21:19:11.069+0000] {processor.py:925} INFO - DAG(s) 'extract_raw_data_pipeline' retrieved from /opt/airflow/dags/driven_data_pipeline.py
[2025-07-03T21:19:11.208+0000] {logging_mixin.py:190} INFO - [2025-07-03T21:19:11.204+0000] {dag.py:3239} INFO - Sync 1 DAGs
[2025-07-03T21:19:11.361+0000] {logging_mixin.py:190} INFO - [2025-07-03T21:19:11.360+0000] {dag.py:4180} INFO - Setting next_dagrun for extract_raw_data_pipeline to 2025-07-03 07:59:00+00:00, run_after=2025-07-04 07:00:00+00:00
[2025-07-03T21:19:11.420+0000] {processor.py:208} INFO - Processing /opt/airflow/dags/driven_data_pipeline.py took 0.976 seconds
[2025-07-03T21:19:42.303+0000] {processor.py:186} INFO - Started process (PID=465) to work on /opt/airflow/dags/driven_data_pipeline.py
[2025-07-03T21:19:42.305+0000] {processor.py:914} INFO - Processing file /opt/airflow/dags/driven_data_pipeline.py for tasks to queue
[2025-07-03T21:19:42.307+0000] {logging_mixin.py:190} INFO - [2025-07-03T21:19:42.307+0000] {dagbag.py:588} INFO - Filling up the DagBag from /opt/airflow/dags/driven_data_pipeline.py
[2025-07-03T21:19:42.637+0000] {processor.py:925} INFO - DAG(s) 'extract_raw_data_pipeline' retrieved from /opt/airflow/dags/driven_data_pipeline.py
[2025-07-03T21:19:42.691+0000] {logging_mixin.py:190} INFO - [2025-07-03T21:19:42.691+0000] {dag.py:3239} INFO - Sync 1 DAGs
[2025-07-03T21:19:42.729+0000] {logging_mixin.py:190} INFO - [2025-07-03T21:19:42.729+0000] {dag.py:4180} INFO - Setting next_dagrun for extract_raw_data_pipeline to 2025-07-03 07:59:00+00:00, run_after=2025-07-04 07:00:00+00:00
[2025-07-03T21:19:42.761+0000] {processor.py:208} INFO - Processing /opt/airflow/dags/driven_data_pipeline.py took 0.469 seconds
[2025-07-03T21:20:12.842+0000] {processor.py:186} INFO - Started process (PID=473) to work on /opt/airflow/dags/driven_data_pipeline.py
[2025-07-03T21:20:12.844+0000] {processor.py:914} INFO - Processing file /opt/airflow/dags/driven_data_pipeline.py for tasks to queue
[2025-07-03T21:20:12.847+0000] {logging_mixin.py:190} INFO - [2025-07-03T21:20:12.846+0000] {dagbag.py:588} INFO - Filling up the DagBag from /opt/airflow/dags/driven_data_pipeline.py
[2025-07-03T21:20:13.160+0000] {processor.py:925} INFO - DAG(s) 'extract_raw_data_pipeline' retrieved from /opt/airflow/dags/driven_data_pipeline.py
[2025-07-03T21:20:13.209+0000] {logging_mixin.py:190} INFO - [2025-07-03T21:20:13.208+0000] {dag.py:3239} INFO - Sync 1 DAGs
[2025-07-03T21:20:13.247+0000] {logging_mixin.py:190} INFO - [2025-07-03T21:20:13.247+0000] {dag.py:4180} INFO - Setting next_dagrun for extract_raw_data_pipeline to 2025-07-03 07:59:00+00:00, run_after=2025-07-04 07:00:00+00:00
[2025-07-03T21:20:13.279+0000] {processor.py:208} INFO - Processing /opt/airflow/dags/driven_data_pipeline.py took 0.451 seconds
[2025-07-03T21:20:44.008+0000] {processor.py:186} INFO - Started process (PID=481) to work on /opt/airflow/dags/driven_data_pipeline.py
[2025-07-03T21:20:44.009+0000] {processor.py:914} INFO - Processing file /opt/airflow/dags/driven_data_pipeline.py for tasks to queue
[2025-07-03T21:20:44.012+0000] {logging_mixin.py:190} INFO - [2025-07-03T21:20:44.011+0000] {dagbag.py:588} INFO - Filling up the DagBag from /opt/airflow/dags/driven_data_pipeline.py
[2025-07-03T21:20:44.699+0000] {processor.py:925} INFO - DAG(s) 'extract_raw_data_pipeline' retrieved from /opt/airflow/dags/driven_data_pipeline.py
[2025-07-03T21:20:44.762+0000] {logging_mixin.py:190} INFO - [2025-07-03T21:20:44.762+0000] {dag.py:3239} INFO - Sync 1 DAGs
[2025-07-03T21:20:44.828+0000] {logging_mixin.py:190} INFO - [2025-07-03T21:20:44.827+0000] {dag.py:4180} INFO - Setting next_dagrun for extract_raw_data_pipeline to 2025-07-03 07:59:00+00:00, run_after=2025-07-04 07:00:00+00:00
[2025-07-03T21:20:44.876+0000] {processor.py:208} INFO - Processing /opt/airflow/dags/driven_data_pipeline.py took 0.876 seconds
[2025-07-03T21:21:15.600+0000] {processor.py:186} INFO - Started process (PID=495) to work on /opt/airflow/dags/driven_data_pipeline.py
[2025-07-03T21:21:15.602+0000] {processor.py:914} INFO - Processing file /opt/airflow/dags/driven_data_pipeline.py for tasks to queue
[2025-07-03T21:21:15.604+0000] {logging_mixin.py:190} INFO - [2025-07-03T21:21:15.603+0000] {dagbag.py:588} INFO - Filling up the DagBag from /opt/airflow/dags/driven_data_pipeline.py
[2025-07-03T21:21:15.813+0000] {processor.py:925} INFO - DAG(s) 'extract_raw_data_pipeline' retrieved from /opt/airflow/dags/driven_data_pipeline.py
[2025-07-03T21:21:15.844+0000] {logging_mixin.py:190} INFO - [2025-07-03T21:21:15.844+0000] {dag.py:3239} INFO - Sync 1 DAGs
[2025-07-03T21:21:15.868+0000] {logging_mixin.py:190} INFO - [2025-07-03T21:21:15.867+0000] {dag.py:4180} INFO - Setting next_dagrun for extract_raw_data_pipeline to 2025-07-03 07:59:00+00:00, run_after=2025-07-04 07:00:00+00:00
[2025-07-03T21:21:15.889+0000] {processor.py:208} INFO - Processing /opt/airflow/dags/driven_data_pipeline.py took 0.296 seconds
[2025-07-03T21:21:46.111+0000] {processor.py:186} INFO - Started process (PID=503) to work on /opt/airflow/dags/driven_data_pipeline.py
[2025-07-03T21:21:46.113+0000] {processor.py:914} INFO - Processing file /opt/airflow/dags/driven_data_pipeline.py for tasks to queue
[2025-07-03T21:21:46.117+0000] {logging_mixin.py:190} INFO - [2025-07-03T21:21:46.116+0000] {dagbag.py:588} INFO - Filling up the DagBag from /opt/airflow/dags/driven_data_pipeline.py
[2025-07-03T21:21:46.405+0000] {processor.py:925} INFO - DAG(s) 'extract_raw_data_pipeline' retrieved from /opt/airflow/dags/driven_data_pipeline.py
[2025-07-03T21:21:46.443+0000] {logging_mixin.py:190} INFO - [2025-07-03T21:21:46.442+0000] {dag.py:3239} INFO - Sync 1 DAGs
[2025-07-03T21:21:46.474+0000] {logging_mixin.py:190} INFO - [2025-07-03T21:21:46.474+0000] {dag.py:4180} INFO - Setting next_dagrun for extract_raw_data_pipeline to 2025-07-03 07:59:00+00:00, run_after=2025-07-04 07:00:00+00:00
[2025-07-03T21:21:46.495+0000] {processor.py:208} INFO - Processing /opt/airflow/dags/driven_data_pipeline.py took 0.395 seconds
[2025-07-03T21:22:17.207+0000] {processor.py:186} INFO - Started process (PID=511) to work on /opt/airflow/dags/driven_data_pipeline.py
[2025-07-03T21:22:17.208+0000] {processor.py:914} INFO - Processing file /opt/airflow/dags/driven_data_pipeline.py for tasks to queue
[2025-07-03T21:22:17.211+0000] {logging_mixin.py:190} INFO - [2025-07-03T21:22:17.210+0000] {dagbag.py:588} INFO - Filling up the DagBag from /opt/airflow/dags/driven_data_pipeline.py
[2025-07-03T21:22:17.429+0000] {processor.py:925} INFO - DAG(s) 'extract_raw_data_pipeline' retrieved from /opt/airflow/dags/driven_data_pipeline.py
[2025-07-03T21:22:17.457+0000] {logging_mixin.py:190} INFO - [2025-07-03T21:22:17.457+0000] {dag.py:3239} INFO - Sync 1 DAGs
[2025-07-03T21:22:17.479+0000] {logging_mixin.py:190} INFO - [2025-07-03T21:22:17.479+0000] {dag.py:4180} INFO - Setting next_dagrun for extract_raw_data_pipeline to 2025-07-03 07:59:00+00:00, run_after=2025-07-04 07:00:00+00:00
[2025-07-03T21:22:17.499+0000] {processor.py:208} INFO - Processing /opt/airflow/dags/driven_data_pipeline.py took 0.301 seconds
[2025-07-03T21:22:48.247+0000] {processor.py:186} INFO - Started process (PID=519) to work on /opt/airflow/dags/driven_data_pipeline.py
[2025-07-03T21:22:48.248+0000] {processor.py:914} INFO - Processing file /opt/airflow/dags/driven_data_pipeline.py for tasks to queue
[2025-07-03T21:22:48.250+0000] {logging_mixin.py:190} INFO - [2025-07-03T21:22:48.250+0000] {dagbag.py:588} INFO - Filling up the DagBag from /opt/airflow/dags/driven_data_pipeline.py
[2025-07-03T21:22:48.445+0000] {processor.py:925} INFO - DAG(s) 'extract_raw_data_pipeline' retrieved from /opt/airflow/dags/driven_data_pipeline.py
[2025-07-03T21:22:48.475+0000] {logging_mixin.py:190} INFO - [2025-07-03T21:22:48.475+0000] {dag.py:3239} INFO - Sync 1 DAGs
[2025-07-03T21:22:48.501+0000] {logging_mixin.py:190} INFO - [2025-07-03T21:22:48.501+0000] {dag.py:4180} INFO - Setting next_dagrun for extract_raw_data_pipeline to 2025-07-03 07:59:00+00:00, run_after=2025-07-04 07:00:00+00:00
[2025-07-03T21:22:48.523+0000] {processor.py:208} INFO - Processing /opt/airflow/dags/driven_data_pipeline.py took 0.285 seconds
[2025-07-03T21:23:18.902+0000] {processor.py:186} INFO - Started process (PID=527) to work on /opt/airflow/dags/driven_data_pipeline.py
[2025-07-03T21:23:18.904+0000] {processor.py:914} INFO - Processing file /opt/airflow/dags/driven_data_pipeline.py for tasks to queue
[2025-07-03T21:23:18.908+0000] {logging_mixin.py:190} INFO - [2025-07-03T21:23:18.907+0000] {dagbag.py:588} INFO - Filling up the DagBag from /opt/airflow/dags/driven_data_pipeline.py
[2025-07-03T21:23:19.349+0000] {processor.py:925} INFO - DAG(s) 'extract_raw_data_pipeline' retrieved from /opt/airflow/dags/driven_data_pipeline.py
[2025-07-03T21:23:19.393+0000] {logging_mixin.py:190} INFO - [2025-07-03T21:23:19.393+0000] {dag.py:3239} INFO - Sync 1 DAGs
[2025-07-03T21:23:19.434+0000] {logging_mixin.py:190} INFO - [2025-07-03T21:23:19.433+0000] {dag.py:4180} INFO - Setting next_dagrun for extract_raw_data_pipeline to 2025-07-03 07:59:00+00:00, run_after=2025-07-04 07:00:00+00:00
[2025-07-03T21:23:19.469+0000] {processor.py:208} INFO - Processing /opt/airflow/dags/driven_data_pipeline.py took 0.586 seconds
[2025-07-03T21:23:49.982+0000] {processor.py:186} INFO - Started process (PID=535) to work on /opt/airflow/dags/driven_data_pipeline.py
[2025-07-03T21:23:49.984+0000] {processor.py:914} INFO - Processing file /opt/airflow/dags/driven_data_pipeline.py for tasks to queue
[2025-07-03T21:23:49.986+0000] {logging_mixin.py:190} INFO - [2025-07-03T21:23:49.985+0000] {dagbag.py:588} INFO - Filling up the DagBag from /opt/airflow/dags/driven_data_pipeline.py
[2025-07-03T21:23:50.285+0000] {processor.py:925} INFO - DAG(s) 'extract_raw_data_pipeline' retrieved from /opt/airflow/dags/driven_data_pipeline.py
[2025-07-03T21:23:50.343+0000] {logging_mixin.py:190} INFO - [2025-07-03T21:23:50.343+0000] {dag.py:3239} INFO - Sync 1 DAGs
[2025-07-03T21:23:50.387+0000] {logging_mixin.py:190} INFO - [2025-07-03T21:23:50.386+0000] {dag.py:4180} INFO - Setting next_dagrun for extract_raw_data_pipeline to 2025-07-03 07:59:00+00:00, run_after=2025-07-04 07:00:00+00:00
[2025-07-03T21:23:50.416+0000] {processor.py:208} INFO - Processing /opt/airflow/dags/driven_data_pipeline.py took 0.448 seconds
[2025-07-03T21:24:20.903+0000] {processor.py:186} INFO - Started process (PID=543) to work on /opt/airflow/dags/driven_data_pipeline.py
[2025-07-03T21:24:20.904+0000] {processor.py:914} INFO - Processing file /opt/airflow/dags/driven_data_pipeline.py for tasks to queue
[2025-07-03T21:24:20.906+0000] {logging_mixin.py:190} INFO - [2025-07-03T21:24:20.905+0000] {dagbag.py:588} INFO - Filling up the DagBag from /opt/airflow/dags/driven_data_pipeline.py
[2025-07-03T21:24:21.091+0000] {processor.py:925} INFO - DAG(s) 'extract_raw_data_pipeline' retrieved from /opt/airflow/dags/driven_data_pipeline.py
[2025-07-03T21:24:21.131+0000] {logging_mixin.py:190} INFO - [2025-07-03T21:24:21.130+0000] {dag.py:3239} INFO - Sync 1 DAGs
[2025-07-03T21:24:21.167+0000] {logging_mixin.py:190} INFO - [2025-07-03T21:24:21.167+0000] {dag.py:4180} INFO - Setting next_dagrun for extract_raw_data_pipeline to 2025-07-03 07:59:00+00:00, run_after=2025-07-04 07:00:00+00:00
[2025-07-03T21:24:21.195+0000] {processor.py:208} INFO - Processing /opt/airflow/dags/driven_data_pipeline.py took 0.299 seconds
[2025-07-03T21:24:51.382+0000] {processor.py:186} INFO - Started process (PID=551) to work on /opt/airflow/dags/driven_data_pipeline.py
[2025-07-03T21:24:51.385+0000] {processor.py:914} INFO - Processing file /opt/airflow/dags/driven_data_pipeline.py for tasks to queue
[2025-07-03T21:24:51.386+0000] {logging_mixin.py:190} INFO - [2025-07-03T21:24:51.386+0000] {dagbag.py:588} INFO - Filling up the DagBag from /opt/airflow/dags/driven_data_pipeline.py
[2025-07-03T21:24:51.605+0000] {processor.py:925} INFO - DAG(s) 'extract_raw_data_pipeline' retrieved from /opt/airflow/dags/driven_data_pipeline.py
[2025-07-03T21:24:51.638+0000] {logging_mixin.py:190} INFO - [2025-07-03T21:24:51.638+0000] {dag.py:3239} INFO - Sync 1 DAGs
[2025-07-03T21:24:51.664+0000] {logging_mixin.py:190} INFO - [2025-07-03T21:24:51.663+0000] {dag.py:4180} INFO - Setting next_dagrun for extract_raw_data_pipeline to 2025-07-03 07:59:00+00:00, run_after=2025-07-04 07:00:00+00:00
[2025-07-03T21:24:51.687+0000] {processor.py:208} INFO - Processing /opt/airflow/dags/driven_data_pipeline.py took 0.312 seconds
[2025-07-03T21:25:21.913+0000] {processor.py:186} INFO - Started process (PID=559) to work on /opt/airflow/dags/driven_data_pipeline.py
[2025-07-03T21:25:21.915+0000] {processor.py:914} INFO - Processing file /opt/airflow/dags/driven_data_pipeline.py for tasks to queue
[2025-07-03T21:25:21.919+0000] {logging_mixin.py:190} INFO - [2025-07-03T21:25:21.918+0000] {dagbag.py:588} INFO - Filling up the DagBag from /opt/airflow/dags/driven_data_pipeline.py
[2025-07-03T21:25:22.325+0000] {processor.py:925} INFO - DAG(s) 'extract_raw_data_pipeline' retrieved from /opt/airflow/dags/driven_data_pipeline.py
[2025-07-03T21:25:22.378+0000] {logging_mixin.py:190} INFO - [2025-07-03T21:25:22.378+0000] {dag.py:3239} INFO - Sync 1 DAGs
[2025-07-03T21:25:22.436+0000] {logging_mixin.py:190} INFO - [2025-07-03T21:25:22.435+0000] {dag.py:4180} INFO - Setting next_dagrun for extract_raw_data_pipeline to 2025-07-03 07:59:00+00:00, run_after=2025-07-04 07:00:00+00:00
[2025-07-03T21:25:22.474+0000] {processor.py:208} INFO - Processing /opt/airflow/dags/driven_data_pipeline.py took 0.581 seconds
[2025-07-03T21:25:52.645+0000] {processor.py:186} INFO - Started process (PID=567) to work on /opt/airflow/dags/driven_data_pipeline.py
[2025-07-03T21:25:52.646+0000] {processor.py:914} INFO - Processing file /opt/airflow/dags/driven_data_pipeline.py for tasks to queue
[2025-07-03T21:25:52.648+0000] {logging_mixin.py:190} INFO - [2025-07-03T21:25:52.648+0000] {dagbag.py:588} INFO - Filling up the DagBag from /opt/airflow/dags/driven_data_pipeline.py
[2025-07-03T21:25:52.834+0000] {processor.py:925} INFO - DAG(s) 'extract_raw_data_pipeline' retrieved from /opt/airflow/dags/driven_data_pipeline.py
[2025-07-03T21:25:52.864+0000] {logging_mixin.py:190} INFO - [2025-07-03T21:25:52.863+0000] {dag.py:3239} INFO - Sync 1 DAGs
[2025-07-03T21:25:52.892+0000] {logging_mixin.py:190} INFO - [2025-07-03T21:25:52.892+0000] {dag.py:4180} INFO - Setting next_dagrun for extract_raw_data_pipeline to 2025-07-03 07:59:00+00:00, run_after=2025-07-04 07:00:00+00:00
[2025-07-03T21:25:52.915+0000] {processor.py:208} INFO - Processing /opt/airflow/dags/driven_data_pipeline.py took 0.277 seconds
[2025-07-03T21:26:23.133+0000] {processor.py:186} INFO - Started process (PID=575) to work on /opt/airflow/dags/driven_data_pipeline.py
[2025-07-03T21:26:23.135+0000] {processor.py:914} INFO - Processing file /opt/airflow/dags/driven_data_pipeline.py for tasks to queue
[2025-07-03T21:26:23.136+0000] {logging_mixin.py:190} INFO - [2025-07-03T21:26:23.136+0000] {dagbag.py:588} INFO - Filling up the DagBag from /opt/airflow/dags/driven_data_pipeline.py
[2025-07-03T21:26:23.347+0000] {processor.py:925} INFO - DAG(s) 'extract_raw_data_pipeline' retrieved from /opt/airflow/dags/driven_data_pipeline.py
[2025-07-03T21:26:23.376+0000] {logging_mixin.py:190} INFO - [2025-07-03T21:26:23.375+0000] {dag.py:3239} INFO - Sync 1 DAGs
[2025-07-03T21:26:23.400+0000] {logging_mixin.py:190} INFO - [2025-07-03T21:26:23.400+0000] {dag.py:4180} INFO - Setting next_dagrun for extract_raw_data_pipeline to 2025-07-03 07:59:00+00:00, run_after=2025-07-04 07:00:00+00:00
[2025-07-03T21:26:23.422+0000] {processor.py:208} INFO - Processing /opt/airflow/dags/driven_data_pipeline.py took 0.297 seconds
[2025-07-03T21:26:53.770+0000] {processor.py:186} INFO - Started process (PID=583) to work on /opt/airflow/dags/driven_data_pipeline.py
[2025-07-03T21:26:53.772+0000] {processor.py:914} INFO - Processing file /opt/airflow/dags/driven_data_pipeline.py for tasks to queue
[2025-07-03T21:26:53.773+0000] {logging_mixin.py:190} INFO - [2025-07-03T21:26:53.773+0000] {dagbag.py:588} INFO - Filling up the DagBag from /opt/airflow/dags/driven_data_pipeline.py
[2025-07-03T21:26:53.969+0000] {processor.py:925} INFO - DAG(s) 'extract_raw_data_pipeline' retrieved from /opt/airflow/dags/driven_data_pipeline.py
[2025-07-03T21:26:53.997+0000] {logging_mixin.py:190} INFO - [2025-07-03T21:26:53.997+0000] {dag.py:3239} INFO - Sync 1 DAGs
[2025-07-03T21:26:54.021+0000] {logging_mixin.py:190} INFO - [2025-07-03T21:26:54.021+0000] {dag.py:4180} INFO - Setting next_dagrun for extract_raw_data_pipeline to 2025-07-03 07:59:00+00:00, run_after=2025-07-04 07:00:00+00:00
[2025-07-03T21:26:54.041+0000] {processor.py:208} INFO - Processing /opt/airflow/dags/driven_data_pipeline.py took 0.278 seconds
[2025-07-03T21:27:24.765+0000] {processor.py:186} INFO - Started process (PID=591) to work on /opt/airflow/dags/driven_data_pipeline.py
[2025-07-03T21:27:24.766+0000] {processor.py:914} INFO - Processing file /opt/airflow/dags/driven_data_pipeline.py for tasks to queue
[2025-07-03T21:27:24.768+0000] {logging_mixin.py:190} INFO - [2025-07-03T21:27:24.768+0000] {dagbag.py:588} INFO - Filling up the DagBag from /opt/airflow/dags/driven_data_pipeline.py
[2025-07-03T21:27:24.960+0000] {processor.py:925} INFO - DAG(s) 'extract_raw_data_pipeline' retrieved from /opt/airflow/dags/driven_data_pipeline.py
[2025-07-03T21:27:24.990+0000] {logging_mixin.py:190} INFO - [2025-07-03T21:27:24.989+0000] {dag.py:3239} INFO - Sync 1 DAGs
[2025-07-03T21:27:25.014+0000] {logging_mixin.py:190} INFO - [2025-07-03T21:27:25.014+0000] {dag.py:4180} INFO - Setting next_dagrun for extract_raw_data_pipeline to 2025-07-03 07:59:00+00:00, run_after=2025-07-04 07:00:00+00:00
[2025-07-03T21:27:25.036+0000] {processor.py:208} INFO - Processing /opt/airflow/dags/driven_data_pipeline.py took 0.279 seconds
[2025-07-03T21:27:55.893+0000] {processor.py:186} INFO - Started process (PID=599) to work on /opt/airflow/dags/driven_data_pipeline.py
[2025-07-03T21:27:55.895+0000] {processor.py:914} INFO - Processing file /opt/airflow/dags/driven_data_pipeline.py for tasks to queue
[2025-07-03T21:27:55.897+0000] {logging_mixin.py:190} INFO - [2025-07-03T21:27:55.897+0000] {dagbag.py:588} INFO - Filling up the DagBag from /opt/airflow/dags/driven_data_pipeline.py
[2025-07-03T21:27:56.425+0000] {processor.py:925} INFO - DAG(s) 'extract_raw_data_pipeline' retrieved from /opt/airflow/dags/driven_data_pipeline.py
[2025-07-03T21:27:56.520+0000] {logging_mixin.py:190} INFO - [2025-07-03T21:27:56.519+0000] {dag.py:3239} INFO - Sync 1 DAGs
[2025-07-03T21:27:56.612+0000] {logging_mixin.py:190} INFO - [2025-07-03T21:27:56.611+0000] {dag.py:4180} INFO - Setting next_dagrun for extract_raw_data_pipeline to 2025-07-03 07:59:00+00:00, run_after=2025-07-04 07:00:00+00:00
[2025-07-03T21:27:56.651+0000] {processor.py:208} INFO - Processing /opt/airflow/dags/driven_data_pipeline.py took 0.768 seconds
[2025-07-03T21:28:27.198+0000] {processor.py:186} INFO - Started process (PID=608) to work on /opt/airflow/dags/driven_data_pipeline.py
[2025-07-03T21:28:27.200+0000] {processor.py:914} INFO - Processing file /opt/airflow/dags/driven_data_pipeline.py for tasks to queue
[2025-07-03T21:28:27.205+0000] {logging_mixin.py:190} INFO - [2025-07-03T21:28:27.204+0000] {dagbag.py:588} INFO - Filling up the DagBag from /opt/airflow/dags/driven_data_pipeline.py
[2025-07-03T21:28:27.599+0000] {processor.py:925} INFO - DAG(s) 'extract_raw_data_pipeline' retrieved from /opt/airflow/dags/driven_data_pipeline.py
[2025-07-03T21:28:27.656+0000] {logging_mixin.py:190} INFO - [2025-07-03T21:28:27.656+0000] {dag.py:3239} INFO - Sync 1 DAGs
[2025-07-03T21:28:27.827+0000] {logging_mixin.py:190} INFO - [2025-07-03T21:28:27.827+0000] {dag.py:4180} INFO - Setting next_dagrun for extract_raw_data_pipeline to 2025-07-03 07:59:00+00:00, run_after=2025-07-04 07:00:00+00:00
[2025-07-03T21:28:27.952+0000] {processor.py:208} INFO - Processing /opt/airflow/dags/driven_data_pipeline.py took 0.771 seconds
[2025-07-03T21:28:58.307+0000] {processor.py:186} INFO - Started process (PID=616) to work on /opt/airflow/dags/driven_data_pipeline.py
[2025-07-03T21:28:58.308+0000] {processor.py:914} INFO - Processing file /opt/airflow/dags/driven_data_pipeline.py for tasks to queue
[2025-07-03T21:28:58.309+0000] {logging_mixin.py:190} INFO - [2025-07-03T21:28:58.309+0000] {dagbag.py:588} INFO - Filling up the DagBag from /opt/airflow/dags/driven_data_pipeline.py
[2025-07-03T21:28:58.520+0000] {processor.py:925} INFO - DAG(s) 'extract_raw_data_pipeline' retrieved from /opt/airflow/dags/driven_data_pipeline.py
[2025-07-03T21:28:58.548+0000] {logging_mixin.py:190} INFO - [2025-07-03T21:28:58.547+0000] {dag.py:3239} INFO - Sync 1 DAGs
[2025-07-03T21:28:58.571+0000] {logging_mixin.py:190} INFO - [2025-07-03T21:28:58.571+0000] {dag.py:4180} INFO - Setting next_dagrun for extract_raw_data_pipeline to 2025-07-03 07:59:00+00:00, run_after=2025-07-04 07:00:00+00:00
[2025-07-03T21:28:58.592+0000] {processor.py:208} INFO - Processing /opt/airflow/dags/driven_data_pipeline.py took 0.293 seconds
[2025-07-03T21:29:28.905+0000] {processor.py:186} INFO - Started process (PID=625) to work on /opt/airflow/dags/driven_data_pipeline.py
[2025-07-03T21:29:28.906+0000] {processor.py:914} INFO - Processing file /opt/airflow/dags/driven_data_pipeline.py for tasks to queue
[2025-07-03T21:29:28.908+0000] {logging_mixin.py:190} INFO - [2025-07-03T21:29:28.908+0000] {dagbag.py:588} INFO - Filling up the DagBag from /opt/airflow/dags/driven_data_pipeline.py
[2025-07-03T21:29:29.179+0000] {processor.py:925} INFO - DAG(s) 'extract_raw_data_pipeline' retrieved from /opt/airflow/dags/driven_data_pipeline.py
[2025-07-03T21:29:29.214+0000] {logging_mixin.py:190} INFO - [2025-07-03T21:29:29.214+0000] {dag.py:3239} INFO - Sync 1 DAGs
[2025-07-03T21:29:29.243+0000] {logging_mixin.py:190} INFO - [2025-07-03T21:29:29.242+0000] {dag.py:4180} INFO - Setting next_dagrun for extract_raw_data_pipeline to 2025-07-03 07:59:00+00:00, run_after=2025-07-04 07:00:00+00:00
[2025-07-03T21:29:29.274+0000] {processor.py:208} INFO - Processing /opt/airflow/dags/driven_data_pipeline.py took 0.381 seconds
[2025-07-03T21:30:00.014+0000] {processor.py:186} INFO - Started process (PID=633) to work on /opt/airflow/dags/driven_data_pipeline.py
[2025-07-03T21:30:00.015+0000] {processor.py:914} INFO - Processing file /opt/airflow/dags/driven_data_pipeline.py for tasks to queue
[2025-07-03T21:30:00.017+0000] {logging_mixin.py:190} INFO - [2025-07-03T21:30:00.017+0000] {dagbag.py:588} INFO - Filling up the DagBag from /opt/airflow/dags/driven_data_pipeline.py
[2025-07-03T21:30:00.209+0000] {processor.py:925} INFO - DAG(s) 'extract_raw_data_pipeline' retrieved from /opt/airflow/dags/driven_data_pipeline.py
[2025-07-03T21:30:00.237+0000] {logging_mixin.py:190} INFO - [2025-07-03T21:30:00.237+0000] {dag.py:3239} INFO - Sync 1 DAGs
[2025-07-03T21:30:00.262+0000] {logging_mixin.py:190} INFO - [2025-07-03T21:30:00.262+0000] {dag.py:4180} INFO - Setting next_dagrun for extract_raw_data_pipeline to 2025-07-03 07:59:00+00:00, run_after=2025-07-04 07:00:00+00:00
[2025-07-03T21:30:00.285+0000] {processor.py:208} INFO - Processing /opt/airflow/dags/driven_data_pipeline.py took 0.278 seconds
[2025-07-03T21:30:30.848+0000] {processor.py:186} INFO - Started process (PID=641) to work on /opt/airflow/dags/driven_data_pipeline.py
[2025-07-03T21:30:30.850+0000] {processor.py:914} INFO - Processing file /opt/airflow/dags/driven_data_pipeline.py for tasks to queue
[2025-07-03T21:30:30.855+0000] {logging_mixin.py:190} INFO - [2025-07-03T21:30:30.853+0000] {dagbag.py:588} INFO - Filling up the DagBag from /opt/airflow/dags/driven_data_pipeline.py
[2025-07-03T21:30:32.286+0000] {processor.py:925} INFO - DAG(s) 'extract_raw_data_pipeline' retrieved from /opt/airflow/dags/driven_data_pipeline.py
[2025-07-03T21:30:32.398+0000] {logging_mixin.py:190} INFO - [2025-07-03T21:30:32.397+0000] {dag.py:3239} INFO - Sync 1 DAGs
[2025-07-03T21:30:32.480+0000] {logging_mixin.py:190} INFO - [2025-07-03T21:30:32.479+0000] {dag.py:4180} INFO - Setting next_dagrun for extract_raw_data_pipeline to 2025-07-03 07:59:00+00:00, run_after=2025-07-04 07:00:00+00:00
[2025-07-03T21:30:32.548+0000] {processor.py:208} INFO - Processing /opt/airflow/dags/driven_data_pipeline.py took 1.719 seconds
[2025-07-03T21:31:02.751+0000] {processor.py:186} INFO - Started process (PID=649) to work on /opt/airflow/dags/driven_data_pipeline.py
[2025-07-03T21:31:02.752+0000] {processor.py:914} INFO - Processing file /opt/airflow/dags/driven_data_pipeline.py for tasks to queue
[2025-07-03T21:31:02.755+0000] {logging_mixin.py:190} INFO - [2025-07-03T21:31:02.754+0000] {dagbag.py:588} INFO - Filling up the DagBag from /opt/airflow/dags/driven_data_pipeline.py
[2025-07-03T21:31:02.963+0000] {processor.py:925} INFO - DAG(s) 'extract_raw_data_pipeline' retrieved from /opt/airflow/dags/driven_data_pipeline.py
[2025-07-03T21:31:02.992+0000] {logging_mixin.py:190} INFO - [2025-07-03T21:31:02.992+0000] {dag.py:3239} INFO - Sync 1 DAGs
[2025-07-03T21:31:03.018+0000] {logging_mixin.py:190} INFO - [2025-07-03T21:31:03.017+0000] {dag.py:4180} INFO - Setting next_dagrun for extract_raw_data_pipeline to 2025-07-03 07:59:00+00:00, run_after=2025-07-04 07:00:00+00:00
[2025-07-03T21:31:03.041+0000] {processor.py:208} INFO - Processing /opt/airflow/dags/driven_data_pipeline.py took 0.298 seconds
[2025-07-03T21:31:33.270+0000] {processor.py:186} INFO - Started process (PID=657) to work on /opt/airflow/dags/driven_data_pipeline.py
[2025-07-03T21:31:33.271+0000] {processor.py:914} INFO - Processing file /opt/airflow/dags/driven_data_pipeline.py for tasks to queue
[2025-07-03T21:31:33.273+0000] {logging_mixin.py:190} INFO - [2025-07-03T21:31:33.273+0000] {dagbag.py:588} INFO - Filling up the DagBag from /opt/airflow/dags/driven_data_pipeline.py
[2025-07-03T21:31:33.460+0000] {processor.py:925} INFO - DAG(s) 'extract_raw_data_pipeline' retrieved from /opt/airflow/dags/driven_data_pipeline.py
[2025-07-03T21:31:33.498+0000] {logging_mixin.py:190} INFO - [2025-07-03T21:31:33.498+0000] {dag.py:3239} INFO - Sync 1 DAGs
[2025-07-03T21:31:33.533+0000] {logging_mixin.py:190} INFO - [2025-07-03T21:31:33.532+0000] {dag.py:4180} INFO - Setting next_dagrun for extract_raw_data_pipeline to 2025-07-03 07:59:00+00:00, run_after=2025-07-04 07:00:00+00:00
[2025-07-03T21:31:33.561+0000] {processor.py:208} INFO - Processing /opt/airflow/dags/driven_data_pipeline.py took 0.298 seconds
[2025-07-03T21:32:04.041+0000] {processor.py:186} INFO - Started process (PID=665) to work on /opt/airflow/dags/driven_data_pipeline.py
[2025-07-03T21:32:04.043+0000] {processor.py:914} INFO - Processing file /opt/airflow/dags/driven_data_pipeline.py for tasks to queue
[2025-07-03T21:32:04.044+0000] {logging_mixin.py:190} INFO - [2025-07-03T21:32:04.044+0000] {dagbag.py:588} INFO - Filling up the DagBag from /opt/airflow/dags/driven_data_pipeline.py
[2025-07-03T21:32:04.277+0000] {processor.py:925} INFO - DAG(s) 'extract_raw_data_pipeline' retrieved from /opt/airflow/dags/driven_data_pipeline.py
[2025-07-03T21:32:04.307+0000] {logging_mixin.py:190} INFO - [2025-07-03T21:32:04.307+0000] {dag.py:3239} INFO - Sync 1 DAGs
[2025-07-03T21:32:04.334+0000] {logging_mixin.py:190} INFO - [2025-07-03T21:32:04.334+0000] {dag.py:4180} INFO - Setting next_dagrun for extract_raw_data_pipeline to 2025-07-03 07:59:00+00:00, run_after=2025-07-04 07:00:00+00:00
[2025-07-03T21:32:04.362+0000] {processor.py:208} INFO - Processing /opt/airflow/dags/driven_data_pipeline.py took 0.327 seconds
[2025-07-03T21:32:35.035+0000] {processor.py:186} INFO - Started process (PID=673) to work on /opt/airflow/dags/driven_data_pipeline.py
[2025-07-03T21:32:35.036+0000] {processor.py:914} INFO - Processing file /opt/airflow/dags/driven_data_pipeline.py for tasks to queue
[2025-07-03T21:32:35.038+0000] {logging_mixin.py:190} INFO - [2025-07-03T21:32:35.037+0000] {dagbag.py:588} INFO - Filling up the DagBag from /opt/airflow/dags/driven_data_pipeline.py
[2025-07-03T21:32:35.232+0000] {processor.py:925} INFO - DAG(s) 'extract_raw_data_pipeline' retrieved from /opt/airflow/dags/driven_data_pipeline.py
[2025-07-03T21:32:35.262+0000] {logging_mixin.py:190} INFO - [2025-07-03T21:32:35.261+0000] {dag.py:3239} INFO - Sync 1 DAGs
[2025-07-03T21:32:35.286+0000] {logging_mixin.py:190} INFO - [2025-07-03T21:32:35.285+0000] {dag.py:4180} INFO - Setting next_dagrun for extract_raw_data_pipeline to 2025-07-03 07:59:00+00:00, run_after=2025-07-04 07:00:00+00:00
[2025-07-03T21:32:35.309+0000] {processor.py:208} INFO - Processing /opt/airflow/dags/driven_data_pipeline.py took 0.281 seconds
[2025-07-03T21:33:05.925+0000] {processor.py:186} INFO - Started process (PID=681) to work on /opt/airflow/dags/driven_data_pipeline.py
[2025-07-03T21:33:05.927+0000] {processor.py:914} INFO - Processing file /opt/airflow/dags/driven_data_pipeline.py for tasks to queue
[2025-07-03T21:33:05.931+0000] {logging_mixin.py:190} INFO - [2025-07-03T21:33:05.930+0000] {dagbag.py:588} INFO - Filling up the DagBag from /opt/airflow/dags/driven_data_pipeline.py
[2025-07-03T21:33:06.488+0000] {processor.py:925} INFO - DAG(s) 'extract_raw_data_pipeline' retrieved from /opt/airflow/dags/driven_data_pipeline.py
[2025-07-03T21:33:06.642+0000] {logging_mixin.py:190} INFO - [2025-07-03T21:33:06.641+0000] {dag.py:3239} INFO - Sync 1 DAGs
[2025-07-03T21:33:06.766+0000] {logging_mixin.py:190} INFO - [2025-07-03T21:33:06.765+0000] {dag.py:4180} INFO - Setting next_dagrun for extract_raw_data_pipeline to 2025-07-03 07:59:00+00:00, run_after=2025-07-04 07:00:00+00:00
[2025-07-03T21:33:06.830+0000] {processor.py:208} INFO - Processing /opt/airflow/dags/driven_data_pipeline.py took 0.917 seconds
[2025-07-03T21:33:37.504+0000] {processor.py:186} INFO - Started process (PID=689) to work on /opt/airflow/dags/driven_data_pipeline.py
[2025-07-03T21:33:37.507+0000] {processor.py:914} INFO - Processing file /opt/airflow/dags/driven_data_pipeline.py for tasks to queue
[2025-07-03T21:33:37.510+0000] {logging_mixin.py:190} INFO - [2025-07-03T21:33:37.509+0000] {dagbag.py:588} INFO - Filling up the DagBag from /opt/airflow/dags/driven_data_pipeline.py
[2025-07-03T21:33:38.084+0000] {processor.py:925} INFO - DAG(s) 'extract_raw_data_pipeline' retrieved from /opt/airflow/dags/driven_data_pipeline.py
[2025-07-03T21:33:38.334+0000] {logging_mixin.py:190} INFO - [2025-07-03T21:33:38.331+0000] {dag.py:3239} INFO - Sync 1 DAGs
[2025-07-03T21:33:38.796+0000] {logging_mixin.py:190} INFO - [2025-07-03T21:33:38.796+0000] {dag.py:4180} INFO - Setting next_dagrun for extract_raw_data_pipeline to 2025-07-03 07:59:00+00:00, run_after=2025-07-04 07:00:00+00:00
[2025-07-03T21:33:38.841+0000] {processor.py:208} INFO - Processing /opt/airflow/dags/driven_data_pipeline.py took 0.778 seconds
[2025-07-03T21:34:09.893+0000] {processor.py:186} INFO - Started process (PID=697) to work on /opt/airflow/dags/driven_data_pipeline.py
[2025-07-03T21:34:09.895+0000] {processor.py:914} INFO - Processing file /opt/airflow/dags/driven_data_pipeline.py for tasks to queue
[2025-07-03T21:34:09.898+0000] {logging_mixin.py:190} INFO - [2025-07-03T21:34:09.897+0000] {dagbag.py:588} INFO - Filling up the DagBag from /opt/airflow/dags/driven_data_pipeline.py
[2025-07-03T21:34:10.197+0000] {processor.py:925} INFO - DAG(s) 'extract_raw_data_pipeline' retrieved from /opt/airflow/dags/driven_data_pipeline.py
[2025-07-03T21:34:10.241+0000] {logging_mixin.py:190} INFO - [2025-07-03T21:34:10.241+0000] {dag.py:3239} INFO - Sync 1 DAGs
[2025-07-03T21:34:10.276+0000] {logging_mixin.py:190} INFO - [2025-07-03T21:34:10.276+0000] {dag.py:4180} INFO - Setting next_dagrun for extract_raw_data_pipeline to 2025-07-03 07:59:00+00:00, run_after=2025-07-04 07:00:00+00:00
[2025-07-03T21:34:10.304+0000] {processor.py:208} INFO - Processing /opt/airflow/dags/driven_data_pipeline.py took 0.422 seconds
[2025-07-03T21:34:41.156+0000] {processor.py:186} INFO - Started process (PID=705) to work on /opt/airflow/dags/driven_data_pipeline.py
[2025-07-03T21:34:41.158+0000] {processor.py:914} INFO - Processing file /opt/airflow/dags/driven_data_pipeline.py for tasks to queue
[2025-07-03T21:34:41.163+0000] {logging_mixin.py:190} INFO - [2025-07-03T21:34:41.162+0000] {dagbag.py:588} INFO - Filling up the DagBag from /opt/airflow/dags/driven_data_pipeline.py
[2025-07-03T21:34:41.728+0000] {processor.py:925} INFO - DAG(s) 'extract_raw_data_pipeline' retrieved from /opt/airflow/dags/driven_data_pipeline.py
[2025-07-03T21:34:41.793+0000] {logging_mixin.py:190} INFO - [2025-07-03T21:34:41.793+0000] {dag.py:3239} INFO - Sync 1 DAGs
[2025-07-03T21:34:41.847+0000] {logging_mixin.py:190} INFO - [2025-07-03T21:34:41.846+0000] {dag.py:4180} INFO - Setting next_dagrun for extract_raw_data_pipeline to 2025-07-03 07:59:00+00:00, run_after=2025-07-04 07:00:00+00:00
[2025-07-03T21:34:41.886+0000] {processor.py:208} INFO - Processing /opt/airflow/dags/driven_data_pipeline.py took 0.752 seconds
[2025-07-03T21:35:12.028+0000] {processor.py:186} INFO - Started process (PID=713) to work on /opt/airflow/dags/driven_data_pipeline.py
[2025-07-03T21:35:12.030+0000] {processor.py:914} INFO - Processing file /opt/airflow/dags/driven_data_pipeline.py for tasks to queue
[2025-07-03T21:35:12.033+0000] {logging_mixin.py:190} INFO - [2025-07-03T21:35:12.032+0000] {dagbag.py:588} INFO - Filling up the DagBag from /opt/airflow/dags/driven_data_pipeline.py
[2025-07-03T21:35:12.252+0000] {processor.py:925} INFO - DAG(s) 'extract_raw_data_pipeline' retrieved from /opt/airflow/dags/driven_data_pipeline.py
[2025-07-03T21:35:12.286+0000] {logging_mixin.py:190} INFO - [2025-07-03T21:35:12.286+0000] {dag.py:3239} INFO - Sync 1 DAGs
[2025-07-03T21:35:12.320+0000] {logging_mixin.py:190} INFO - [2025-07-03T21:35:12.320+0000] {dag.py:4180} INFO - Setting next_dagrun for extract_raw_data_pipeline to 2025-07-03 07:59:00+00:00, run_after=2025-07-04 07:00:00+00:00
[2025-07-03T21:35:12.347+0000] {processor.py:208} INFO - Processing /opt/airflow/dags/driven_data_pipeline.py took 0.327 seconds
[2025-07-03T21:35:42.938+0000] {processor.py:186} INFO - Started process (PID=721) to work on /opt/airflow/dags/driven_data_pipeline.py
[2025-07-03T21:35:42.939+0000] {processor.py:914} INFO - Processing file /opt/airflow/dags/driven_data_pipeline.py for tasks to queue
[2025-07-03T21:35:42.941+0000] {logging_mixin.py:190} INFO - [2025-07-03T21:35:42.940+0000] {dagbag.py:588} INFO - Filling up the DagBag from /opt/airflow/dags/driven_data_pipeline.py
[2025-07-03T21:35:43.139+0000] {processor.py:925} INFO - DAG(s) 'extract_raw_data_pipeline' retrieved from /opt/airflow/dags/driven_data_pipeline.py
[2025-07-03T21:35:43.173+0000] {logging_mixin.py:190} INFO - [2025-07-03T21:35:43.173+0000] {dag.py:3239} INFO - Sync 1 DAGs
[2025-07-03T21:35:43.200+0000] {logging_mixin.py:190} INFO - [2025-07-03T21:35:43.200+0000] {dag.py:4180} INFO - Setting next_dagrun for extract_raw_data_pipeline to 2025-07-03 07:59:00+00:00, run_after=2025-07-04 07:00:00+00:00
[2025-07-03T21:35:43.222+0000] {processor.py:208} INFO - Processing /opt/airflow/dags/driven_data_pipeline.py took 0.292 seconds
[2025-07-03T21:36:13.818+0000] {processor.py:186} INFO - Started process (PID=729) to work on /opt/airflow/dags/driven_data_pipeline.py
[2025-07-03T21:36:13.819+0000] {processor.py:914} INFO - Processing file /opt/airflow/dags/driven_data_pipeline.py for tasks to queue
[2025-07-03T21:36:13.821+0000] {logging_mixin.py:190} INFO - [2025-07-03T21:36:13.821+0000] {dagbag.py:588} INFO - Filling up the DagBag from /opt/airflow/dags/driven_data_pipeline.py
[2025-07-03T21:36:14.058+0000] {processor.py:925} INFO - DAG(s) 'extract_raw_data_pipeline' retrieved from /opt/airflow/dags/driven_data_pipeline.py
[2025-07-03T21:36:14.098+0000] {logging_mixin.py:190} INFO - [2025-07-03T21:36:14.097+0000] {dag.py:3239} INFO - Sync 1 DAGs
[2025-07-03T21:36:14.133+0000] {logging_mixin.py:190} INFO - [2025-07-03T21:36:14.132+0000] {dag.py:4180} INFO - Setting next_dagrun for extract_raw_data_pipeline to 2025-07-03 07:59:00+00:00, run_after=2025-07-04 07:00:00+00:00
[2025-07-03T21:36:14.165+0000] {processor.py:208} INFO - Processing /opt/airflow/dags/driven_data_pipeline.py took 0.358 seconds
[2025-07-03T21:36:44.947+0000] {processor.py:186} INFO - Started process (PID=737) to work on /opt/airflow/dags/driven_data_pipeline.py
[2025-07-03T21:36:44.949+0000] {processor.py:914} INFO - Processing file /opt/airflow/dags/driven_data_pipeline.py for tasks to queue
[2025-07-03T21:36:44.951+0000] {logging_mixin.py:190} INFO - [2025-07-03T21:36:44.950+0000] {dagbag.py:588} INFO - Filling up the DagBag from /opt/airflow/dags/driven_data_pipeline.py
[2025-07-03T21:36:45.159+0000] {processor.py:925} INFO - DAG(s) 'extract_raw_data_pipeline' retrieved from /opt/airflow/dags/driven_data_pipeline.py
[2025-07-03T21:36:45.193+0000] {logging_mixin.py:190} INFO - [2025-07-03T21:36:45.192+0000] {dag.py:3239} INFO - Sync 1 DAGs
[2025-07-03T21:36:45.221+0000] {logging_mixin.py:190} INFO - [2025-07-03T21:36:45.221+0000] {dag.py:4180} INFO - Setting next_dagrun for extract_raw_data_pipeline to 2025-07-03 07:59:00+00:00, run_after=2025-07-04 07:00:00+00:00
[2025-07-03T21:36:45.243+0000] {processor.py:208} INFO - Processing /opt/airflow/dags/driven_data_pipeline.py took 0.304 seconds
[2025-07-03T21:37:16.090+0000] {processor.py:186} INFO - Started process (PID=745) to work on /opt/airflow/dags/driven_data_pipeline.py
[2025-07-03T21:37:16.092+0000] {processor.py:914} INFO - Processing file /opt/airflow/dags/driven_data_pipeline.py for tasks to queue
[2025-07-03T21:37:16.097+0000] {logging_mixin.py:190} INFO - [2025-07-03T21:37:16.096+0000] {dagbag.py:588} INFO - Filling up the DagBag from /opt/airflow/dags/driven_data_pipeline.py
[2025-07-03T21:37:16.573+0000] {processor.py:925} INFO - DAG(s) 'extract_raw_data_pipeline' retrieved from /opt/airflow/dags/driven_data_pipeline.py
[2025-07-03T21:37:16.829+0000] {logging_mixin.py:190} INFO - [2025-07-03T21:37:16.828+0000] {dag.py:3239} INFO - Sync 1 DAGs
[2025-07-03T21:37:17.053+0000] {logging_mixin.py:190} INFO - [2025-07-03T21:37:17.052+0000] {dag.py:4180} INFO - Setting next_dagrun for extract_raw_data_pipeline to 2025-07-03 07:59:00+00:00, run_after=2025-07-04 07:00:00+00:00
[2025-07-03T21:37:17.096+0000] {processor.py:208} INFO - Processing /opt/airflow/dags/driven_data_pipeline.py took 1.027 seconds
[2025-07-03T21:37:47.610+0000] {processor.py:186} INFO - Started process (PID=753) to work on /opt/airflow/dags/driven_data_pipeline.py
[2025-07-03T21:37:47.612+0000] {processor.py:914} INFO - Processing file /opt/airflow/dags/driven_data_pipeline.py for tasks to queue
[2025-07-03T21:37:47.615+0000] {logging_mixin.py:190} INFO - [2025-07-03T21:37:47.614+0000] {dagbag.py:588} INFO - Filling up the DagBag from /opt/airflow/dags/driven_data_pipeline.py
[2025-07-03T21:37:47.930+0000] {processor.py:925} INFO - DAG(s) 'extract_raw_data_pipeline' retrieved from /opt/airflow/dags/driven_data_pipeline.py
[2025-07-03T21:37:47.986+0000] {logging_mixin.py:190} INFO - [2025-07-03T21:37:47.985+0000] {dag.py:3239} INFO - Sync 1 DAGs
[2025-07-03T21:37:48.032+0000] {logging_mixin.py:190} INFO - [2025-07-03T21:37:48.031+0000] {dag.py:4180} INFO - Setting next_dagrun for extract_raw_data_pipeline to 2025-07-03 07:59:00+00:00, run_after=2025-07-04 07:00:00+00:00
[2025-07-03T21:37:48.075+0000] {processor.py:208} INFO - Processing /opt/airflow/dags/driven_data_pipeline.py took 0.479 seconds
[2025-07-03T21:38:18.582+0000] {processor.py:186} INFO - Started process (PID=761) to work on /opt/airflow/dags/driven_data_pipeline.py
[2025-07-03T21:38:18.583+0000] {processor.py:914} INFO - Processing file /opt/airflow/dags/driven_data_pipeline.py for tasks to queue
[2025-07-03T21:38:18.585+0000] {logging_mixin.py:190} INFO - [2025-07-03T21:38:18.584+0000] {dagbag.py:588} INFO - Filling up the DagBag from /opt/airflow/dags/driven_data_pipeline.py
[2025-07-03T21:38:18.783+0000] {processor.py:925} INFO - DAG(s) 'extract_raw_data_pipeline' retrieved from /opt/airflow/dags/driven_data_pipeline.py
[2025-07-03T21:38:18.813+0000] {logging_mixin.py:190} INFO - [2025-07-03T21:38:18.812+0000] {dag.py:3239} INFO - Sync 1 DAGs
[2025-07-03T21:38:18.840+0000] {logging_mixin.py:190} INFO - [2025-07-03T21:38:18.840+0000] {dag.py:4180} INFO - Setting next_dagrun for extract_raw_data_pipeline to 2025-07-03 07:59:00+00:00, run_after=2025-07-04 07:00:00+00:00
[2025-07-03T21:38:18.862+0000] {processor.py:208} INFO - Processing /opt/airflow/dags/driven_data_pipeline.py took 0.288 seconds
[2025-07-03T21:38:49.472+0000] {processor.py:186} INFO - Started process (PID=769) to work on /opt/airflow/dags/driven_data_pipeline.py
[2025-07-03T21:38:49.474+0000] {processor.py:914} INFO - Processing file /opt/airflow/dags/driven_data_pipeline.py for tasks to queue
[2025-07-03T21:38:49.477+0000] {logging_mixin.py:190} INFO - [2025-07-03T21:38:49.476+0000] {dagbag.py:588} INFO - Filling up the DagBag from /opt/airflow/dags/driven_data_pipeline.py
[2025-07-03T21:38:49.805+0000] {processor.py:925} INFO - DAG(s) 'extract_raw_data_pipeline' retrieved from /opt/airflow/dags/driven_data_pipeline.py
[2025-07-03T21:38:49.849+0000] {logging_mixin.py:190} INFO - [2025-07-03T21:38:49.848+0000] {dag.py:3239} INFO - Sync 1 DAGs
[2025-07-03T21:38:49.885+0000] {logging_mixin.py:190} INFO - [2025-07-03T21:38:49.885+0000] {dag.py:4180} INFO - Setting next_dagrun for extract_raw_data_pipeline to 2025-07-03 07:59:00+00:00, run_after=2025-07-04 07:00:00+00:00
[2025-07-03T21:38:49.915+0000] {processor.py:208} INFO - Processing /opt/airflow/dags/driven_data_pipeline.py took 0.456 seconds
[2025-07-03T21:39:20.654+0000] {processor.py:186} INFO - Started process (PID=777) to work on /opt/airflow/dags/driven_data_pipeline.py
[2025-07-03T21:39:20.656+0000] {processor.py:914} INFO - Processing file /opt/airflow/dags/driven_data_pipeline.py for tasks to queue
[2025-07-03T21:39:20.657+0000] {logging_mixin.py:190} INFO - [2025-07-03T21:39:20.657+0000] {dagbag.py:588} INFO - Filling up the DagBag from /opt/airflow/dags/driven_data_pipeline.py
[2025-07-03T21:39:20.855+0000] {processor.py:925} INFO - DAG(s) 'extract_raw_data_pipeline' retrieved from /opt/airflow/dags/driven_data_pipeline.py
[2025-07-03T21:39:20.886+0000] {logging_mixin.py:190} INFO - [2025-07-03T21:39:20.885+0000] {dag.py:3239} INFO - Sync 1 DAGs
[2025-07-03T21:39:20.909+0000] {logging_mixin.py:190} INFO - [2025-07-03T21:39:20.909+0000] {dag.py:4180} INFO - Setting next_dagrun for extract_raw_data_pipeline to 2025-07-03 07:59:00+00:00, run_after=2025-07-04 07:00:00+00:00
[2025-07-03T21:39:20.930+0000] {processor.py:208} INFO - Processing /opt/airflow/dags/driven_data_pipeline.py took 0.282 seconds
[2025-07-03T21:39:51.764+0000] {processor.py:186} INFO - Started process (PID=785) to work on /opt/airflow/dags/driven_data_pipeline.py
[2025-07-03T21:39:51.766+0000] {processor.py:914} INFO - Processing file /opt/airflow/dags/driven_data_pipeline.py for tasks to queue
[2025-07-03T21:39:51.767+0000] {logging_mixin.py:190} INFO - [2025-07-03T21:39:51.767+0000] {dagbag.py:588} INFO - Filling up the DagBag from /opt/airflow/dags/driven_data_pipeline.py
[2025-07-03T21:39:51.962+0000] {processor.py:925} INFO - DAG(s) 'extract_raw_data_pipeline' retrieved from /opt/airflow/dags/driven_data_pipeline.py
[2025-07-03T21:39:52.016+0000] {logging_mixin.py:190} INFO - [2025-07-03T21:39:52.015+0000] {dag.py:3239} INFO - Sync 1 DAGs
[2025-07-03T21:39:52.054+0000] {logging_mixin.py:190} INFO - [2025-07-03T21:39:52.053+0000] {dag.py:4180} INFO - Setting next_dagrun for extract_raw_data_pipeline to 2025-07-03 07:59:00+00:00, run_after=2025-07-04 07:00:00+00:00
[2025-07-03T21:39:52.081+0000] {processor.py:208} INFO - Processing /opt/airflow/dags/driven_data_pipeline.py took 0.326 seconds
[2025-07-03T21:40:22.697+0000] {processor.py:186} INFO - Started process (PID=794) to work on /opt/airflow/dags/driven_data_pipeline.py
[2025-07-03T21:40:22.698+0000] {processor.py:914} INFO - Processing file /opt/airflow/dags/driven_data_pipeline.py for tasks to queue
[2025-07-03T21:40:22.700+0000] {logging_mixin.py:190} INFO - [2025-07-03T21:40:22.700+0000] {dagbag.py:588} INFO - Filling up the DagBag from /opt/airflow/dags/driven_data_pipeline.py
[2025-07-03T21:40:22.905+0000] {processor.py:925} INFO - DAG(s) 'extract_raw_data_pipeline' retrieved from /opt/airflow/dags/driven_data_pipeline.py
[2025-07-03T21:40:22.937+0000] {logging_mixin.py:190} INFO - [2025-07-03T21:40:22.937+0000] {dag.py:3239} INFO - Sync 1 DAGs
[2025-07-03T21:40:22.966+0000] {logging_mixin.py:190} INFO - [2025-07-03T21:40:22.966+0000] {dag.py:4180} INFO - Setting next_dagrun for extract_raw_data_pipeline to 2025-07-03 07:59:00+00:00, run_after=2025-07-04 07:00:00+00:00
[2025-07-03T21:40:22.989+0000] {processor.py:208} INFO - Processing /opt/airflow/dags/driven_data_pipeline.py took 0.301 seconds
[2025-07-03T21:40:53.791+0000] {processor.py:186} INFO - Started process (PID=802) to work on /opt/airflow/dags/driven_data_pipeline.py
[2025-07-03T21:40:53.792+0000] {processor.py:914} INFO - Processing file /opt/airflow/dags/driven_data_pipeline.py for tasks to queue
[2025-07-03T21:40:53.795+0000] {logging_mixin.py:190} INFO - [2025-07-03T21:40:53.794+0000] {dagbag.py:588} INFO - Filling up the DagBag from /opt/airflow/dags/driven_data_pipeline.py
[2025-07-03T21:40:53.998+0000] {processor.py:925} INFO - DAG(s) 'extract_raw_data_pipeline' retrieved from /opt/airflow/dags/driven_data_pipeline.py
[2025-07-03T21:40:54.034+0000] {logging_mixin.py:190} INFO - [2025-07-03T21:40:54.033+0000] {dag.py:3239} INFO - Sync 1 DAGs
[2025-07-03T21:40:54.062+0000] {logging_mixin.py:190} INFO - [2025-07-03T21:40:54.062+0000] {dag.py:4180} INFO - Setting next_dagrun for extract_raw_data_pipeline to 2025-07-03 07:59:00+00:00, run_after=2025-07-04 07:00:00+00:00
[2025-07-03T21:40:54.090+0000] {processor.py:208} INFO - Processing /opt/airflow/dags/driven_data_pipeline.py took 0.307 seconds
[2025-07-03T21:41:24.704+0000] {processor.py:186} INFO - Started process (PID=810) to work on /opt/airflow/dags/driven_data_pipeline.py
[2025-07-03T21:41:24.705+0000] {processor.py:914} INFO - Processing file /opt/airflow/dags/driven_data_pipeline.py for tasks to queue
[2025-07-03T21:41:24.706+0000] {logging_mixin.py:190} INFO - [2025-07-03T21:41:24.706+0000] {dagbag.py:588} INFO - Filling up the DagBag from /opt/airflow/dags/driven_data_pipeline.py
[2025-07-03T21:41:24.892+0000] {processor.py:925} INFO - DAG(s) 'extract_raw_data_pipeline' retrieved from /opt/airflow/dags/driven_data_pipeline.py
[2025-07-03T21:41:24.924+0000] {logging_mixin.py:190} INFO - [2025-07-03T21:41:24.924+0000] {dag.py:3239} INFO - Sync 1 DAGs
[2025-07-03T21:41:24.948+0000] {logging_mixin.py:190} INFO - [2025-07-03T21:41:24.948+0000] {dag.py:4180} INFO - Setting next_dagrun for extract_raw_data_pipeline to 2025-07-03 07:59:00+00:00, run_after=2025-07-04 07:00:00+00:00
[2025-07-03T21:41:24.970+0000] {processor.py:208} INFO - Processing /opt/airflow/dags/driven_data_pipeline.py took 0.273 seconds
[2025-07-03T21:41:55.616+0000] {processor.py:186} INFO - Started process (PID=818) to work on /opt/airflow/dags/driven_data_pipeline.py
[2025-07-03T21:41:55.617+0000] {processor.py:914} INFO - Processing file /opt/airflow/dags/driven_data_pipeline.py for tasks to queue
[2025-07-03T21:41:55.619+0000] {logging_mixin.py:190} INFO - [2025-07-03T21:41:55.618+0000] {dagbag.py:588} INFO - Filling up the DagBag from /opt/airflow/dags/driven_data_pipeline.py
[2025-07-03T21:41:55.806+0000] {processor.py:925} INFO - DAG(s) 'extract_raw_data_pipeline' retrieved from /opt/airflow/dags/driven_data_pipeline.py
[2025-07-03T21:41:55.833+0000] {logging_mixin.py:190} INFO - [2025-07-03T21:41:55.833+0000] {dag.py:3239} INFO - Sync 1 DAGs
[2025-07-03T21:41:55.854+0000] {logging_mixin.py:190} INFO - [2025-07-03T21:41:55.854+0000] {dag.py:4180} INFO - Setting next_dagrun for extract_raw_data_pipeline to 2025-07-03 07:59:00+00:00, run_after=2025-07-04 07:00:00+00:00
[2025-07-03T21:41:55.875+0000] {processor.py:208} INFO - Processing /opt/airflow/dags/driven_data_pipeline.py took 0.265 seconds
[2025-07-03T21:42:25.951+0000] {processor.py:186} INFO - Started process (PID=826) to work on /opt/airflow/dags/driven_data_pipeline.py
[2025-07-03T21:42:25.952+0000] {processor.py:914} INFO - Processing file /opt/airflow/dags/driven_data_pipeline.py for tasks to queue
[2025-07-03T21:42:25.954+0000] {logging_mixin.py:190} INFO - [2025-07-03T21:42:25.954+0000] {dagbag.py:588} INFO - Filling up the DagBag from /opt/airflow/dags/driven_data_pipeline.py
[2025-07-03T21:42:26.183+0000] {processor.py:925} INFO - DAG(s) 'extract_raw_data_pipeline' retrieved from /opt/airflow/dags/driven_data_pipeline.py
[2025-07-03T21:42:26.217+0000] {logging_mixin.py:190} INFO - [2025-07-03T21:42:26.217+0000] {dag.py:3239} INFO - Sync 1 DAGs
[2025-07-03T21:42:26.246+0000] {logging_mixin.py:190} INFO - [2025-07-03T21:42:26.246+0000] {dag.py:4180} INFO - Setting next_dagrun for extract_raw_data_pipeline to 2025-07-03 07:59:00+00:00, run_after=2025-07-04 07:00:00+00:00
[2025-07-03T21:42:32.534+0000] {processor.py:208} INFO - Processing /opt/airflow/dags/driven_data_pipeline.py took 6.591 seconds
[2025-07-03T21:43:02.941+0000] {processor.py:186} INFO - Started process (PID=834) to work on /opt/airflow/dags/driven_data_pipeline.py
[2025-07-03T21:43:02.943+0000] {processor.py:914} INFO - Processing file /opt/airflow/dags/driven_data_pipeline.py for tasks to queue
[2025-07-03T21:43:02.944+0000] {logging_mixin.py:190} INFO - [2025-07-03T21:43:02.944+0000] {dagbag.py:588} INFO - Filling up the DagBag from /opt/airflow/dags/driven_data_pipeline.py
[2025-07-03T21:43:03.159+0000] {processor.py:925} INFO - DAG(s) 'extract_raw_data_pipeline' retrieved from /opt/airflow/dags/driven_data_pipeline.py
[2025-07-03T21:43:03.192+0000] {logging_mixin.py:190} INFO - [2025-07-03T21:43:03.192+0000] {dag.py:3239} INFO - Sync 1 DAGs
[2025-07-03T21:43:03.215+0000] {logging_mixin.py:190} INFO - [2025-07-03T21:43:03.214+0000] {dag.py:4180} INFO - Setting next_dagrun for extract_raw_data_pipeline to 2025-07-03 07:59:00+00:00, run_after=2025-07-04 07:00:00+00:00
[2025-07-03T21:43:03.235+0000] {processor.py:208} INFO - Processing /opt/airflow/dags/driven_data_pipeline.py took 0.300 seconds
[2025-07-03T21:43:34.230+0000] {processor.py:186} INFO - Started process (PID=842) to work on /opt/airflow/dags/driven_data_pipeline.py
[2025-07-03T21:43:34.231+0000] {processor.py:914} INFO - Processing file /opt/airflow/dags/driven_data_pipeline.py for tasks to queue
[2025-07-03T21:43:34.233+0000] {logging_mixin.py:190} INFO - [2025-07-03T21:43:34.233+0000] {dagbag.py:588} INFO - Filling up the DagBag from /opt/airflow/dags/driven_data_pipeline.py
[2025-07-03T21:43:34.459+0000] {processor.py:925} INFO - DAG(s) 'extract_raw_data_pipeline' retrieved from /opt/airflow/dags/driven_data_pipeline.py
[2025-07-03T21:43:34.492+0000] {logging_mixin.py:190} INFO - [2025-07-03T21:43:34.491+0000] {dag.py:3239} INFO - Sync 1 DAGs
[2025-07-03T21:43:34.521+0000] {logging_mixin.py:190} INFO - [2025-07-03T21:43:34.521+0000] {dag.py:4180} INFO - Setting next_dagrun for extract_raw_data_pipeline to 2025-07-03 07:59:00+00:00, run_after=2025-07-04 07:00:00+00:00
[2025-07-03T21:43:35.282+0000] {processor.py:208} INFO - Processing /opt/airflow/dags/driven_data_pipeline.py took 1.059 seconds
[2025-07-03T21:44:06.634+0000] {processor.py:186} INFO - Started process (PID=850) to work on /opt/airflow/dags/driven_data_pipeline.py
[2025-07-03T21:44:06.635+0000] {processor.py:914} INFO - Processing file /opt/airflow/dags/driven_data_pipeline.py for tasks to queue
[2025-07-03T21:44:06.637+0000] {logging_mixin.py:190} INFO - [2025-07-03T21:44:06.636+0000] {dagbag.py:588} INFO - Filling up the DagBag from /opt/airflow/dags/driven_data_pipeline.py
[2025-07-03T21:44:06.823+0000] {processor.py:925} INFO - DAG(s) 'extract_raw_data_pipeline' retrieved from /opt/airflow/dags/driven_data_pipeline.py
[2025-07-03T21:44:06.856+0000] {logging_mixin.py:190} INFO - [2025-07-03T21:44:06.856+0000] {dag.py:3239} INFO - Sync 1 DAGs
[2025-07-03T21:44:06.884+0000] {logging_mixin.py:190} INFO - [2025-07-03T21:44:06.884+0000] {dag.py:4180} INFO - Setting next_dagrun for extract_raw_data_pipeline to 2025-07-03 07:59:00+00:00, run_after=2025-07-04 07:00:00+00:00
[2025-07-03T21:44:06.912+0000] {processor.py:208} INFO - Processing /opt/airflow/dags/driven_data_pipeline.py took 0.285 seconds
[2025-07-03T21:44:37.570+0000] {processor.py:186} INFO - Started process (PID=859) to work on /opt/airflow/dags/driven_data_pipeline.py
[2025-07-03T21:44:37.571+0000] {processor.py:914} INFO - Processing file /opt/airflow/dags/driven_data_pipeline.py for tasks to queue
[2025-07-03T21:44:37.573+0000] {logging_mixin.py:190} INFO - [2025-07-03T21:44:37.572+0000] {dagbag.py:588} INFO - Filling up the DagBag from /opt/airflow/dags/driven_data_pipeline.py
[2025-07-03T21:44:37.933+0000] {processor.py:925} INFO - DAG(s) 'extract_raw_data_pipeline' retrieved from /opt/airflow/dags/driven_data_pipeline.py
[2025-07-03T21:44:37.963+0000] {logging_mixin.py:190} INFO - [2025-07-03T21:44:37.962+0000] {dag.py:3239} INFO - Sync 1 DAGs
[2025-07-03T21:44:37.992+0000] {logging_mixin.py:190} INFO - [2025-07-03T21:44:37.992+0000] {dag.py:4180} INFO - Setting next_dagrun for extract_raw_data_pipeline to 2025-07-03 07:59:00+00:00, run_after=2025-07-04 07:00:00+00:00
[2025-07-03T21:44:38.307+0000] {processor.py:208} INFO - Processing /opt/airflow/dags/driven_data_pipeline.py took 0.747 seconds
[2025-07-03T21:45:08.874+0000] {processor.py:186} INFO - Started process (PID=867) to work on /opt/airflow/dags/driven_data_pipeline.py
[2025-07-03T21:45:08.875+0000] {processor.py:914} INFO - Processing file /opt/airflow/dags/driven_data_pipeline.py for tasks to queue
[2025-07-03T21:45:08.877+0000] {logging_mixin.py:190} INFO - [2025-07-03T21:45:08.876+0000] {dagbag.py:588} INFO - Filling up the DagBag from /opt/airflow/dags/driven_data_pipeline.py
[2025-07-03T21:45:09.085+0000] {processor.py:925} INFO - DAG(s) 'extract_raw_data_pipeline' retrieved from /opt/airflow/dags/driven_data_pipeline.py
[2025-07-03T21:45:09.126+0000] {logging_mixin.py:190} INFO - [2025-07-03T21:45:09.126+0000] {dag.py:3239} INFO - Sync 1 DAGs
[2025-07-03T21:45:09.156+0000] {logging_mixin.py:190} INFO - [2025-07-03T21:45:09.156+0000] {dag.py:4180} INFO - Setting next_dagrun for extract_raw_data_pipeline to 2025-07-03 07:59:00+00:00, run_after=2025-07-04 07:00:00+00:00
[2025-07-03T21:45:09.181+0000] {processor.py:208} INFO - Processing /opt/airflow/dags/driven_data_pipeline.py took 0.314 seconds
[2025-07-03T21:45:39.772+0000] {processor.py:186} INFO - Started process (PID=875) to work on /opt/airflow/dags/driven_data_pipeline.py
[2025-07-03T21:45:39.773+0000] {processor.py:914} INFO - Processing file /opt/airflow/dags/driven_data_pipeline.py for tasks to queue
[2025-07-03T21:45:39.775+0000] {logging_mixin.py:190} INFO - [2025-07-03T21:45:39.774+0000] {dagbag.py:588} INFO - Filling up the DagBag from /opt/airflow/dags/driven_data_pipeline.py
[2025-07-03T21:45:39.972+0000] {processor.py:925} INFO - DAG(s) 'extract_raw_data_pipeline' retrieved from /opt/airflow/dags/driven_data_pipeline.py
[2025-07-03T21:45:40.003+0000] {logging_mixin.py:190} INFO - [2025-07-03T21:45:40.002+0000] {dag.py:3239} INFO - Sync 1 DAGs
[2025-07-03T21:45:40.027+0000] {logging_mixin.py:190} INFO - [2025-07-03T21:45:40.027+0000] {dag.py:4180} INFO - Setting next_dagrun for extract_raw_data_pipeline to 2025-07-03 07:59:00+00:00, run_after=2025-07-04 07:00:00+00:00
[2025-07-03T21:45:40.051+0000] {processor.py:208} INFO - Processing /opt/airflow/dags/driven_data_pipeline.py took 0.287 seconds
[2025-07-03T21:46:10.757+0000] {processor.py:186} INFO - Started process (PID=883) to work on /opt/airflow/dags/driven_data_pipeline.py
[2025-07-03T21:46:10.759+0000] {processor.py:914} INFO - Processing file /opt/airflow/dags/driven_data_pipeline.py for tasks to queue
[2025-07-03T21:46:10.761+0000] {logging_mixin.py:190} INFO - [2025-07-03T21:46:10.760+0000] {dagbag.py:588} INFO - Filling up the DagBag from /opt/airflow/dags/driven_data_pipeline.py
[2025-07-03T21:46:11.106+0000] {processor.py:925} INFO - DAG(s) 'extract_raw_data_pipeline' retrieved from /opt/airflow/dags/driven_data_pipeline.py
[2025-07-03T21:46:11.166+0000] {logging_mixin.py:190} INFO - [2025-07-03T21:46:11.165+0000] {dag.py:3239} INFO - Sync 1 DAGs
[2025-07-03T21:46:11.199+0000] {logging_mixin.py:190} INFO - [2025-07-03T21:46:11.198+0000] {dag.py:4180} INFO - Setting next_dagrun for extract_raw_data_pipeline to 2025-07-03 07:59:00+00:00, run_after=2025-07-04 07:00:00+00:00
[2025-07-03T21:46:11.225+0000] {processor.py:208} INFO - Processing /opt/airflow/dags/driven_data_pipeline.py took 0.475 seconds
[2025-07-03T21:46:41.311+0000] {processor.py:186} INFO - Started process (PID=891) to work on /opt/airflow/dags/driven_data_pipeline.py
[2025-07-03T21:46:41.313+0000] {processor.py:914} INFO - Processing file /opt/airflow/dags/driven_data_pipeline.py for tasks to queue
[2025-07-03T21:46:41.315+0000] {logging_mixin.py:190} INFO - [2025-07-03T21:46:41.315+0000] {dagbag.py:588} INFO - Filling up the DagBag from /opt/airflow/dags/driven_data_pipeline.py
[2025-07-03T21:46:41.560+0000] {processor.py:925} INFO - DAG(s) 'extract_raw_data_pipeline' retrieved from /opt/airflow/dags/driven_data_pipeline.py
[2025-07-03T21:46:41.588+0000] {logging_mixin.py:190} INFO - [2025-07-03T21:46:41.588+0000] {dag.py:3239} INFO - Sync 1 DAGs
[2025-07-03T21:46:41.615+0000] {logging_mixin.py:190} INFO - [2025-07-03T21:46:41.615+0000] {dag.py:4180} INFO - Setting next_dagrun for extract_raw_data_pipeline to 2025-07-03 07:59:00+00:00, run_after=2025-07-04 07:00:00+00:00
[2025-07-03T21:46:41.894+0000] {processor.py:208} INFO - Processing /opt/airflow/dags/driven_data_pipeline.py took 0.597 seconds
[2025-07-03T21:47:12.119+0000] {processor.py:186} INFO - Started process (PID=900) to work on /opt/airflow/dags/driven_data_pipeline.py
[2025-07-03T21:47:12.120+0000] {processor.py:914} INFO - Processing file /opt/airflow/dags/driven_data_pipeline.py for tasks to queue
[2025-07-03T21:47:12.122+0000] {logging_mixin.py:190} INFO - [2025-07-03T21:47:12.122+0000] {dagbag.py:588} INFO - Filling up the DagBag from /opt/airflow/dags/driven_data_pipeline.py
[2025-07-03T21:47:12.322+0000] {processor.py:925} INFO - DAG(s) 'extract_raw_data_pipeline' retrieved from /opt/airflow/dags/driven_data_pipeline.py
[2025-07-03T21:47:12.595+0000] {logging_mixin.py:190} INFO - [2025-07-03T21:47:12.594+0000] {dag.py:3239} INFO - Sync 1 DAGs
[2025-07-03T21:47:12.627+0000] {logging_mixin.py:190} INFO - [2025-07-03T21:47:12.626+0000] {dag.py:4180} INFO - Setting next_dagrun for extract_raw_data_pipeline to 2025-07-03 07:59:00+00:00, run_after=2025-07-04 07:00:00+00:00
[2025-07-03T21:47:12.653+0000] {processor.py:208} INFO - Processing /opt/airflow/dags/driven_data_pipeline.py took 0.543 seconds
[2025-07-03T21:47:43.581+0000] {processor.py:186} INFO - Started process (PID=908) to work on /opt/airflow/dags/driven_data_pipeline.py
[2025-07-03T21:47:43.582+0000] {processor.py:914} INFO - Processing file /opt/airflow/dags/driven_data_pipeline.py for tasks to queue
[2025-07-03T21:47:43.584+0000] {logging_mixin.py:190} INFO - [2025-07-03T21:47:43.584+0000] {dagbag.py:588} INFO - Filling up the DagBag from /opt/airflow/dags/driven_data_pipeline.py
[2025-07-03T21:47:43.777+0000] {processor.py:925} INFO - DAG(s) 'extract_raw_data_pipeline' retrieved from /opt/airflow/dags/driven_data_pipeline.py
[2025-07-03T21:47:43.804+0000] {logging_mixin.py:190} INFO - [2025-07-03T21:47:43.804+0000] {dag.py:3239} INFO - Sync 1 DAGs
[2025-07-03T21:47:43.827+0000] {logging_mixin.py:190} INFO - [2025-07-03T21:47:43.826+0000] {dag.py:4180} INFO - Setting next_dagrun for extract_raw_data_pipeline to 2025-07-03 07:59:00+00:00, run_after=2025-07-04 07:00:00+00:00
[2025-07-03T21:47:43.848+0000] {processor.py:208} INFO - Processing /opt/airflow/dags/driven_data_pipeline.py took 0.275 seconds
[2025-07-03T21:48:14.654+0000] {processor.py:186} INFO - Started process (PID=916) to work on /opt/airflow/dags/driven_data_pipeline.py
[2025-07-03T21:48:14.655+0000] {processor.py:914} INFO - Processing file /opt/airflow/dags/driven_data_pipeline.py for tasks to queue
[2025-07-03T21:48:14.657+0000] {logging_mixin.py:190} INFO - [2025-07-03T21:48:14.656+0000] {dagbag.py:588} INFO - Filling up the DagBag from /opt/airflow/dags/driven_data_pipeline.py
[2025-07-03T21:48:14.844+0000] {processor.py:925} INFO - DAG(s) 'extract_raw_data_pipeline' retrieved from /opt/airflow/dags/driven_data_pipeline.py
[2025-07-03T21:48:14.870+0000] {logging_mixin.py:190} INFO - [2025-07-03T21:48:14.869+0000] {dag.py:3239} INFO - Sync 1 DAGs
[2025-07-03T21:48:14.893+0000] {logging_mixin.py:190} INFO - [2025-07-03T21:48:14.892+0000] {dag.py:4180} INFO - Setting next_dagrun for extract_raw_data_pipeline to 2025-07-03 07:59:00+00:00, run_after=2025-07-04 07:00:00+00:00
[2025-07-03T21:48:14.915+0000] {processor.py:208} INFO - Processing /opt/airflow/dags/driven_data_pipeline.py took 0.269 seconds
[2025-07-03T21:48:45.728+0000] {processor.py:186} INFO - Started process (PID=924) to work on /opt/airflow/dags/driven_data_pipeline.py
[2025-07-03T21:48:45.729+0000] {processor.py:914} INFO - Processing file /opt/airflow/dags/driven_data_pipeline.py for tasks to queue
[2025-07-03T21:48:45.731+0000] {logging_mixin.py:190} INFO - [2025-07-03T21:48:45.731+0000] {dagbag.py:588} INFO - Filling up the DagBag from /opt/airflow/dags/driven_data_pipeline.py
[2025-07-03T21:48:45.917+0000] {processor.py:925} INFO - DAG(s) 'extract_raw_data_pipeline' retrieved from /opt/airflow/dags/driven_data_pipeline.py
[2025-07-03T21:48:45.947+0000] {logging_mixin.py:190} INFO - [2025-07-03T21:48:45.947+0000] {dag.py:3239} INFO - Sync 1 DAGs
[2025-07-03T21:48:45.978+0000] {logging_mixin.py:190} INFO - [2025-07-03T21:48:45.978+0000] {dag.py:4180} INFO - Setting next_dagrun for extract_raw_data_pipeline to 2025-07-03 07:59:00+00:00, run_after=2025-07-04 07:00:00+00:00
[2025-07-03T21:48:46.224+0000] {processor.py:208} INFO - Processing /opt/airflow/dags/driven_data_pipeline.py took 0.506 seconds
[2025-07-03T21:49:16.299+0000] {processor.py:186} INFO - Started process (PID=932) to work on /opt/airflow/dags/driven_data_pipeline.py
[2025-07-03T21:49:16.303+0000] {processor.py:914} INFO - Processing file /opt/airflow/dags/driven_data_pipeline.py for tasks to queue
[2025-07-03T21:49:16.306+0000] {logging_mixin.py:190} INFO - [2025-07-03T21:49:16.305+0000] {dagbag.py:588} INFO - Filling up the DagBag from /opt/airflow/dags/driven_data_pipeline.py
[2025-07-03T21:49:16.889+0000] {processor.py:925} INFO - DAG(s) 'extract_raw_data_pipeline' retrieved from /opt/airflow/dags/driven_data_pipeline.py
[2025-07-03T21:49:17.248+0000] {logging_mixin.py:190} INFO - [2025-07-03T21:49:17.248+0000] {dag.py:3239} INFO - Sync 1 DAGs
[2025-07-03T21:49:17.271+0000] {logging_mixin.py:190} INFO - [2025-07-03T21:49:17.270+0000] {dag.py:4180} INFO - Setting next_dagrun for extract_raw_data_pipeline to 2025-07-03 07:59:00+00:00, run_after=2025-07-04 07:00:00+00:00
[2025-07-03T21:49:17.290+0000] {processor.py:208} INFO - Processing /opt/airflow/dags/driven_data_pipeline.py took 1.003 seconds
[2025-07-03T21:49:48.301+0000] {processor.py:186} INFO - Started process (PID=940) to work on /opt/airflow/dags/driven_data_pipeline.py
[2025-07-03T21:49:48.303+0000] {processor.py:914} INFO - Processing file /opt/airflow/dags/driven_data_pipeline.py for tasks to queue
[2025-07-03T21:49:48.305+0000] {logging_mixin.py:190} INFO - [2025-07-03T21:49:48.304+0000] {dagbag.py:588} INFO - Filling up the DagBag from /opt/airflow/dags/driven_data_pipeline.py
[2025-07-03T21:49:48.742+0000] {processor.py:925} INFO - DAG(s) 'extract_raw_data_pipeline' retrieved from /opt/airflow/dags/driven_data_pipeline.py
[2025-07-03T21:49:48.769+0000] {logging_mixin.py:190} INFO - [2025-07-03T21:49:48.769+0000] {dag.py:3239} INFO - Sync 1 DAGs
[2025-07-03T21:49:48.791+0000] {logging_mixin.py:190} INFO - [2025-07-03T21:49:48.791+0000] {dag.py:4180} INFO - Setting next_dagrun for extract_raw_data_pipeline to 2025-07-03 07:59:00+00:00, run_after=2025-07-04 07:00:00+00:00
[2025-07-03T21:49:48.818+0000] {processor.py:208} INFO - Processing /opt/airflow/dags/driven_data_pipeline.py took 0.525 seconds
[2025-07-03T21:50:19.226+0000] {processor.py:186} INFO - Started process (PID=948) to work on /opt/airflow/dags/driven_data_pipeline.py
[2025-07-03T21:50:19.227+0000] {processor.py:914} INFO - Processing file /opt/airflow/dags/driven_data_pipeline.py for tasks to queue
[2025-07-03T21:50:19.229+0000] {logging_mixin.py:190} INFO - [2025-07-03T21:50:19.229+0000] {dagbag.py:588} INFO - Filling up the DagBag from /opt/airflow/dags/driven_data_pipeline.py
[2025-07-03T21:50:19.698+0000] {processor.py:925} INFO - DAG(s) 'extract_raw_data_pipeline' retrieved from /opt/airflow/dags/driven_data_pipeline.py
[2025-07-03T21:50:19.732+0000] {logging_mixin.py:190} INFO - [2025-07-03T21:50:19.731+0000] {dag.py:3239} INFO - Sync 1 DAGs
[2025-07-03T21:50:19.754+0000] {logging_mixin.py:190} INFO - [2025-07-03T21:50:19.754+0000] {dag.py:4180} INFO - Setting next_dagrun for extract_raw_data_pipeline to 2025-07-03 07:59:00+00:00, run_after=2025-07-04 07:00:00+00:00
[2025-07-03T21:50:19.779+0000] {processor.py:208} INFO - Processing /opt/airflow/dags/driven_data_pipeline.py took 0.561 seconds
[2025-07-03T21:50:50.724+0000] {processor.py:186} INFO - Started process (PID=963) to work on /opt/airflow/dags/driven_data_pipeline.py
[2025-07-03T21:50:50.725+0000] {processor.py:914} INFO - Processing file /opt/airflow/dags/driven_data_pipeline.py for tasks to queue
[2025-07-03T21:50:50.727+0000] {logging_mixin.py:190} INFO - [2025-07-03T21:50:50.726+0000] {dagbag.py:588} INFO - Filling up the DagBag from /opt/airflow/dags/driven_data_pipeline.py
[2025-07-03T21:50:50.993+0000] {processor.py:925} INFO - DAG(s) 'extract_raw_data_pipeline' retrieved from /opt/airflow/dags/driven_data_pipeline.py
[2025-07-03T21:50:51.035+0000] {logging_mixin.py:190} INFO - [2025-07-03T21:50:51.035+0000] {dag.py:3239} INFO - Sync 1 DAGs
[2025-07-03T21:50:51.065+0000] {logging_mixin.py:190} INFO - [2025-07-03T21:50:51.065+0000] {dag.py:4180} INFO - Setting next_dagrun for extract_raw_data_pipeline to 2025-07-03 07:59:00+00:00, run_after=2025-07-04 07:00:00+00:00
[2025-07-03T21:50:51.340+0000] {processor.py:208} INFO - Processing /opt/airflow/dags/driven_data_pipeline.py took 0.623 seconds
[2025-07-03T21:51:21.748+0000] {processor.py:186} INFO - Started process (PID=971) to work on /opt/airflow/dags/driven_data_pipeline.py
[2025-07-03T21:51:21.750+0000] {processor.py:914} INFO - Processing file /opt/airflow/dags/driven_data_pipeline.py for tasks to queue
[2025-07-03T21:51:21.752+0000] {logging_mixin.py:190} INFO - [2025-07-03T21:51:21.751+0000] {dagbag.py:588} INFO - Filling up the DagBag from /opt/airflow/dags/driven_data_pipeline.py
[2025-07-03T21:51:21.966+0000] {processor.py:925} INFO - DAG(s) 'extract_raw_data_pipeline' retrieved from /opt/airflow/dags/driven_data_pipeline.py
[2025-07-03T21:51:22.229+0000] {logging_mixin.py:190} INFO - [2025-07-03T21:51:22.229+0000] {dag.py:3239} INFO - Sync 1 DAGs
[2025-07-03T21:51:22.254+0000] {logging_mixin.py:190} INFO - [2025-07-03T21:51:22.254+0000] {dag.py:4180} INFO - Setting next_dagrun for extract_raw_data_pipeline to 2025-07-03 07:59:00+00:00, run_after=2025-07-04 07:00:00+00:00
[2025-07-03T21:51:22.280+0000] {processor.py:208} INFO - Processing /opt/airflow/dags/driven_data_pipeline.py took 0.540 seconds
[2025-07-03T21:51:52.809+0000] {processor.py:186} INFO - Started process (PID=979) to work on /opt/airflow/dags/driven_data_pipeline.py
[2025-07-03T21:51:52.812+0000] {processor.py:914} INFO - Processing file /opt/airflow/dags/driven_data_pipeline.py for tasks to queue
[2025-07-03T21:51:52.816+0000] {logging_mixin.py:190} INFO - [2025-07-03T21:51:52.815+0000] {dagbag.py:588} INFO - Filling up the DagBag from /opt/airflow/dags/driven_data_pipeline.py
[2025-07-03T21:51:53.547+0000] {processor.py:925} INFO - DAG(s) 'extract_raw_data_pipeline' retrieved from /opt/airflow/dags/driven_data_pipeline.py
[2025-07-03T21:51:53.587+0000] {logging_mixin.py:190} INFO - [2025-07-03T21:51:53.586+0000] {dag.py:3239} INFO - Sync 1 DAGs
[2025-07-03T21:51:53.619+0000] {logging_mixin.py:190} INFO - [2025-07-03T21:51:53.618+0000] {dag.py:4180} INFO - Setting next_dagrun for extract_raw_data_pipeline to 2025-07-03 07:59:00+00:00, run_after=2025-07-04 07:00:00+00:00
[2025-07-03T21:51:53.651+0000] {processor.py:208} INFO - Processing /opt/airflow/dags/driven_data_pipeline.py took 0.859 seconds
[2025-07-03T21:52:23.737+0000] {processor.py:186} INFO - Started process (PID=987) to work on /opt/airflow/dags/driven_data_pipeline.py
[2025-07-03T21:52:23.739+0000] {processor.py:914} INFO - Processing file /opt/airflow/dags/driven_data_pipeline.py for tasks to queue
[2025-07-03T21:52:23.741+0000] {logging_mixin.py:190} INFO - [2025-07-03T21:52:23.740+0000] {dagbag.py:588} INFO - Filling up the DagBag from /opt/airflow/dags/driven_data_pipeline.py
[2025-07-03T21:52:24.309+0000] {processor.py:925} INFO - DAG(s) 'extract_raw_data_pipeline' retrieved from /opt/airflow/dags/driven_data_pipeline.py
[2025-07-03T21:52:24.352+0000] {logging_mixin.py:190} INFO - [2025-07-03T21:52:24.351+0000] {dag.py:3239} INFO - Sync 1 DAGs
[2025-07-03T21:52:24.386+0000] {logging_mixin.py:190} INFO - [2025-07-03T21:52:24.386+0000] {dag.py:4180} INFO - Setting next_dagrun for extract_raw_data_pipeline to 2025-07-03 07:59:00+00:00, run_after=2025-07-04 07:00:00+00:00
[2025-07-03T21:52:24.421+0000] {processor.py:208} INFO - Processing /opt/airflow/dags/driven_data_pipeline.py took 0.692 seconds
[2025-07-03T21:52:55.858+0000] {processor.py:186} INFO - Started process (PID=995) to work on /opt/airflow/dags/driven_data_pipeline.py
[2025-07-03T21:52:55.886+0000] {processor.py:914} INFO - Processing file /opt/airflow/dags/driven_data_pipeline.py for tasks to queue
[2025-07-03T21:52:55.902+0000] {logging_mixin.py:190} INFO - [2025-07-03T21:52:55.897+0000] {dagbag.py:588} INFO - Filling up the DagBag from /opt/airflow/dags/driven_data_pipeline.py
[2025-07-03T21:52:59.147+0000] {processor.py:925} INFO - DAG(s) 'extract_raw_data_pipeline' retrieved from /opt/airflow/dags/driven_data_pipeline.py
[2025-07-03T21:52:59.224+0000] {logging_mixin.py:190} INFO - [2025-07-03T21:52:59.223+0000] {dag.py:3239} INFO - Sync 1 DAGs
[2025-07-03T21:52:59.295+0000] {logging_mixin.py:190} INFO - [2025-07-03T21:52:59.295+0000] {dag.py:4180} INFO - Setting next_dagrun for extract_raw_data_pipeline to 2025-07-03 07:59:00+00:00, run_after=2025-07-04 07:00:00+00:00
[2025-07-03T21:52:59.347+0000] {processor.py:208} INFO - Processing /opt/airflow/dags/driven_data_pipeline.py took 3.564 seconds
[2025-07-03T21:53:29.904+0000] {processor.py:186} INFO - Started process (PID=1004) to work on /opt/airflow/dags/driven_data_pipeline.py
[2025-07-03T21:53:29.906+0000] {processor.py:914} INFO - Processing file /opt/airflow/dags/driven_data_pipeline.py for tasks to queue
[2025-07-03T21:53:29.909+0000] {logging_mixin.py:190} INFO - [2025-07-03T21:53:29.908+0000] {dagbag.py:588} INFO - Filling up the DagBag from /opt/airflow/dags/driven_data_pipeline.py
[2025-07-03T21:53:30.308+0000] {processor.py:925} INFO - DAG(s) 'extract_raw_data_pipeline' retrieved from /opt/airflow/dags/driven_data_pipeline.py
[2025-07-03T21:53:30.646+0000] {logging_mixin.py:190} INFO - [2025-07-03T21:53:30.645+0000] {dag.py:3239} INFO - Sync 1 DAGs
[2025-07-03T21:53:30.680+0000] {logging_mixin.py:190} INFO - [2025-07-03T21:53:30.680+0000] {dag.py:4180} INFO - Setting next_dagrun for extract_raw_data_pipeline to 2025-07-03 07:59:00+00:00, run_after=2025-07-04 07:00:00+00:00
[2025-07-03T21:53:30.719+0000] {processor.py:208} INFO - Processing /opt/airflow/dags/driven_data_pipeline.py took 0.826 seconds
[2025-07-03T21:54:00.987+0000] {processor.py:186} INFO - Started process (PID=1013) to work on /opt/airflow/dags/driven_data_pipeline.py
[2025-07-03T21:54:01.005+0000] {processor.py:914} INFO - Processing file /opt/airflow/dags/driven_data_pipeline.py for tasks to queue
[2025-07-03T21:54:01.022+0000] {logging_mixin.py:190} INFO - [2025-07-03T21:54:01.020+0000] {dagbag.py:588} INFO - Filling up the DagBag from /opt/airflow/dags/driven_data_pipeline.py
[2025-07-03T21:54:02.989+0000] {processor.py:925} INFO - DAG(s) 'extract_raw_data_pipeline' retrieved from /opt/airflow/dags/driven_data_pipeline.py
[2025-07-03T21:54:03.843+0000] {logging_mixin.py:190} INFO - [2025-07-03T21:54:03.842+0000] {dag.py:3239} INFO - Sync 1 DAGs
[2025-07-03T21:54:03.977+0000] {logging_mixin.py:190} INFO - [2025-07-03T21:54:03.976+0000] {dag.py:4180} INFO - Setting next_dagrun for extract_raw_data_pipeline to 2025-07-03 07:59:00+00:00, run_after=2025-07-04 07:00:00+00:00
[2025-07-03T21:54:04.080+0000] {processor.py:208} INFO - Processing /opt/airflow/dags/driven_data_pipeline.py took 2.478 seconds
[2025-07-03T21:54:34.744+0000] {processor.py:186} INFO - Started process (PID=1022) to work on /opt/airflow/dags/driven_data_pipeline.py
[2025-07-03T21:54:34.747+0000] {processor.py:914} INFO - Processing file /opt/airflow/dags/driven_data_pipeline.py for tasks to queue
[2025-07-03T21:54:34.751+0000] {logging_mixin.py:190} INFO - [2025-07-03T21:54:34.750+0000] {dagbag.py:588} INFO - Filling up the DagBag from /opt/airflow/dags/driven_data_pipeline.py
[2025-07-03T21:54:35.560+0000] {processor.py:925} INFO - DAG(s) 'extract_raw_data_pipeline' retrieved from /opt/airflow/dags/driven_data_pipeline.py
[2025-07-03T21:54:35.611+0000] {logging_mixin.py:190} INFO - [2025-07-03T21:54:35.610+0000] {dag.py:3239} INFO - Sync 1 DAGs
[2025-07-03T21:54:35.650+0000] {logging_mixin.py:190} INFO - [2025-07-03T21:54:35.650+0000] {dag.py:4180} INFO - Setting next_dagrun for extract_raw_data_pipeline to 2025-07-03 07:59:00+00:00, run_after=2025-07-04 07:00:00+00:00
[2025-07-03T21:54:35.685+0000] {processor.py:208} INFO - Processing /opt/airflow/dags/driven_data_pipeline.py took 0.962 seconds
[2025-07-03T21:55:05.850+0000] {processor.py:186} INFO - Started process (PID=1030) to work on /opt/airflow/dags/driven_data_pipeline.py
[2025-07-03T21:55:05.851+0000] {processor.py:914} INFO - Processing file /opt/airflow/dags/driven_data_pipeline.py for tasks to queue
[2025-07-03T21:55:05.853+0000] {logging_mixin.py:190} INFO - [2025-07-03T21:55:05.853+0000] {dagbag.py:588} INFO - Filling up the DagBag from /opt/airflow/dags/driven_data_pipeline.py
[2025-07-03T21:55:06.334+0000] {processor.py:925} INFO - DAG(s) 'extract_raw_data_pipeline' retrieved from /opt/airflow/dags/driven_data_pipeline.py
[2025-07-03T21:55:06.363+0000] {logging_mixin.py:190} INFO - [2025-07-03T21:55:06.363+0000] {dag.py:3239} INFO - Sync 1 DAGs
[2025-07-03T21:55:06.395+0000] {logging_mixin.py:190} INFO - [2025-07-03T21:55:06.395+0000] {dag.py:4180} INFO - Setting next_dagrun for extract_raw_data_pipeline to 2025-07-03 07:59:00+00:00, run_after=2025-07-04 07:00:00+00:00
[2025-07-03T21:55:06.426+0000] {processor.py:208} INFO - Processing /opt/airflow/dags/driven_data_pipeline.py took 0.584 seconds
[2025-07-03T21:55:36.968+0000] {processor.py:186} INFO - Started process (PID=1039) to work on /opt/airflow/dags/driven_data_pipeline.py
[2025-07-03T21:55:36.975+0000] {processor.py:914} INFO - Processing file /opt/airflow/dags/driven_data_pipeline.py for tasks to queue
[2025-07-03T21:55:36.980+0000] {logging_mixin.py:190} INFO - [2025-07-03T21:55:36.978+0000] {dagbag.py:588} INFO - Filling up the DagBag from /opt/airflow/dags/driven_data_pipeline.py
[2025-07-03T21:55:38.319+0000] {processor.py:925} INFO - DAG(s) 'extract_raw_data_pipeline' retrieved from /opt/airflow/dags/driven_data_pipeline.py
[2025-07-03T21:55:38.391+0000] {logging_mixin.py:190} INFO - [2025-07-03T21:55:38.391+0000] {dag.py:3239} INFO - Sync 1 DAGs
[2025-07-03T21:55:38.461+0000] {logging_mixin.py:190} INFO - [2025-07-03T21:55:38.460+0000] {dag.py:4180} INFO - Setting next_dagrun for extract_raw_data_pipeline to 2025-07-03 07:59:00+00:00, run_after=2025-07-04 07:00:00+00:00
[2025-07-03T21:55:38.494+0000] {processor.py:208} INFO - Processing /opt/airflow/dags/driven_data_pipeline.py took 1.552 seconds
[2025-07-03T21:56:09.543+0000] {processor.py:186} INFO - Started process (PID=1047) to work on /opt/airflow/dags/driven_data_pipeline.py
[2025-07-03T21:56:09.547+0000] {processor.py:914} INFO - Processing file /opt/airflow/dags/driven_data_pipeline.py for tasks to queue
[2025-07-03T21:56:09.551+0000] {logging_mixin.py:190} INFO - [2025-07-03T21:56:09.550+0000] {dagbag.py:588} INFO - Filling up the DagBag from /opt/airflow/dags/driven_data_pipeline.py
[2025-07-03T21:56:10.501+0000] {processor.py:925} INFO - DAG(s) 'extract_raw_data_pipeline' retrieved from /opt/airflow/dags/driven_data_pipeline.py
[2025-07-03T21:56:10.561+0000] {logging_mixin.py:190} INFO - [2025-07-03T21:56:10.559+0000] {dag.py:3239} INFO - Sync 1 DAGs
[2025-07-03T21:56:10.604+0000] {logging_mixin.py:190} INFO - [2025-07-03T21:56:10.604+0000] {dag.py:4180} INFO - Setting next_dagrun for extract_raw_data_pipeline to 2025-07-03 07:59:00+00:00, run_after=2025-07-04 07:00:00+00:00
[2025-07-03T21:56:10.640+0000] {processor.py:208} INFO - Processing /opt/airflow/dags/driven_data_pipeline.py took 1.118 seconds
[2025-07-03T21:56:41.632+0000] {processor.py:186} INFO - Started process (PID=1055) to work on /opt/airflow/dags/driven_data_pipeline.py
[2025-07-03T21:56:41.635+0000] {processor.py:914} INFO - Processing file /opt/airflow/dags/driven_data_pipeline.py for tasks to queue
[2025-07-03T21:56:41.638+0000] {logging_mixin.py:190} INFO - [2025-07-03T21:56:41.637+0000] {dagbag.py:588} INFO - Filling up the DagBag from /opt/airflow/dags/driven_data_pipeline.py
[2025-07-03T21:56:42.530+0000] {processor.py:925} INFO - DAG(s) 'extract_raw_data_pipeline' retrieved from /opt/airflow/dags/driven_data_pipeline.py
[2025-07-03T21:56:42.608+0000] {logging_mixin.py:190} INFO - [2025-07-03T21:56:42.608+0000] {dag.py:3239} INFO - Sync 1 DAGs
[2025-07-03T21:56:42.674+0000] {logging_mixin.py:190} INFO - [2025-07-03T21:56:42.674+0000] {dag.py:4180} INFO - Setting next_dagrun for extract_raw_data_pipeline to 2025-07-03 07:59:00+00:00, run_after=2025-07-04 07:00:00+00:00
[2025-07-03T21:56:42.717+0000] {processor.py:208} INFO - Processing /opt/airflow/dags/driven_data_pipeline.py took 1.100 seconds
[2025-07-03T21:57:12.802+0000] {processor.py:186} INFO - Started process (PID=1063) to work on /opt/airflow/dags/driven_data_pipeline.py
[2025-07-03T21:57:12.804+0000] {processor.py:914} INFO - Processing file /opt/airflow/dags/driven_data_pipeline.py for tasks to queue
[2025-07-03T21:57:12.805+0000] {logging_mixin.py:190} INFO - [2025-07-03T21:57:12.805+0000] {dagbag.py:588} INFO - Filling up the DagBag from /opt/airflow/dags/driven_data_pipeline.py
[2025-07-03T21:57:13.346+0000] {processor.py:925} INFO - DAG(s) 'extract_raw_data_pipeline' retrieved from /opt/airflow/dags/driven_data_pipeline.py
[2025-07-03T21:57:13.375+0000] {logging_mixin.py:190} INFO - [2025-07-03T21:57:13.375+0000] {dag.py:3239} INFO - Sync 1 DAGs
[2025-07-03T21:57:13.402+0000] {logging_mixin.py:190} INFO - [2025-07-03T21:57:13.402+0000] {dag.py:4180} INFO - Setting next_dagrun for extract_raw_data_pipeline to 2025-07-03 07:59:00+00:00, run_after=2025-07-04 07:00:00+00:00
[2025-07-03T21:57:13.427+0000] {processor.py:208} INFO - Processing /opt/airflow/dags/driven_data_pipeline.py took 0.634 seconds
[2025-07-03T21:57:43.511+0000] {processor.py:186} INFO - Started process (PID=1071) to work on /opt/airflow/dags/driven_data_pipeline.py
[2025-07-03T21:57:43.513+0000] {processor.py:914} INFO - Processing file /opt/airflow/dags/driven_data_pipeline.py for tasks to queue
[2025-07-03T21:57:43.515+0000] {logging_mixin.py:190} INFO - [2025-07-03T21:57:43.514+0000] {dagbag.py:588} INFO - Filling up the DagBag from /opt/airflow/dags/driven_data_pipeline.py
[2025-07-03T21:57:44.031+0000] {processor.py:925} INFO - DAG(s) 'extract_raw_data_pipeline' retrieved from /opt/airflow/dags/driven_data_pipeline.py
[2025-07-03T21:57:44.062+0000] {logging_mixin.py:190} INFO - [2025-07-03T21:57:44.061+0000] {dag.py:3239} INFO - Sync 1 DAGs
[2025-07-03T21:57:44.088+0000] {logging_mixin.py:190} INFO - [2025-07-03T21:57:44.088+0000] {dag.py:4180} INFO - Setting next_dagrun for extract_raw_data_pipeline to 2025-07-03 07:59:00+00:00, run_after=2025-07-04 07:00:00+00:00
[2025-07-03T21:57:44.112+0000] {processor.py:208} INFO - Processing /opt/airflow/dags/driven_data_pipeline.py took 0.609 seconds
[2025-07-03T21:58:14.190+0000] {processor.py:186} INFO - Started process (PID=1079) to work on /opt/airflow/dags/driven_data_pipeline.py
[2025-07-03T21:58:14.191+0000] {processor.py:914} INFO - Processing file /opt/airflow/dags/driven_data_pipeline.py for tasks to queue
[2025-07-03T21:58:14.194+0000] {logging_mixin.py:190} INFO - [2025-07-03T21:58:14.194+0000] {dagbag.py:588} INFO - Filling up the DagBag from /opt/airflow/dags/driven_data_pipeline.py
[2025-07-03T21:58:14.616+0000] {processor.py:925} INFO - DAG(s) 'extract_raw_data_pipeline' retrieved from /opt/airflow/dags/driven_data_pipeline.py
[2025-07-03T21:58:14.641+0000] {logging_mixin.py:190} INFO - [2025-07-03T21:58:14.641+0000] {dag.py:3239} INFO - Sync 1 DAGs
[2025-07-03T21:58:14.663+0000] {logging_mixin.py:190} INFO - [2025-07-03T21:58:14.663+0000] {dag.py:4180} INFO - Setting next_dagrun for extract_raw_data_pipeline to 2025-07-03 07:59:00+00:00, run_after=2025-07-04 07:00:00+00:00
[2025-07-03T21:58:14.691+0000] {processor.py:208} INFO - Processing /opt/airflow/dags/driven_data_pipeline.py took 0.515 seconds
[2025-07-03T21:58:45.187+0000] {processor.py:186} INFO - Started process (PID=1088) to work on /opt/airflow/dags/driven_data_pipeline.py
[2025-07-03T21:58:45.189+0000] {processor.py:914} INFO - Processing file /opt/airflow/dags/driven_data_pipeline.py for tasks to queue
[2025-07-03T21:58:45.191+0000] {logging_mixin.py:190} INFO - [2025-07-03T21:58:45.191+0000] {dagbag.py:588} INFO - Filling up the DagBag from /opt/airflow/dags/driven_data_pipeline.py
[2025-07-03T21:58:45.589+0000] {processor.py:925} INFO - DAG(s) 'extract_raw_data_pipeline' retrieved from /opt/airflow/dags/driven_data_pipeline.py
[2025-07-03T21:58:45.615+0000] {logging_mixin.py:190} INFO - [2025-07-03T21:58:45.615+0000] {dag.py:3239} INFO - Sync 1 DAGs
[2025-07-03T21:58:45.645+0000] {logging_mixin.py:190} INFO - [2025-07-03T21:58:45.645+0000] {dag.py:4180} INFO - Setting next_dagrun for extract_raw_data_pipeline to 2025-07-03 07:59:00+00:00, run_after=2025-07-04 07:00:00+00:00
[2025-07-03T21:58:45.673+0000] {processor.py:208} INFO - Processing /opt/airflow/dags/driven_data_pipeline.py took 0.495 seconds
[2025-07-03T21:59:15.819+0000] {processor.py:186} INFO - Started process (PID=1096) to work on /opt/airflow/dags/driven_data_pipeline.py
[2025-07-03T21:59:15.824+0000] {processor.py:914} INFO - Processing file /opt/airflow/dags/driven_data_pipeline.py for tasks to queue
[2025-07-03T21:59:15.827+0000] {logging_mixin.py:190} INFO - [2025-07-03T21:59:15.827+0000] {dagbag.py:588} INFO - Filling up the DagBag from /opt/airflow/dags/driven_data_pipeline.py
[2025-07-03T21:59:16.737+0000] {processor.py:925} INFO - DAG(s) 'extract_raw_data_pipeline' retrieved from /opt/airflow/dags/driven_data_pipeline.py
[2025-07-03T21:59:16.860+0000] {logging_mixin.py:190} INFO - [2025-07-03T21:59:16.859+0000] {dag.py:3239} INFO - Sync 1 DAGs
[2025-07-03T21:59:16.963+0000] {logging_mixin.py:190} INFO - [2025-07-03T21:59:16.962+0000] {dag.py:4180} INFO - Setting next_dagrun for extract_raw_data_pipeline to 2025-07-03 07:59:00+00:00, run_after=2025-07-04 07:00:00+00:00
[2025-07-03T21:59:17.042+0000] {processor.py:208} INFO - Processing /opt/airflow/dags/driven_data_pipeline.py took 1.238 seconds
[2025-07-03T21:59:47.193+0000] {processor.py:186} INFO - Started process (PID=1104) to work on /opt/airflow/dags/driven_data_pipeline.py
[2025-07-03T21:59:47.196+0000] {processor.py:914} INFO - Processing file /opt/airflow/dags/driven_data_pipeline.py for tasks to queue
[2025-07-03T21:59:47.200+0000] {logging_mixin.py:190} INFO - [2025-07-03T21:59:47.199+0000] {dagbag.py:588} INFO - Filling up the DagBag from /opt/airflow/dags/driven_data_pipeline.py
[2025-07-03T21:59:48.274+0000] {processor.py:925} INFO - DAG(s) 'extract_raw_data_pipeline' retrieved from /opt/airflow/dags/driven_data_pipeline.py
[2025-07-03T21:59:48.353+0000] {logging_mixin.py:190} INFO - [2025-07-03T21:59:48.352+0000] {dag.py:3239} INFO - Sync 1 DAGs
[2025-07-03T21:59:48.431+0000] {logging_mixin.py:190} INFO - [2025-07-03T21:59:48.431+0000] {dag.py:4180} INFO - Setting next_dagrun for extract_raw_data_pipeline to 2025-07-03 07:59:00+00:00, run_after=2025-07-04 07:00:00+00:00
[2025-07-03T21:59:48.502+0000] {processor.py:208} INFO - Processing /opt/airflow/dags/driven_data_pipeline.py took 1.325 seconds
[2025-07-03T22:00:18.606+0000] {processor.py:186} INFO - Started process (PID=1112) to work on /opt/airflow/dags/driven_data_pipeline.py
[2025-07-03T22:00:18.607+0000] {processor.py:914} INFO - Processing file /opt/airflow/dags/driven_data_pipeline.py for tasks to queue
[2025-07-03T22:00:18.609+0000] {logging_mixin.py:190} INFO - [2025-07-03T22:00:18.609+0000] {dagbag.py:588} INFO - Filling up the DagBag from /opt/airflow/dags/driven_data_pipeline.py
[2025-07-03T22:00:19.085+0000] {processor.py:925} INFO - DAG(s) 'extract_raw_data_pipeline' retrieved from /opt/airflow/dags/driven_data_pipeline.py
[2025-07-03T22:00:19.116+0000] {logging_mixin.py:190} INFO - [2025-07-03T22:00:19.115+0000] {dag.py:3239} INFO - Sync 1 DAGs
[2025-07-03T22:00:19.140+0000] {logging_mixin.py:190} INFO - [2025-07-03T22:00:19.140+0000] {dag.py:4180} INFO - Setting next_dagrun for extract_raw_data_pipeline to 2025-07-03 07:59:00+00:00, run_after=2025-07-04 07:00:00+00:00
[2025-07-03T22:00:19.163+0000] {processor.py:208} INFO - Processing /opt/airflow/dags/driven_data_pipeline.py took 0.565 seconds
[2025-07-03T22:00:49.236+0000] {processor.py:186} INFO - Started process (PID=1120) to work on /opt/airflow/dags/driven_data_pipeline.py
[2025-07-03T22:00:49.237+0000] {processor.py:914} INFO - Processing file /opt/airflow/dags/driven_data_pipeline.py for tasks to queue
[2025-07-03T22:00:49.239+0000] {logging_mixin.py:190} INFO - [2025-07-03T22:00:49.238+0000] {dagbag.py:588} INFO - Filling up the DagBag from /opt/airflow/dags/driven_data_pipeline.py
[2025-07-03T22:00:49.969+0000] {processor.py:925} INFO - DAG(s) 'extract_raw_data_pipeline' retrieved from /opt/airflow/dags/driven_data_pipeline.py
[2025-07-03T22:00:50.021+0000] {logging_mixin.py:190} INFO - [2025-07-03T22:00:50.020+0000] {dag.py:3239} INFO - Sync 1 DAGs
[2025-07-03T22:00:50.062+0000] {logging_mixin.py:190} INFO - [2025-07-03T22:00:50.062+0000] {dag.py:4180} INFO - Setting next_dagrun for extract_raw_data_pipeline to 2025-07-03 07:59:00+00:00, run_after=2025-07-04 07:00:00+00:00
[2025-07-03T22:00:50.091+0000] {processor.py:208} INFO - Processing /opt/airflow/dags/driven_data_pipeline.py took 0.862 seconds
[2025-07-03T22:01:20.258+0000] {processor.py:186} INFO - Started process (PID=1128) to work on /opt/airflow/dags/driven_data_pipeline.py
[2025-07-03T22:01:20.259+0000] {processor.py:914} INFO - Processing file /opt/airflow/dags/driven_data_pipeline.py for tasks to queue
[2025-07-03T22:01:20.261+0000] {logging_mixin.py:190} INFO - [2025-07-03T22:01:20.261+0000] {dagbag.py:588} INFO - Filling up the DagBag from /opt/airflow/dags/driven_data_pipeline.py
[2025-07-03T22:01:20.646+0000] {processor.py:925} INFO - DAG(s) 'extract_raw_data_pipeline' retrieved from /opt/airflow/dags/driven_data_pipeline.py
[2025-07-03T22:01:20.672+0000] {logging_mixin.py:190} INFO - [2025-07-03T22:01:20.671+0000] {dag.py:3239} INFO - Sync 1 DAGs
[2025-07-03T22:01:20.692+0000] {logging_mixin.py:190} INFO - [2025-07-03T22:01:20.692+0000] {dag.py:4180} INFO - Setting next_dagrun for extract_raw_data_pipeline to 2025-07-03 07:59:00+00:00, run_after=2025-07-04 07:00:00+00:00
[2025-07-03T22:01:20.714+0000] {processor.py:208} INFO - Processing /opt/airflow/dags/driven_data_pipeline.py took 0.464 seconds
[2025-07-03T22:01:51.333+0000] {processor.py:186} INFO - Started process (PID=1136) to work on /opt/airflow/dags/driven_data_pipeline.py
[2025-07-03T22:01:51.334+0000] {processor.py:914} INFO - Processing file /opt/airflow/dags/driven_data_pipeline.py for tasks to queue
[2025-07-03T22:01:51.337+0000] {logging_mixin.py:190} INFO - [2025-07-03T22:01:51.336+0000] {dagbag.py:588} INFO - Filling up the DagBag from /opt/airflow/dags/driven_data_pipeline.py
[2025-07-03T22:01:51.773+0000] {processor.py:925} INFO - DAG(s) 'extract_raw_data_pipeline' retrieved from /opt/airflow/dags/driven_data_pipeline.py
[2025-07-03T22:01:51.805+0000] {logging_mixin.py:190} INFO - [2025-07-03T22:01:51.805+0000] {dag.py:3239} INFO - Sync 1 DAGs
[2025-07-03T22:01:51.832+0000] {logging_mixin.py:190} INFO - [2025-07-03T22:01:51.832+0000] {dag.py:4180} INFO - Setting next_dagrun for extract_raw_data_pipeline to 2025-07-03 07:59:00+00:00, run_after=2025-07-04 07:00:00+00:00
[2025-07-03T22:01:51.862+0000] {processor.py:208} INFO - Processing /opt/airflow/dags/driven_data_pipeline.py took 0.537 seconds
[2025-07-03T22:02:21.929+0000] {processor.py:186} INFO - Started process (PID=1144) to work on /opt/airflow/dags/driven_data_pipeline.py
[2025-07-03T22:02:21.930+0000] {processor.py:914} INFO - Processing file /opt/airflow/dags/driven_data_pipeline.py for tasks to queue
[2025-07-03T22:02:21.932+0000] {logging_mixin.py:190} INFO - [2025-07-03T22:02:21.931+0000] {dagbag.py:588} INFO - Filling up the DagBag from /opt/airflow/dags/driven_data_pipeline.py
[2025-07-03T22:02:22.366+0000] {processor.py:925} INFO - DAG(s) 'extract_raw_data_pipeline' retrieved from /opt/airflow/dags/driven_data_pipeline.py
[2025-07-03T22:02:22.396+0000] {logging_mixin.py:190} INFO - [2025-07-03T22:02:22.396+0000] {dag.py:3239} INFO - Sync 1 DAGs
[2025-07-03T22:02:22.420+0000] {logging_mixin.py:190} INFO - [2025-07-03T22:02:22.419+0000] {dag.py:4180} INFO - Setting next_dagrun for extract_raw_data_pipeline to 2025-07-03 07:59:00+00:00, run_after=2025-07-04 07:00:00+00:00
[2025-07-03T22:02:22.455+0000] {processor.py:208} INFO - Processing /opt/airflow/dags/driven_data_pipeline.py took 0.533 seconds
[2025-07-03T22:02:52.535+0000] {processor.py:186} INFO - Started process (PID=1152) to work on /opt/airflow/dags/driven_data_pipeline.py
[2025-07-03T22:02:52.537+0000] {processor.py:914} INFO - Processing file /opt/airflow/dags/driven_data_pipeline.py for tasks to queue
[2025-07-03T22:02:52.539+0000] {logging_mixin.py:190} INFO - [2025-07-03T22:02:52.538+0000] {dagbag.py:588} INFO - Filling up the DagBag from /opt/airflow/dags/driven_data_pipeline.py
[2025-07-03T22:02:53.009+0000] {processor.py:925} INFO - DAG(s) 'extract_raw_data_pipeline' retrieved from /opt/airflow/dags/driven_data_pipeline.py
[2025-07-03T22:02:53.041+0000] {logging_mixin.py:190} INFO - [2025-07-03T22:02:53.041+0000] {dag.py:3239} INFO - Sync 1 DAGs
[2025-07-03T22:02:53.068+0000] {logging_mixin.py:190} INFO - [2025-07-03T22:02:53.068+0000] {dag.py:4180} INFO - Setting next_dagrun for extract_raw_data_pipeline to 2025-07-03 07:59:00+00:00, run_after=2025-07-04 07:00:00+00:00
[2025-07-03T22:02:53.092+0000] {processor.py:208} INFO - Processing /opt/airflow/dags/driven_data_pipeline.py took 0.566 seconds
[2025-07-03T22:03:23.212+0000] {processor.py:186} INFO - Started process (PID=1160) to work on /opt/airflow/dags/driven_data_pipeline.py
[2025-07-03T22:03:23.214+0000] {processor.py:914} INFO - Processing file /opt/airflow/dags/driven_data_pipeline.py for tasks to queue
[2025-07-03T22:03:23.216+0000] {logging_mixin.py:190} INFO - [2025-07-03T22:03:23.215+0000] {dagbag.py:588} INFO - Filling up the DagBag from /opt/airflow/dags/driven_data_pipeline.py
[2025-07-03T22:03:23.837+0000] {processor.py:925} INFO - DAG(s) 'extract_raw_data_pipeline' retrieved from /opt/airflow/dags/driven_data_pipeline.py
[2025-07-03T22:03:23.870+0000] {logging_mixin.py:190} INFO - [2025-07-03T22:03:23.870+0000] {dag.py:3239} INFO - Sync 1 DAGs
[2025-07-03T22:03:23.897+0000] {logging_mixin.py:190} INFO - [2025-07-03T22:03:23.897+0000] {dag.py:4180} INFO - Setting next_dagrun for extract_raw_data_pipeline to 2025-07-03 07:59:00+00:00, run_after=2025-07-04 07:00:00+00:00
[2025-07-03T22:03:23.923+0000] {processor.py:208} INFO - Processing /opt/airflow/dags/driven_data_pipeline.py took 0.727 seconds
[2025-07-03T22:03:54.061+0000] {processor.py:186} INFO - Started process (PID=1168) to work on /opt/airflow/dags/driven_data_pipeline.py
[2025-07-03T22:03:54.063+0000] {processor.py:914} INFO - Processing file /opt/airflow/dags/driven_data_pipeline.py for tasks to queue
[2025-07-03T22:03:54.065+0000] {logging_mixin.py:190} INFO - [2025-07-03T22:03:54.064+0000] {dagbag.py:588} INFO - Filling up the DagBag from /opt/airflow/dags/driven_data_pipeline.py
[2025-07-03T22:03:54.508+0000] {processor.py:925} INFO - DAG(s) 'extract_raw_data_pipeline' retrieved from /opt/airflow/dags/driven_data_pipeline.py
[2025-07-03T22:03:54.534+0000] {logging_mixin.py:190} INFO - [2025-07-03T22:03:54.533+0000] {dag.py:3239} INFO - Sync 1 DAGs
[2025-07-03T22:03:54.555+0000] {logging_mixin.py:190} INFO - [2025-07-03T22:03:54.555+0000] {dag.py:4180} INFO - Setting next_dagrun for extract_raw_data_pipeline to 2025-07-03 07:59:00+00:00, run_after=2025-07-04 07:00:00+00:00
[2025-07-03T22:03:54.575+0000] {processor.py:208} INFO - Processing /opt/airflow/dags/driven_data_pipeline.py took 0.521 seconds
[2025-07-03T22:04:25.239+0000] {processor.py:186} INFO - Started process (PID=1176) to work on /opt/airflow/dags/driven_data_pipeline.py
[2025-07-03T22:04:25.240+0000] {processor.py:914} INFO - Processing file /opt/airflow/dags/driven_data_pipeline.py for tasks to queue
[2025-07-03T22:04:25.242+0000] {logging_mixin.py:190} INFO - [2025-07-03T22:04:25.242+0000] {dagbag.py:588} INFO - Filling up the DagBag from /opt/airflow/dags/driven_data_pipeline.py
[2025-07-03T22:04:25.672+0000] {processor.py:925} INFO - DAG(s) 'extract_raw_data_pipeline' retrieved from /opt/airflow/dags/driven_data_pipeline.py
[2025-07-03T22:04:25.698+0000] {logging_mixin.py:190} INFO - [2025-07-03T22:04:25.698+0000] {dag.py:3239} INFO - Sync 1 DAGs
[2025-07-03T22:04:25.722+0000] {logging_mixin.py:190} INFO - [2025-07-03T22:04:25.722+0000] {dag.py:4180} INFO - Setting next_dagrun for extract_raw_data_pipeline to 2025-07-03 07:59:00+00:00, run_after=2025-07-04 07:00:00+00:00
[2025-07-03T22:04:25.749+0000] {processor.py:208} INFO - Processing /opt/airflow/dags/driven_data_pipeline.py took 0.518 seconds
[2025-07-03T22:04:55.806+0000] {processor.py:186} INFO - Started process (PID=1184) to work on /opt/airflow/dags/driven_data_pipeline.py
[2025-07-03T22:04:55.807+0000] {processor.py:914} INFO - Processing file /opt/airflow/dags/driven_data_pipeline.py for tasks to queue
[2025-07-03T22:04:55.809+0000] {logging_mixin.py:190} INFO - [2025-07-03T22:04:55.808+0000] {dagbag.py:588} INFO - Filling up the DagBag from /opt/airflow/dags/driven_data_pipeline.py
[2025-07-03T22:04:56.246+0000] {processor.py:925} INFO - DAG(s) 'extract_raw_data_pipeline' retrieved from /opt/airflow/dags/driven_data_pipeline.py
[2025-07-03T22:04:56.271+0000] {logging_mixin.py:190} INFO - [2025-07-03T22:04:56.270+0000] {dag.py:3239} INFO - Sync 1 DAGs
[2025-07-03T22:04:56.290+0000] {logging_mixin.py:190} INFO - [2025-07-03T22:04:56.290+0000] {dag.py:4180} INFO - Setting next_dagrun for extract_raw_data_pipeline to 2025-07-03 07:59:00+00:00, run_after=2025-07-04 07:00:00+00:00
[2025-07-03T22:04:56.312+0000] {processor.py:208} INFO - Processing /opt/airflow/dags/driven_data_pipeline.py took 0.515 seconds
[2025-07-03T22:05:26.817+0000] {processor.py:186} INFO - Started process (PID=1192) to work on /opt/airflow/dags/driven_data_pipeline.py
[2025-07-03T22:05:26.818+0000] {processor.py:914} INFO - Processing file /opt/airflow/dags/driven_data_pipeline.py for tasks to queue
[2025-07-03T22:05:26.821+0000] {logging_mixin.py:190} INFO - [2025-07-03T22:05:26.820+0000] {dagbag.py:588} INFO - Filling up the DagBag from /opt/airflow/dags/driven_data_pipeline.py
[2025-07-03T22:05:27.209+0000] {processor.py:925} INFO - DAG(s) 'extract_raw_data_pipeline' retrieved from /opt/airflow/dags/driven_data_pipeline.py
[2025-07-03T22:05:27.236+0000] {logging_mixin.py:190} INFO - [2025-07-03T22:05:27.236+0000] {dag.py:3239} INFO - Sync 1 DAGs
[2025-07-03T22:05:27.257+0000] {logging_mixin.py:190} INFO - [2025-07-03T22:05:27.256+0000] {dag.py:4180} INFO - Setting next_dagrun for extract_raw_data_pipeline to 2025-07-03 07:59:00+00:00, run_after=2025-07-04 07:00:00+00:00
[2025-07-03T22:05:27.277+0000] {processor.py:208} INFO - Processing /opt/airflow/dags/driven_data_pipeline.py took 0.472 seconds
[2025-07-03T22:05:57.848+0000] {processor.py:186} INFO - Started process (PID=1200) to work on /opt/airflow/dags/driven_data_pipeline.py
[2025-07-03T22:05:57.849+0000] {processor.py:914} INFO - Processing file /opt/airflow/dags/driven_data_pipeline.py for tasks to queue
[2025-07-03T22:05:57.851+0000] {logging_mixin.py:190} INFO - [2025-07-03T22:05:57.851+0000] {dagbag.py:588} INFO - Filling up the DagBag from /opt/airflow/dags/driven_data_pipeline.py
[2025-07-03T22:05:58.321+0000] {processor.py:925} INFO - DAG(s) 'extract_raw_data_pipeline' retrieved from /opt/airflow/dags/driven_data_pipeline.py
[2025-07-03T22:05:58.348+0000] {logging_mixin.py:190} INFO - [2025-07-03T22:05:58.347+0000] {dag.py:3239} INFO - Sync 1 DAGs
[2025-07-03T22:05:58.369+0000] {logging_mixin.py:190} INFO - [2025-07-03T22:05:58.369+0000] {dag.py:4180} INFO - Setting next_dagrun for extract_raw_data_pipeline to 2025-07-03 07:59:00+00:00, run_after=2025-07-04 07:00:00+00:00
[2025-07-03T22:05:58.390+0000] {processor.py:208} INFO - Processing /opt/airflow/dags/driven_data_pipeline.py took 0.549 seconds
[2025-07-03T22:06:29.267+0000] {processor.py:186} INFO - Started process (PID=1208) to work on /opt/airflow/dags/driven_data_pipeline.py
[2025-07-03T22:06:29.269+0000] {processor.py:914} INFO - Processing file /opt/airflow/dags/driven_data_pipeline.py for tasks to queue
[2025-07-03T22:06:29.271+0000] {logging_mixin.py:190} INFO - [2025-07-03T22:06:29.270+0000] {dagbag.py:588} INFO - Filling up the DagBag from /opt/airflow/dags/driven_data_pipeline.py
[2025-07-03T22:06:29.701+0000] {processor.py:925} INFO - DAG(s) 'extract_raw_data_pipeline' retrieved from /opt/airflow/dags/driven_data_pipeline.py
[2025-07-03T22:06:29.727+0000] {logging_mixin.py:190} INFO - [2025-07-03T22:06:29.727+0000] {dag.py:3239} INFO - Sync 1 DAGs
[2025-07-03T22:06:29.749+0000] {logging_mixin.py:190} INFO - [2025-07-03T22:06:29.749+0000] {dag.py:4180} INFO - Setting next_dagrun for extract_raw_data_pipeline to 2025-07-03 07:59:00+00:00, run_after=2025-07-04 07:00:00+00:00
[2025-07-03T22:06:29.769+0000] {processor.py:208} INFO - Processing /opt/airflow/dags/driven_data_pipeline.py took 0.510 seconds
[2025-07-03T22:07:00.457+0000] {processor.py:186} INFO - Started process (PID=1216) to work on /opt/airflow/dags/driven_data_pipeline.py
[2025-07-03T22:07:00.459+0000] {processor.py:914} INFO - Processing file /opt/airflow/dags/driven_data_pipeline.py for tasks to queue
[2025-07-03T22:07:00.463+0000] {logging_mixin.py:190} INFO - [2025-07-03T22:07:00.462+0000] {dagbag.py:588} INFO - Filling up the DagBag from /opt/airflow/dags/driven_data_pipeline.py
[2025-07-03T22:07:01.394+0000] {processor.py:925} INFO - DAG(s) 'extract_raw_data_pipeline' retrieved from /opt/airflow/dags/driven_data_pipeline.py
[2025-07-03T22:07:01.488+0000] {logging_mixin.py:190} INFO - [2025-07-03T22:07:01.487+0000] {dag.py:3239} INFO - Sync 1 DAGs
[2025-07-03T22:07:01.556+0000] {logging_mixin.py:190} INFO - [2025-07-03T22:07:01.556+0000] {dag.py:4180} INFO - Setting next_dagrun for extract_raw_data_pipeline to 2025-07-03 07:59:00+00:00, run_after=2025-07-04 07:00:00+00:00
[2025-07-03T22:07:01.612+0000] {processor.py:208} INFO - Processing /opt/airflow/dags/driven_data_pipeline.py took 1.170 seconds
[2025-07-03T22:07:31.721+0000] {processor.py:186} INFO - Started process (PID=1224) to work on /opt/airflow/dags/driven_data_pipeline.py
[2025-07-03T22:07:31.723+0000] {processor.py:914} INFO - Processing file /opt/airflow/dags/driven_data_pipeline.py for tasks to queue
[2025-07-03T22:07:31.725+0000] {logging_mixin.py:190} INFO - [2025-07-03T22:07:31.725+0000] {dagbag.py:588} INFO - Filling up the DagBag from /opt/airflow/dags/driven_data_pipeline.py
[2025-07-03T22:07:32.370+0000] {processor.py:925} INFO - DAG(s) 'extract_raw_data_pipeline' retrieved from /opt/airflow/dags/driven_data_pipeline.py
[2025-07-03T22:07:32.427+0000] {logging_mixin.py:190} INFO - [2025-07-03T22:07:32.427+0000] {dag.py:3239} INFO - Sync 1 DAGs
[2025-07-03T22:07:32.459+0000] {logging_mixin.py:190} INFO - [2025-07-03T22:07:32.459+0000] {dag.py:4180} INFO - Setting next_dagrun for extract_raw_data_pipeline to 2025-07-03 07:59:00+00:00, run_after=2025-07-04 07:00:00+00:00
[2025-07-03T22:07:32.487+0000] {processor.py:208} INFO - Processing /opt/airflow/dags/driven_data_pipeline.py took 0.778 seconds
[2025-07-03T22:08:02.587+0000] {processor.py:186} INFO - Started process (PID=1232) to work on /opt/airflow/dags/driven_data_pipeline.py
[2025-07-03T22:08:02.589+0000] {processor.py:914} INFO - Processing file /opt/airflow/dags/driven_data_pipeline.py for tasks to queue
[2025-07-03T22:08:02.592+0000] {logging_mixin.py:190} INFO - [2025-07-03T22:08:02.591+0000] {dagbag.py:588} INFO - Filling up the DagBag from /opt/airflow/dags/driven_data_pipeline.py
[2025-07-03T22:08:03.811+0000] {processor.py:925} INFO - DAG(s) 'extract_raw_data_pipeline' retrieved from /opt/airflow/dags/driven_data_pipeline.py
[2025-07-03T22:08:03.860+0000] {logging_mixin.py:190} INFO - [2025-07-03T22:08:03.860+0000] {dag.py:3239} INFO - Sync 1 DAGs
[2025-07-03T22:08:03.893+0000] {logging_mixin.py:190} INFO - [2025-07-03T22:08:03.892+0000] {dag.py:4180} INFO - Setting next_dagrun for extract_raw_data_pipeline to 2025-07-03 07:59:00+00:00, run_after=2025-07-04 07:00:00+00:00
[2025-07-03T22:08:03.920+0000] {processor.py:208} INFO - Processing /opt/airflow/dags/driven_data_pipeline.py took 1.352 seconds
[2025-07-03T22:08:34.707+0000] {processor.py:186} INFO - Started process (PID=1240) to work on /opt/airflow/dags/driven_data_pipeline.py
[2025-07-03T22:08:34.709+0000] {processor.py:914} INFO - Processing file /opt/airflow/dags/driven_data_pipeline.py for tasks to queue
[2025-07-03T22:08:34.711+0000] {logging_mixin.py:190} INFO - [2025-07-03T22:08:34.710+0000] {dagbag.py:588} INFO - Filling up the DagBag from /opt/airflow/dags/driven_data_pipeline.py
[2025-07-03T22:08:35.583+0000] {processor.py:925} INFO - DAG(s) 'extract_raw_data_pipeline' retrieved from /opt/airflow/dags/driven_data_pipeline.py
[2025-07-03T22:08:35.638+0000] {logging_mixin.py:190} INFO - [2025-07-03T22:08:35.637+0000] {dag.py:3239} INFO - Sync 1 DAGs
[2025-07-03T22:08:35.674+0000] {logging_mixin.py:190} INFO - [2025-07-03T22:08:35.674+0000] {dag.py:4180} INFO - Setting next_dagrun for extract_raw_data_pipeline to 2025-07-03 07:59:00+00:00, run_after=2025-07-04 07:00:00+00:00
[2025-07-03T22:08:35.704+0000] {processor.py:208} INFO - Processing /opt/airflow/dags/driven_data_pipeline.py took 1.007 seconds
[2025-07-03T22:09:06.764+0000] {processor.py:186} INFO - Started process (PID=1248) to work on /opt/airflow/dags/driven_data_pipeline.py
[2025-07-03T22:09:06.766+0000] {processor.py:914} INFO - Processing file /opt/airflow/dags/driven_data_pipeline.py for tasks to queue
[2025-07-03T22:09:06.768+0000] {logging_mixin.py:190} INFO - [2025-07-03T22:09:06.767+0000] {dagbag.py:588} INFO - Filling up the DagBag from /opt/airflow/dags/driven_data_pipeline.py
[2025-07-03T22:09:07.157+0000] {processor.py:925} INFO - DAG(s) 'extract_raw_data_pipeline' retrieved from /opt/airflow/dags/driven_data_pipeline.py
[2025-07-03T22:09:07.182+0000] {logging_mixin.py:190} INFO - [2025-07-03T22:09:07.182+0000] {dag.py:3239} INFO - Sync 1 DAGs
[2025-07-03T22:09:07.202+0000] {logging_mixin.py:190} INFO - [2025-07-03T22:09:07.202+0000] {dag.py:4180} INFO - Setting next_dagrun for extract_raw_data_pipeline to 2025-07-03 07:59:00+00:00, run_after=2025-07-04 07:00:00+00:00
[2025-07-03T22:09:07.222+0000] {processor.py:208} INFO - Processing /opt/airflow/dags/driven_data_pipeline.py took 0.466 seconds
[2025-07-03T22:09:37.817+0000] {processor.py:186} INFO - Started process (PID=1256) to work on /opt/airflow/dags/driven_data_pipeline.py
[2025-07-03T22:09:37.818+0000] {processor.py:914} INFO - Processing file /opt/airflow/dags/driven_data_pipeline.py for tasks to queue
[2025-07-03T22:09:37.819+0000] {logging_mixin.py:190} INFO - [2025-07-03T22:09:37.819+0000] {dagbag.py:588} INFO - Filling up the DagBag from /opt/airflow/dags/driven_data_pipeline.py
[2025-07-03T22:09:38.249+0000] {processor.py:925} INFO - DAG(s) 'extract_raw_data_pipeline' retrieved from /opt/airflow/dags/driven_data_pipeline.py
[2025-07-03T22:09:38.279+0000] {logging_mixin.py:190} INFO - [2025-07-03T22:09:38.279+0000] {dag.py:3239} INFO - Sync 1 DAGs
[2025-07-03T22:09:38.305+0000] {logging_mixin.py:190} INFO - [2025-07-03T22:09:38.304+0000] {dag.py:4180} INFO - Setting next_dagrun for extract_raw_data_pipeline to 2025-07-03 07:59:00+00:00, run_after=2025-07-04 07:00:00+00:00
[2025-07-03T22:09:38.335+0000] {processor.py:208} INFO - Processing /opt/airflow/dags/driven_data_pipeline.py took 0.526 seconds
[2025-07-03T22:10:08.418+0000] {processor.py:186} INFO - Started process (PID=1264) to work on /opt/airflow/dags/driven_data_pipeline.py
[2025-07-03T22:10:08.420+0000] {processor.py:914} INFO - Processing file /opt/airflow/dags/driven_data_pipeline.py for tasks to queue
[2025-07-03T22:10:08.421+0000] {logging_mixin.py:190} INFO - [2025-07-03T22:10:08.421+0000] {dagbag.py:588} INFO - Filling up the DagBag from /opt/airflow/dags/driven_data_pipeline.py
[2025-07-03T22:10:08.844+0000] {processor.py:925} INFO - DAG(s) 'extract_raw_data_pipeline' retrieved from /opt/airflow/dags/driven_data_pipeline.py
[2025-07-03T22:10:08.871+0000] {logging_mixin.py:190} INFO - [2025-07-03T22:10:08.871+0000] {dag.py:3239} INFO - Sync 1 DAGs
[2025-07-03T22:10:08.892+0000] {logging_mixin.py:190} INFO - [2025-07-03T22:10:08.892+0000] {dag.py:4180} INFO - Setting next_dagrun for extract_raw_data_pipeline to 2025-07-03 07:59:00+00:00, run_after=2025-07-04 07:00:00+00:00
[2025-07-03T22:10:08.914+0000] {processor.py:208} INFO - Processing /opt/airflow/dags/driven_data_pipeline.py took 0.503 seconds
[2025-07-03T22:10:39.478+0000] {processor.py:186} INFO - Started process (PID=1272) to work on /opt/airflow/dags/driven_data_pipeline.py
[2025-07-03T22:10:39.480+0000] {processor.py:914} INFO - Processing file /opt/airflow/dags/driven_data_pipeline.py for tasks to queue
[2025-07-03T22:10:39.483+0000] {logging_mixin.py:190} INFO - [2025-07-03T22:10:39.482+0000] {dagbag.py:588} INFO - Filling up the DagBag from /opt/airflow/dags/driven_data_pipeline.py
[2025-07-03T22:10:40.059+0000] {processor.py:925} INFO - DAG(s) 'extract_raw_data_pipeline' retrieved from /opt/airflow/dags/driven_data_pipeline.py
[2025-07-03T22:10:40.095+0000] {logging_mixin.py:190} INFO - [2025-07-03T22:10:40.095+0000] {dag.py:3239} INFO - Sync 1 DAGs
[2025-07-03T22:10:40.122+0000] {logging_mixin.py:190} INFO - [2025-07-03T22:10:40.122+0000] {dag.py:4180} INFO - Setting next_dagrun for extract_raw_data_pipeline to 2025-07-03 07:59:00+00:00, run_after=2025-07-04 07:00:00+00:00
[2025-07-03T22:10:40.148+0000] {processor.py:208} INFO - Processing /opt/airflow/dags/driven_data_pipeline.py took 0.678 seconds
[2025-07-03T22:11:11.000+0000] {processor.py:186} INFO - Started process (PID=1280) to work on /opt/airflow/dags/driven_data_pipeline.py
[2025-07-03T22:11:11.001+0000] {processor.py:914} INFO - Processing file /opt/airflow/dags/driven_data_pipeline.py for tasks to queue
[2025-07-03T22:11:11.004+0000] {logging_mixin.py:190} INFO - [2025-07-03T22:11:11.003+0000] {dagbag.py:588} INFO - Filling up the DagBag from /opt/airflow/dags/driven_data_pipeline.py
[2025-07-03T22:11:11.586+0000] {processor.py:925} INFO - DAG(s) 'extract_raw_data_pipeline' retrieved from /opt/airflow/dags/driven_data_pipeline.py
[2025-07-03T22:11:11.622+0000] {logging_mixin.py:190} INFO - [2025-07-03T22:11:11.622+0000] {dag.py:3239} INFO - Sync 1 DAGs
[2025-07-03T22:11:11.652+0000] {logging_mixin.py:190} INFO - [2025-07-03T22:11:11.651+0000] {dag.py:4180} INFO - Setting next_dagrun for extract_raw_data_pipeline to 2025-07-03 07:59:00+00:00, run_after=2025-07-04 07:00:00+00:00
[2025-07-03T22:11:11.682+0000] {processor.py:208} INFO - Processing /opt/airflow/dags/driven_data_pipeline.py took 0.693 seconds
[2025-07-03T22:11:42.622+0000] {processor.py:186} INFO - Started process (PID=1288) to work on /opt/airflow/dags/driven_data_pipeline.py
[2025-07-03T22:11:42.625+0000] {processor.py:914} INFO - Processing file /opt/airflow/dags/driven_data_pipeline.py for tasks to queue
[2025-07-03T22:11:42.630+0000] {logging_mixin.py:190} INFO - [2025-07-03T22:11:42.628+0000] {dagbag.py:588} INFO - Filling up the DagBag from /opt/airflow/dags/driven_data_pipeline.py
[2025-07-03T22:11:43.096+0000] {processor.py:925} INFO - DAG(s) 'extract_raw_data_pipeline' retrieved from /opt/airflow/dags/driven_data_pipeline.py
[2025-07-03T22:11:43.188+0000] {logging_mixin.py:190} INFO - [2025-07-03T22:11:43.187+0000] {dag.py:3239} INFO - Sync 1 DAGs
[2025-07-03T22:11:43.249+0000] {logging_mixin.py:190} INFO - [2025-07-03T22:11:43.249+0000] {dag.py:4180} INFO - Setting next_dagrun for extract_raw_data_pipeline to 2025-07-03 07:59:00+00:00, run_after=2025-07-04 07:00:00+00:00
[2025-07-03T22:11:43.289+0000] {processor.py:208} INFO - Processing /opt/airflow/dags/driven_data_pipeline.py took 0.689 seconds
[2025-07-03T22:12:14.045+0000] {processor.py:186} INFO - Started process (PID=1296) to work on /opt/airflow/dags/driven_data_pipeline.py
[2025-07-03T22:12:14.047+0000] {processor.py:914} INFO - Processing file /opt/airflow/dags/driven_data_pipeline.py for tasks to queue
[2025-07-03T22:12:14.049+0000] {logging_mixin.py:190} INFO - [2025-07-03T22:12:14.049+0000] {dagbag.py:588} INFO - Filling up the DagBag from /opt/airflow/dags/driven_data_pipeline.py
[2025-07-03T22:12:14.343+0000] {processor.py:925} INFO - DAG(s) 'extract_raw_data_pipeline' retrieved from /opt/airflow/dags/driven_data_pipeline.py
[2025-07-03T22:12:14.388+0000] {logging_mixin.py:190} INFO - [2025-07-03T22:12:14.387+0000] {dag.py:3239} INFO - Sync 1 DAGs
[2025-07-03T22:12:14.423+0000] {logging_mixin.py:190} INFO - [2025-07-03T22:12:14.423+0000] {dag.py:4180} INFO - Setting next_dagrun for extract_raw_data_pipeline to 2025-07-03 07:59:00+00:00, run_after=2025-07-04 07:00:00+00:00
[2025-07-03T22:12:14.456+0000] {processor.py:208} INFO - Processing /opt/airflow/dags/driven_data_pipeline.py took 0.421 seconds
[2025-07-03T22:12:44.666+0000] {processor.py:186} INFO - Started process (PID=1304) to work on /opt/airflow/dags/driven_data_pipeline.py
[2025-07-03T22:12:44.667+0000] {processor.py:914} INFO - Processing file /opt/airflow/dags/driven_data_pipeline.py for tasks to queue
[2025-07-03T22:12:44.670+0000] {logging_mixin.py:190} INFO - [2025-07-03T22:12:44.670+0000] {dagbag.py:588} INFO - Filling up the DagBag from /opt/airflow/dags/driven_data_pipeline.py
[2025-07-03T22:12:44.974+0000] {processor.py:925} INFO - DAG(s) 'extract_raw_data_pipeline' retrieved from /opt/airflow/dags/driven_data_pipeline.py
[2025-07-03T22:12:45.022+0000] {logging_mixin.py:190} INFO - [2025-07-03T22:12:45.022+0000] {dag.py:3239} INFO - Sync 1 DAGs
[2025-07-03T22:12:45.058+0000] {logging_mixin.py:190} INFO - [2025-07-03T22:12:45.058+0000] {dag.py:4180} INFO - Setting next_dagrun for extract_raw_data_pipeline to 2025-07-03 07:59:00+00:00, run_after=2025-07-04 07:00:00+00:00
[2025-07-03T22:12:45.089+0000] {processor.py:208} INFO - Processing /opt/airflow/dags/driven_data_pipeline.py took 0.434 seconds
[2025-07-03T22:13:15.232+0000] {processor.py:186} INFO - Started process (PID=1313) to work on /opt/airflow/dags/driven_data_pipeline.py
[2025-07-03T22:13:15.233+0000] {processor.py:914} INFO - Processing file /opt/airflow/dags/driven_data_pipeline.py for tasks to queue
[2025-07-03T22:13:15.235+0000] {logging_mixin.py:190} INFO - [2025-07-03T22:13:15.235+0000] {dagbag.py:588} INFO - Filling up the DagBag from /opt/airflow/dags/driven_data_pipeline.py
[2025-07-03T22:13:15.446+0000] {processor.py:925} INFO - DAG(s) 'extract_raw_data_pipeline' retrieved from /opt/airflow/dags/driven_data_pipeline.py
[2025-07-03T22:13:15.477+0000] {logging_mixin.py:190} INFO - [2025-07-03T22:13:15.476+0000] {dag.py:3239} INFO - Sync 1 DAGs
[2025-07-03T22:13:15.522+0000] {logging_mixin.py:190} INFO - [2025-07-03T22:13:15.522+0000] {dag.py:4180} INFO - Setting next_dagrun for extract_raw_data_pipeline to 2025-07-03 07:59:00+00:00, run_after=2025-07-04 07:00:00+00:00
[2025-07-03T22:13:15.547+0000] {processor.py:208} INFO - Processing /opt/airflow/dags/driven_data_pipeline.py took 0.323 seconds
[2025-07-03T22:13:45.626+0000] {processor.py:186} INFO - Started process (PID=1321) to work on /opt/airflow/dags/driven_data_pipeline.py
[2025-07-03T22:13:45.627+0000] {processor.py:914} INFO - Processing file /opt/airflow/dags/driven_data_pipeline.py for tasks to queue
[2025-07-03T22:13:45.629+0000] {logging_mixin.py:190} INFO - [2025-07-03T22:13:45.629+0000] {dagbag.py:588} INFO - Filling up the DagBag from /opt/airflow/dags/driven_data_pipeline.py
[2025-07-03T22:13:45.821+0000] {processor.py:925} INFO - DAG(s) 'extract_raw_data_pipeline' retrieved from /opt/airflow/dags/driven_data_pipeline.py
[2025-07-03T22:13:45.852+0000] {logging_mixin.py:190} INFO - [2025-07-03T22:13:45.851+0000] {dag.py:3239} INFO - Sync 1 DAGs
[2025-07-03T22:13:45.877+0000] {logging_mixin.py:190} INFO - [2025-07-03T22:13:45.877+0000] {dag.py:4180} INFO - Setting next_dagrun for extract_raw_data_pipeline to 2025-07-03 07:59:00+00:00, run_after=2025-07-04 07:00:00+00:00
[2025-07-03T22:13:45.898+0000] {processor.py:208} INFO - Processing /opt/airflow/dags/driven_data_pipeline.py took 0.281 seconds
[2025-07-03T22:14:15.975+0000] {processor.py:186} INFO - Started process (PID=1329) to work on /opt/airflow/dags/driven_data_pipeline.py
[2025-07-03T22:14:15.976+0000] {processor.py:914} INFO - Processing file /opt/airflow/dags/driven_data_pipeline.py for tasks to queue
[2025-07-03T22:14:15.978+0000] {logging_mixin.py:190} INFO - [2025-07-03T22:14:15.977+0000] {dagbag.py:588} INFO - Filling up the DagBag from /opt/airflow/dags/driven_data_pipeline.py
[2025-07-03T22:14:16.153+0000] {processor.py:925} INFO - DAG(s) 'extract_raw_data_pipeline' retrieved from /opt/airflow/dags/driven_data_pipeline.py
[2025-07-03T22:14:16.185+0000] {logging_mixin.py:190} INFO - [2025-07-03T22:14:16.185+0000] {dag.py:3239} INFO - Sync 1 DAGs
[2025-07-03T22:14:16.211+0000] {logging_mixin.py:190} INFO - [2025-07-03T22:14:16.211+0000] {dag.py:4180} INFO - Setting next_dagrun for extract_raw_data_pipeline to 2025-07-03 07:59:00+00:00, run_after=2025-07-04 07:00:00+00:00
[2025-07-03T22:14:16.233+0000] {processor.py:208} INFO - Processing /opt/airflow/dags/driven_data_pipeline.py took 0.265 seconds
[2025-07-03T22:14:47.054+0000] {processor.py:186} INFO - Started process (PID=1337) to work on /opt/airflow/dags/driven_data_pipeline.py
[2025-07-03T22:14:47.055+0000] {processor.py:914} INFO - Processing file /opt/airflow/dags/driven_data_pipeline.py for tasks to queue
[2025-07-03T22:14:47.057+0000] {logging_mixin.py:190} INFO - [2025-07-03T22:14:47.057+0000] {dagbag.py:588} INFO - Filling up the DagBag from /opt/airflow/dags/driven_data_pipeline.py
[2025-07-03T22:14:47.309+0000] {processor.py:925} INFO - DAG(s) 'extract_raw_data_pipeline' retrieved from /opt/airflow/dags/driven_data_pipeline.py
[2025-07-03T22:14:47.345+0000] {logging_mixin.py:190} INFO - [2025-07-03T22:14:47.345+0000] {dag.py:3239} INFO - Sync 1 DAGs
[2025-07-03T22:14:47.376+0000] {logging_mixin.py:190} INFO - [2025-07-03T22:14:47.375+0000] {dag.py:4180} INFO - Setting next_dagrun for extract_raw_data_pipeline to 2025-07-03 07:59:00+00:00, run_after=2025-07-04 07:00:00+00:00
[2025-07-03T22:14:47.402+0000] {processor.py:208} INFO - Processing /opt/airflow/dags/driven_data_pipeline.py took 0.357 seconds
[2025-07-03T22:15:18.281+0000] {processor.py:186} INFO - Started process (PID=1345) to work on /opt/airflow/dags/driven_data_pipeline.py
[2025-07-03T22:15:18.282+0000] {processor.py:914} INFO - Processing file /opt/airflow/dags/driven_data_pipeline.py for tasks to queue
[2025-07-03T22:15:18.284+0000] {logging_mixin.py:190} INFO - [2025-07-03T22:15:18.284+0000] {dagbag.py:588} INFO - Filling up the DagBag from /opt/airflow/dags/driven_data_pipeline.py
[2025-07-03T22:15:18.465+0000] {processor.py:925} INFO - DAG(s) 'extract_raw_data_pipeline' retrieved from /opt/airflow/dags/driven_data_pipeline.py
[2025-07-03T22:15:18.496+0000] {logging_mixin.py:190} INFO - [2025-07-03T22:15:18.496+0000] {dag.py:3239} INFO - Sync 1 DAGs
[2025-07-03T22:15:18.521+0000] {logging_mixin.py:190} INFO - [2025-07-03T22:15:18.521+0000] {dag.py:4180} INFO - Setting next_dagrun for extract_raw_data_pipeline to 2025-07-03 07:59:00+00:00, run_after=2025-07-04 07:00:00+00:00
[2025-07-03T22:15:18.546+0000] {processor.py:208} INFO - Processing /opt/airflow/dags/driven_data_pipeline.py took 0.273 seconds
[2025-07-03T22:15:49.129+0000] {processor.py:186} INFO - Started process (PID=1353) to work on /opt/airflow/dags/driven_data_pipeline.py
[2025-07-03T22:15:49.130+0000] {processor.py:914} INFO - Processing file /opt/airflow/dags/driven_data_pipeline.py for tasks to queue
[2025-07-03T22:15:49.133+0000] {logging_mixin.py:190} INFO - [2025-07-03T22:15:49.132+0000] {dagbag.py:588} INFO - Filling up the DagBag from /opt/airflow/dags/driven_data_pipeline.py
[2025-07-03T22:15:49.669+0000] {processor.py:925} INFO - DAG(s) 'extract_raw_data_pipeline' retrieved from /opt/airflow/dags/driven_data_pipeline.py
[2025-07-03T22:15:49.707+0000] {logging_mixin.py:190} INFO - [2025-07-03T22:15:49.707+0000] {dag.py:3239} INFO - Sync 1 DAGs
[2025-07-03T22:15:49.741+0000] {logging_mixin.py:190} INFO - [2025-07-03T22:15:49.741+0000] {dag.py:4180} INFO - Setting next_dagrun for extract_raw_data_pipeline to 2025-07-03 07:59:00+00:00, run_after=2025-07-04 07:00:00+00:00
[2025-07-03T22:15:49.770+0000] {processor.py:208} INFO - Processing /opt/airflow/dags/driven_data_pipeline.py took 0.650 seconds
[2025-07-03T22:16:19.908+0000] {processor.py:186} INFO - Started process (PID=1361) to work on /opt/airflow/dags/driven_data_pipeline.py
[2025-07-03T22:16:19.911+0000] {processor.py:914} INFO - Processing file /opt/airflow/dags/driven_data_pipeline.py for tasks to queue
[2025-07-03T22:16:19.915+0000] {logging_mixin.py:190} INFO - [2025-07-03T22:16:19.914+0000] {dagbag.py:588} INFO - Filling up the DagBag from /opt/airflow/dags/driven_data_pipeline.py
[2025-07-03T22:16:20.358+0000] {processor.py:925} INFO - DAG(s) 'extract_raw_data_pipeline' retrieved from /opt/airflow/dags/driven_data_pipeline.py
[2025-07-03T22:16:20.412+0000] {logging_mixin.py:190} INFO - [2025-07-03T22:16:20.411+0000] {dag.py:3239} INFO - Sync 1 DAGs
[2025-07-03T22:16:20.462+0000] {logging_mixin.py:190} INFO - [2025-07-03T22:16:20.462+0000] {dag.py:4180} INFO - Setting next_dagrun for extract_raw_data_pipeline to 2025-07-03 07:59:00+00:00, run_after=2025-07-04 07:00:00+00:00
[2025-07-03T22:16:20.497+0000] {processor.py:208} INFO - Processing /opt/airflow/dags/driven_data_pipeline.py took 0.606 seconds
[2025-07-03T22:16:51.328+0000] {processor.py:186} INFO - Started process (PID=1369) to work on /opt/airflow/dags/driven_data_pipeline.py
[2025-07-03T22:16:51.330+0000] {processor.py:914} INFO - Processing file /opt/airflow/dags/driven_data_pipeline.py for tasks to queue
[2025-07-03T22:16:51.332+0000] {logging_mixin.py:190} INFO - [2025-07-03T22:16:51.331+0000] {dagbag.py:588} INFO - Filling up the DagBag from /opt/airflow/dags/driven_data_pipeline.py
[2025-07-03T22:16:51.551+0000] {processor.py:925} INFO - DAG(s) 'extract_raw_data_pipeline' retrieved from /opt/airflow/dags/driven_data_pipeline.py
[2025-07-03T22:16:51.579+0000] {logging_mixin.py:190} INFO - [2025-07-03T22:16:51.579+0000] {dag.py:3239} INFO - Sync 1 DAGs
[2025-07-03T22:16:51.602+0000] {logging_mixin.py:190} INFO - [2025-07-03T22:16:51.601+0000] {dag.py:4180} INFO - Setting next_dagrun for extract_raw_data_pipeline to 2025-07-03 07:59:00+00:00, run_after=2025-07-04 07:00:00+00:00
[2025-07-03T22:16:51.623+0000] {processor.py:208} INFO - Processing /opt/airflow/dags/driven_data_pipeline.py took 0.303 seconds
[2025-07-03T22:17:22.599+0000] {processor.py:186} INFO - Started process (PID=1378) to work on /opt/airflow/dags/driven_data_pipeline.py
[2025-07-03T22:17:22.601+0000] {processor.py:914} INFO - Processing file /opt/airflow/dags/driven_data_pipeline.py for tasks to queue
[2025-07-03T22:17:22.603+0000] {logging_mixin.py:190} INFO - [2025-07-03T22:17:22.602+0000] {dagbag.py:588} INFO - Filling up the DagBag from /opt/airflow/dags/driven_data_pipeline.py
[2025-07-03T22:17:22.790+0000] {processor.py:925} INFO - DAG(s) 'extract_raw_data_pipeline' retrieved from /opt/airflow/dags/driven_data_pipeline.py
[2025-07-03T22:17:22.818+0000] {logging_mixin.py:190} INFO - [2025-07-03T22:17:22.818+0000] {dag.py:3239} INFO - Sync 1 DAGs
[2025-07-03T22:17:22.844+0000] {logging_mixin.py:190} INFO - [2025-07-03T22:17:22.844+0000] {dag.py:4180} INFO - Setting next_dagrun for extract_raw_data_pipeline to 2025-07-03 07:59:00+00:00, run_after=2025-07-04 07:00:00+00:00
[2025-07-03T22:17:22.867+0000] {processor.py:208} INFO - Processing /opt/airflow/dags/driven_data_pipeline.py took 0.276 seconds
[2025-07-03T22:17:52.935+0000] {processor.py:186} INFO - Started process (PID=1386) to work on /opt/airflow/dags/driven_data_pipeline.py
[2025-07-03T22:17:52.936+0000] {processor.py:914} INFO - Processing file /opt/airflow/dags/driven_data_pipeline.py for tasks to queue
[2025-07-03T22:17:52.938+0000] {logging_mixin.py:190} INFO - [2025-07-03T22:17:52.938+0000] {dagbag.py:588} INFO - Filling up the DagBag from /opt/airflow/dags/driven_data_pipeline.py
[2025-07-03T22:17:53.165+0000] {processor.py:925} INFO - DAG(s) 'extract_raw_data_pipeline' retrieved from /opt/airflow/dags/driven_data_pipeline.py
[2025-07-03T22:17:53.198+0000] {logging_mixin.py:190} INFO - [2025-07-03T22:17:53.198+0000] {dag.py:3239} INFO - Sync 1 DAGs
[2025-07-03T22:17:53.230+0000] {logging_mixin.py:190} INFO - [2025-07-03T22:17:53.230+0000] {dag.py:4180} INFO - Setting next_dagrun for extract_raw_data_pipeline to 2025-07-03 07:59:00+00:00, run_after=2025-07-04 07:00:00+00:00
[2025-07-03T22:17:53.255+0000] {processor.py:208} INFO - Processing /opt/airflow/dags/driven_data_pipeline.py took 0.330 seconds
[2025-07-03T22:18:23.921+0000] {processor.py:186} INFO - Started process (PID=1394) to work on /opt/airflow/dags/driven_data_pipeline.py
[2025-07-03T22:18:23.923+0000] {processor.py:914} INFO - Processing file /opt/airflow/dags/driven_data_pipeline.py for tasks to queue
[2025-07-03T22:18:23.925+0000] {logging_mixin.py:190} INFO - [2025-07-03T22:18:23.924+0000] {dagbag.py:588} INFO - Filling up the DagBag from /opt/airflow/dags/driven_data_pipeline.py
[2025-07-03T22:18:24.141+0000] {processor.py:925} INFO - DAG(s) 'extract_raw_data_pipeline' retrieved from /opt/airflow/dags/driven_data_pipeline.py
[2025-07-03T22:18:24.174+0000] {logging_mixin.py:190} INFO - [2025-07-03T22:18:24.174+0000] {dag.py:3239} INFO - Sync 1 DAGs
[2025-07-03T22:18:24.200+0000] {logging_mixin.py:190} INFO - [2025-07-03T22:18:24.199+0000] {dag.py:4180} INFO - Setting next_dagrun for extract_raw_data_pipeline to 2025-07-03 07:59:00+00:00, run_after=2025-07-04 07:00:00+00:00
[2025-07-03T22:18:24.223+0000] {processor.py:208} INFO - Processing /opt/airflow/dags/driven_data_pipeline.py took 0.310 seconds
[2025-07-03T22:18:54.302+0000] {processor.py:186} INFO - Started process (PID=1402) to work on /opt/airflow/dags/driven_data_pipeline.py
[2025-07-03T22:18:54.304+0000] {processor.py:914} INFO - Processing file /opt/airflow/dags/driven_data_pipeline.py for tasks to queue
[2025-07-03T22:18:54.306+0000] {logging_mixin.py:190} INFO - [2025-07-03T22:18:54.306+0000] {dagbag.py:588} INFO - Filling up the DagBag from /opt/airflow/dags/driven_data_pipeline.py
[2025-07-03T22:18:54.607+0000] {processor.py:925} INFO - DAG(s) 'extract_raw_data_pipeline' retrieved from /opt/airflow/dags/driven_data_pipeline.py
[2025-07-03T22:18:54.633+0000] {logging_mixin.py:190} INFO - [2025-07-03T22:18:54.633+0000] {dag.py:3239} INFO - Sync 1 DAGs
[2025-07-03T22:18:54.655+0000] {logging_mixin.py:190} INFO - [2025-07-03T22:18:54.655+0000] {dag.py:4180} INFO - Setting next_dagrun for extract_raw_data_pipeline to 2025-07-03 07:59:00+00:00, run_after=2025-07-04 07:00:00+00:00
[2025-07-03T22:18:54.676+0000] {processor.py:208} INFO - Processing /opt/airflow/dags/driven_data_pipeline.py took 0.383 seconds
[2025-07-03T22:19:24.780+0000] {processor.py:186} INFO - Started process (PID=1410) to work on /opt/airflow/dags/driven_data_pipeline.py
[2025-07-03T22:19:24.781+0000] {processor.py:914} INFO - Processing file /opt/airflow/dags/driven_data_pipeline.py for tasks to queue
[2025-07-03T22:19:24.783+0000] {logging_mixin.py:190} INFO - [2025-07-03T22:19:24.783+0000] {dagbag.py:588} INFO - Filling up the DagBag from /opt/airflow/dags/driven_data_pipeline.py
[2025-07-03T22:19:24.963+0000] {processor.py:925} INFO - DAG(s) 'extract_raw_data_pipeline' retrieved from /opt/airflow/dags/driven_data_pipeline.py
[2025-07-03T22:19:24.993+0000] {logging_mixin.py:190} INFO - [2025-07-03T22:19:24.992+0000] {dag.py:3239} INFO - Sync 1 DAGs
[2025-07-03T22:19:25.014+0000] {logging_mixin.py:190} INFO - [2025-07-03T22:19:25.014+0000] {dag.py:4180} INFO - Setting next_dagrun for extract_raw_data_pipeline to 2025-07-03 07:59:00+00:00, run_after=2025-07-04 07:00:00+00:00
[2025-07-03T22:19:25.036+0000] {processor.py:208} INFO - Processing /opt/airflow/dags/driven_data_pipeline.py took 0.264 seconds
[2025-07-03T22:19:55.185+0000] {processor.py:186} INFO - Started process (PID=1418) to work on /opt/airflow/dags/driven_data_pipeline.py
[2025-07-03T22:19:55.189+0000] {processor.py:914} INFO - Processing file /opt/airflow/dags/driven_data_pipeline.py for tasks to queue
[2025-07-03T22:19:55.194+0000] {logging_mixin.py:190} INFO - [2025-07-03T22:19:55.192+0000] {dagbag.py:588} INFO - Filling up the DagBag from /opt/airflow/dags/driven_data_pipeline.py
[2025-07-03T22:19:55.679+0000] {processor.py:925} INFO - DAG(s) 'extract_raw_data_pipeline' retrieved from /opt/airflow/dags/driven_data_pipeline.py
[2025-07-03T22:19:55.747+0000] {logging_mixin.py:190} INFO - [2025-07-03T22:19:55.746+0000] {dag.py:3239} INFO - Sync 1 DAGs
[2025-07-03T22:19:55.815+0000] {logging_mixin.py:190} INFO - [2025-07-03T22:19:55.815+0000] {dag.py:4180} INFO - Setting next_dagrun for extract_raw_data_pipeline to 2025-07-03 07:59:00+00:00, run_after=2025-07-04 07:00:00+00:00
[2025-07-03T22:19:55.861+0000] {processor.py:208} INFO - Processing /opt/airflow/dags/driven_data_pipeline.py took 0.697 seconds
[2025-07-03T22:20:26.941+0000] {processor.py:186} INFO - Started process (PID=1426) to work on /opt/airflow/dags/driven_data_pipeline.py
[2025-07-03T22:20:26.943+0000] {processor.py:914} INFO - Processing file /opt/airflow/dags/driven_data_pipeline.py for tasks to queue
[2025-07-03T22:20:26.945+0000] {logging_mixin.py:190} INFO - [2025-07-03T22:20:26.944+0000] {dagbag.py:588} INFO - Filling up the DagBag from /opt/airflow/dags/driven_data_pipeline.py
[2025-07-03T22:20:27.137+0000] {processor.py:925} INFO - DAG(s) 'extract_raw_data_pipeline' retrieved from /opt/airflow/dags/driven_data_pipeline.py
[2025-07-03T22:20:27.167+0000] {logging_mixin.py:190} INFO - [2025-07-03T22:20:27.166+0000] {dag.py:3239} INFO - Sync 1 DAGs
[2025-07-03T22:20:27.190+0000] {logging_mixin.py:190} INFO - [2025-07-03T22:20:27.190+0000] {dag.py:4180} INFO - Setting next_dagrun for extract_raw_data_pipeline to 2025-07-03 07:59:00+00:00, run_after=2025-07-04 07:00:00+00:00
[2025-07-03T22:20:27.211+0000] {processor.py:208} INFO - Processing /opt/airflow/dags/driven_data_pipeline.py took 0.279 seconds
[2025-07-03T22:20:57.984+0000] {processor.py:186} INFO - Started process (PID=1434) to work on /opt/airflow/dags/driven_data_pipeline.py
[2025-07-03T22:20:57.985+0000] {processor.py:914} INFO - Processing file /opt/airflow/dags/driven_data_pipeline.py for tasks to queue
[2025-07-03T22:20:57.987+0000] {logging_mixin.py:190} INFO - [2025-07-03T22:20:57.986+0000] {dagbag.py:588} INFO - Filling up the DagBag from /opt/airflow/dags/driven_data_pipeline.py
[2025-07-03T22:20:58.174+0000] {processor.py:925} INFO - DAG(s) 'extract_raw_data_pipeline' retrieved from /opt/airflow/dags/driven_data_pipeline.py
[2025-07-03T22:20:58.201+0000] {logging_mixin.py:190} INFO - [2025-07-03T22:20:58.201+0000] {dag.py:3239} INFO - Sync 1 DAGs
[2025-07-03T22:20:58.224+0000] {logging_mixin.py:190} INFO - [2025-07-03T22:20:58.224+0000] {dag.py:4180} INFO - Setting next_dagrun for extract_raw_data_pipeline to 2025-07-03 07:59:00+00:00, run_after=2025-07-04 07:00:00+00:00
[2025-07-03T22:20:58.243+0000] {processor.py:208} INFO - Processing /opt/airflow/dags/driven_data_pipeline.py took 0.268 seconds
[2025-07-03T22:21:28.315+0000] {processor.py:186} INFO - Started process (PID=1442) to work on /opt/airflow/dags/driven_data_pipeline.py
[2025-07-03T22:21:28.316+0000] {processor.py:914} INFO - Processing file /opt/airflow/dags/driven_data_pipeline.py for tasks to queue
[2025-07-03T22:21:28.318+0000] {logging_mixin.py:190} INFO - [2025-07-03T22:21:28.317+0000] {dagbag.py:588} INFO - Filling up the DagBag from /opt/airflow/dags/driven_data_pipeline.py
[2025-07-03T22:21:28.521+0000] {processor.py:925} INFO - DAG(s) 'extract_raw_data_pipeline' retrieved from /opt/airflow/dags/driven_data_pipeline.py
[2025-07-03T22:21:28.560+0000] {logging_mixin.py:190} INFO - [2025-07-03T22:21:28.559+0000] {dag.py:3239} INFO - Sync 1 DAGs
[2025-07-03T22:21:28.592+0000] {logging_mixin.py:190} INFO - [2025-07-03T22:21:28.592+0000] {dag.py:4180} INFO - Setting next_dagrun for extract_raw_data_pipeline to 2025-07-03 07:59:00+00:00, run_after=2025-07-04 07:00:00+00:00
[2025-07-03T22:21:28.617+0000] {processor.py:208} INFO - Processing /opt/airflow/dags/driven_data_pipeline.py took 0.309 seconds
[2025-07-03T22:21:58.940+0000] {processor.py:186} INFO - Started process (PID=1450) to work on /opt/airflow/dags/driven_data_pipeline.py
[2025-07-03T22:21:58.942+0000] {processor.py:914} INFO - Processing file /opt/airflow/dags/driven_data_pipeline.py for tasks to queue
[2025-07-03T22:21:58.944+0000] {logging_mixin.py:190} INFO - [2025-07-03T22:21:58.943+0000] {dagbag.py:588} INFO - Filling up the DagBag from /opt/airflow/dags/driven_data_pipeline.py
[2025-07-03T22:21:59.180+0000] {processor.py:925} INFO - DAG(s) 'extract_raw_data_pipeline' retrieved from /opt/airflow/dags/driven_data_pipeline.py
[2025-07-03T22:21:59.224+0000] {logging_mixin.py:190} INFO - [2025-07-03T22:21:59.223+0000] {dag.py:3239} INFO - Sync 1 DAGs
[2025-07-03T22:21:59.259+0000] {logging_mixin.py:190} INFO - [2025-07-03T22:21:59.258+0000] {dag.py:4180} INFO - Setting next_dagrun for extract_raw_data_pipeline to 2025-07-03 07:59:00+00:00, run_after=2025-07-04 07:00:00+00:00
[2025-07-03T22:21:59.283+0000] {processor.py:208} INFO - Processing /opt/airflow/dags/driven_data_pipeline.py took 0.351 seconds
[2025-07-03T22:22:29.454+0000] {processor.py:186} INFO - Started process (PID=1458) to work on /opt/airflow/dags/driven_data_pipeline.py
[2025-07-03T22:22:29.455+0000] {processor.py:914} INFO - Processing file /opt/airflow/dags/driven_data_pipeline.py for tasks to queue
[2025-07-03T22:22:29.457+0000] {logging_mixin.py:190} INFO - [2025-07-03T22:22:29.457+0000] {dagbag.py:588} INFO - Filling up the DagBag from /opt/airflow/dags/driven_data_pipeline.py
[2025-07-03T22:22:29.654+0000] {processor.py:925} INFO - DAG(s) 'extract_raw_data_pipeline' retrieved from /opt/airflow/dags/driven_data_pipeline.py
[2025-07-03T22:22:29.684+0000] {logging_mixin.py:190} INFO - [2025-07-03T22:22:29.684+0000] {dag.py:3239} INFO - Sync 1 DAGs
[2025-07-03T22:22:29.712+0000] {logging_mixin.py:190} INFO - [2025-07-03T22:22:29.712+0000] {dag.py:4180} INFO - Setting next_dagrun for extract_raw_data_pipeline to 2025-07-03 07:59:00+00:00, run_after=2025-07-04 07:00:00+00:00
[2025-07-03T22:22:29.735+0000] {processor.py:208} INFO - Processing /opt/airflow/dags/driven_data_pipeline.py took 0.291 seconds
[2025-07-03T22:23:00.535+0000] {processor.py:186} INFO - Started process (PID=1467) to work on /opt/airflow/dags/driven_data_pipeline.py
[2025-07-03T22:23:00.536+0000] {processor.py:914} INFO - Processing file /opt/airflow/dags/driven_data_pipeline.py for tasks to queue
[2025-07-03T22:23:00.539+0000] {logging_mixin.py:190} INFO - [2025-07-03T22:23:00.538+0000] {dagbag.py:588} INFO - Filling up the DagBag from /opt/airflow/dags/driven_data_pipeline.py
[2025-07-03T22:23:00.798+0000] {processor.py:925} INFO - DAG(s) 'extract_raw_data_pipeline' retrieved from /opt/airflow/dags/driven_data_pipeline.py
[2025-07-03T22:23:00.837+0000] {logging_mixin.py:190} INFO - [2025-07-03T22:23:00.836+0000] {dag.py:3239} INFO - Sync 1 DAGs
[2025-07-03T22:23:00.869+0000] {logging_mixin.py:190} INFO - [2025-07-03T22:23:00.869+0000] {dag.py:4180} INFO - Setting next_dagrun for extract_raw_data_pipeline to 2025-07-03 07:59:00+00:00, run_after=2025-07-04 07:00:00+00:00
[2025-07-03T22:23:00.901+0000] {processor.py:208} INFO - Processing /opt/airflow/dags/driven_data_pipeline.py took 0.377 seconds
[2025-07-03T22:23:31.803+0000] {processor.py:186} INFO - Started process (PID=1476) to work on /opt/airflow/dags/driven_data_pipeline.py
[2025-07-03T22:23:31.805+0000] {processor.py:914} INFO - Processing file /opt/airflow/dags/driven_data_pipeline.py for tasks to queue
[2025-07-03T22:23:31.807+0000] {logging_mixin.py:190} INFO - [2025-07-03T22:23:31.806+0000] {dagbag.py:588} INFO - Filling up the DagBag from /opt/airflow/dags/driven_data_pipeline.py
[2025-07-03T22:23:32.013+0000] {processor.py:925} INFO - DAG(s) 'extract_raw_data_pipeline' retrieved from /opt/airflow/dags/driven_data_pipeline.py
[2025-07-03T22:23:32.044+0000] {logging_mixin.py:190} INFO - [2025-07-03T22:23:32.044+0000] {dag.py:3239} INFO - Sync 1 DAGs
[2025-07-03T22:23:32.070+0000] {logging_mixin.py:190} INFO - [2025-07-03T22:23:32.070+0000] {dag.py:4180} INFO - Setting next_dagrun for extract_raw_data_pipeline to 2025-07-03 07:59:00+00:00, run_after=2025-07-04 07:00:00+00:00
[2025-07-03T22:23:32.098+0000] {processor.py:208} INFO - Processing /opt/airflow/dags/driven_data_pipeline.py took 0.303 seconds
[2025-07-03T22:24:03.057+0000] {processor.py:186} INFO - Started process (PID=1484) to work on /opt/airflow/dags/driven_data_pipeline.py
[2025-07-03T22:24:03.062+0000] {processor.py:914} INFO - Processing file /opt/airflow/dags/driven_data_pipeline.py for tasks to queue
[2025-07-03T22:24:03.071+0000] {logging_mixin.py:190} INFO - [2025-07-03T22:24:03.067+0000] {dagbag.py:588} INFO - Filling up the DagBag from /opt/airflow/dags/driven_data_pipeline.py
[2025-07-03T22:24:03.773+0000] {processor.py:925} INFO - DAG(s) 'extract_raw_data_pipeline' retrieved from /opt/airflow/dags/driven_data_pipeline.py
[2025-07-03T22:24:03.898+0000] {logging_mixin.py:190} INFO - [2025-07-03T22:24:03.896+0000] {dag.py:3239} INFO - Sync 1 DAGs
[2025-07-03T22:24:04.018+0000] {logging_mixin.py:190} INFO - [2025-07-03T22:24:04.017+0000] {dag.py:4180} INFO - Setting next_dagrun for extract_raw_data_pipeline to 2025-07-03 07:59:00+00:00, run_after=2025-07-04 07:00:00+00:00
[2025-07-03T22:24:04.076+0000] {processor.py:208} INFO - Processing /opt/airflow/dags/driven_data_pipeline.py took 1.043 seconds
[2025-07-03T22:24:35.064+0000] {processor.py:186} INFO - Started process (PID=1492) to work on /opt/airflow/dags/driven_data_pipeline.py
[2025-07-03T22:24:35.065+0000] {processor.py:914} INFO - Processing file /opt/airflow/dags/driven_data_pipeline.py for tasks to queue
[2025-07-03T22:24:35.068+0000] {logging_mixin.py:190} INFO - [2025-07-03T22:24:35.067+0000] {dagbag.py:588} INFO - Filling up the DagBag from /opt/airflow/dags/driven_data_pipeline.py
[2025-07-03T22:24:35.324+0000] {processor.py:925} INFO - DAG(s) 'extract_raw_data_pipeline' retrieved from /opt/airflow/dags/driven_data_pipeline.py
[2025-07-03T22:24:35.365+0000] {logging_mixin.py:190} INFO - [2025-07-03T22:24:35.365+0000] {dag.py:3239} INFO - Sync 1 DAGs
[2025-07-03T22:24:35.398+0000] {logging_mixin.py:190} INFO - [2025-07-03T22:24:35.397+0000] {dag.py:4180} INFO - Setting next_dagrun for extract_raw_data_pipeline to 2025-07-03 07:59:00+00:00, run_after=2025-07-04 07:00:00+00:00
[2025-07-03T22:24:35.424+0000] {processor.py:208} INFO - Processing /opt/airflow/dags/driven_data_pipeline.py took 0.368 seconds
[2025-07-03T22:25:05.483+0000] {processor.py:186} INFO - Started process (PID=1500) to work on /opt/airflow/dags/driven_data_pipeline.py
[2025-07-03T22:25:05.485+0000] {processor.py:914} INFO - Processing file /opt/airflow/dags/driven_data_pipeline.py for tasks to queue
[2025-07-03T22:25:05.487+0000] {logging_mixin.py:190} INFO - [2025-07-03T22:25:05.487+0000] {dagbag.py:588} INFO - Filling up the DagBag from /opt/airflow/dags/driven_data_pipeline.py
[2025-07-03T22:25:05.680+0000] {processor.py:925} INFO - DAG(s) 'extract_raw_data_pipeline' retrieved from /opt/airflow/dags/driven_data_pipeline.py
[2025-07-03T22:25:05.710+0000] {logging_mixin.py:190} INFO - [2025-07-03T22:25:05.710+0000] {dag.py:3239} INFO - Sync 1 DAGs
[2025-07-03T22:25:05.734+0000] {logging_mixin.py:190} INFO - [2025-07-03T22:25:05.734+0000] {dag.py:4180} INFO - Setting next_dagrun for extract_raw_data_pipeline to 2025-07-03 07:59:00+00:00, run_after=2025-07-04 07:00:00+00:00
[2025-07-03T22:25:05.759+0000] {processor.py:208} INFO - Processing /opt/airflow/dags/driven_data_pipeline.py took 0.284 seconds
[2025-07-03T22:25:36.462+0000] {processor.py:186} INFO - Started process (PID=1508) to work on /opt/airflow/dags/driven_data_pipeline.py
[2025-07-03T22:25:36.463+0000] {processor.py:914} INFO - Processing file /opt/airflow/dags/driven_data_pipeline.py for tasks to queue
[2025-07-03T22:25:36.466+0000] {logging_mixin.py:190} INFO - [2025-07-03T22:25:36.465+0000] {dagbag.py:588} INFO - Filling up the DagBag from /opt/airflow/dags/driven_data_pipeline.py
[2025-07-03T22:25:36.897+0000] {processor.py:925} INFO - DAG(s) 'extract_raw_data_pipeline' retrieved from /opt/airflow/dags/driven_data_pipeline.py
[2025-07-03T22:25:36.935+0000] {logging_mixin.py:190} INFO - [2025-07-03T22:25:36.934+0000] {dag.py:3239} INFO - Sync 1 DAGs
[2025-07-03T22:25:36.968+0000] {logging_mixin.py:190} INFO - [2025-07-03T22:25:36.967+0000] {dag.py:4180} INFO - Setting next_dagrun for extract_raw_data_pipeline to 2025-07-03 07:59:00+00:00, run_after=2025-07-04 07:00:00+00:00
[2025-07-03T22:25:37.000+0000] {processor.py:208} INFO - Processing /opt/airflow/dags/driven_data_pipeline.py took 0.548 seconds
[2025-07-03T22:26:07.822+0000] {processor.py:186} INFO - Started process (PID=1516) to work on /opt/airflow/dags/driven_data_pipeline.py
[2025-07-03T22:26:07.827+0000] {processor.py:914} INFO - Processing file /opt/airflow/dags/driven_data_pipeline.py for tasks to queue
[2025-07-03T22:26:07.830+0000] {logging_mixin.py:190} INFO - [2025-07-03T22:26:07.829+0000] {dagbag.py:588} INFO - Filling up the DagBag from /opt/airflow/dags/driven_data_pipeline.py
[2025-07-03T22:26:08.042+0000] {processor.py:925} INFO - DAG(s) 'extract_raw_data_pipeline' retrieved from /opt/airflow/dags/driven_data_pipeline.py
[2025-07-03T22:26:08.074+0000] {logging_mixin.py:190} INFO - [2025-07-03T22:26:08.074+0000] {dag.py:3239} INFO - Sync 1 DAGs
[2025-07-03T22:26:08.100+0000] {logging_mixin.py:190} INFO - [2025-07-03T22:26:08.100+0000] {dag.py:4180} INFO - Setting next_dagrun for extract_raw_data_pipeline to 2025-07-03 07:59:00+00:00, run_after=2025-07-04 07:00:00+00:00
[2025-07-03T22:26:08.124+0000] {processor.py:208} INFO - Processing /opt/airflow/dags/driven_data_pipeline.py took 0.312 seconds
[2025-07-03T22:26:39.047+0000] {processor.py:186} INFO - Started process (PID=1524) to work on /opt/airflow/dags/driven_data_pipeline.py
[2025-07-03T22:26:39.049+0000] {processor.py:914} INFO - Processing file /opt/airflow/dags/driven_data_pipeline.py for tasks to queue
[2025-07-03T22:26:39.051+0000] {logging_mixin.py:190} INFO - [2025-07-03T22:26:39.050+0000] {dagbag.py:588} INFO - Filling up the DagBag from /opt/airflow/dags/driven_data_pipeline.py
[2025-07-03T22:26:39.267+0000] {processor.py:925} INFO - DAG(s) 'extract_raw_data_pipeline' retrieved from /opt/airflow/dags/driven_data_pipeline.py
[2025-07-03T22:26:39.297+0000] {logging_mixin.py:190} INFO - [2025-07-03T22:26:39.296+0000] {dag.py:3239} INFO - Sync 1 DAGs
[2025-07-03T22:26:39.318+0000] {logging_mixin.py:190} INFO - [2025-07-03T22:26:39.318+0000] {dag.py:4180} INFO - Setting next_dagrun for extract_raw_data_pipeline to 2025-07-03 07:59:00+00:00, run_after=2025-07-04 07:00:00+00:00
[2025-07-03T22:26:39.338+0000] {processor.py:208} INFO - Processing /opt/airflow/dags/driven_data_pipeline.py took 0.300 seconds
[2025-07-03T22:27:10.126+0000] {processor.py:186} INFO - Started process (PID=1532) to work on /opt/airflow/dags/driven_data_pipeline.py
[2025-07-03T22:27:10.127+0000] {processor.py:914} INFO - Processing file /opt/airflow/dags/driven_data_pipeline.py for tasks to queue
[2025-07-03T22:27:10.129+0000] {logging_mixin.py:190} INFO - [2025-07-03T22:27:10.129+0000] {dagbag.py:588} INFO - Filling up the DagBag from /opt/airflow/dags/driven_data_pipeline.py
[2025-07-03T22:27:10.308+0000] {processor.py:925} INFO - DAG(s) 'extract_raw_data_pipeline' retrieved from /opt/airflow/dags/driven_data_pipeline.py
[2025-07-03T22:27:10.335+0000] {logging_mixin.py:190} INFO - [2025-07-03T22:27:10.335+0000] {dag.py:3239} INFO - Sync 1 DAGs
[2025-07-03T22:27:10.359+0000] {logging_mixin.py:190} INFO - [2025-07-03T22:27:10.359+0000] {dag.py:4180} INFO - Setting next_dagrun for extract_raw_data_pipeline to 2025-07-03 07:59:00+00:00, run_after=2025-07-04 07:00:00+00:00
[2025-07-03T22:27:10.379+0000] {processor.py:208} INFO - Processing /opt/airflow/dags/driven_data_pipeline.py took 0.260 seconds
[2025-07-03T22:27:41.320+0000] {processor.py:186} INFO - Started process (PID=1540) to work on /opt/airflow/dags/driven_data_pipeline.py
[2025-07-03T22:27:41.322+0000] {processor.py:914} INFO - Processing file /opt/airflow/dags/driven_data_pipeline.py for tasks to queue
[2025-07-03T22:27:41.324+0000] {logging_mixin.py:190} INFO - [2025-07-03T22:27:41.323+0000] {dagbag.py:588} INFO - Filling up the DagBag from /opt/airflow/dags/driven_data_pipeline.py
[2025-07-03T22:27:41.506+0000] {processor.py:925} INFO - DAG(s) 'extract_raw_data_pipeline' retrieved from /opt/airflow/dags/driven_data_pipeline.py
[2025-07-03T22:27:41.535+0000] {logging_mixin.py:190} INFO - [2025-07-03T22:27:41.535+0000] {dag.py:3239} INFO - Sync 1 DAGs
[2025-07-03T22:27:41.557+0000] {logging_mixin.py:190} INFO - [2025-07-03T22:27:41.557+0000] {dag.py:4180} INFO - Setting next_dagrun for extract_raw_data_pipeline to 2025-07-03 07:59:00+00:00, run_after=2025-07-04 07:00:00+00:00
[2025-07-03T22:27:41.579+0000] {processor.py:208} INFO - Processing /opt/airflow/dags/driven_data_pipeline.py took 0.265 seconds
[2025-07-03T22:28:12.445+0000] {processor.py:186} INFO - Started process (PID=1548) to work on /opt/airflow/dags/driven_data_pipeline.py
[2025-07-03T22:28:12.446+0000] {processor.py:914} INFO - Processing file /opt/airflow/dags/driven_data_pipeline.py for tasks to queue
[2025-07-03T22:28:12.448+0000] {logging_mixin.py:190} INFO - [2025-07-03T22:28:12.448+0000] {dagbag.py:588} INFO - Filling up the DagBag from /opt/airflow/dags/driven_data_pipeline.py
[2025-07-03T22:28:12.637+0000] {processor.py:925} INFO - DAG(s) 'extract_raw_data_pipeline' retrieved from /opt/airflow/dags/driven_data_pipeline.py
[2025-07-03T22:28:12.663+0000] {logging_mixin.py:190} INFO - [2025-07-03T22:28:12.663+0000] {dag.py:3239} INFO - Sync 1 DAGs
[2025-07-03T22:28:12.689+0000] {logging_mixin.py:190} INFO - [2025-07-03T22:28:12.689+0000] {dag.py:4180} INFO - Setting next_dagrun for extract_raw_data_pipeline to 2025-07-03 07:59:00+00:00, run_after=2025-07-04 07:00:00+00:00
[2025-07-03T22:28:12.715+0000] {processor.py:208} INFO - Processing /opt/airflow/dags/driven_data_pipeline.py took 0.279 seconds
[2025-07-03T22:28:43.633+0000] {processor.py:186} INFO - Started process (PID=1556) to work on /opt/airflow/dags/driven_data_pipeline.py
[2025-07-03T22:28:43.634+0000] {processor.py:914} INFO - Processing file /opt/airflow/dags/driven_data_pipeline.py for tasks to queue
[2025-07-03T22:28:43.636+0000] {logging_mixin.py:190} INFO - [2025-07-03T22:28:43.635+0000] {dagbag.py:588} INFO - Filling up the DagBag from /opt/airflow/dags/driven_data_pipeline.py
[2025-07-03T22:28:43.825+0000] {processor.py:925} INFO - DAG(s) 'extract_raw_data_pipeline' retrieved from /opt/airflow/dags/driven_data_pipeline.py
[2025-07-03T22:28:43.860+0000] {logging_mixin.py:190} INFO - [2025-07-03T22:28:43.860+0000] {dag.py:3239} INFO - Sync 1 DAGs
[2025-07-03T22:28:43.883+0000] {logging_mixin.py:190} INFO - [2025-07-03T22:28:43.883+0000] {dag.py:4180} INFO - Setting next_dagrun for extract_raw_data_pipeline to 2025-07-03 07:59:00+00:00, run_after=2025-07-04 07:00:00+00:00
[2025-07-03T22:28:43.909+0000] {processor.py:208} INFO - Processing /opt/airflow/dags/driven_data_pipeline.py took 0.284 seconds
[2025-07-03T22:29:14.742+0000] {processor.py:186} INFO - Started process (PID=1564) to work on /opt/airflow/dags/driven_data_pipeline.py
[2025-07-03T22:29:14.744+0000] {processor.py:914} INFO - Processing file /opt/airflow/dags/driven_data_pipeline.py for tasks to queue
[2025-07-03T22:29:14.746+0000] {logging_mixin.py:190} INFO - [2025-07-03T22:29:14.745+0000] {dagbag.py:588} INFO - Filling up the DagBag from /opt/airflow/dags/driven_data_pipeline.py
[2025-07-03T22:29:14.983+0000] {processor.py:925} INFO - DAG(s) 'extract_raw_data_pipeline' retrieved from /opt/airflow/dags/driven_data_pipeline.py
[2025-07-03T22:29:15.017+0000] {logging_mixin.py:190} INFO - [2025-07-03T22:29:15.017+0000] {dag.py:3239} INFO - Sync 1 DAGs
[2025-07-03T22:29:15.044+0000] {logging_mixin.py:190} INFO - [2025-07-03T22:29:15.044+0000] {dag.py:4180} INFO - Setting next_dagrun for extract_raw_data_pipeline to 2025-07-03 07:59:00+00:00, run_after=2025-07-04 07:00:00+00:00
[2025-07-03T22:29:15.068+0000] {processor.py:208} INFO - Processing /opt/airflow/dags/driven_data_pipeline.py took 0.333 seconds
[2025-07-03T22:29:45.941+0000] {processor.py:186} INFO - Started process (PID=1572) to work on /opt/airflow/dags/driven_data_pipeline.py
[2025-07-03T22:29:45.942+0000] {processor.py:914} INFO - Processing file /opt/airflow/dags/driven_data_pipeline.py for tasks to queue
[2025-07-03T22:29:45.944+0000] {logging_mixin.py:190} INFO - [2025-07-03T22:29:45.944+0000] {dagbag.py:588} INFO - Filling up the DagBag from /opt/airflow/dags/driven_data_pipeline.py
[2025-07-03T22:29:46.141+0000] {processor.py:925} INFO - DAG(s) 'extract_raw_data_pipeline' retrieved from /opt/airflow/dags/driven_data_pipeline.py
[2025-07-03T22:29:46.181+0000] {logging_mixin.py:190} INFO - [2025-07-03T22:29:46.180+0000] {dag.py:3239} INFO - Sync 1 DAGs
[2025-07-03T22:29:46.207+0000] {logging_mixin.py:190} INFO - [2025-07-03T22:29:46.207+0000] {dag.py:4180} INFO - Setting next_dagrun for extract_raw_data_pipeline to 2025-07-03 07:59:00+00:00, run_after=2025-07-04 07:00:00+00:00
[2025-07-03T22:29:46.230+0000] {processor.py:208} INFO - Processing /opt/airflow/dags/driven_data_pipeline.py took 0.297 seconds
[2025-07-03T22:30:17.069+0000] {processor.py:186} INFO - Started process (PID=1581) to work on /opt/airflow/dags/driven_data_pipeline.py
[2025-07-03T22:30:17.071+0000] {processor.py:914} INFO - Processing file /opt/airflow/dags/driven_data_pipeline.py for tasks to queue
[2025-07-03T22:30:17.073+0000] {logging_mixin.py:190} INFO - [2025-07-03T22:30:17.072+0000] {dagbag.py:588} INFO - Filling up the DagBag from /opt/airflow/dags/driven_data_pipeline.py
[2025-07-03T22:30:17.340+0000] {processor.py:925} INFO - DAG(s) 'extract_raw_data_pipeline' retrieved from /opt/airflow/dags/driven_data_pipeline.py
[2025-07-03T22:30:17.382+0000] {logging_mixin.py:190} INFO - [2025-07-03T22:30:17.381+0000] {dag.py:3239} INFO - Sync 1 DAGs
[2025-07-03T22:30:17.426+0000] {logging_mixin.py:190} INFO - [2025-07-03T22:30:17.425+0000] {dag.py:4180} INFO - Setting next_dagrun for extract_raw_data_pipeline to 2025-07-03 07:59:00+00:00, run_after=2025-07-04 07:00:00+00:00
[2025-07-03T22:30:17.453+0000] {processor.py:208} INFO - Processing /opt/airflow/dags/driven_data_pipeline.py took 0.393 seconds
[2025-07-03T22:30:47.527+0000] {processor.py:186} INFO - Started process (PID=1589) to work on /opt/airflow/dags/driven_data_pipeline.py
[2025-07-03T22:30:47.529+0000] {processor.py:914} INFO - Processing file /opt/airflow/dags/driven_data_pipeline.py for tasks to queue
[2025-07-03T22:30:47.531+0000] {logging_mixin.py:190} INFO - [2025-07-03T22:30:47.531+0000] {dagbag.py:588} INFO - Filling up the DagBag from /opt/airflow/dags/driven_data_pipeline.py
[2025-07-03T22:30:47.716+0000] {processor.py:925} INFO - DAG(s) 'extract_raw_data_pipeline' retrieved from /opt/airflow/dags/driven_data_pipeline.py
[2025-07-03T22:30:47.747+0000] {logging_mixin.py:190} INFO - [2025-07-03T22:30:47.746+0000] {dag.py:3239} INFO - Sync 1 DAGs
[2025-07-03T22:30:47.768+0000] {logging_mixin.py:190} INFO - [2025-07-03T22:30:47.768+0000] {dag.py:4180} INFO - Setting next_dagrun for extract_raw_data_pipeline to 2025-07-03 07:59:00+00:00, run_after=2025-07-04 07:00:00+00:00
[2025-07-03T22:30:47.795+0000] {processor.py:208} INFO - Processing /opt/airflow/dags/driven_data_pipeline.py took 0.275 seconds
[2025-07-03T22:31:17.949+0000] {processor.py:186} INFO - Started process (PID=1597) to work on /opt/airflow/dags/driven_data_pipeline.py
[2025-07-03T22:31:17.953+0000] {processor.py:914} INFO - Processing file /opt/airflow/dags/driven_data_pipeline.py for tasks to queue
[2025-07-03T22:31:17.963+0000] {logging_mixin.py:190} INFO - [2025-07-03T22:31:17.961+0000] {dagbag.py:588} INFO - Filling up the DagBag from /opt/airflow/dags/driven_data_pipeline.py
[2025-07-03T22:31:18.555+0000] {processor.py:925} INFO - DAG(s) 'extract_raw_data_pipeline' retrieved from /opt/airflow/dags/driven_data_pipeline.py
[2025-07-03T22:31:18.613+0000] {logging_mixin.py:190} INFO - [2025-07-03T22:31:18.612+0000] {dag.py:3239} INFO - Sync 1 DAGs
[2025-07-03T22:31:18.660+0000] {logging_mixin.py:190} INFO - [2025-07-03T22:31:18.659+0000] {dag.py:4180} INFO - Setting next_dagrun for extract_raw_data_pipeline to 2025-07-03 07:59:00+00:00, run_after=2025-07-04 07:00:00+00:00
[2025-07-03T22:31:18.695+0000] {processor.py:208} INFO - Processing /opt/airflow/dags/driven_data_pipeline.py took 0.773 seconds
[2025-07-03T22:31:49.607+0000] {processor.py:186} INFO - Started process (PID=1605) to work on /opt/airflow/dags/driven_data_pipeline.py
[2025-07-03T22:31:49.609+0000] {processor.py:914} INFO - Processing file /opt/airflow/dags/driven_data_pipeline.py for tasks to queue
[2025-07-03T22:31:49.611+0000] {logging_mixin.py:190} INFO - [2025-07-03T22:31:49.610+0000] {dagbag.py:588} INFO - Filling up the DagBag from /opt/airflow/dags/driven_data_pipeline.py
[2025-07-03T22:31:49.805+0000] {processor.py:925} INFO - DAG(s) 'extract_raw_data_pipeline' retrieved from /opt/airflow/dags/driven_data_pipeline.py
[2025-07-03T22:31:49.833+0000] {logging_mixin.py:190} INFO - [2025-07-03T22:31:49.832+0000] {dag.py:3239} INFO - Sync 1 DAGs
[2025-07-03T22:31:49.855+0000] {logging_mixin.py:190} INFO - [2025-07-03T22:31:49.855+0000] {dag.py:4180} INFO - Setting next_dagrun for extract_raw_data_pipeline to 2025-07-03 07:59:00+00:00, run_after=2025-07-04 07:00:00+00:00
[2025-07-03T22:31:49.876+0000] {processor.py:208} INFO - Processing /opt/airflow/dags/driven_data_pipeline.py took 0.277 seconds
[2025-07-03T22:32:20.769+0000] {processor.py:186} INFO - Started process (PID=1613) to work on /opt/airflow/dags/driven_data_pipeline.py
[2025-07-03T22:32:20.771+0000] {processor.py:914} INFO - Processing file /opt/airflow/dags/driven_data_pipeline.py for tasks to queue
[2025-07-03T22:32:20.773+0000] {logging_mixin.py:190} INFO - [2025-07-03T22:32:20.772+0000] {dagbag.py:588} INFO - Filling up the DagBag from /opt/airflow/dags/driven_data_pipeline.py
[2025-07-03T22:32:20.979+0000] {processor.py:925} INFO - DAG(s) 'extract_raw_data_pipeline' retrieved from /opt/airflow/dags/driven_data_pipeline.py
[2025-07-03T22:32:21.011+0000] {logging_mixin.py:190} INFO - [2025-07-03T22:32:21.011+0000] {dag.py:3239} INFO - Sync 1 DAGs
[2025-07-03T22:32:21.041+0000] {logging_mixin.py:190} INFO - [2025-07-03T22:32:21.041+0000] {dag.py:4180} INFO - Setting next_dagrun for extract_raw_data_pipeline to 2025-07-03 07:59:00+00:00, run_after=2025-07-04 07:00:00+00:00
[2025-07-03T22:32:21.064+0000] {processor.py:208} INFO - Processing /opt/airflow/dags/driven_data_pipeline.py took 0.304 seconds
[2025-07-03T22:32:51.955+0000] {processor.py:186} INFO - Started process (PID=1621) to work on /opt/airflow/dags/driven_data_pipeline.py
[2025-07-03T22:32:51.957+0000] {processor.py:914} INFO - Processing file /opt/airflow/dags/driven_data_pipeline.py for tasks to queue
[2025-07-03T22:32:51.960+0000] {logging_mixin.py:190} INFO - [2025-07-03T22:32:51.959+0000] {dagbag.py:588} INFO - Filling up the DagBag from /opt/airflow/dags/driven_data_pipeline.py
[2025-07-03T22:32:52.259+0000] {processor.py:925} INFO - DAG(s) 'extract_raw_data_pipeline' retrieved from /opt/airflow/dags/driven_data_pipeline.py
[2025-07-03T22:32:52.300+0000] {logging_mixin.py:190} INFO - [2025-07-03T22:32:52.299+0000] {dag.py:3239} INFO - Sync 1 DAGs
[2025-07-03T22:32:52.329+0000] {logging_mixin.py:190} INFO - [2025-07-03T22:32:52.328+0000] {dag.py:4180} INFO - Setting next_dagrun for extract_raw_data_pipeline to 2025-07-03 07:59:00+00:00, run_after=2025-07-04 07:00:00+00:00
[2025-07-03T22:32:52.360+0000] {processor.py:208} INFO - Processing /opt/airflow/dags/driven_data_pipeline.py took 0.419 seconds
[2025-07-03T22:33:22.436+0000] {processor.py:186} INFO - Started process (PID=1629) to work on /opt/airflow/dags/driven_data_pipeline.py
[2025-07-03T22:33:22.438+0000] {processor.py:914} INFO - Processing file /opt/airflow/dags/driven_data_pipeline.py for tasks to queue
[2025-07-03T22:33:22.440+0000] {logging_mixin.py:190} INFO - [2025-07-03T22:33:22.439+0000] {dagbag.py:588} INFO - Filling up the DagBag from /opt/airflow/dags/driven_data_pipeline.py
[2025-07-03T22:33:22.667+0000] {processor.py:925} INFO - DAG(s) 'extract_raw_data_pipeline' retrieved from /opt/airflow/dags/driven_data_pipeline.py
[2025-07-03T22:33:22.704+0000] {logging_mixin.py:190} INFO - [2025-07-03T22:33:22.704+0000] {dag.py:3239} INFO - Sync 1 DAGs
[2025-07-03T22:33:22.731+0000] {logging_mixin.py:190} INFO - [2025-07-03T22:33:22.730+0000] {dag.py:4180} INFO - Setting next_dagrun for extract_raw_data_pipeline to 2025-07-03 07:59:00+00:00, run_after=2025-07-04 07:00:00+00:00
[2025-07-03T22:33:22.755+0000] {processor.py:208} INFO - Processing /opt/airflow/dags/driven_data_pipeline.py took 0.328 seconds
[2025-07-03T22:33:52.868+0000] {processor.py:186} INFO - Started process (PID=1637) to work on /opt/airflow/dags/driven_data_pipeline.py
[2025-07-03T22:33:52.870+0000] {processor.py:914} INFO - Processing file /opt/airflow/dags/driven_data_pipeline.py for tasks to queue
[2025-07-03T22:33:52.874+0000] {logging_mixin.py:190} INFO - [2025-07-03T22:33:52.872+0000] {dagbag.py:588} INFO - Filling up the DagBag from /opt/airflow/dags/driven_data_pipeline.py
[2025-07-03T22:33:53.288+0000] {processor.py:925} INFO - DAG(s) 'extract_raw_data_pipeline' retrieved from /opt/airflow/dags/driven_data_pipeline.py
[2025-07-03T22:33:53.359+0000] {logging_mixin.py:190} INFO - [2025-07-03T22:33:53.358+0000] {dag.py:3239} INFO - Sync 1 DAGs
[2025-07-03T22:33:53.417+0000] {logging_mixin.py:190} INFO - [2025-07-03T22:33:53.417+0000] {dag.py:4180} INFO - Setting next_dagrun for extract_raw_data_pipeline to 2025-07-03 07:59:00+00:00, run_after=2025-07-04 07:00:00+00:00
[2025-07-03T22:33:53.457+0000] {processor.py:208} INFO - Processing /opt/airflow/dags/driven_data_pipeline.py took 0.609 seconds
[2025-07-03T22:34:24.540+0000] {processor.py:186} INFO - Started process (PID=1645) to work on /opt/airflow/dags/driven_data_pipeline.py
[2025-07-03T22:34:24.541+0000] {processor.py:914} INFO - Processing file /opt/airflow/dags/driven_data_pipeline.py for tasks to queue
[2025-07-03T22:34:24.543+0000] {logging_mixin.py:190} INFO - [2025-07-03T22:34:24.542+0000] {dagbag.py:588} INFO - Filling up the DagBag from /opt/airflow/dags/driven_data_pipeline.py
[2025-07-03T22:34:24.720+0000] {processor.py:925} INFO - DAG(s) 'extract_raw_data_pipeline' retrieved from /opt/airflow/dags/driven_data_pipeline.py
[2025-07-03T22:34:24.748+0000] {logging_mixin.py:190} INFO - [2025-07-03T22:34:24.748+0000] {dag.py:3239} INFO - Sync 1 DAGs
[2025-07-03T22:34:24.772+0000] {logging_mixin.py:190} INFO - [2025-07-03T22:34:24.772+0000] {dag.py:4180} INFO - Setting next_dagrun for extract_raw_data_pipeline to 2025-07-03 07:59:00+00:00, run_after=2025-07-04 07:00:00+00:00
[2025-07-03T22:34:24.799+0000] {processor.py:208} INFO - Processing /opt/airflow/dags/driven_data_pipeline.py took 0.266 seconds
[2025-07-03T22:34:55.639+0000] {processor.py:186} INFO - Started process (PID=1653) to work on /opt/airflow/dags/driven_data_pipeline.py
[2025-07-03T22:34:55.640+0000] {processor.py:914} INFO - Processing file /opt/airflow/dags/driven_data_pipeline.py for tasks to queue
[2025-07-03T22:34:55.643+0000] {logging_mixin.py:190} INFO - [2025-07-03T22:34:55.642+0000] {dagbag.py:588} INFO - Filling up the DagBag from /opt/airflow/dags/driven_data_pipeline.py
[2025-07-03T22:34:55.883+0000] {processor.py:925} INFO - DAG(s) 'extract_raw_data_pipeline' retrieved from /opt/airflow/dags/driven_data_pipeline.py
[2025-07-03T22:34:55.920+0000] {logging_mixin.py:190} INFO - [2025-07-03T22:34:55.920+0000] {dag.py:3239} INFO - Sync 1 DAGs
[2025-07-03T22:34:55.948+0000] {logging_mixin.py:190} INFO - [2025-07-03T22:34:55.947+0000] {dag.py:4180} INFO - Setting next_dagrun for extract_raw_data_pipeline to 2025-07-03 07:59:00+00:00, run_after=2025-07-04 07:00:00+00:00
[2025-07-03T22:34:55.974+0000] {processor.py:208} INFO - Processing /opt/airflow/dags/driven_data_pipeline.py took 0.344 seconds
[2025-07-03T22:35:26.840+0000] {processor.py:186} INFO - Started process (PID=1661) to work on /opt/airflow/dags/driven_data_pipeline.py
[2025-07-03T22:35:26.842+0000] {processor.py:914} INFO - Processing file /opt/airflow/dags/driven_data_pipeline.py for tasks to queue
[2025-07-03T22:35:26.845+0000] {logging_mixin.py:190} INFO - [2025-07-03T22:35:26.844+0000] {dagbag.py:588} INFO - Filling up the DagBag from /opt/airflow/dags/driven_data_pipeline.py
[2025-07-03T22:35:27.055+0000] {processor.py:925} INFO - DAG(s) 'extract_raw_data_pipeline' retrieved from /opt/airflow/dags/driven_data_pipeline.py
[2025-07-03T22:35:27.082+0000] {logging_mixin.py:190} INFO - [2025-07-03T22:35:27.082+0000] {dag.py:3239} INFO - Sync 1 DAGs
[2025-07-03T22:35:27.104+0000] {logging_mixin.py:190} INFO - [2025-07-03T22:35:27.104+0000] {dag.py:4180} INFO - Setting next_dagrun for extract_raw_data_pipeline to 2025-07-03 07:59:00+00:00, run_after=2025-07-04 07:00:00+00:00
[2025-07-03T22:35:27.124+0000] {processor.py:208} INFO - Processing /opt/airflow/dags/driven_data_pipeline.py took 0.293 seconds
[2025-07-03T22:35:57.200+0000] {processor.py:186} INFO - Started process (PID=1669) to work on /opt/airflow/dags/driven_data_pipeline.py
[2025-07-03T22:35:57.205+0000] {processor.py:914} INFO - Processing file /opt/airflow/dags/driven_data_pipeline.py for tasks to queue
[2025-07-03T22:35:57.207+0000] {logging_mixin.py:190} INFO - [2025-07-03T22:35:57.207+0000] {dagbag.py:588} INFO - Filling up the DagBag from /opt/airflow/dags/driven_data_pipeline.py
[2025-07-03T22:35:57.404+0000] {processor.py:925} INFO - DAG(s) 'extract_raw_data_pipeline' retrieved from /opt/airflow/dags/driven_data_pipeline.py
[2025-07-03T22:35:57.435+0000] {logging_mixin.py:190} INFO - [2025-07-03T22:35:57.434+0000] {dag.py:3239} INFO - Sync 1 DAGs
[2025-07-03T22:35:57.458+0000] {logging_mixin.py:190} INFO - [2025-07-03T22:35:57.458+0000] {dag.py:4180} INFO - Setting next_dagrun for extract_raw_data_pipeline to 2025-07-03 07:59:00+00:00, run_after=2025-07-04 07:00:00+00:00
[2025-07-03T22:35:57.480+0000] {processor.py:208} INFO - Processing /opt/airflow/dags/driven_data_pipeline.py took 0.289 seconds
[2025-07-03T22:36:28.268+0000] {processor.py:186} INFO - Started process (PID=1677) to work on /opt/airflow/dags/driven_data_pipeline.py
[2025-07-03T22:36:28.270+0000] {processor.py:914} INFO - Processing file /opt/airflow/dags/driven_data_pipeline.py for tasks to queue
[2025-07-03T22:36:28.273+0000] {logging_mixin.py:190} INFO - [2025-07-03T22:36:28.272+0000] {dagbag.py:588} INFO - Filling up the DagBag from /opt/airflow/dags/driven_data_pipeline.py
[2025-07-03T22:36:28.468+0000] {processor.py:925} INFO - DAG(s) 'extract_raw_data_pipeline' retrieved from /opt/airflow/dags/driven_data_pipeline.py
[2025-07-03T22:36:28.496+0000] {logging_mixin.py:190} INFO - [2025-07-03T22:36:28.496+0000] {dag.py:3239} INFO - Sync 1 DAGs
[2025-07-03T22:36:28.519+0000] {logging_mixin.py:190} INFO - [2025-07-03T22:36:28.518+0000] {dag.py:4180} INFO - Setting next_dagrun for extract_raw_data_pipeline to 2025-07-03 07:59:00+00:00, run_after=2025-07-04 07:00:00+00:00
[2025-07-03T22:36:28.540+0000] {processor.py:208} INFO - Processing /opt/airflow/dags/driven_data_pipeline.py took 0.281 seconds
[2025-07-03T22:36:59.522+0000] {processor.py:186} INFO - Started process (PID=1685) to work on /opt/airflow/dags/driven_data_pipeline.py
[2025-07-03T22:36:59.524+0000] {processor.py:914} INFO - Processing file /opt/airflow/dags/driven_data_pipeline.py for tasks to queue
[2025-07-03T22:36:59.525+0000] {logging_mixin.py:190} INFO - [2025-07-03T22:36:59.525+0000] {dagbag.py:588} INFO - Filling up the DagBag from /opt/airflow/dags/driven_data_pipeline.py
[2025-07-03T22:36:59.704+0000] {processor.py:925} INFO - DAG(s) 'extract_raw_data_pipeline' retrieved from /opt/airflow/dags/driven_data_pipeline.py
[2025-07-03T22:36:59.734+0000] {logging_mixin.py:190} INFO - [2025-07-03T22:36:59.734+0000] {dag.py:3239} INFO - Sync 1 DAGs
[2025-07-03T22:36:59.759+0000] {logging_mixin.py:190} INFO - [2025-07-03T22:36:59.759+0000] {dag.py:4180} INFO - Setting next_dagrun for extract_raw_data_pipeline to 2025-07-03 07:59:00+00:00, run_after=2025-07-04 07:00:00+00:00
[2025-07-03T22:36:59.780+0000] {processor.py:208} INFO - Processing /opt/airflow/dags/driven_data_pipeline.py took 0.264 seconds
[2025-07-03T22:37:29.894+0000] {processor.py:186} INFO - Started process (PID=1693) to work on /opt/airflow/dags/driven_data_pipeline.py
[2025-07-03T22:37:29.895+0000] {processor.py:914} INFO - Processing file /opt/airflow/dags/driven_data_pipeline.py for tasks to queue
[2025-07-03T22:37:29.897+0000] {logging_mixin.py:190} INFO - [2025-07-03T22:37:29.896+0000] {dagbag.py:588} INFO - Filling up the DagBag from /opt/airflow/dags/driven_data_pipeline.py
[2025-07-03T22:37:30.073+0000] {processor.py:925} INFO - DAG(s) 'extract_raw_data_pipeline' retrieved from /opt/airflow/dags/driven_data_pipeline.py
[2025-07-03T22:37:30.100+0000] {logging_mixin.py:190} INFO - [2025-07-03T22:37:30.100+0000] {dag.py:3239} INFO - Sync 1 DAGs
[2025-07-03T22:37:30.124+0000] {logging_mixin.py:190} INFO - [2025-07-03T22:37:30.124+0000] {dag.py:4180} INFO - Setting next_dagrun for extract_raw_data_pipeline to 2025-07-03 07:59:00+00:00, run_after=2025-07-04 07:00:00+00:00
[2025-07-03T22:37:30.144+0000] {processor.py:208} INFO - Processing /opt/airflow/dags/driven_data_pipeline.py took 0.258 seconds
[2025-07-03T22:38:00.981+0000] {processor.py:186} INFO - Started process (PID=1701) to work on /opt/airflow/dags/driven_data_pipeline.py
[2025-07-03T22:38:00.982+0000] {processor.py:914} INFO - Processing file /opt/airflow/dags/driven_data_pipeline.py for tasks to queue
[2025-07-03T22:38:00.984+0000] {logging_mixin.py:190} INFO - [2025-07-03T22:38:00.983+0000] {dagbag.py:588} INFO - Filling up the DagBag from /opt/airflow/dags/driven_data_pipeline.py
[2025-07-03T22:38:01.201+0000] {processor.py:925} INFO - DAG(s) 'extract_raw_data_pipeline' retrieved from /opt/airflow/dags/driven_data_pipeline.py
[2025-07-03T22:38:01.227+0000] {logging_mixin.py:190} INFO - [2025-07-03T22:38:01.226+0000] {dag.py:3239} INFO - Sync 1 DAGs
[2025-07-03T22:38:01.247+0000] {logging_mixin.py:190} INFO - [2025-07-03T22:38:01.247+0000] {dag.py:4180} INFO - Setting next_dagrun for extract_raw_data_pipeline to 2025-07-03 07:59:00+00:00, run_after=2025-07-04 07:00:00+00:00
[2025-07-03T22:38:01.267+0000] {processor.py:208} INFO - Processing /opt/airflow/dags/driven_data_pipeline.py took 0.293 seconds
[2025-07-03T22:38:32.217+0000] {processor.py:186} INFO - Started process (PID=1709) to work on /opt/airflow/dags/driven_data_pipeline.py
[2025-07-03T22:38:32.219+0000] {processor.py:914} INFO - Processing file /opt/airflow/dags/driven_data_pipeline.py for tasks to queue
[2025-07-03T22:38:32.220+0000] {logging_mixin.py:190} INFO - [2025-07-03T22:38:32.220+0000] {dagbag.py:588} INFO - Filling up the DagBag from /opt/airflow/dags/driven_data_pipeline.py
[2025-07-03T22:38:32.402+0000] {processor.py:925} INFO - DAG(s) 'extract_raw_data_pipeline' retrieved from /opt/airflow/dags/driven_data_pipeline.py
[2025-07-03T22:38:32.428+0000] {logging_mixin.py:190} INFO - [2025-07-03T22:38:32.427+0000] {dag.py:3239} INFO - Sync 1 DAGs
[2025-07-03T22:38:32.450+0000] {logging_mixin.py:190} INFO - [2025-07-03T22:38:32.450+0000] {dag.py:4180} INFO - Setting next_dagrun for extract_raw_data_pipeline to 2025-07-03 07:59:00+00:00, run_after=2025-07-04 07:00:00+00:00
[2025-07-03T22:38:32.474+0000] {processor.py:208} INFO - Processing /opt/airflow/dags/driven_data_pipeline.py took 0.264 seconds
[2025-07-03T22:39:02.544+0000] {processor.py:186} INFO - Started process (PID=1717) to work on /opt/airflow/dags/driven_data_pipeline.py
[2025-07-03T22:39:02.545+0000] {processor.py:914} INFO - Processing file /opt/airflow/dags/driven_data_pipeline.py for tasks to queue
[2025-07-03T22:39:02.547+0000] {logging_mixin.py:190} INFO - [2025-07-03T22:39:02.546+0000] {dagbag.py:588} INFO - Filling up the DagBag from /opt/airflow/dags/driven_data_pipeline.py
[2025-07-03T22:39:02.726+0000] {processor.py:925} INFO - DAG(s) 'extract_raw_data_pipeline' retrieved from /opt/airflow/dags/driven_data_pipeline.py
[2025-07-03T22:39:02.755+0000] {logging_mixin.py:190} INFO - [2025-07-03T22:39:02.755+0000] {dag.py:3239} INFO - Sync 1 DAGs
[2025-07-03T22:39:02.778+0000] {logging_mixin.py:190} INFO - [2025-07-03T22:39:02.778+0000] {dag.py:4180} INFO - Setting next_dagrun for extract_raw_data_pipeline to 2025-07-03 07:59:00+00:00, run_after=2025-07-04 07:00:00+00:00
[2025-07-03T22:39:02.799+0000] {processor.py:208} INFO - Processing /opt/airflow/dags/driven_data_pipeline.py took 0.263 seconds
[2025-07-03T22:39:33.597+0000] {processor.py:186} INFO - Started process (PID=1725) to work on /opt/airflow/dags/driven_data_pipeline.py
[2025-07-03T22:39:33.599+0000] {processor.py:914} INFO - Processing file /opt/airflow/dags/driven_data_pipeline.py for tasks to queue
[2025-07-03T22:39:33.601+0000] {logging_mixin.py:190} INFO - [2025-07-03T22:39:33.600+0000] {dagbag.py:588} INFO - Filling up the DagBag from /opt/airflow/dags/driven_data_pipeline.py
[2025-07-03T22:39:33.832+0000] {processor.py:925} INFO - DAG(s) 'extract_raw_data_pipeline' retrieved from /opt/airflow/dags/driven_data_pipeline.py
[2025-07-03T22:39:33.873+0000] {logging_mixin.py:190} INFO - [2025-07-03T22:39:33.872+0000] {dag.py:3239} INFO - Sync 1 DAGs
[2025-07-03T22:39:33.902+0000] {logging_mixin.py:190} INFO - [2025-07-03T22:39:33.902+0000] {dag.py:4180} INFO - Setting next_dagrun for extract_raw_data_pipeline to 2025-07-03 07:59:00+00:00, run_after=2025-07-04 07:00:00+00:00
[2025-07-03T22:39:33.944+0000] {processor.py:208} INFO - Processing /opt/airflow/dags/driven_data_pipeline.py took 0.354 seconds
[2025-07-03T22:40:04.898+0000] {processor.py:186} INFO - Started process (PID=1733) to work on /opt/airflow/dags/driven_data_pipeline.py
[2025-07-03T22:40:04.899+0000] {processor.py:914} INFO - Processing file /opt/airflow/dags/driven_data_pipeline.py for tasks to queue
[2025-07-03T22:40:04.901+0000] {logging_mixin.py:190} INFO - [2025-07-03T22:40:04.901+0000] {dagbag.py:588} INFO - Filling up the DagBag from /opt/airflow/dags/driven_data_pipeline.py
[2025-07-03T22:40:05.089+0000] {processor.py:925} INFO - DAG(s) 'extract_raw_data_pipeline' retrieved from /opt/airflow/dags/driven_data_pipeline.py
[2025-07-03T22:40:05.115+0000] {logging_mixin.py:190} INFO - [2025-07-03T22:40:05.114+0000] {dag.py:3239} INFO - Sync 1 DAGs
[2025-07-03T22:40:05.135+0000] {logging_mixin.py:190} INFO - [2025-07-03T22:40:05.135+0000] {dag.py:4180} INFO - Setting next_dagrun for extract_raw_data_pipeline to 2025-07-03 07:59:00+00:00, run_after=2025-07-04 07:00:00+00:00
[2025-07-03T22:40:05.158+0000] {processor.py:208} INFO - Processing /opt/airflow/dags/driven_data_pipeline.py took 0.267 seconds
[2025-07-03T22:40:35.364+0000] {processor.py:186} INFO - Started process (PID=1741) to work on /opt/airflow/dags/driven_data_pipeline.py
[2025-07-03T22:40:35.365+0000] {processor.py:914} INFO - Processing file /opt/airflow/dags/driven_data_pipeline.py for tasks to queue
[2025-07-03T22:40:35.367+0000] {logging_mixin.py:190} INFO - [2025-07-03T22:40:35.367+0000] {dagbag.py:588} INFO - Filling up the DagBag from /opt/airflow/dags/driven_data_pipeline.py
[2025-07-03T22:40:35.577+0000] {processor.py:925} INFO - DAG(s) 'extract_raw_data_pipeline' retrieved from /opt/airflow/dags/driven_data_pipeline.py
[2025-07-03T22:40:35.609+0000] {logging_mixin.py:190} INFO - [2025-07-03T22:40:35.609+0000] {dag.py:3239} INFO - Sync 1 DAGs
[2025-07-03T22:40:35.635+0000] {logging_mixin.py:190} INFO - [2025-07-03T22:40:35.635+0000] {dag.py:4180} INFO - Setting next_dagrun for extract_raw_data_pipeline to 2025-07-03 07:59:00+00:00, run_after=2025-07-04 07:00:00+00:00
[2025-07-03T22:40:35.657+0000] {processor.py:208} INFO - Processing /opt/airflow/dags/driven_data_pipeline.py took 0.300 seconds
[2025-07-03T22:41:05.730+0000] {processor.py:186} INFO - Started process (PID=1749) to work on /opt/airflow/dags/driven_data_pipeline.py
[2025-07-03T22:41:05.731+0000] {processor.py:914} INFO - Processing file /opt/airflow/dags/driven_data_pipeline.py for tasks to queue
[2025-07-03T22:41:05.734+0000] {logging_mixin.py:190} INFO - [2025-07-03T22:41:05.733+0000] {dagbag.py:588} INFO - Filling up the DagBag from /opt/airflow/dags/driven_data_pipeline.py
[2025-07-03T22:41:05.934+0000] {processor.py:925} INFO - DAG(s) 'extract_raw_data_pipeline' retrieved from /opt/airflow/dags/driven_data_pipeline.py
[2025-07-03T22:41:05.972+0000] {logging_mixin.py:190} INFO - [2025-07-03T22:41:05.971+0000] {dag.py:3239} INFO - Sync 1 DAGs
[2025-07-03T22:41:05.995+0000] {logging_mixin.py:190} INFO - [2025-07-03T22:41:05.995+0000] {dag.py:4180} INFO - Setting next_dagrun for extract_raw_data_pipeline to 2025-07-03 07:59:00+00:00, run_after=2025-07-04 07:00:00+00:00
[2025-07-03T22:41:06.017+0000] {processor.py:208} INFO - Processing /opt/airflow/dags/driven_data_pipeline.py took 0.298 seconds
[2025-07-03T22:41:36.768+0000] {processor.py:186} INFO - Started process (PID=1757) to work on /opt/airflow/dags/driven_data_pipeline.py
[2025-07-03T22:41:36.769+0000] {processor.py:914} INFO - Processing file /opt/airflow/dags/driven_data_pipeline.py for tasks to queue
[2025-07-03T22:41:36.771+0000] {logging_mixin.py:190} INFO - [2025-07-03T22:41:36.771+0000] {dagbag.py:588} INFO - Filling up the DagBag from /opt/airflow/dags/driven_data_pipeline.py
[2025-07-03T22:41:36.951+0000] {processor.py:925} INFO - DAG(s) 'extract_raw_data_pipeline' retrieved from /opt/airflow/dags/driven_data_pipeline.py
[2025-07-03T22:41:36.979+0000] {logging_mixin.py:190} INFO - [2025-07-03T22:41:36.979+0000] {dag.py:3239} INFO - Sync 1 DAGs
[2025-07-03T22:41:37.004+0000] {logging_mixin.py:190} INFO - [2025-07-03T22:41:37.004+0000] {dag.py:4180} INFO - Setting next_dagrun for extract_raw_data_pipeline to 2025-07-03 07:59:00+00:00, run_after=2025-07-04 07:00:00+00:00
[2025-07-03T22:41:37.024+0000] {processor.py:208} INFO - Processing /opt/airflow/dags/driven_data_pipeline.py took 0.264 seconds
[2025-07-03T22:42:07.155+0000] {processor.py:186} INFO - Started process (PID=1765) to work on /opt/airflow/dags/driven_data_pipeline.py
[2025-07-03T22:42:07.156+0000] {processor.py:914} INFO - Processing file /opt/airflow/dags/driven_data_pipeline.py for tasks to queue
[2025-07-03T22:42:07.158+0000] {logging_mixin.py:190} INFO - [2025-07-03T22:42:07.157+0000] {dagbag.py:588} INFO - Filling up the DagBag from /opt/airflow/dags/driven_data_pipeline.py
[2025-07-03T22:42:07.333+0000] {processor.py:925} INFO - DAG(s) 'extract_raw_data_pipeline' retrieved from /opt/airflow/dags/driven_data_pipeline.py
[2025-07-03T22:42:07.358+0000] {logging_mixin.py:190} INFO - [2025-07-03T22:42:07.358+0000] {dag.py:3239} INFO - Sync 1 DAGs
[2025-07-03T22:42:07.379+0000] {logging_mixin.py:190} INFO - [2025-07-03T22:42:07.379+0000] {dag.py:4180} INFO - Setting next_dagrun for extract_raw_data_pipeline to 2025-07-03 07:59:00+00:00, run_after=2025-07-04 07:00:00+00:00
[2025-07-03T22:42:07.399+0000] {processor.py:208} INFO - Processing /opt/airflow/dags/driven_data_pipeline.py took 0.251 seconds
[2025-07-03T22:42:37.455+0000] {processor.py:186} INFO - Started process (PID=1773) to work on /opt/airflow/dags/driven_data_pipeline.py
[2025-07-03T22:42:37.457+0000] {processor.py:914} INFO - Processing file /opt/airflow/dags/driven_data_pipeline.py for tasks to queue
[2025-07-03T22:42:37.458+0000] {logging_mixin.py:190} INFO - [2025-07-03T22:42:37.458+0000] {dagbag.py:588} INFO - Filling up the DagBag from /opt/airflow/dags/driven_data_pipeline.py
[2025-07-03T22:42:37.643+0000] {processor.py:925} INFO - DAG(s) 'extract_raw_data_pipeline' retrieved from /opt/airflow/dags/driven_data_pipeline.py
[2025-07-03T22:42:37.672+0000] {logging_mixin.py:190} INFO - [2025-07-03T22:42:37.671+0000] {dag.py:3239} INFO - Sync 1 DAGs
[2025-07-03T22:42:37.696+0000] {logging_mixin.py:190} INFO - [2025-07-03T22:42:37.695+0000] {dag.py:4180} INFO - Setting next_dagrun for extract_raw_data_pipeline to 2025-07-03 07:59:00+00:00, run_after=2025-07-04 07:00:00+00:00
[2025-07-03T22:42:37.716+0000] {processor.py:208} INFO - Processing /opt/airflow/dags/driven_data_pipeline.py took 0.268 seconds
[2025-07-03T22:43:07.778+0000] {processor.py:186} INFO - Started process (PID=1781) to work on /opt/airflow/dags/driven_data_pipeline.py
[2025-07-03T22:43:07.779+0000] {processor.py:914} INFO - Processing file /opt/airflow/dags/driven_data_pipeline.py for tasks to queue
[2025-07-03T22:43:07.781+0000] {logging_mixin.py:190} INFO - [2025-07-03T22:43:07.781+0000] {dagbag.py:588} INFO - Filling up the DagBag from /opt/airflow/dags/driven_data_pipeline.py
[2025-07-03T22:43:07.966+0000] {processor.py:925} INFO - DAG(s) 'extract_raw_data_pipeline' retrieved from /opt/airflow/dags/driven_data_pipeline.py
[2025-07-03T22:43:07.996+0000] {logging_mixin.py:190} INFO - [2025-07-03T22:43:07.996+0000] {dag.py:3239} INFO - Sync 1 DAGs
[2025-07-03T22:43:08.018+0000] {logging_mixin.py:190} INFO - [2025-07-03T22:43:08.018+0000] {dag.py:4180} INFO - Setting next_dagrun for extract_raw_data_pipeline to 2025-07-03 07:59:00+00:00, run_after=2025-07-04 07:00:00+00:00
[2025-07-03T22:43:08.040+0000] {processor.py:208} INFO - Processing /opt/airflow/dags/driven_data_pipeline.py took 0.269 seconds
[2025-07-03T22:43:38.846+0000] {processor.py:186} INFO - Started process (PID=1789) to work on /opt/airflow/dags/driven_data_pipeline.py
[2025-07-03T22:43:38.848+0000] {processor.py:914} INFO - Processing file /opt/airflow/dags/driven_data_pipeline.py for tasks to queue
[2025-07-03T22:43:38.850+0000] {logging_mixin.py:190} INFO - [2025-07-03T22:43:38.849+0000] {dagbag.py:588} INFO - Filling up the DagBag from /opt/airflow/dags/driven_data_pipeline.py
[2025-07-03T22:43:39.044+0000] {processor.py:925} INFO - DAG(s) 'extract_raw_data_pipeline' retrieved from /opt/airflow/dags/driven_data_pipeline.py
[2025-07-03T22:43:39.074+0000] {logging_mixin.py:190} INFO - [2025-07-03T22:43:39.074+0000] {dag.py:3239} INFO - Sync 1 DAGs
[2025-07-03T22:43:39.096+0000] {logging_mixin.py:190} INFO - [2025-07-03T22:43:39.096+0000] {dag.py:4180} INFO - Setting next_dagrun for extract_raw_data_pipeline to 2025-07-03 07:59:00+00:00, run_after=2025-07-04 07:00:00+00:00
[2025-07-03T22:43:39.121+0000] {processor.py:208} INFO - Processing /opt/airflow/dags/driven_data_pipeline.py took 0.283 seconds
[2025-07-03T22:44:10.118+0000] {processor.py:186} INFO - Started process (PID=1798) to work on /opt/airflow/dags/driven_data_pipeline.py
[2025-07-03T22:44:10.119+0000] {processor.py:914} INFO - Processing file /opt/airflow/dags/driven_data_pipeline.py for tasks to queue
[2025-07-03T22:44:10.121+0000] {logging_mixin.py:190} INFO - [2025-07-03T22:44:10.120+0000] {dagbag.py:588} INFO - Filling up the DagBag from /opt/airflow/dags/driven_data_pipeline.py
[2025-07-03T22:44:10.304+0000] {processor.py:925} INFO - DAG(s) 'extract_raw_data_pipeline' retrieved from /opt/airflow/dags/driven_data_pipeline.py
[2025-07-03T22:44:10.333+0000] {logging_mixin.py:190} INFO - [2025-07-03T22:44:10.333+0000] {dag.py:3239} INFO - Sync 1 DAGs
[2025-07-03T22:44:10.354+0000] {logging_mixin.py:190} INFO - [2025-07-03T22:44:10.354+0000] {dag.py:4180} INFO - Setting next_dagrun for extract_raw_data_pipeline to 2025-07-03 07:59:00+00:00, run_after=2025-07-04 07:00:00+00:00
[2025-07-03T22:44:10.374+0000] {processor.py:208} INFO - Processing /opt/airflow/dags/driven_data_pipeline.py took 0.263 seconds
[2025-07-03T22:44:41.182+0000] {processor.py:186} INFO - Started process (PID=1806) to work on /opt/airflow/dags/driven_data_pipeline.py
[2025-07-03T22:44:41.183+0000] {processor.py:914} INFO - Processing file /opt/airflow/dags/driven_data_pipeline.py for tasks to queue
[2025-07-03T22:44:41.185+0000] {logging_mixin.py:190} INFO - [2025-07-03T22:44:41.185+0000] {dagbag.py:588} INFO - Filling up the DagBag from /opt/airflow/dags/driven_data_pipeline.py
[2025-07-03T22:44:41.374+0000] {processor.py:925} INFO - DAG(s) 'extract_raw_data_pipeline' retrieved from /opt/airflow/dags/driven_data_pipeline.py
[2025-07-03T22:44:41.403+0000] {logging_mixin.py:190} INFO - [2025-07-03T22:44:41.403+0000] {dag.py:3239} INFO - Sync 1 DAGs
[2025-07-03T22:44:41.426+0000] {logging_mixin.py:190} INFO - [2025-07-03T22:44:41.426+0000] {dag.py:4180} INFO - Setting next_dagrun for extract_raw_data_pipeline to 2025-07-03 07:59:00+00:00, run_after=2025-07-04 07:00:00+00:00
[2025-07-03T22:44:41.447+0000] {processor.py:208} INFO - Processing /opt/airflow/dags/driven_data_pipeline.py took 0.274 seconds
[2025-07-03T22:45:12.423+0000] {processor.py:186} INFO - Started process (PID=1814) to work on /opt/airflow/dags/driven_data_pipeline.py
[2025-07-03T22:45:12.424+0000] {processor.py:914} INFO - Processing file /opt/airflow/dags/driven_data_pipeline.py for tasks to queue
[2025-07-03T22:45:12.426+0000] {logging_mixin.py:190} INFO - [2025-07-03T22:45:12.426+0000] {dagbag.py:588} INFO - Filling up the DagBag from /opt/airflow/dags/driven_data_pipeline.py
[2025-07-03T22:45:12.606+0000] {processor.py:925} INFO - DAG(s) 'extract_raw_data_pipeline' retrieved from /opt/airflow/dags/driven_data_pipeline.py
[2025-07-03T22:45:12.633+0000] {logging_mixin.py:190} INFO - [2025-07-03T22:45:12.633+0000] {dag.py:3239} INFO - Sync 1 DAGs
[2025-07-03T22:45:12.658+0000] {logging_mixin.py:190} INFO - [2025-07-03T22:45:12.658+0000] {dag.py:4180} INFO - Setting next_dagrun for extract_raw_data_pipeline to 2025-07-03 07:59:00+00:00, run_after=2025-07-04 07:00:00+00:00
[2025-07-03T22:45:12.677+0000] {processor.py:208} INFO - Processing /opt/airflow/dags/driven_data_pipeline.py took 0.261 seconds
[2025-07-03T22:45:42.724+0000] {processor.py:186} INFO - Started process (PID=1822) to work on /opt/airflow/dags/driven_data_pipeline.py
[2025-07-03T22:45:42.726+0000] {processor.py:914} INFO - Processing file /opt/airflow/dags/driven_data_pipeline.py for tasks to queue
[2025-07-03T22:45:42.727+0000] {logging_mixin.py:190} INFO - [2025-07-03T22:45:42.727+0000] {dagbag.py:588} INFO - Filling up the DagBag from /opt/airflow/dags/driven_data_pipeline.py
[2025-07-03T22:45:42.935+0000] {processor.py:925} INFO - DAG(s) 'extract_raw_data_pipeline' retrieved from /opt/airflow/dags/driven_data_pipeline.py
[2025-07-03T22:45:42.965+0000] {logging_mixin.py:190} INFO - [2025-07-03T22:45:42.965+0000] {dag.py:3239} INFO - Sync 1 DAGs
[2025-07-03T22:45:42.987+0000] {logging_mixin.py:190} INFO - [2025-07-03T22:45:42.987+0000] {dag.py:4180} INFO - Setting next_dagrun for extract_raw_data_pipeline to 2025-07-03 07:59:00+00:00, run_after=2025-07-04 07:00:00+00:00
[2025-07-03T22:45:43.009+0000] {processor.py:208} INFO - Processing /opt/airflow/dags/driven_data_pipeline.py took 0.293 seconds
[2025-07-03T22:46:13.102+0000] {processor.py:186} INFO - Started process (PID=1830) to work on /opt/airflow/dags/driven_data_pipeline.py
[2025-07-03T22:46:13.104+0000] {processor.py:914} INFO - Processing file /opt/airflow/dags/driven_data_pipeline.py for tasks to queue
[2025-07-03T22:46:13.106+0000] {logging_mixin.py:190} INFO - [2025-07-03T22:46:13.105+0000] {dagbag.py:588} INFO - Filling up the DagBag from /opt/airflow/dags/driven_data_pipeline.py
[2025-07-03T22:46:13.333+0000] {processor.py:925} INFO - DAG(s) 'extract_raw_data_pipeline' retrieved from /opt/airflow/dags/driven_data_pipeline.py
[2025-07-03T22:46:13.368+0000] {logging_mixin.py:190} INFO - [2025-07-03T22:46:13.368+0000] {dag.py:3239} INFO - Sync 1 DAGs
[2025-07-03T22:46:13.395+0000] {logging_mixin.py:190} INFO - [2025-07-03T22:46:13.395+0000] {dag.py:4180} INFO - Setting next_dagrun for extract_raw_data_pipeline to 2025-07-03 07:59:00+00:00, run_after=2025-07-04 07:00:00+00:00
[2025-07-03T22:46:13.420+0000] {processor.py:208} INFO - Processing /opt/airflow/dags/driven_data_pipeline.py took 0.327 seconds
[2025-07-03T22:46:44.190+0000] {processor.py:186} INFO - Started process (PID=1838) to work on /opt/airflow/dags/driven_data_pipeline.py
[2025-07-03T22:46:44.191+0000] {processor.py:914} INFO - Processing file /opt/airflow/dags/driven_data_pipeline.py for tasks to queue
[2025-07-03T22:46:44.193+0000] {logging_mixin.py:190} INFO - [2025-07-03T22:46:44.192+0000] {dagbag.py:588} INFO - Filling up the DagBag from /opt/airflow/dags/driven_data_pipeline.py
[2025-07-03T22:46:44.374+0000] {processor.py:925} INFO - DAG(s) 'extract_raw_data_pipeline' retrieved from /opt/airflow/dags/driven_data_pipeline.py
[2025-07-03T22:46:44.404+0000] {logging_mixin.py:190} INFO - [2025-07-03T22:46:44.404+0000] {dag.py:3239} INFO - Sync 1 DAGs
[2025-07-03T22:46:44.429+0000] {logging_mixin.py:190} INFO - [2025-07-03T22:46:44.429+0000] {dag.py:4180} INFO - Setting next_dagrun for extract_raw_data_pipeline to 2025-07-03 07:59:00+00:00, run_after=2025-07-04 07:00:00+00:00
[2025-07-03T22:46:44.450+0000] {processor.py:208} INFO - Processing /opt/airflow/dags/driven_data_pipeline.py took 0.268 seconds
[2025-07-03T22:47:14.547+0000] {processor.py:186} INFO - Started process (PID=1846) to work on /opt/airflow/dags/driven_data_pipeline.py
[2025-07-03T22:47:14.548+0000] {processor.py:914} INFO - Processing file /opt/airflow/dags/driven_data_pipeline.py for tasks to queue
[2025-07-03T22:47:14.550+0000] {logging_mixin.py:190} INFO - [2025-07-03T22:47:14.549+0000] {dagbag.py:588} INFO - Filling up the DagBag from /opt/airflow/dags/driven_data_pipeline.py
[2025-07-03T22:47:14.748+0000] {processor.py:925} INFO - DAG(s) 'extract_raw_data_pipeline' retrieved from /opt/airflow/dags/driven_data_pipeline.py
[2025-07-03T22:47:14.782+0000] {logging_mixin.py:190} INFO - [2025-07-03T22:47:14.782+0000] {dag.py:3239} INFO - Sync 1 DAGs
[2025-07-03T22:47:14.806+0000] {logging_mixin.py:190} INFO - [2025-07-03T22:47:14.806+0000] {dag.py:4180} INFO - Setting next_dagrun for extract_raw_data_pipeline to 2025-07-03 07:59:00+00:00, run_after=2025-07-04 07:00:00+00:00
[2025-07-03T22:47:14.837+0000] {processor.py:208} INFO - Processing /opt/airflow/dags/driven_data_pipeline.py took 0.298 seconds
[2025-07-03T22:47:44.925+0000] {processor.py:186} INFO - Started process (PID=1854) to work on /opt/airflow/dags/driven_data_pipeline.py
[2025-07-03T22:47:44.926+0000] {processor.py:914} INFO - Processing file /opt/airflow/dags/driven_data_pipeline.py for tasks to queue
[2025-07-03T22:47:44.928+0000] {logging_mixin.py:190} INFO - [2025-07-03T22:47:44.928+0000] {dagbag.py:588} INFO - Filling up the DagBag from /opt/airflow/dags/driven_data_pipeline.py
[2025-07-03T22:47:45.133+0000] {processor.py:925} INFO - DAG(s) 'extract_raw_data_pipeline' retrieved from /opt/airflow/dags/driven_data_pipeline.py
[2025-07-03T22:47:45.170+0000] {logging_mixin.py:190} INFO - [2025-07-03T22:47:45.170+0000] {dag.py:3239} INFO - Sync 1 DAGs
[2025-07-03T22:47:45.195+0000] {logging_mixin.py:190} INFO - [2025-07-03T22:47:45.195+0000] {dag.py:4180} INFO - Setting next_dagrun for extract_raw_data_pipeline to 2025-07-03 07:59:00+00:00, run_after=2025-07-04 07:00:00+00:00
[2025-07-03T22:47:45.221+0000] {processor.py:208} INFO - Processing /opt/airflow/dags/driven_data_pipeline.py took 0.304 seconds
[2025-07-03T22:48:16.002+0000] {processor.py:186} INFO - Started process (PID=1862) to work on /opt/airflow/dags/driven_data_pipeline.py
[2025-07-03T22:48:16.004+0000] {processor.py:914} INFO - Processing file /opt/airflow/dags/driven_data_pipeline.py for tasks to queue
[2025-07-03T22:48:16.006+0000] {logging_mixin.py:190} INFO - [2025-07-03T22:48:16.005+0000] {dagbag.py:588} INFO - Filling up the DagBag from /opt/airflow/dags/driven_data_pipeline.py
[2025-07-03T22:48:16.249+0000] {processor.py:925} INFO - DAG(s) 'extract_raw_data_pipeline' retrieved from /opt/airflow/dags/driven_data_pipeline.py
[2025-07-03T22:48:16.278+0000] {logging_mixin.py:190} INFO - [2025-07-03T22:48:16.277+0000] {dag.py:3239} INFO - Sync 1 DAGs
[2025-07-03T22:48:16.321+0000] {logging_mixin.py:190} INFO - [2025-07-03T22:48:16.321+0000] {dag.py:4180} INFO - Setting next_dagrun for extract_raw_data_pipeline to 2025-07-03 07:59:00+00:00, run_after=2025-07-04 07:00:00+00:00
[2025-07-03T22:48:16.348+0000] {processor.py:208} INFO - Processing /opt/airflow/dags/driven_data_pipeline.py took 0.353 seconds
[2025-07-03T22:48:47.277+0000] {processor.py:186} INFO - Started process (PID=1870) to work on /opt/airflow/dags/driven_data_pipeline.py
[2025-07-03T22:48:47.278+0000] {processor.py:914} INFO - Processing file /opt/airflow/dags/driven_data_pipeline.py for tasks to queue
[2025-07-03T22:48:47.279+0000] {logging_mixin.py:190} INFO - [2025-07-03T22:48:47.279+0000] {dagbag.py:588} INFO - Filling up the DagBag from /opt/airflow/dags/driven_data_pipeline.py
[2025-07-03T22:48:47.472+0000] {processor.py:925} INFO - DAG(s) 'extract_raw_data_pipeline' retrieved from /opt/airflow/dags/driven_data_pipeline.py
[2025-07-03T22:48:47.503+0000] {logging_mixin.py:190} INFO - [2025-07-03T22:48:47.503+0000] {dag.py:3239} INFO - Sync 1 DAGs
[2025-07-03T22:48:47.537+0000] {logging_mixin.py:190} INFO - [2025-07-03T22:48:47.536+0000] {dag.py:4180} INFO - Setting next_dagrun for extract_raw_data_pipeline to 2025-07-03 07:59:00+00:00, run_after=2025-07-04 07:00:00+00:00
[2025-07-03T22:48:47.560+0000] {processor.py:208} INFO - Processing /opt/airflow/dags/driven_data_pipeline.py took 0.290 seconds
[2025-07-03T22:49:17.611+0000] {processor.py:186} INFO - Started process (PID=1878) to work on /opt/airflow/dags/driven_data_pipeline.py
[2025-07-03T22:49:17.612+0000] {processor.py:914} INFO - Processing file /opt/airflow/dags/driven_data_pipeline.py for tasks to queue
[2025-07-03T22:49:17.614+0000] {logging_mixin.py:190} INFO - [2025-07-03T22:49:17.614+0000] {dagbag.py:588} INFO - Filling up the DagBag from /opt/airflow/dags/driven_data_pipeline.py
[2025-07-03T22:49:17.795+0000] {processor.py:925} INFO - DAG(s) 'extract_raw_data_pipeline' retrieved from /opt/airflow/dags/driven_data_pipeline.py
[2025-07-03T22:49:17.825+0000] {logging_mixin.py:190} INFO - [2025-07-03T22:49:17.825+0000] {dag.py:3239} INFO - Sync 1 DAGs
[2025-07-03T22:49:17.846+0000] {logging_mixin.py:190} INFO - [2025-07-03T22:49:17.846+0000] {dag.py:4180} INFO - Setting next_dagrun for extract_raw_data_pipeline to 2025-07-03 07:59:00+00:00, run_after=2025-07-04 07:00:00+00:00
[2025-07-03T22:49:17.868+0000] {processor.py:208} INFO - Processing /opt/airflow/dags/driven_data_pipeline.py took 0.264 seconds
